customer_id,customer_name,city,city_tier,age_group,gender,acquisition_channel,membership_tier,registration_date,preferred_slot,phone_number
CUST00001,Girish Ghosh,Jaipur,Tier 2,46-60,Male,Organic,None,2021-11-27,Afternoon 10-2 PM,9669462919
CUST00002,Bhuvan Chatterjee,Jaipur,Tier 2,26-35,Male,Paid Ads,Gold,2022-09-22,Late Night 8-11 PM,9709194872
CUST00003,Deepa Srivastava,Jaipur,Tier 2,26-35,Male,Referral,None,2021-09-20,Evening 4-8 PM,9277303722
CUST00004,Dhruv Pandey,Bengaluru,Tier 1,60+,Female,Referral,Platinum,2022-10-01,Evening 4-8 PM,9500957212
CUST00005,Vidya Shukla,Delhi,Tier 1,18-25,Male,Paid Ads,None,2022-04-17,Afternoon 10-2 PM,
CUST00006,Ayesha Shah,Hyderabad,Tier 1,18-25,Male,Paid Ads,None,2022-07-25,Afternoon 10-2 PM,9242068763
CUST00007,Zoya Khurana,Pune,Tier 2,26-35,Female,Influencer,None,2021-07-18,Morning 6-10 AM,9541417711
CUST00008,Uma Mehta,Delhi,Tier 1,36-45,Other,Organic,None,2022-11-26,Afternoon 10-2 PM,9305718272
CUST00009,Soham Iyer,Mumbai,Tier 1,26-35,Male,Organic,None,2023-06-27,Late Night 8-11 PM,9205128697
CUST00010,Vishal Shetty,Mumbai,Tier 1,18-25,Male,Referral,None,2023-04-13,Morning 6-10 AM,9530613729
CUST00011,Kritika Roy,Jaipur,Tier 2,18-25,Male,Offline,None,2022-08-08,Evening 4-8 PM,9941128035
CUST00012,Sachin Rathore,Delhi,Tier 1,26-35,Male,Offline,None,2021-05-05,Afternoon 10-2 PM,
CUST00013,Urvi Kamath,Delhi,Tier 1,36-45,Male,Paid Ads,None,2021-05-21,Evening 4-8 PM,9352548261
CUST00014,Zara Malhotra,Bengaluru,Tier 1,36-45,Male,Organic,Gold,2023-12-07,Evening 4-8 PM,9819112790
CUST00015,Nikhil Kapoor,Hyderabad,Tier 1,26-35,Female,Organic,Silver,2021-05-29,Morning 6-10 AM,9704509817
CUST00016,Chetan Agarwal,Lucknow,Tier 2,26-35,Male,Offline,None,2022-05-16,Evening 4-8 PM,9995226828
CUST00017,Rajan Bhatia,Delhi,Tier 1,60+,Female,Paid Ads,None,2022-09-06,Evening 4-8 PM,9244193987
CUST00018,Farhan Tripathi,Bengaluru,Tier 1,36-45,Male,Referral,None,2022-02-21,Evening 4-8 PM,9642678844
CUST00019,Aryan Singh,Delhi,Tier 1,36-45,Female,Organic,None,2021-09-25,Morning 6-10 AM,9895890631
CUST00020,Rashmi Pandey,Delhi,Tier 1,36-45,Male,Offline,None,2021-11-02,Evening 4-8 PM,9725464884
CUST00021,Simran Iyer,Delhi,Tier 1,18-25,Male,Offline,None,2021-03-23,Late Night 8-11 PM,9367930513
CUST00022,Sagar Choudhary,Hyderabad,Tier 1,36-45,Female,Offline,None,2022-04-30,Evening 4-8 PM,9970559510
CUST00023,Shreya Verma,Mumbai,Tier 1,26-35,Female,Referral,Gold,2022-05-24,Afternoon 10-2 PM,9216066793
CUST00024,Ananya Kamath,Bengaluru,Tier 1,26-35,,Influencer,Gold,2022-04-12,Morning 6-10 AM,9527849588
CUST00025,Bhavya Choudhary,Bengaluru,Tier 1,26-35,Female,Paid Ads,None,2022-11-10,Late Night 8-11 PM,9380477683
CUST00026,Pankaj Patel,Mumbai,Tier 1,18-25,Male,Referral,Silver,2023-11-14,Morning 6-10 AM,9304095531
CUST00027,Rashmi Pandey,Bengaluru,Tier 1,18-25,Female,Paid Ads,Gold,2022-02-08,Evening 4-8 PM,
CUST00028,Rekha Bhatia,Hyderabad,Tier 1,26-35,Female,Referral,None,2022-09-26,Morning 6-10 AM,9848621833
CUST00029,Ishaan Pillai,Bengaluru,Tier 1,26-35,Female,Referral,Gold,2022-09-09,Late Night 8-11 PM,9426283245
CUST00030,Simran Nayak,Bengaluru,Tier 1,36-45,Female,Paid Ads,Platinum,2022-03-14,Afternoon 10-2 PM,9954725078
CUST00031,Keerthi Singh,Pune,Tier 2,26-35,,Referral,None,2022-04-27,Morning 6-10 AM,9313814138
CUST00032,Arjun Malhotra,Mumbai,Tier 1,60+,Female,Referral,None,2022-02-03,Afternoon 10-2 PM,9529123992
CUST00033,Jhanvi Anand,Bengaluru,Tier 1,18-25,Female,Referral,Gold,2023-05-21,Morning 6-10 AM,9847229579
CUST00034,Aryan Bajaj,Delhi,Tier 1,26-35,,Paid Ads,None,2023-12-24,Evening 4-8 PM,9910943524
CUST00035,Ekta Hegde,Ahmedabad,Tier 2,36-45,Male,Influencer,None,2021-11-22,Afternoon 10-2 PM,9378304807
CUST00036,Hansika Bose,Pune,Tier 2,36-45,Female,Referral,None,2021-06-08,Morning 6-10 AM,9460613550
CUST00037,Vishal Singh,Bengaluru,Tier 1,18-25,Male,Referral,Platinum,2021-05-12,Evening 4-8 PM,9600282414
CUST00038,Mohan Shetty,Bengaluru,Tier 1,26-35,,Referral,Platinum,2023-02-19,Evening 4-8 PM,9420632895
CUST00039,Shubham Agarwal,Pune,Tier 2,36-45,Female,Referral,Gold,2022-03-26,Morning 6-10 AM,9517532243
CUST00040,Mihir Naidu,Bengaluru,Tier 1,26-35,Male,Paid Ads,Silver,2023-12-30,Morning 6-10 AM,9706011277
CUST00041,Deepa Sethi,Hyderabad,Tier 1,26-35,Female,Organic,Silver,2022-11-02,Morning 6-10 AM,9917364173
CUST00042,Prachi Yadav,Ahmedabad,Tier 2,60+,,Influencer,None,2021-04-17,Afternoon 10-2 PM,9798086909
CUST00043,Jhanvi Patel,Mumbai,Tier 1,36-45,Female,Organic,Gold,2021-11-09,Morning 6-10 AM,9222824732
CUST00044,Namrata Dubey,Delhi,Tier 1,36-45,Female,Organic,None,2021-08-23,Evening 4-8 PM,9433975497
CUST00045,Anika Ghosh,Mumbai,Tier 1,36-45,Female,Paid Ads,Silver,2022-02-11,Late Night 8-11 PM,9773496394
CUST00046,Payal Choudhary,Bengaluru,Tier 1,26-35,Female,Influencer,Gold,2021-03-26,Evening 4-8 PM,9497897455
CUST00047,Imran Mukherjee,Mumbai,Tier 1,18-25,Male,Paid Ads,None,2023-01-12,Afternoon 10-2 PM,9859466878
CUST00048,Kunal Srivastava,Mumbai,Tier 1,26-35,Female,Referral,Platinum,2023-09-18,Late Night 8-11 PM,9736164778
CUST00049,Nisha Shetty,Bengaluru,Tier 1,46-60,Male,Paid Ads,Gold,2023-02-16,Evening 4-8 PM,9448981305
CUST00050,Namrata Banerjee,Mumbai,Tier 1,36-45,Male,Influencer,None,2022-07-20,Evening 4-8 PM,9305145276
CUST00051,Tanmay Tiwari,Mumbai,Tier 1,26-35,Female,Referral,Platinum,2023-10-03,Evening 4-8 PM,
CUST00052,Seema Anand,Bengaluru,Tier 1,26-35,Female,Paid Ads,Gold,2022-12-06,Afternoon 10-2 PM,9455184454
CUST00053,Sonali Bose,Bengaluru,Tier 1,26-35,Male,Referral,Silver,2022-01-15,Morning 6-10 AM,9396889215
CUST00054,Vikram Arora,Pune,Tier 2,26-35,Male,Organic,Platinum,2022-01-03,Morning 6-10 AM,9235917419
CUST00055,Aryan Bajaj,Bengaluru,Tier 1,26-35,Female,Referral,None,2021-07-30,Evening 4-8 PM,9604011128
CUST00056,Rohit Kumar,Delhi,Tier 1,60+,Male,Influencer,Platinum,2021-05-14,Morning 6-10 AM,
CUST00057,Aryan Rao,Hyderabad,Tier 1,18-25,Female,Paid Ads,None,2021-08-31,Late Night 8-11 PM,9740086326
CUST00058,Neel Choudhary,Pune,Tier 2,26-35,Male,Paid Ads,Platinum,2023-05-29,Evening 4-8 PM,9754586204
CUST00059,Diya Yadav,Lucknow,Tier 2,26-35,Male,Referral,None,2021-12-22,Morning 6-10 AM,9538642403
CUST00060,Bhuvan Chauhan,Delhi,Tier 1,26-35,Male,Referral,Silver,2023-07-19,Evening 4-8 PM,9384063364
CUST00061,Girish Kohli,Pune,Tier 2,36-45,Female,Paid Ads,None,2021-11-02,Afternoon 10-2 PM,9176675731
CUST00062,Rajesh Arora,Mumbai,Tier 1,36-45,Female,Organic,None,2022-09-15,Morning 6-10 AM,9637377910
CUST00063,Sneha Singh,Delhi,Tier 1,36-45,Female,Referral,Silver,2021-02-22,Evening 4-8 PM,9997603725
CUST00064,Amrita Verma,Ahmedabad,Tier 2,60+,Female,Organic,None,2021-12-25,Morning 6-10 AM,9398668350
CUST00065,Aditya Pandey,Mumbai,Tier 1,36-45,Male,Organic,Gold,2022-11-14,Morning 6-10 AM,9272684373
CUST00066,Omkar Rathore,Bengaluru,Tier 1,26-35,Female,Influencer,Silver,2023-07-21,Afternoon 10-2 PM,9224469868
CUST00067,Seema Gowda,Lucknow,Tier 2,26-35,Other,Referral,Silver,2023-04-27,Afternoon 10-2 PM,9768548027
CUST00068,Girish Shukla,Pune,Tier 2,36-45,Male,Paid Ads,None,2023-06-17,Late Night 8-11 PM,9130998324
CUST00069,Dhruv Naidu,Lucknow,Tier 2,26-35,Male,Paid Ads,Gold,2021-07-10,Afternoon 10-2 PM,9221827951
CUST00070,Harini Sethi,Delhi,Tier 1,46-60,Male,Referral,Platinum,2022-07-14,Afternoon 10-2 PM,9607042130
CUST00071,Vivek Rao,Bengaluru,Tier 1,26-35,Female,Paid Ads,Gold,2021-05-23,Evening 4-8 PM,9545541033
CUST00072,Urvi Bose,Bengaluru,Tier 1,46-60,Male,Organic,None,2023-09-30,Afternoon 10-2 PM,9620057604
CUST00073,Vivek Yadav,Bengaluru,Tier 1,36-45,Male,Paid Ads,None,2022-05-05,Morning 6-10 AM,9932734539
CUST00074,Ramesh Tripathi,Bengaluru,Tier 1,26-35,Female,Paid Ads,Platinum,2021-11-08,Late Night 8-11 PM,
CUST00075,Amrita Mukherjee,Delhi,Tier 1,46-60,Female,Paid Ads,Silver,2023-07-25,Afternoon 10-2 PM,9803066091
CUST00076,Chetan Chauhan,Lucknow,Tier 2,36-45,Male,Referral,None,2021-06-14,Afternoon 10-2 PM,9672972597
CUST00077,Ramesh Chawla,Bengaluru,Tier 1,36-45,Female,Influencer,Gold,2021-05-21,Morning 6-10 AM,9408570854
CUST00078,Deepak Pandey,Lucknow,Tier 2,60+,Female,Referral,None,2021-12-07,Morning 6-10 AM,9149382425
CUST00079,Ayesha Das,Bengaluru,Tier 1,26-35,Male,Organic,Silver,2022-01-04,Afternoon 10-2 PM,
CUST00080,Faisal Oberoi,Ahmedabad,Tier 2,26-35,Female,Organic,None,2022-06-05,Afternoon 10-2 PM,9963968184
CUST00081,Priya Oberoi,Delhi,Tier 1,36-45,Male,Offline,None,2022-09-05,Late Night 8-11 PM,9368540924
CUST00082,Rajan Pillai,Delhi,Tier 1,60+,Female,Organic,None,2023-01-06,Afternoon 10-2 PM,9417001612
CUST00083,Keerthi Mishra,Mumbai,Tier 1,26-35,Female,Referral,None,2021-04-11,Evening 4-8 PM,9994253959
CUST00084,Priya Choudhary,Jaipur,Tier 2,36-45,Female,Paid Ads,None,2022-05-29,Evening 4-8 PM,9807790785
CUST00085,Ishita Chawla,Hyderabad,Tier 1,18-25,Female,Organic,None,2021-03-10,Evening 4-8 PM,9196779973
CUST00086,Ravi Tripathi,Jaipur,Tier 2,26-35,Male,Referral,None,2023-01-20,Evening 4-8 PM,9991713190
CUST00087,Tanvi Naidu,Mumbai,Tier 1,26-35,Female,Influencer,Silver,2021-06-04,Afternoon 10-2 PM,9826197069
CUST00088,Sarika Kamath,Pune,Tier 2,36-45,Male,Referral,None,2021-09-11,Morning 6-10 AM,9821920438
CUST00089,Sanjay Hegde,Bengaluru,Tier 1,36-45,Male,Referral,None,2022-11-03,Afternoon 10-2 PM,9167878777
CUST00090,Suresh Anand,Hyderabad,Tier 1,26-35,Male,Organic,None,2022-09-16,Late Night 8-11 PM,9352114611
CUST00091,Ishita Roy,Ahmedabad,Tier 2,26-35,Female,Referral,None,2023-05-09,Late Night 8-11 PM,9545478870
CUST00092,Tarun Bhatia,Hyderabad,Tier 1,26-35,Female,Organic,Platinum,2023-06-28,Afternoon 10-2 PM,9489431174
CUST00093,Nandini Sen,Mumbai,Tier 1,36-45,Other,Paid Ads,None,2022-01-24,Afternoon 10-2 PM,9984968439
CUST00094,Keerthi Menon,Delhi,Tier 1,36-45,Female,Organic,None,2022-05-14,Evening 4-8 PM,9320337809
CUST00095,Vivek Menon,Mumbai,Tier 1,36-45,Female,Organic,Gold,2021-01-06,Evening 4-8 PM,9239577989
CUST00096,Kunal Nair,Delhi,Tier 1,36-45,Male,Organic,None,2022-05-03,Evening 4-8 PM,
CUST00097,Ishaan Tripathi,Bengaluru,Tier 1,26-35,Male,Organic,Platinum,2023-01-12,Afternoon 10-2 PM,9640992677
CUST00098,Ekta Patel,Bengaluru,Tier 1,36-45,Female,Referral,Silver,2021-03-05,Morning 6-10 AM,9531233244
CUST00099,Farhan Rathore,Delhi,Tier 1,36-45,Male,Influencer,Silver,2021-10-31,Morning 6-10 AM,9779760958
CUST00100,Sachin Chatterjee,Delhi,Tier 1,26-35,Female,Organic,Silver,2023-06-01,Afternoon 10-2 PM,9802992685
CUST00101,Vivek Srivastava,Hyderabad,Tier 1,46-60,Male,Influencer,Platinum,2023-07-18,Afternoon 10-2 PM,9435596237
CUST00102,Lavanya Kapoor,Delhi,Tier 1,26-35,,Offline,Silver,2021-06-24,Morning 6-10 AM,9893276164
CUST00103,Ishaan Bajaj,Bengaluru,Tier 1,18-25,Female,Paid Ads,Gold,2023-04-22,Evening 4-8 PM,9905611583
CUST00104,Tanmay Mehta,Delhi,Tier 1,60+,Female,Paid Ads,Silver,2022-03-12,Afternoon 10-2 PM,9216198604
CUST00105,Yash Sen,Bengaluru,Tier 1,18-25,Male,Organic,None,2021-02-23,Afternoon 10-2 PM,9844609017
CUST00106,Lakshmi Bose,Bengaluru,Tier 1,36-45,Male,Paid Ads,None,2021-10-21,Morning 6-10 AM,9252336745
CUST00107,Anika Singh,Pune,Tier 2,36-45,Male,Paid Ads,Platinum,2023-01-28,Morning 6-10 AM,9709448939
CUST00108,Aryan Rao,Delhi,Tier 1,26-35,Female,Referral,Platinum,2023-05-19,Morning 6-10 AM,9393310667
CUST00109,Varun Nair,Mumbai,Tier 1,26-35,Male,Referral,None,2023-12-16,Afternoon 10-2 PM,
CUST00110,Bhuvan Mehta,Bengaluru,Tier 1,18-25,Male,Organic,Gold,2022-06-08,Morning 6-10 AM,9634063428
CUST00111,Kunal Iyer,Pune,Tier 2,26-35,Female,Paid Ads,Silver,2022-12-27,Evening 4-8 PM,9145421708
CUST00112,Sonali Gupta,Delhi,Tier 1,46-60,Female,Paid Ads,Gold,2023-05-06,Evening 4-8 PM,9448717183
CUST00113,Faisal Dubey,Mumbai,Tier 1,46-60,Female,Organic,Platinum,2022-05-14,Evening 4-8 PM,9184446671
CUST00114,Rajesh Tripathi,Bengaluru,Tier 1,26-35,Male,Organic,Platinum,2021-08-22,Afternoon 10-2 PM,9933468715
CUST00115,Uma Hegde,Bengaluru,Tier 1,36-45,Male,Organic,None,2021-12-22,Morning 6-10 AM,9803847447
CUST00116,Girish Rathore,Mumbai,Tier 1,26-35,Female,Paid Ads,None,2022-10-24,Evening 4-8 PM,9262089272
CUST00117,Swati Shukla,Delhi,Tier 1,36-45,Female,Referral,Gold,2021-06-01,Afternoon 10-2 PM,9161085229
CUST00118,Priya Gupta,Bengaluru,Tier 1,36-45,Other,Organic,Platinum,2023-02-27,Afternoon 10-2 PM,9950207886
CUST00119,Arjun Shukla,Pune,Tier 2,46-60,Female,Organic,Silver,2023-10-24,Evening 4-8 PM,
CUST00120,Rohit Saxena,Mumbai,Tier 1,18-25,Female,Organic,None,2023-06-19,Evening 4-8 PM,9490732457
CUST00121,Priya Roy,Bengaluru,Tier 1,26-35,Male,Referral,Silver,2022-11-17,Evening 4-8 PM,9828404274
CUST00122,Pallavi Srivastava,Bengaluru,Tier 1,46-60,Female,Referral,None,2021-06-16,Morning 6-10 AM,9475617211
CUST00123,Jhanvi Anand,Bengaluru,Tier 1,36-45,Male,Referral,None,2023-02-11,Morning 6-10 AM,9237217505
CUST00124,Vandana Oberoi,Hyderabad,Tier 1,46-60,Male,Referral,Gold,2021-02-07,Afternoon 10-2 PM,9329987621
CUST00125,Tarun Pillai,Bengaluru,Tier 1,26-35,Male,Organic,Platinum,2021-07-27,Evening 4-8 PM,9893112954
CUST00126,Ananya Suri,Ahmedabad,Tier 2,26-35,Female,Organic,Gold,2021-11-29,Afternoon 10-2 PM,9770809983
CUST00127,Kritika Srivastava,Pune,Tier 2,26-35,Male,Referral,None,2023-06-29,Morning 6-10 AM,9941599226
CUST00128,Vinay Malhotra,Delhi,Tier 1,26-35,Female,Paid Ads,None,2023-01-24,Evening 4-8 PM,9573087862
CUST00129,Priya Choudhary,Delhi,Tier 1,26-35,Female,Offline,None,2021-10-11,Evening 4-8 PM,
CUST00130,Sanika Bajaj,Delhi,Tier 1,46-60,Female,Paid Ads,None,2021-06-21,Morning 6-10 AM,9651208305
CUST00131,Simran Singh,Mumbai,Tier 1,46-60,Male,Paid Ads,Platinum,2021-02-24,Morning 6-10 AM,9501538092
CUST00132,Deepa Sen,Bengaluru,Tier 1,26-35,Male,Organic,None,2022-11-18,Evening 4-8 PM,9408034406
CUST00133,Swati Anand,Jaipur,Tier 2,46-60,Female,Paid Ads,Silver,2021-06-12,Evening 4-8 PM,9260545470
CUST00134,Uma Arora,Delhi,Tier 1,26-35,Male,Organic,Gold,2021-04-08,Morning 6-10 AM,9768737754
CUST00135,Gaurav Shetty,Delhi,Tier 1,46-60,Female,Organic,None,2022-05-11,Afternoon 10-2 PM,9101679695
CUST00136,Nikhil Khurana,Hyderabad,Tier 1,26-35,Female,Organic,None,2021-05-19,Late Night 8-11 PM,9944403809
CUST00137,Vivek Verma,Lucknow,Tier 2,26-35,Male,Referral,None,2022-06-04,Late Night 8-11 PM,9172541521
CUST00138,Uma Suri,Bengaluru,Tier 1,36-45,Female,Referral,Gold,2021-04-01,Morning 6-10 AM,9790196540
CUST00139,Nandini Dubey,Mumbai,Tier 1,60+,Male,Organic,Silver,2023-07-27,Morning 6-10 AM,9949447049
CUST00140,Arjun Chatterjee,Mumbai,Tier 1,46-60,Male,Offline,Silver,2022-06-03,Afternoon 10-2 PM,9407209235
CUST00141,Aryan Gowda,Bengaluru,Tier 1,36-45,Male,Referral,None,2023-03-31,Afternoon 10-2 PM,9515156661
CUST00142,Lakshmi Rathore,Bengaluru,Tier 1,36-45,Male,Referral,None,2021-06-19,Morning 6-10 AM,
CUST00143,Lakshmi Agarwal,Hyderabad,Tier 1,26-35,Male,Paid Ads,None,2023-07-03,Morning 6-10 AM,9840629322
CUST00144,Soham Patel,Delhi,Tier 1,36-45,Female,Referral,Silver,2021-04-28,Afternoon 10-2 PM,9490102359
CUST00145,Mihir Reddy,Delhi,Tier 1,60+,Male,Referral,Silver,2021-03-13,Evening 4-8 PM,9792738367
CUST00146,Sapna Khurana,Bengaluru,Tier 1,18-25,Male,Paid Ads,None,2023-06-29,Afternoon 10-2 PM,9668503222
CUST00147,Ramesh Sethi,Bengaluru,Tier 1,26-35,Female,Organic,Gold,2023-11-27,Morning 6-10 AM,9381080560
CUST00148,Rashmi Shukla,Pune,Tier 2,26-35,Female,Referral,Silver,2022-02-14,Late Night 8-11 PM,9585377142
CUST00149,Sachin Shukla,Mumbai,Tier 1,60+,Female,Offline,None,2022-12-13,Late Night 8-11 PM,9411774120
CUST00150,Kiran Saxena,Ahmedabad,Tier 2,36-45,Female,Organic,Silver,2022-04-05,Afternoon 10-2 PM,9249117905
CUST00151,Uday Verma,Bengaluru,Tier 1,26-35,Female,Paid Ads,None,2021-09-23,Late Night 8-11 PM,9432098383
CUST00152,Sachin Srivastava,Bengaluru,Tier 1,26-35,Male,Paid Ads,None,2021-09-14,Afternoon 10-2 PM,9583156434
CUST00153,Vidya Banerjee,Delhi,Tier 1,18-25,Female,Paid Ads,Platinum,2021-09-22,Afternoon 10-2 PM,9159499094
CUST00154,Vidya Rao,Ahmedabad,Tier 2,26-35,Male,Offline,None,2023-11-29,Morning 6-10 AM,9369085407
CUST00155,Vivek Bose,Mumbai,Tier 1,18-25,Male,Paid Ads,None,2021-12-12,Afternoon 10-2 PM,9283825267
CUST00156,Tanmay Subramaniam,Hyderabad,Tier 1,36-45,Female,Paid Ads,Silver,2021-02-28,Evening 4-8 PM,9927878967
CUST00157,Jhanvi Menon,Delhi,Tier 1,36-45,Male,Referral,None,2022-08-17,Afternoon 10-2 PM,9362935648
CUST00158,Nandini Mishra,Pune,Tier 2,26-35,Male,Organic,None,2023-09-19,Afternoon 10-2 PM,9254263081
CUST00159,Sachin Chatterjee,Bengaluru,Tier 1,36-45,Female,Offline,Platinum,2023-01-29,Morning 6-10 AM,9359564054
CUST00160,Pooja Shukla,Delhi,Tier 1,26-35,Male,Organic,Gold,2023-05-07,Afternoon 10-2 PM,9271476207
CUST00161,Zoya Srivastava,Pune,Tier 2,26-35,Female,Paid Ads,None,2023-10-19,Afternoon 10-2 PM,9196689473
CUST00162,Urvi Dubey,Jaipur,Tier 2,60+,Male,Paid Ads,None,2023-10-11,Morning 6-10 AM,9822113500
CUST00163,Vinay Sharma,Delhi,Tier 1,46-60,Male,Influencer,Gold,2023-04-06,Evening 4-8 PM,9712335251
CUST00164,Sandeep Bajaj,Delhi,Tier 1,26-35,Male,Paid Ads,Silver,2021-09-01,Afternoon 10-2 PM,9500718660
CUST00165,Rohit Bajaj,Pune,Tier 2,46-60,Female,Organic,Silver,2023-10-22,Afternoon 10-2 PM,
CUST00166,Swati Jain,Hyderabad,Tier 1,26-35,Female,Paid Ads,Silver,2022-10-15,Morning 6-10 AM,9893838119
CUST00167,Amrita Mukherjee,Ahmedabad,Tier 2,26-35,Male,Paid Ads,None,2023-08-31,Afternoon 10-2 PM,9823494111
CUST00168,Shubham Kohli,Mumbai,Tier 1,26-35,Female,Influencer,Gold,2023-08-30,Evening 4-8 PM,9933397627
CUST00169,Neha Srivastava,Delhi,Tier 1,18-25,Male,Paid Ads,Silver,2023-02-18,Evening 4-8 PM,9133898577
CUST00170,Payal Nair,Delhi,Tier 1,26-35,Male,Paid Ads,Gold,2022-02-22,Afternoon 10-2 PM,9606382505
CUST00171,Vandana Srivastava,Ahmedabad,Tier 2,18-25,Male,Organic,None,2023-09-07,Morning 6-10 AM,9285953213
CUST00172,Vinay Mukherjee,Delhi,Tier 1,36-45,Female,Influencer,None,2022-06-26,Evening 4-8 PM,9364697908
CUST00173,Rajan Shah,Bengaluru,Tier 1,46-60,Other,Referral,Gold,2023-09-29,Evening 4-8 PM,9954059995
CUST00174,Priya Nair,Pune,Tier 2,36-45,Female,Influencer,None,2022-12-08,Afternoon 10-2 PM,9411871167
CUST00175,Sachin Singh,Mumbai,Tier 1,26-35,Male,Organic,None,2022-02-18,Afternoon 10-2 PM,9703462253
CUST00176,Ishita Joshi,Hyderabad,Tier 1,36-45,Female,Organic,Gold,2023-12-24,Evening 4-8 PM,9207586738
CUST00177,Sachin Chauhan,Bengaluru,Tier 1,18-25,,Organic,Platinum,2021-11-20,Afternoon 10-2 PM,9610778600
CUST00178,Meera Yadav,Delhi,Tier 1,60+,Male,Referral,None,2021-07-03,Late Night 8-11 PM,9893158610
CUST00179,Ananya Kumar,Pune,Tier 2,26-35,Female,Offline,None,2023-03-25,Morning 6-10 AM,9904236062
CUST00180,Rahul Krishnan,Lucknow,Tier 2,18-25,Male,Referral,Gold,2022-11-18,Late Night 8-11 PM,9683364453
CUST00181,Ishita Kamath,Delhi,Tier 1,26-35,Male,Influencer,None,2023-07-29,Morning 6-10 AM,9115122787
CUST00182,Rahul Khurana,Pune,Tier 2,36-45,Male,Referral,None,2023-04-11,Evening 4-8 PM,9193133974
CUST00183,Diya Kumar,Bengaluru,Tier 1,60+,Male,Offline,Gold,2023-02-25,Morning 6-10 AM,9453932473
CUST00184,Tanmay Khurana,Bengaluru,Tier 1,18-25,Female,Referral,None,2021-08-31,Morning 6-10 AM,9836665942
CUST00185,Rashmi Choudhary,Delhi,Tier 1,26-35,Male,Influencer,Silver,2022-03-29,Morning 6-10 AM,9264481748
CUST00186,Dhruv Sen,Delhi,Tier 1,26-35,Female,Paid Ads,None,2022-03-24,Afternoon 10-2 PM,9739750911
CUST00187,Deepa Jain,Ahmedabad,Tier 2,26-35,Female,Organic,None,2021-05-07,Afternoon 10-2 PM,9317064188
CUST00188,Kavya Reddy,Delhi,Tier 1,26-35,Female,Organic,Silver,2023-09-29,Morning 6-10 AM,9968326513
CUST00189,Ishaan Desai,Mumbai,Tier 1,26-35,Female,Paid Ads,None,2022-09-24,Evening 4-8 PM,9976659977
CUST00190,Namrata Kohli,Mumbai,Tier 1,18-25,Male,Referral,None,2021-05-04,Afternoon 10-2 PM,
CUST00191,Ananya Das,Jaipur,Tier 2,26-35,Female,Referral,None,2023-05-11,Late Night 8-11 PM,9581613078
CUST00192,Sanjay Roy,Ahmedabad,Tier 2,18-25,Female,Influencer,Silver,2022-12-14,Morning 6-10 AM,9522043490
CUST00193,Uma Shah,Delhi,Tier 1,46-60,Female,Offline,None,2023-05-19,Afternoon 10-2 PM,9365764028
CUST00194,Kavya Bose,Delhi,Tier 1,26-35,Female,Referral,None,2023-05-09,Morning 6-10 AM,9116799547
CUST00195,Bhavya Joshi,Bengaluru,Tier 1,36-45,Male,Referral,None,2022-05-17,Evening 4-8 PM,9351619881
CUST00196,Ayesha Iyer,Delhi,Tier 1,26-35,Male,Influencer,None,2022-10-16,Evening 4-8 PM,9978731508
CUST00197,Rajan Krishnan,Bengaluru,Tier 1,18-25,Female,Organic,None,2021-05-05,Morning 6-10 AM,9889427990
CUST00198,Girish Oberoi,Jaipur,Tier 2,26-35,Male,Offline,None,2023-02-20,Late Night 8-11 PM,9547025173
CUST00199,Rajan Roy,Bengaluru,Tier 1,26-35,,Organic,None,2021-10-23,Morning 6-10 AM,9703857319
CUST00200,Shubham Bajaj,Bengaluru,Tier 1,26-35,Male,Organic,None,2021-06-11,Morning 6-10 AM,9199282456
CUST00201,Manish Mehta,Delhi,Tier 1,26-35,Female,Referral,None,2022-01-21,Evening 4-8 PM,9820964511
CUST00202,Tanvi Menon,Delhi,Tier 1,46-60,Male,Offline,None,2022-01-25,Morning 6-10 AM,9909956465
CUST00203,Nisha Anand,Delhi,Tier 1,36-45,Male,Influencer,Gold,2022-08-03,Afternoon 10-2 PM,9485752015
CUST00204,Sandeep Desai,Bengaluru,Tier 1,46-60,Male,Influencer,None,2022-10-18,Evening 4-8 PM,9544454140
CUST00205,Neel Tripathi,Mumbai,Tier 1,18-25,Male,Offline,Gold,2023-05-06,Afternoon 10-2 PM,9346980616
CUST00206,Nisha Rathore,Bengaluru,Tier 1,36-45,Female,Paid Ads,None,2023-09-28,Evening 4-8 PM,9626772995
CUST00207,Uma Nayak,Delhi,Tier 1,26-35,Male,Paid Ads,Platinum,2021-05-01,Morning 6-10 AM,9179811669
CUST00208,Lavanya Mehta,Jaipur,Tier 2,36-45,Male,Influencer,Silver,2021-11-06,Morning 6-10 AM,9500721199
CUST00209,Hansika Suri,Mumbai,Tier 1,46-60,Female,Referral,None,2023-12-26,Morning 6-10 AM,
CUST00210,Prachi Agarwal,Delhi,Tier 1,60+,Male,Influencer,Silver,2022-01-03,Evening 4-8 PM,9259877461
CUST00211,Faisal Jain,Bengaluru,Tier 1,26-35,Male,Referral,Platinum,2023-04-12,Morning 6-10 AM,9848651792
CUST00212,Nandini Hegde,Bengaluru,Tier 1,46-60,Female,Influencer,Platinum,2021-07-11,Evening 4-8 PM,9611106584
CUST00213,Aditi Anand,Mumbai,Tier 1,26-35,Male,Paid Ads,None,2021-07-15,Evening 4-8 PM,9346709900
CUST00214,Omkar Krishnan,Mumbai,Tier 1,36-45,Male,Offline,None,2022-07-29,Evening 4-8 PM,9135328023
CUST00215,Ramesh Verma,Mumbai,Tier 1,60+,Female,Referral,None,2023-03-27,Evening 4-8 PM,9705545509
CUST00216,Sapna Oberoi,Bengaluru,Tier 1,46-60,Male,Referral,None,2021-06-10,Morning 6-10 AM,9157656107
CUST00217,Neha Shetty,Mumbai,Tier 1,18-25,Female,Referral,Silver,2022-10-31,Afternoon 10-2 PM,9583774585
CUST00218,Sagar Bajaj,Delhi,Tier 1,46-60,Male,Referral,None,2021-06-25,Evening 4-8 PM,9364623437
CUST00219,Deepa Bose,Hyderabad,Tier 1,26-35,Female,Referral,Gold,2022-10-11,Evening 4-8 PM,9430999662
CUST00220,Pooja Joshi,Delhi,Tier 1,18-25,Male,Paid Ads,Silver,2023-04-16,Afternoon 10-2 PM,9695088987
CUST00221,Bhuvan Nayak,Mumbai,Tier 1,26-35,Male,Organic,None,2021-06-23,Afternoon 10-2 PM,9360642799
CUST00222,Kritika Oberoi,Delhi,Tier 1,26-35,Male,Paid Ads,Silver,2021-05-10,Afternoon 10-2 PM,9421856529
CUST00223,Chetan Sen,Delhi,Tier 1,26-35,Male,Referral,Platinum,2022-02-05,Afternoon 10-2 PM,9107266407
CUST00224,Rekha Shetty,Jaipur,Tier 2,36-45,Female,Paid Ads,Platinum,2021-10-06,Morning 6-10 AM,9846564420
CUST00225,Ramesh Kumar,Mumbai,Tier 1,60+,Female,Organic,None,2023-10-03,Evening 4-8 PM,9449917685
CUST00226,Sarika Sen,Bengaluru,Tier 1,18-25,Female,Referral,None,2021-02-25,Afternoon 10-2 PM,9860603328
CUST00227,Rahul Shetty,Mumbai,Tier 1,36-45,Female,Referral,Silver,2023-10-20,Afternoon 10-2 PM,9371314895
CUST00228,Sachin Pandey,Hyderabad,Tier 1,36-45,Male,Offline,Platinum,2023-04-01,Afternoon 10-2 PM,9842716738
CUST00229,Ananya Nayak,Bengaluru,Tier 1,60+,Female,Influencer,Silver,2021-06-24,Afternoon 10-2 PM,9813709631
CUST00230,Imran Bhatia,Bengaluru,Tier 1,18-25,Other,Referral,None,2022-11-11,Afternoon 10-2 PM,9111325589
CUST00231,Neel Desai,Mumbai,Tier 1,36-45,Female,Referral,Gold,2023-02-06,Morning 6-10 AM,9731993655
CUST00232,Kavya Banerjee,Hyderabad,Tier 1,60+,Male,Organic,Silver,2021-06-25,Late Night 8-11 PM,9252122560
CUST00233,Rohit Dubey,Bengaluru,Tier 1,36-45,Female,Paid Ads,Gold,2023-07-16,Morning 6-10 AM,9969930526
CUST00234,Akash Kamath,Hyderabad,Tier 1,26-35,Male,Influencer,Platinum,2022-05-15,Late Night 8-11 PM,9455397438
CUST00235,Suresh Shah,Delhi,Tier 1,36-45,Female,Organic,Silver,2023-03-22,Evening 4-8 PM,9311875497
CUST00236,Siddharth Roy,Delhi,Tier 1,18-25,Male,Organic,None,2021-05-09,Evening 4-8 PM,9676480186
CUST00237,Ravi Pillai,Mumbai,Tier 1,26-35,Male,Influencer,None,2022-10-04,Afternoon 10-2 PM,9730291513
CUST00238,Sagar Kamath,Mumbai,Tier 1,26-35,Male,Referral,None,2021-06-23,Evening 4-8 PM,9356165519
CUST00239,Lakshmi Sen,Bengaluru,Tier 1,36-45,Male,Paid Ads,Gold,2023-02-25,Morning 6-10 AM,9677006598
CUST00240,Imran Kumar,Hyderabad,Tier 1,36-45,Male,Organic,None,2023-07-13,Morning 6-10 AM,9110290140
CUST00241,Manish Hegde,Delhi,Tier 1,26-35,,Referral,Gold,2023-10-05,Afternoon 10-2 PM,9624737111
CUST00242,Zara Verma,Mumbai,Tier 1,36-45,Male,Organic,Silver,2022-08-15,Morning 6-10 AM,9897272900
CUST00243,Uday Bajaj,Pune,Tier 2,26-35,Female,Organic,None,2023-01-22,Afternoon 10-2 PM,9916048218
CUST00244,Vishal Menon,Hyderabad,Tier 1,60+,Male,Influencer,None,2022-09-02,Evening 4-8 PM,
CUST00245,Deepak Shukla,Bengaluru,Tier 1,46-60,Male,Influencer,None,2022-12-20,Morning 6-10 AM,9559740884
CUST00246,Ishita Nayak,Mumbai,Tier 1,26-35,Male,Organic,None,2022-07-30,Afternoon 10-2 PM,9855971970
CUST00247,Zoya Bose,Bengaluru,Tier 1,60+,Male,Influencer,None,2021-10-05,Evening 4-8 PM,9163657733
CUST00248,Jhanvi Iyer,Lucknow,Tier 2,36-45,Male,Organic,None,2022-05-22,Morning 6-10 AM,9625552311
CUST00249,Girish Bose,Mumbai,Tier 1,36-45,Male,Organic,Gold,2021-07-10,Evening 4-8 PM,9845932321
CUST00250,Sanika Dubey,Jaipur,Tier 2,60+,Male,Organic,None,2021-07-10,Evening 4-8 PM,9813118992
CUST00251,Bhavya Nayak,Hyderabad,Tier 1,36-45,,Paid Ads,Gold,2022-07-04,Morning 6-10 AM,9687670209
CUST00252,Zara Kamath,Delhi,Tier 1,26-35,Male,Referral,None,2021-07-23,Morning 6-10 AM,9117481970
CUST00253,Kiran Shukla,Mumbai,Tier 1,26-35,Other,Paid Ads,None,2021-09-28,Late Night 8-11 PM,9394226159
CUST00254,Sandeep Kapoor,Mumbai,Tier 1,18-25,Female,Referral,None,2022-09-18,Morning 6-10 AM,9560883210
CUST00255,Rashmi Joshi,Hyderabad,Tier 1,18-25,,Organic,Silver,2023-07-01,Morning 6-10 AM,9977364141
CUST00256,Siddharth Anand,Mumbai,Tier 1,18-25,Male,Paid Ads,Silver,2021-07-29,Evening 4-8 PM,9421322967
CUST00257,Ishita Sethi,Mumbai,Tier 1,60+,Male,Paid Ads,Platinum,2021-12-03,Morning 6-10 AM,9774395804
CUST00258,Shreya Bhatia,Pune,Tier 2,36-45,Female,Organic,None,2021-09-10,Morning 6-10 AM,9561052655
CUST00259,Ishita Malhotra,Bengaluru,Tier 1,26-35,Male,Paid Ads,None,2022-08-07,Evening 4-8 PM,9806957378
CUST00260,Mohan Jain,Ahmedabad,Tier 2,36-45,Male,Paid Ads,None,2022-05-06,Evening 4-8 PM,9636422667
CUST00261,Chetan Jain,Hyderabad,Tier 1,46-60,Male,Paid Ads,None,2023-03-04,Morning 6-10 AM,9492358645
CUST00262,Kunal Yadav,Delhi,Tier 1,26-35,Other,Organic,Gold,2021-01-29,Afternoon 10-2 PM,
CUST00263,Sarika Desai,Mumbai,Tier 1,26-35,Female,Referral,Silver,2023-04-04,Afternoon 10-2 PM,9761475488
CUST00264,Deepa Ghosh,Mumbai,Tier 1,18-25,Female,Offline,Platinum,2022-11-01,Morning 6-10 AM,9996065974
CUST00265,Imran Gupta,Hyderabad,Tier 1,26-35,Male,Offline,Silver,2022-05-16,Morning 6-10 AM,9586804311
CUST00266,Ayesha Ghosh,Hyderabad,Tier 1,36-45,Female,Organic,None,2021-10-09,Morning 6-10 AM,9472271797
CUST00267,Tanmay Kapoor,Delhi,Tier 1,26-35,Male,Referral,None,2021-08-30,Morning 6-10 AM,
CUST00268,Pooja Jain,Pune,Tier 2,18-25,Female,Paid Ads,None,2023-07-22,Morning 6-10 AM,
CUST00269,Kritika Sen,Ahmedabad,Tier 2,26-35,Female,Influencer,Gold,2021-08-25,Evening 4-8 PM,9147285340
CUST00270,Aditi Malhotra,Ahmedabad,Tier 2,18-25,Male,Offline,None,2021-03-14,Morning 6-10 AM,9895283876
CUST00271,Neel Chatterjee,Hyderabad,Tier 1,26-35,Female,Paid Ads,Silver,2023-02-03,Evening 4-8 PM,9156556289
CUST00272,Vidya Patel,Mumbai,Tier 1,60+,Male,Paid Ads,Gold,2022-09-29,Morning 6-10 AM,9108556837
CUST00273,Rahul Khurana,Bengaluru,Tier 1,36-45,Female,Organic,None,2023-10-08,Afternoon 10-2 PM,9886476517
CUST00274,Nisha Rao,Jaipur,Tier 2,18-25,Male,Organic,None,2021-01-20,Morning 6-10 AM,
CUST00275,Vandana Srivastava,Hyderabad,Tier 1,26-35,Male,Offline,None,2021-05-03,Afternoon 10-2 PM,9400460098
CUST00276,Neha Subramaniam,Mumbai,Tier 1,46-60,Male,Influencer,None,2021-06-23,Afternoon 10-2 PM,9784205125
CUST00277,Chetan Kohli,Pune,Tier 2,36-45,Male,Offline,None,2022-06-19,Morning 6-10 AM,9521929719
CUST00278,Vandana Chatterjee,Hyderabad,Tier 1,26-35,Male,Organic,Silver,2021-08-12,Morning 6-10 AM,9600422869
CUST00279,Harini Agarwal,Bengaluru,Tier 1,26-35,Female,Paid Ads,Silver,2021-09-03,Afternoon 10-2 PM,9426648350
CUST00280,Payal Arora,Ahmedabad,Tier 2,18-25,Female,Paid Ads,None,2022-05-24,Morning 6-10 AM,9152560325
CUST00281,Pankaj Hegde,Hyderabad,Tier 1,60+,Male,Paid Ads,Silver,2022-05-27,Afternoon 10-2 PM,9952346725
CUST00282,Aditi Mehta,Mumbai,Tier 1,46-60,Other,Organic,None,2023-02-02,Evening 4-8 PM,9190236646
CUST00283,Pankaj Hegde,Delhi,Tier 1,18-25,Other,Organic,Silver,2021-09-21,Evening 4-8 PM,9968536025
CUST00284,Arjun Dubey,Bengaluru,Tier 1,18-25,Female,Paid Ads,Silver,2023-10-14,Evening 4-8 PM,9285550328
CUST00285,Lakshmi Bose,Bengaluru,Tier 1,26-35,Female,Organic,None,2022-05-19,Evening 4-8 PM,9691297450
CUST00286,Deepak Bose,Delhi,Tier 1,26-35,Male,Referral,None,2022-05-26,Evening 4-8 PM,9953459662
CUST00287,Sanjay Nayak,Mumbai,Tier 1,36-45,Male,Referral,Gold,2023-10-26,Morning 6-10 AM,9127984900
CUST00288,Neel Verma,Bengaluru,Tier 1,46-60,Female,Organic,Gold,2023-12-21,Late Night 8-11 PM,9349926429
CUST00289,Diya Malhotra,Lucknow,Tier 2,36-45,Male,Influencer,None,2021-04-25,Late Night 8-11 PM,9718144695
CUST00290,Sapna Banerjee,Ahmedabad,Tier 2,46-60,Other,Organic,None,2022-10-14,Morning 6-10 AM,9735185398
CUST00291,Payal Banerjee,Mumbai,Tier 1,46-60,Female,Paid Ads,None,2023-10-06,Morning 6-10 AM,9140763261
CUST00292,Neha Arora,Mumbai,Tier 1,26-35,Female,Organic,None,2022-02-17,Late Night 8-11 PM,9290546084
CUST00293,Ravi Mehta,Jaipur,Tier 2,18-25,Female,Influencer,None,2023-12-14,Evening 4-8 PM,9501140044
CUST00294,Keerthi Mishra,Hyderabad,Tier 1,36-45,Male,Paid Ads,None,2023-06-14,Late Night 8-11 PM,9797052007
CUST00295,Rashmi Bajaj,Bengaluru,Tier 1,36-45,Female,Referral,Gold,2021-12-26,Morning 6-10 AM,9416235507
CUST00296,Uma Sharma,Mumbai,Tier 1,46-60,Female,Paid Ads,Silver,2021-03-08,Late Night 8-11 PM,9968449816
CUST00297,Neel Chawla,Lucknow,Tier 2,36-45,Female,Organic,None,2022-05-03,Evening 4-8 PM,9783100341
CUST00298,Deepak Hegde,Ahmedabad,Tier 2,36-45,Female,Influencer,Gold,2022-06-28,Afternoon 10-2 PM,9476326283
CUST00299,Farhan Srivastava,Bengaluru,Tier 1,18-25,Male,Referral,None,2023-04-28,Late Night 8-11 PM,9686288768
CUST00300,Tanvi Nayak,Bengaluru,Tier 1,46-60,Female,Referral,None,2021-05-31,Morning 6-10 AM,
CUST00301,Pankaj Joshi,Mumbai,Tier 1,18-25,Male,Paid Ads,Gold,2021-07-10,Evening 4-8 PM,9618334675
CUST00302,Simran Sethi,Hyderabad,Tier 1,26-35,,Organic,None,2022-02-25,Morning 6-10 AM,9694973692
CUST00303,Uma Agarwal,Pune,Tier 2,26-35,Male,Organic,Silver,2023-10-03,Morning 6-10 AM,9559138405
CUST00304,Keerthi Chawla,Mumbai,Tier 1,36-45,Male,Organic,None,2022-08-21,Morning 6-10 AM,9224026766
CUST00305,Sarika Chauhan,Bengaluru,Tier 1,26-35,Female,Organic,Gold,2022-01-14,Afternoon 10-2 PM,9300341906
CUST00306,Pankaj Shukla,Delhi,Tier 1,26-35,Male,Organic,Silver,2021-07-18,Morning 6-10 AM,9681376445
CUST00307,Amrita Shah,Bengaluru,Tier 1,36-45,Female,Influencer,None,2023-08-31,Afternoon 10-2 PM,9420890008
CUST00308,Sachin Patel,Mumbai,Tier 1,26-35,Female,Influencer,Silver,2021-10-29,Evening 4-8 PM,9285627380
CUST00309,Kritika Menon,Jaipur,Tier 2,36-45,Male,Paid Ads,Gold,2023-06-11,Late Night 8-11 PM,9258783057
CUST00310,Pankaj Chatterjee,Ahmedabad,Tier 2,46-60,Female,Organic,None,2023-03-25,Afternoon 10-2 PM,9658010933
CUST00311,Aditi Nayak,Delhi,Tier 1,36-45,Female,Referral,Silver,2021-11-03,Morning 6-10 AM,9914301516
CUST00312,Diya Joshi,Lucknow,Tier 2,36-45,Male,Organic,None,2022-12-06,Afternoon 10-2 PM,9803072911
CUST00313,Dhruv Chauhan,Delhi,Tier 1,18-25,Male,Organic,Silver,2023-04-03,Evening 4-8 PM,9455939049
CUST00314,Aryan Tripathi,Hyderabad,Tier 1,26-35,Male,Paid Ads,Gold,2022-09-13,Morning 6-10 AM,9847520637
CUST00315,Neha Iyer,Hyderabad,Tier 1,26-35,Female,Referral,None,2023-05-04,Morning 6-10 AM,9574289591
CUST00316,Shreya Tripathi,Mumbai,Tier 1,26-35,Male,Paid Ads,Silver,2021-11-22,Morning 6-10 AM,9533131502
CUST00317,Vikram Krishnan,Mumbai,Tier 1,36-45,Male,Influencer,Gold,2021-04-29,Morning 6-10 AM,9486949792
CUST00318,Prachi Sen,Hyderabad,Tier 1,46-60,Male,Referral,Gold,2021-03-04,Morning 6-10 AM,9578999915
CUST00319,Swati Kohli,Mumbai,Tier 1,36-45,Male,Influencer,Gold,2021-07-05,Morning 6-10 AM,9274920492
CUST00320,Namrata Kamath,Ahmedabad,Tier 2,26-35,Male,Organic,Silver,2023-11-18,Evening 4-8 PM,9924174943
CUST00321,Swati Iyer,Hyderabad,Tier 1,36-45,Female,Organic,None,2022-09-18,Morning 6-10 AM,9395685474
CUST00322,Sanjay Kamath,Delhi,Tier 1,26-35,,Paid Ads,None,2023-03-25,Evening 4-8 PM,
CUST00323,Sanika Bajaj,Lucknow,Tier 2,36-45,Female,Organic,Platinum,2021-05-11,Morning 6-10 AM,9449113269
CUST00324,Pankaj Sethi,Ahmedabad,Tier 2,36-45,Female,Organic,None,2022-05-08,Morning 6-10 AM,9961531511
CUST00325,Seema Suri,Pune,Tier 2,26-35,Male,Organic,Gold,2022-08-29,Afternoon 10-2 PM,9516907018
CUST00326,Aditya Saxena,Pune,Tier 2,60+,Female,Paid Ads,None,2023-12-31,Evening 4-8 PM,9821413281
CUST00327,Rajan Kamath,Bengaluru,Tier 1,26-35,Female,Paid Ads,Silver,2023-08-23,Morning 6-10 AM,9967952618
CUST00328,Lakshmi Oberoi,Delhi,Tier 1,46-60,Female,Organic,Platinum,2022-09-21,Morning 6-10 AM,9499090969
CUST00329,Rahul Dubey,Bengaluru,Tier 1,46-60,Male,Influencer,None,2021-05-26,Afternoon 10-2 PM,9228651382
CUST00330,Sanjay Jain,Ahmedabad,Tier 2,26-35,Male,Influencer,None,2022-02-15,Morning 6-10 AM,9591313587
CUST00331,Sachin Kumar,Mumbai,Tier 1,36-45,Male,Referral,Silver,2021-04-29,Morning 6-10 AM,9917325063
CUST00332,Zoya Yadav,Pune,Tier 2,26-35,Female,Referral,None,2023-06-08,Morning 6-10 AM,9612604642
CUST00333,Ananya Agarwal,Bengaluru,Tier 1,26-35,Male,Organic,Silver,2023-12-24,Morning 6-10 AM,9772899961
CUST00334,Neel Anand,Pune,Tier 2,46-60,Male,Organic,Silver,2022-09-19,Afternoon 10-2 PM,9420192227
CUST00335,Sonali Srivastava,Jaipur,Tier 2,26-35,Female,Paid Ads,None,2021-10-02,Evening 4-8 PM,9485742696
CUST00336,Kritika Naidu,Pune,Tier 2,26-35,Male,Referral,None,2021-02-14,Morning 6-10 AM,9493624575
CUST00337,Ananya Roy,Hyderabad,Tier 1,46-60,,Paid Ads,None,2021-04-09,Morning 6-10 AM,9121197567
CUST00338,Gaurav Tiwari,Mumbai,Tier 1,26-35,Male,Organic,None,2022-02-25,Evening 4-8 PM,9423321334
CUST00339,Diya Suri,Delhi,Tier 1,26-35,Female,Referral,Platinum,2021-08-03,Afternoon 10-2 PM,9403554082
CUST00340,Farhan Rathore,Mumbai,Tier 1,26-35,Male,Organic,Gold,2022-02-18,Afternoon 10-2 PM,9272199842
CUST00341,Uday Menon,Mumbai,Tier 1,36-45,Male,Organic,None,2021-07-02,Morning 6-10 AM,9818356830
CUST00342,Deepak Choudhary,Delhi,Tier 1,26-35,Female,Organic,Platinum,2022-04-19,Morning 6-10 AM,9383602087
CUST00343,Diya Hegde,Delhi,Tier 1,26-35,Male,Organic,Gold,2022-10-03,Evening 4-8 PM,9914115345
CUST00344,Aditi Kamath,Ahmedabad,Tier 2,18-25,Female,Paid Ads,None,2022-07-04,Evening 4-8 PM,9975061242
CUST00345,Gaurav Mishra,Bengaluru,Tier 1,26-35,Male,Influencer,None,2023-09-07,Evening 4-8 PM,9955675121
CUST00346,Ishaan Anand,Mumbai,Tier 1,36-45,Other,Influencer,None,2023-09-16,Morning 6-10 AM,9294627041
CUST00347,Sagar Bhatia,Hyderabad,Tier 1,18-25,Female,Influencer,None,2021-09-25,Late Night 8-11 PM,9541613113
CUST00348,Bhavya Kapoor,Delhi,Tier 1,36-45,Male,Influencer,None,2022-04-04,Afternoon 10-2 PM,9463247548
CUST00349,Omkar Anand,Delhi,Tier 1,36-45,Male,Referral,Silver,2023-02-28,Afternoon 10-2 PM,9758111412
CUST00350,Imran Reddy,Mumbai,Tier 1,26-35,Male,Paid Ads,Gold,2023-10-04,Morning 6-10 AM,9398668947
CUST00351,Neel Bajaj,Mumbai,Tier 1,36-45,Male,Organic,Silver,2023-07-07,Afternoon 10-2 PM,9439368482
CUST00352,Uday Tripathi,Mumbai,Tier 1,36-45,Male,Paid Ads,None,2021-01-01,Afternoon 10-2 PM,9764717221
CUST00353,Varun Bajaj,Hyderabad,Tier 1,26-35,Female,Offline,None,2021-04-22,Afternoon 10-2 PM,9456452891
CUST00354,Faisal Arora,Delhi,Tier 1,26-35,Female,Referral,Silver,2022-03-31,Morning 6-10 AM,9780388507
CUST00355,Rahul Bajaj,Lucknow,Tier 2,26-35,Female,Organic,None,2021-10-15,Morning 6-10 AM,9539386707
CUST00356,Ekta Pillai,Mumbai,Tier 1,26-35,Female,Paid Ads,None,2022-01-26,Afternoon 10-2 PM,9545034151
CUST00357,Hansika Shetty,Mumbai,Tier 1,36-45,Male,Influencer,Silver,2023-10-30,Afternoon 10-2 PM,9669474377
CUST00358,Vivek Pandey,Pune,Tier 2,46-60,Male,Paid Ads,None,2021-12-29,Late Night 8-11 PM,9975361748
CUST00359,Sapna Suri,Mumbai,Tier 1,36-45,Female,Paid Ads,Gold,2022-05-24,Afternoon 10-2 PM,9415866432
CUST00360,Ishita Iyer,Delhi,Tier 1,26-35,Female,Referral,None,2022-10-05,Morning 6-10 AM,9779231134
CUST00361,Mohan Bhatia,Mumbai,Tier 1,36-45,Female,Offline,Platinum,2021-12-31,Morning 6-10 AM,9446154387
CUST00362,Sagar Bajaj,Hyderabad,Tier 1,26-35,Female,Referral,Gold,2023-12-30,Afternoon 10-2 PM,9967910655
CUST00363,Farhan Verma,Mumbai,Tier 1,26-35,Male,Organic,None,2021-11-26,Morning 6-10 AM,9257226287
CUST00364,Omkar Nayak,Ahmedabad,Tier 2,26-35,Female,Organic,None,2021-07-29,Evening 4-8 PM,9703319400
CUST00365,Imran Bajaj,Ahmedabad,Tier 2,26-35,Male,Referral,None,2021-04-07,Evening 4-8 PM,9946228305
CUST00366,Ramesh Bajaj,Lucknow,Tier 2,18-25,Female,Organic,None,2023-06-27,Evening 4-8 PM,9856589701
CUST00367,Sanika Yadav,Hyderabad,Tier 1,36-45,Female,Organic,Gold,2022-02-01,Evening 4-8 PM,9832999366
CUST00368,Kunal Tripathi,Mumbai,Tier 1,26-35,Male,Paid Ads,Silver,2021-09-24,Afternoon 10-2 PM,9106061417
CUST00369,Rashmi Rao,Bengaluru,Tier 1,18-25,Female,Referral,None,2022-09-09,Evening 4-8 PM,9484491474
CUST00370,Rashmi Chatterjee,Mumbai,Tier 1,26-35,Female,Paid Ads,Gold,2021-11-23,Evening 4-8 PM,9198725784
CUST00371,Namrata Suri,Bengaluru,Tier 1,26-35,Male,Organic,Platinum,2023-12-23,Evening 4-8 PM,9907597469
CUST00372,Aditi Nair,Lucknow,Tier 2,36-45,Male,Influencer,None,2022-05-15,Evening 4-8 PM,9444603491
CUST00373,Gaurav Roy,Bengaluru,Tier 1,26-35,Female,Organic,Platinum,2023-02-07,Afternoon 10-2 PM,9622702576
CUST00374,Jhanvi Pillai,Mumbai,Tier 1,26-35,Male,Organic,Silver,2023-12-29,Late Night 8-11 PM,
CUST00375,Namrata Gowda,Hyderabad,Tier 1,36-45,Female,Organic,None,2023-06-11,Evening 4-8 PM,9901967913
CUST00376,Anika Dubey,Hyderabad,Tier 1,36-45,Male,Organic,None,2022-05-31,Morning 6-10 AM,9344432632
CUST00377,Shreya Roy,Jaipur,Tier 2,26-35,Male,Paid Ads,None,2021-08-31,Afternoon 10-2 PM,9763947575
CUST00378,Aditya Patel,Mumbai,Tier 1,36-45,Male,Offline,None,2022-09-10,Morning 6-10 AM,9569951184
CUST00379,Keerthi Verma,Bengaluru,Tier 1,26-35,Female,Organic,None,2022-08-28,Afternoon 10-2 PM,9827233573
CUST00380,Uma Sethi,Ahmedabad,Tier 2,26-35,Female,Paid Ads,Silver,2021-09-10,Afternoon 10-2 PM,9523142000
CUST00381,Deepa Ghosh,Delhi,Tier 1,26-35,Female,Referral,Silver,2023-11-16,Morning 6-10 AM,9762375136
CUST00382,Manish Nair,Ahmedabad,Tier 2,26-35,Female,Influencer,None,2023-08-03,Evening 4-8 PM,
CUST00383,Pallavi Joshi,Hyderabad,Tier 1,26-35,Female,Offline,Silver,2022-04-26,Afternoon 10-2 PM,9307767506
CUST00384,Soham Mukherjee,Bengaluru,Tier 1,36-45,Male,Referral,None,2023-01-17,Afternoon 10-2 PM,9281075299
CUST00385,Nisha Nayak,Mumbai,Tier 1,26-35,Female,Paid Ads,None,2021-10-03,Evening 4-8 PM,9615346649
CUST00386,Sagar Choudhary,Delhi,Tier 1,26-35,Female,Organic,None,2022-07-29,Evening 4-8 PM,9678336713
CUST00387,Uma Krishnan,Mumbai,Tier 1,36-45,Female,Influencer,None,2021-03-05,Evening 4-8 PM,9925922483
CUST00388,Ananya Bajaj,Delhi,Tier 1,26-35,Female,Paid Ads,Gold,2021-11-01,Evening 4-8 PM,9929084214
CUST00389,Rahul Iyer,Delhi,Tier 1,26-35,Male,Paid Ads,None,2022-05-05,Afternoon 10-2 PM,9759316106
CUST00390,Varun Iyer,Hyderabad,Tier 1,26-35,Male,Offline,None,2021-10-27,Evening 4-8 PM,9485253781
CUST00391,Tarun Shah,Mumbai,Tier 1,18-25,Male,Organic,Platinum,2023-01-10,Morning 6-10 AM,9149861842
CUST00392,Jhanvi Chatterjee,Mumbai,Tier 1,18-25,Female,Referral,None,2022-06-24,Morning 6-10 AM,9504435133
CUST00393,Sandeep Kohli,Hyderabad,Tier 1,36-45,Female,Paid Ads,Platinum,2022-04-02,Afternoon 10-2 PM,9470475638
CUST00394,Tanvi Krishnan,Delhi,Tier 1,36-45,Male,Organic,Platinum,2021-06-07,Morning 6-10 AM,9261319410
CUST00395,Sandeep Arora,Mumbai,Tier 1,36-45,Male,Organic,Platinum,2021-08-21,Evening 4-8 PM,9326241647
CUST00396,Imran Shetty,Delhi,Tier 1,26-35,Male,Organic,None,2021-10-03,Afternoon 10-2 PM,
CUST00397,Ayesha Reddy,Delhi,Tier 1,26-35,Male,Offline,None,2021-02-08,Afternoon 10-2 PM,9981867712
CUST00398,Deepa Menon,Bengaluru,Tier 1,26-35,,Influencer,None,2023-04-22,Morning 6-10 AM,9980954894
CUST00399,Faisal Suri,Pune,Tier 2,26-35,Male,Referral,Gold,2021-05-21,Late Night 8-11 PM,9216576275
CUST00400,Vidya Gowda,Mumbai,Tier 1,46-60,Female,Influencer,None,2021-12-30,Evening 4-8 PM,9141915191
CUST00401,Vinay Desai,Ahmedabad,Tier 2,36-45,Male,Referral,None,2021-01-03,Late Night 8-11 PM,9797107270
CUST00402,Shubham Sen,Delhi,Tier 1,46-60,Female,Paid Ads,None,2023-09-15,Late Night 8-11 PM,9732485566
CUST00403,Payal Khurana,Pune,Tier 2,18-25,Male,Paid Ads,Gold,2021-06-21,Morning 6-10 AM,9538781057
CUST00404,Aarav Saxena,Bengaluru,Tier 1,36-45,Male,Paid Ads,None,2023-02-08,Afternoon 10-2 PM,9439196880
CUST00405,Farhan Rao,Bengaluru,Tier 1,26-35,Female,Organic,None,2023-01-19,Afternoon 10-2 PM,9526763137
CUST00406,Shreya Bajaj,Pune,Tier 2,36-45,Male,Paid Ads,None,2022-06-04,Afternoon 10-2 PM,9931284997
CUST00407,Vandana Iyer,Hyderabad,Tier 1,46-60,Female,Referral,Silver,2021-11-28,Afternoon 10-2 PM,9944048177
CUST00408,Vivek Bhatia,Bengaluru,Tier 1,36-45,Female,Organic,None,2021-01-11,Late Night 8-11 PM,9606450366
CUST00409,Simran Singh,Jaipur,Tier 2,18-25,Male,Organic,None,2023-02-27,Morning 6-10 AM,9804562789
CUST00410,Sachin Arora,Delhi,Tier 1,18-25,Female,Organic,Gold,2021-01-22,Afternoon 10-2 PM,9963191693
CUST00411,Manish Patel,Delhi,Tier 1,36-45,Male,Referral,Gold,2021-03-15,Evening 4-8 PM,9269055029
CUST00412,Prachi Choudhary,Mumbai,Tier 1,26-35,Female,Paid Ads,None,2021-02-01,Morning 6-10 AM,
CUST00413,Priya Srivastava,Mumbai,Tier 1,46-60,Female,Paid Ads,Gold,2022-07-21,Late Night 8-11 PM,9588293766
CUST00414,Zoya Sharma,Jaipur,Tier 2,26-35,Male,Organic,Platinum,2022-08-26,Morning 6-10 AM,9651137378
CUST00415,Vinay Hegde,Jaipur,Tier 2,36-45,Male,Paid Ads,None,2023-09-18,Afternoon 10-2 PM,9932792876
CUST00416,Sonali Subramaniam,Delhi,Tier 1,36-45,Male,Organic,None,2022-03-28,Morning 6-10 AM,9439013248
CUST00417,Sagar Jain,Bengaluru,Tier 1,36-45,Female,Organic,None,2023-03-29,Morning 6-10 AM,9181635326
CUST00418,Kunal Chauhan,Delhi,Tier 1,26-35,Male,Paid Ads,Platinum,2022-01-25,Morning 6-10 AM,9889660946
CUST00419,Pankaj Menon,Bengaluru,Tier 1,26-35,Female,Influencer,Silver,2021-08-07,Afternoon 10-2 PM,
CUST00420,Uday Bhatia,Jaipur,Tier 2,18-25,Female,Offline,None,2023-01-31,Evening 4-8 PM,9716885481
CUST00421,Tarun Kumar,Ahmedabad,Tier 2,60+,Female,Organic,Silver,2021-09-20,Morning 6-10 AM,9613592269
CUST00422,Ananya Desai,Jaipur,Tier 2,26-35,Female,Referral,None,2021-09-04,Afternoon 10-2 PM,9840034196
CUST00423,Mihir Menon,Mumbai,Tier 1,26-35,Male,Paid Ads,None,2022-01-19,Evening 4-8 PM,9606103226
CUST00424,Rohit Sen,Jaipur,Tier 2,26-35,Male,Paid Ads,None,2023-01-18,Evening 4-8 PM,9293154584
CUST00425,Zoya Oberoi,Delhi,Tier 1,26-35,Male,Organic,None,2023-06-05,Morning 6-10 AM,9959033676
CUST00426,Kavya Chauhan,Jaipur,Tier 2,36-45,Male,Paid Ads,None,2023-11-25,Late Night 8-11 PM,9622504463
CUST00427,Yash Kamath,Bengaluru,Tier 1,36-45,Male,Referral,Platinum,2022-06-05,Morning 6-10 AM,9583027931
CUST00428,Pankaj Sen,Pune,Tier 2,26-35,Female,Influencer,Silver,2023-04-24,Morning 6-10 AM,9750232313
CUST00429,Zoya Sethi,Mumbai,Tier 1,36-45,Male,Referral,Platinum,2023-11-12,Afternoon 10-2 PM,9184189438
CUST00430,Priya Dubey,Bengaluru,Tier 1,36-45,Male,Organic,Gold,2022-11-22,Evening 4-8 PM,9534621392
CUST00431,Chetan Singh,Ahmedabad,Tier 2,26-35,Male,Paid Ads,None,2022-07-02,Morning 6-10 AM,9577706000
CUST00432,Sandeep Tripathi,Pune,Tier 2,36-45,Female,Paid Ads,Silver,2021-02-17,Morning 6-10 AM,9370203915
CUST00433,Payal Tripathi,Jaipur,Tier 2,18-25,Male,Organic,None,2023-08-28,Morning 6-10 AM,
CUST00434,Deepa Joshi,Bengaluru,Tier 1,26-35,Male,Referral,Gold,2022-09-26,Evening 4-8 PM,9575839885
CUST00435,Ishaan Jain,Hyderabad,Tier 1,46-60,Male,Referral,None,2022-10-29,Evening 4-8 PM,9680447823
CUST00436,Vivek Shukla,Jaipur,Tier 2,18-25,Female,Paid Ads,None,2023-07-25,Afternoon 10-2 PM,9705573731
CUST00437,Hansika Chawla,Delhi,Tier 1,36-45,Female,Paid Ads,Platinum,2021-07-03,Morning 6-10 AM,9378965689
CUST00438,Aditi Sharma,Mumbai,Tier 1,26-35,Female,Organic,None,2021-01-18,Morning 6-10 AM,9911182636
CUST00439,Aditi Choudhary,Delhi,Tier 1,26-35,Male,Organic,Silver,2023-02-05,Morning 6-10 AM,9569339388
CUST00440,Kiran Saxena,Bengaluru,Tier 1,36-45,Male,Paid Ads,None,2023-05-15,Morning 6-10 AM,9958949509
CUST00441,Omkar Oberoi,Jaipur,Tier 2,26-35,Female,Paid Ads,None,2022-01-21,Morning 6-10 AM,9410950586
CUST00442,Sonali Bhatia,Mumbai,Tier 1,26-35,Female,Paid Ads,Silver,2021-11-08,Morning 6-10 AM,9299648970
CUST00443,Priya Bose,Lucknow,Tier 2,18-25,Male,Organic,None,2021-01-31,Morning 6-10 AM,9434552915
CUST00444,Uday Sen,Pune,Tier 2,26-35,Female,Paid Ads,Silver,2021-10-27,Evening 4-8 PM,9176648733
CUST00445,Lakshmi Pillai,Delhi,Tier 1,46-60,Male,Paid Ads,Platinum,2022-05-25,Morning 6-10 AM,9365388382
CUST00446,Ananya Pillai,Pune,Tier 2,26-35,Female,Paid Ads,None,2023-08-27,Late Night 8-11 PM,9446886458
CUST00447,Uma Patel,Mumbai,Tier 1,36-45,Female,Organic,Silver,2022-09-04,Afternoon 10-2 PM,9815858075
CUST00448,Gaurav Malhotra,Mumbai,Tier 1,36-45,Male,Organic,Gold,2021-09-03,Morning 6-10 AM,9145090037
CUST00449,Omkar Chauhan,Delhi,Tier 1,36-45,Male,Referral,Silver,2023-10-21,Morning 6-10 AM,9915571513
CUST00450,Ayesha Banerjee,Hyderabad,Tier 1,36-45,Female,Referral,Gold,2022-04-22,Morning 6-10 AM,9792183346
CUST00451,Sneha Srivastava,Pune,Tier 2,26-35,Female,Paid Ads,None,2021-03-22,Morning 6-10 AM,9416447391
CUST00452,Tarun Pillai,Delhi,Tier 1,36-45,Female,Paid Ads,Silver,2021-11-25,Afternoon 10-2 PM,9417476097
CUST00453,Vishal Sen,Pune,Tier 2,26-35,Female,Paid Ads,None,2021-02-08,Evening 4-8 PM,9765931799
CUST00454,Tanmay Gupta,Bengaluru,Tier 1,36-45,Female,Paid Ads,None,2023-10-16,Afternoon 10-2 PM,9404007541
CUST00455,Imran Chatterjee,Bengaluru,Tier 1,18-25,Female,Organic,Silver,2021-09-23,Evening 4-8 PM,
CUST00456,Manish Joshi,Mumbai,Tier 1,18-25,Female,Paid Ads,Silver,2022-06-09,Afternoon 10-2 PM,9870780411
CUST00457,Mohan Sethi,Mumbai,Tier 1,26-35,Female,Organic,Gold,2021-05-05,Evening 4-8 PM,9546626348
CUST00458,Rashmi Mehta,Ahmedabad,Tier 2,46-60,Male,Organic,Silver,2022-09-15,Morning 6-10 AM,9657793068
CUST00459,Tanmay Shah,Mumbai,Tier 1,36-45,Male,Paid Ads,None,2022-01-02,Morning 6-10 AM,9901127771
CUST00460,Hansika Khurana,Mumbai,Tier 1,26-35,,Referral,None,2021-12-08,Evening 4-8 PM,9641909751
CUST00461,Kiran Agarwal,Bengaluru,Tier 1,60+,Male,Paid Ads,None,2022-10-27,Morning 6-10 AM,9779937154
CUST00462,Tanmay Chatterjee,Delhi,Tier 1,36-45,Female,Organic,Gold,2022-06-05,Evening 4-8 PM,9526372748
CUST00463,Ananya Das,Mumbai,Tier 1,36-45,Male,Offline,None,2022-09-08,Morning 6-10 AM,9438126323
CUST00464,Omkar Hegde,Mumbai,Tier 1,26-35,Female,Paid Ads,Silver,2021-11-13,Late Night 8-11 PM,9267618731
CUST00465,Sandeep Krishnan,Mumbai,Tier 1,36-45,,Influencer,None,2023-03-30,Morning 6-10 AM,9182894551
CUST00466,Tanvi Kumar,Pune,Tier 2,26-35,Female,Referral,None,2021-07-15,Evening 4-8 PM,9884679098
CUST00467,Sanjay Singh,Pune,Tier 2,36-45,Female,Paid Ads,None,2023-06-09,Evening 4-8 PM,9927200028
CUST00468,Jhanvi Kamath,Bengaluru,Tier 1,36-45,Male,Referral,Platinum,2022-09-17,Afternoon 10-2 PM,9706570606
CUST00469,Urvi Anand,Mumbai,Tier 1,26-35,Male,Referral,None,2023-07-02,Afternoon 10-2 PM,9196725836
CUST00470,Rahul Nayak,Bengaluru,Tier 1,26-35,Male,Organic,None,2021-04-11,Afternoon 10-2 PM,9527915151
CUST00471,Payal Iyer,Delhi,Tier 1,36-45,Male,Organic,None,2022-02-06,Afternoon 10-2 PM,9662906773
CUST00472,Chetan Bose,Bengaluru,Tier 1,36-45,Male,Offline,Gold,2023-04-28,Morning 6-10 AM,9444390192
CUST00473,Jhanvi Verma,Bengaluru,Tier 1,36-45,Male,Paid Ads,None,2023-06-25,Evening 4-8 PM,9978505410
CUST00474,Nandini Sen,Bengaluru,Tier 1,26-35,Female,Organic,None,2022-05-13,Evening 4-8 PM,9993830749
CUST00475,Aditi Mukherjee,Ahmedabad,Tier 2,36-45,Male,Paid Ads,None,2022-03-05,Morning 6-10 AM,9686718533
CUST00476,Pankaj Bajaj,Delhi,Tier 1,26-35,Female,Organic,Gold,2021-02-07,Evening 4-8 PM,9665646221
CUST00477,Kritika Mehta,Mumbai,Tier 1,26-35,Female,Referral,Silver,2021-01-18,Morning 6-10 AM,9811871111
CUST00478,Keerthi Sen,Ahmedabad,Tier 2,46-60,Male,Influencer,None,2022-04-19,Evening 4-8 PM,9862022549
CUST00479,Ramesh Rathore,Mumbai,Tier 1,46-60,Female,Organic,None,2023-07-27,Afternoon 10-2 PM,9142683817
CUST00480,Vikram Ghosh,Bengaluru,Tier 1,26-35,Male,Organic,Gold,2022-12-22,Morning 6-10 AM,9638214657
CUST00481,Ayesha Chawla,Bengaluru,Tier 1,26-35,Male,Offline,Gold,2022-07-28,Late Night 8-11 PM,9521815818
CUST00482,Deepak Srivastava,Hyderabad,Tier 1,26-35,Female,Referral,Gold,2022-04-11,Evening 4-8 PM,9557913296
CUST00483,Dhruv Mukherjee,Lucknow,Tier 2,26-35,Male,Referral,None,2022-02-19,Afternoon 10-2 PM,9857134424
CUST00484,Ishita Pandey,Ahmedabad,Tier 2,60+,Other,Organic,Platinum,2021-11-20,Late Night 8-11 PM,9872493367
CUST00485,Ramesh Shetty,Mumbai,Tier 1,46-60,Female,Referral,None,2023-04-28,Evening 4-8 PM,9900592344
CUST00486,Hansika Tripathi,Jaipur,Tier 2,26-35,Female,Organic,None,2022-07-01,Morning 6-10 AM,9740337419
CUST00487,Nandini Verma,Bengaluru,Tier 1,26-35,Female,Paid Ads,None,2023-08-19,Afternoon 10-2 PM,9516032315
CUST00488,Ishita Reddy,Delhi,Tier 1,26-35,Male,Referral,None,2022-07-07,Morning 6-10 AM,9820844854
CUST00489,Mohan Gupta,Lucknow,Tier 2,26-35,Female,Paid Ads,None,2022-10-28,Evening 4-8 PM,9559084418
CUST00490,Arjun Arora,Bengaluru,Tier 1,36-45,Male,Paid Ads,None,2023-12-12,Evening 4-8 PM,9141351917
CUST00491,Soham Dubey,Delhi,Tier 1,46-60,Male,Offline,None,2023-03-22,Afternoon 10-2 PM,
CUST00492,Girish Mehta,Bengaluru,Tier 1,26-35,Male,Influencer,Platinum,2022-08-09,Evening 4-8 PM,9758347916
CUST00493,Omkar Jain,Jaipur,Tier 2,46-60,Male,Referral,Silver,2023-10-23,Morning 6-10 AM,9847446866
CUST00494,Sarika Tiwari,Delhi,Tier 1,26-35,Male,Paid Ads,None,2022-02-18,Evening 4-8 PM,9447972640
CUST00495,Sachin Nayak,Hyderabad,Tier 1,26-35,Female,Organic,Silver,2023-01-14,Evening 4-8 PM,9880474837
CUST00496,Varun Bhatia,Pune,Tier 2,46-60,Male,Paid Ads,None,2022-11-18,Evening 4-8 PM,9261157630
CUST00497,Kabir Kumar,Mumbai,Tier 1,36-45,Male,Paid Ads,Gold,2023-07-03,Evening 4-8 PM,9241273318
CUST00498,Aarav Bhatia,Lucknow,Tier 2,36-45,Male,Paid Ads,None,2021-01-12,Afternoon 10-2 PM,9332866519
CUST00499,Swati Dubey,Delhi,Tier 1,26-35,Male,Referral,None,2022-07-24,Morning 6-10 AM,9986108130
CUST00500,Lakshmi Rao,Mumbai,Tier 1,18-25,Male,Organic,Gold,2022-09-04,Morning 6-10 AM,9216917219
CUST00501,Kunal Reddy,Bengaluru,Tier 1,36-45,Female,Referral,None,2021-12-30,Afternoon 10-2 PM,9486749612
CUST00502,Deepak Choudhary,Jaipur,Tier 2,26-35,Male,Paid Ads,None,2023-05-26,Morning 6-10 AM,
CUST00503,Harini Anand,Delhi,Tier 1,46-60,Male,Paid Ads,None,2022-03-05,Morning 6-10 AM,9883540031
CUST00504,Vikram Singh,Lucknow,Tier 2,26-35,Female,Offline,None,2022-08-12,Late Night 8-11 PM,9378807844
CUST00505,Faisal Banerjee,Delhi,Tier 1,46-60,Female,Paid Ads,None,2023-10-17,Evening 4-8 PM,9754344451
CUST00506,Rahul Pillai,Bengaluru,Tier 1,18-25,Male,Referral,None,2022-03-01,Morning 6-10 AM,9544573290
CUST00507,Rohan Bajaj,Mumbai,Tier 1,36-45,Male,Referral,None,2022-06-06,Evening 4-8 PM,9644053844
CUST00508,Aarav Nair,Delhi,Tier 1,36-45,Male,Referral,None,2021-03-01,Evening 4-8 PM,9995313101
CUST00509,Mihir Chauhan,Bengaluru,Tier 1,46-60,Female,Referral,None,2023-08-02,Afternoon 10-2 PM,9459821251
CUST00510,Shreya Tripathi,Delhi,Tier 1,18-25,Female,Paid Ads,Gold,2021-02-08,Evening 4-8 PM,9958494527
CUST00511,Sagar Gupta,Jaipur,Tier 2,60+,Male,Organic,None,2023-12-31,Late Night 8-11 PM,9518293601
CUST00512,Gaurav Gowda,Mumbai,Tier 1,36-45,Male,Influencer,Gold,2022-07-11,Evening 4-8 PM,9355166423
CUST00513,Rajan Menon,Bengaluru,Tier 1,26-35,Male,Paid Ads,None,2022-02-18,Morning 6-10 AM,9126773507
CUST00514,Urvi Rao,Pune,Tier 2,26-35,Female,Referral,Silver,2022-11-02,Afternoon 10-2 PM,9982764505
CUST00515,Vidya Oberoi,Lucknow,Tier 2,60+,Male,Organic,Silver,2023-12-06,Afternoon 10-2 PM,9147276808
CUST00516,Bhuvan Gowda,Hyderabad,Tier 1,18-25,Male,Organic,Silver,2022-10-02,Afternoon 10-2 PM,9785960873
CUST00517,Ravi Pillai,Ahmedabad,Tier 2,26-35,Male,Paid Ads,Gold,2021-08-29,Afternoon 10-2 PM,9222900917
CUST00518,Faisal Bajaj,Mumbai,Tier 1,26-35,Male,Paid Ads,None,2021-10-17,Morning 6-10 AM,9716416868
CUST00519,Chetan Ghosh,Bengaluru,Tier 1,36-45,Male,Paid Ads,None,2023-08-23,Morning 6-10 AM,
CUST00520,Deepak Pandey,Bengaluru,Tier 1,26-35,,Influencer,None,2023-07-03,Evening 4-8 PM,9977721640
CUST00521,Lavanya Naidu,Mumbai,Tier 1,36-45,Other,Referral,Silver,2021-09-27,Afternoon 10-2 PM,9850115402
CUST00522,Sonali Ghosh,Delhi,Tier 1,36-45,Female,Paid Ads,Silver,2022-04-04,Morning 6-10 AM,9377082043
CUST00523,Sarika Kumar,Jaipur,Tier 2,36-45,Female,Referral,None,2023-07-18,Evening 4-8 PM,
CUST00524,Tanvi Dubey,Mumbai,Tier 1,46-60,Male,Paid Ads,Silver,2023-11-07,Afternoon 10-2 PM,9955512146
CUST00525,Yash Sethi,Mumbai,Tier 1,18-25,Male,Paid Ads,None,2022-05-04,Afternoon 10-2 PM,9617945843
CUST00526,Rohit Menon,Bengaluru,Tier 1,46-60,Female,Referral,None,2022-12-02,Afternoon 10-2 PM,9811474491
CUST00527,Vandana Saxena,Hyderabad,Tier 1,36-45,Male,Referral,None,2021-07-19,Afternoon 10-2 PM,9535717670
CUST00528,Farhan Oberoi,Mumbai,Tier 1,46-60,Female,Paid Ads,Silver,2021-05-06,Afternoon 10-2 PM,9723594774
CUST00529,Hansika Naidu,Jaipur,Tier 2,18-25,Male,Organic,None,2023-03-10,Afternoon 10-2 PM,9320827549
CUST00530,Ramesh Ghosh,Hyderabad,Tier 1,36-45,Female,Paid Ads,None,2023-06-10,Late Night 8-11 PM,9195871622
CUST00531,Ekta Desai,Delhi,Tier 1,26-35,Male,Organic,Silver,2021-04-19,Afternoon 10-2 PM,9485735987
CUST00532,Priya Gowda,Mumbai,Tier 1,18-25,Male,Referral,Platinum,2023-02-23,Evening 4-8 PM,9326791535
CUST00533,Swati Iyer,Hyderabad,Tier 1,26-35,Male,Offline,Gold,2021-11-12,Evening 4-8 PM,9234807378
CUST00534,Chetan Sethi,Mumbai,Tier 1,18-25,Female,Paid Ads,Silver,2021-10-06,Afternoon 10-2 PM,9546521400
CUST00535,Payal Arora,Ahmedabad,Tier 2,46-60,Female,Paid Ads,None,2023-07-11,Afternoon 10-2 PM,9556095308
CUST00536,Zoya Rathore,Hyderabad,Tier 1,46-60,Male,Paid Ads,Silver,2023-01-22,Afternoon 10-2 PM,
CUST00537,Sanika Nair,Delhi,Tier 1,36-45,,Organic,None,2023-12-15,Evening 4-8 PM,9936305099
CUST00538,Vidya Singh,Bengaluru,Tier 1,26-35,Female,Organic,None,2021-06-09,Evening 4-8 PM,9722371297
CUST00539,Aryan Subramaniam,Bengaluru,Tier 1,26-35,Female,Paid Ads,None,2023-08-19,Afternoon 10-2 PM,9478939097
CUST00540,Rahul Das,Lucknow,Tier 2,26-35,Female,Referral,Silver,2022-06-18,Morning 6-10 AM,9281547449
CUST00541,Keerthi Das,Delhi,Tier 1,36-45,Female,Organic,Silver,2023-11-02,Morning 6-10 AM,9370637678
CUST00542,Prachi Bose,Mumbai,Tier 1,46-60,Male,Organic,None,2021-11-06,Morning 6-10 AM,9288333634
CUST00543,Payal Malhotra,Bengaluru,Tier 1,26-35,Female,Influencer,None,2021-06-22,Morning 6-10 AM,9982319181
CUST00544,Uday Yadav,Mumbai,Tier 1,60+,Female,Organic,Gold,2021-12-09,Afternoon 10-2 PM,9470522239
CUST00545,Pankaj Yadav,Mumbai,Tier 1,46-60,Male,Paid Ads,None,2023-09-03,Afternoon 10-2 PM,9671789890
CUST00546,Nandini Saxena,Bengaluru,Tier 1,26-35,Male,Paid Ads,None,2022-08-15,Afternoon 10-2 PM,9828526750
CUST00547,Vikram Oberoi,Bengaluru,Tier 1,60+,Male,Paid Ads,None,2023-06-04,Afternoon 10-2 PM,9392691920
CUST00548,Pooja Naidu,Bengaluru,Tier 1,18-25,Female,Paid Ads,None,2022-05-11,Evening 4-8 PM,9309299857
CUST00549,Mihir Anand,Delhi,Tier 1,60+,Male,Organic,Silver,2021-05-20,Morning 6-10 AM,9211569592
CUST00550,Rohan Shah,Hyderabad,Tier 1,36-45,Male,Organic,None,2021-04-27,Evening 4-8 PM,9997067417
CUST00551,Bhuvan Chawla,Mumbai,Tier 1,18-25,Female,Organic,None,2023-02-09,Evening 4-8 PM,9707811749
CUST00552,Lakshmi Subramaniam,Pune,Tier 2,18-25,Male,Organic,None,2021-06-05,Evening 4-8 PM,9396764585
CUST00553,Omkar Subramaniam,Pune,Tier 2,36-45,Female,Organic,None,2022-07-22,Evening 4-8 PM,9457185297
CUST00554,Pankaj Hegde,Lucknow,Tier 2,26-35,Male,Paid Ads,Silver,2023-03-16,Late Night 8-11 PM,9254482024
CUST00555,Simran Menon,Delhi,Tier 1,36-45,Male,Paid Ads,Silver,2021-03-13,Morning 6-10 AM,9369075781
CUST00556,Akash Subramaniam,Pune,Tier 2,26-35,Female,Organic,Gold,2023-03-11,Morning 6-10 AM,9520187781
CUST00557,Varun Saxena,Delhi,Tier 1,46-60,Male,Paid Ads,None,2021-05-24,Evening 4-8 PM,
CUST00558,Tanvi Nair,Jaipur,Tier 2,36-45,Female,Paid Ads,Silver,2023-04-01,Evening 4-8 PM,9794790862
CUST00559,Vinay Kamath,Mumbai,Tier 1,60+,Male,Paid Ads,Silver,2022-02-20,Evening 4-8 PM,
CUST00560,Manish Ghosh,Bengaluru,Tier 1,36-45,Female,Referral,None,2021-06-23,Afternoon 10-2 PM,9303435957
CUST00561,Manish Verma,Mumbai,Tier 1,36-45,Female,Paid Ads,Platinum,2022-09-23,Morning 6-10 AM,9971640080
CUST00562,Akash Patel,Delhi,Tier 1,26-35,Male,Referral,None,2022-03-10,Afternoon 10-2 PM,9592171427
CUST00563,Vinay Rao,Jaipur,Tier 2,36-45,Male,Organic,None,2023-09-29,Evening 4-8 PM,9763971973
CUST00564,Payal Sethi,Mumbai,Tier 1,18-25,Male,Organic,None,2021-07-19,Morning 6-10 AM,9734627040
CUST00565,Farhan Nair,Mumbai,Tier 1,26-35,Female,Organic,Gold,2023-05-23,Evening 4-8 PM,9892344588
CUST00566,Ravi Nair,Hyderabad,Tier 1,60+,,Organic,None,2022-03-13,Evening 4-8 PM,9460244389
CUST00567,Prachi Rao,Mumbai,Tier 1,36-45,Male,Paid Ads,None,2022-05-14,Morning 6-10 AM,
CUST00568,Girish Bhatia,Mumbai,Tier 1,26-35,Male,Influencer,Silver,2021-01-15,Morning 6-10 AM,9799817448
CUST00569,Priya Tiwari,Delhi,Tier 1,36-45,Female,Paid Ads,None,2021-10-21,Morning 6-10 AM,9542415269
CUST00570,Kunal Bhatia,Bengaluru,Tier 1,36-45,Female,Referral,None,2021-06-30,Evening 4-8 PM,9473504921
CUST00571,Yash Malhotra,Bengaluru,Tier 1,26-35,Other,Offline,Silver,2023-11-06,Evening 4-8 PM,9807947148
CUST00572,Aryan Pillai,Mumbai,Tier 1,18-25,Male,Influencer,Silver,2023-10-16,Late Night 8-11 PM,9146295027
CUST00573,Sandeep Das,Mumbai,Tier 1,26-35,Male,Referral,Silver,2023-07-18,Evening 4-8 PM,9676986599
CUST00574,Anika Rathore,Mumbai,Tier 1,26-35,Male,Organic,Gold,2022-10-30,Afternoon 10-2 PM,9449701561
CUST00575,Gaurav Chatterjee,Bengaluru,Tier 1,26-35,Male,Paid Ads,Silver,2022-03-28,Morning 6-10 AM,9158346438
CUST00576,Kabir Menon,Ahmedabad,Tier 2,46-60,Male,Paid Ads,None,2022-02-02,Morning 6-10 AM,9317122293
CUST00577,Ananya Anand,Bengaluru,Tier 1,36-45,Male,Organic,Silver,2023-05-07,Afternoon 10-2 PM,9416927261
CUST00578,Hansika Bhatia,Hyderabad,Tier 1,46-60,Female,Paid Ads,None,2023-04-24,Morning 6-10 AM,9332403478
CUST00579,Suresh Bose,Delhi,Tier 1,18-25,Male,Influencer,None,2023-06-09,Morning 6-10 AM,9735409949
CUST00580,Zoya Subramaniam,Jaipur,Tier 2,18-25,Other,Organic,Silver,2023-10-30,Afternoon 10-2 PM,9614611532
CUST00581,Payal Hegde,Pune,Tier 2,18-25,Male,Organic,None,2023-04-13,Evening 4-8 PM,9417602552
CUST00582,Deepak Verma,Bengaluru,Tier 1,26-35,Male,Referral,None,2021-02-19,Evening 4-8 PM,9248846293
CUST00583,Seema Kumar,Ahmedabad,Tier 2,36-45,Male,Paid Ads,None,2021-05-25,Evening 4-8 PM,9670071366
CUST00584,Siddharth Yadav,Mumbai,Tier 1,26-35,Female,Paid Ads,None,2021-06-15,Evening 4-8 PM,9158853584
CUST00585,Mihir Sen,Delhi,Tier 1,46-60,Male,Paid Ads,Gold,2023-01-19,Evening 4-8 PM,9856852333
CUST00586,Rashmi Choudhary,Mumbai,Tier 1,26-35,Other,Organic,None,2023-09-07,Morning 6-10 AM,9854672588
CUST00587,Neel Chatterjee,Mumbai,Tier 1,26-35,Male,Referral,Gold,2021-05-10,Morning 6-10 AM,9638427940
CUST00588,Harini Chauhan,Delhi,Tier 1,36-45,Female,Paid Ads,None,2023-01-24,Morning 6-10 AM,9968437953
CUST00589,Bhavya Pillai,Lucknow,Tier 2,46-60,Male,Organic,None,2022-08-14,Evening 4-8 PM,
CUST00590,Gaurav Anand,Mumbai,Tier 1,18-25,Male,Organic,Gold,2021-02-16,Late Night 8-11 PM,9681361352
CUST00591,Swati Banerjee,Jaipur,Tier 2,26-35,Female,Organic,None,2021-02-15,Morning 6-10 AM,9657938247
CUST00592,Shreya Kohli,Hyderabad,Tier 1,26-35,Female,Paid Ads,None,2023-12-22,Afternoon 10-2 PM,9426505925
CUST00593,Rajesh Reddy,Delhi,Tier 1,36-45,Male,Paid Ads,Silver,2021-04-07,Morning 6-10 AM,9278630985
CUST00594,Kiran Saxena,Hyderabad,Tier 1,36-45,Male,Organic,Silver,2021-11-11,Evening 4-8 PM,9439974407
CUST00595,Sneha Kapoor,Delhi,Tier 1,26-35,Male,Referral,Silver,2022-12-06,Evening 4-8 PM,9274587852
CUST00596,Harini Verma,Delhi,Tier 1,26-35,Male,Organic,Silver,2022-10-18,Afternoon 10-2 PM,9686419353
CUST00597,Rekha Sethi,Lucknow,Tier 2,36-45,Male,Organic,None,2021-10-29,Late Night 8-11 PM,9574707201
CUST00598,Gaurav Srivastava,Bengaluru,Tier 1,26-35,Male,Referral,Gold,2021-02-20,Morning 6-10 AM,9578859534
CUST00599,Ravi Mehta,Bengaluru,Tier 1,36-45,Male,Paid Ads,Silver,2022-07-24,Evening 4-8 PM,9578306974
CUST00600,Deepak Desai,Hyderabad,Tier 1,26-35,Male,Referral,None,2021-04-25,Afternoon 10-2 PM,9258855742
CUST00601,Siddharth Sen,Hyderabad,Tier 1,26-35,Male,Paid Ads,None,2023-07-02,Morning 6-10 AM,9881526591
CUST00602,Vandana Tiwari,Ahmedabad,Tier 2,36-45,Male,Influencer,None,2023-05-19,Late Night 8-11 PM,9997123679
CUST00603,Deepak Rao,Delhi,Tier 1,26-35,Male,Influencer,None,2021-05-16,Late Night 8-11 PM,9503482553
CUST00604,Shreya Chawla,Mumbai,Tier 1,46-60,Male,Paid Ads,Silver,2021-10-08,Evening 4-8 PM,9410808710
CUST00605,Arjun Hegde,Delhi,Tier 1,46-60,Female,Paid Ads,Gold,2023-08-08,Afternoon 10-2 PM,9265381977
CUST00606,Hansika Shetty,Bengaluru,Tier 1,36-45,Male,Referral,Platinum,2022-01-03,Morning 6-10 AM,9362798598
CUST00607,Prachi Rathore,Mumbai,Tier 1,60+,Male,Referral,None,2023-06-13,Afternoon 10-2 PM,9611144821
CUST00608,Harini Sen,Lucknow,Tier 2,26-35,Female,Influencer,Silver,2021-04-30,Morning 6-10 AM,9844407003
CUST00609,Kiran Mehta,Mumbai,Tier 1,26-35,Male,Influencer,Gold,2022-08-17,Afternoon 10-2 PM,9182492018
CUST00610,Girish Kumar,Delhi,Tier 1,36-45,Female,Organic,None,2022-10-10,Morning 6-10 AM,9423273934
CUST00611,Payal Anand,Bengaluru,Tier 1,26-35,Female,Paid Ads,Platinum,2021-10-08,Morning 6-10 AM,9620656360
CUST00612,Kiran Joshi,Bengaluru,Tier 1,26-35,Male,Influencer,None,2023-12-13,Evening 4-8 PM,9854051178
CUST00613,Gaurav Tiwari,Pune,Tier 2,26-35,Male,Influencer,None,2023-09-10,Late Night 8-11 PM,9249265120
CUST00614,Bhuvan Jain,Pune,Tier 2,36-45,Male,Referral,Gold,2021-08-31,Morning 6-10 AM,9252857173
CUST00615,Rajesh Iyer,Hyderabad,Tier 1,26-35,Other,Paid Ads,Silver,2021-08-17,Evening 4-8 PM,9913181224
CUST00616,Meera Joshi,Delhi,Tier 1,18-25,,Referral,Silver,2022-06-03,Afternoon 10-2 PM,9111029898
CUST00617,Harini Arora,Pune,Tier 2,26-35,Female,Organic,Silver,2021-07-05,Afternoon 10-2 PM,9397829845
CUST00618,Rohan Banerjee,Jaipur,Tier 2,26-35,Male,Referral,Silver,2021-05-20,Morning 6-10 AM,9115015536
CUST00619,Sachin Pillai,Delhi,Tier 1,60+,Male,Referral,None,2021-07-22,Morning 6-10 AM,9859947314
CUST00620,Payal Kohli,Delhi,Tier 1,26-35,Female,Organic,Gold,2023-02-17,Evening 4-8 PM,9537633515
CUST00621,Ramesh Nair,Mumbai,Tier 1,26-35,Male,Paid Ads,None,2022-08-14,Afternoon 10-2 PM,
CUST00622,Gaurav Roy,Bengaluru,Tier 1,26-35,Female,Paid Ads,Gold,2023-06-29,Late Night 8-11 PM,9559520342
CUST00623,Bhavya Subramaniam,Mumbai,Tier 1,46-60,Male,Referral,None,2023-10-04,Morning 6-10 AM,9661204449
CUST00624,Deepa Nair,Hyderabad,Tier 1,18-25,Male,Referral,Silver,2021-12-12,Morning 6-10 AM,9463602964
CUST00625,Seema Nair,Mumbai,Tier 1,26-35,Male,Paid Ads,None,2022-07-14,Evening 4-8 PM,9529749624
CUST00626,Lavanya Arora,Bengaluru,Tier 1,60+,Other,Paid Ads,Silver,2023-07-21,Morning 6-10 AM,9633943662
CUST00627,Ishita Verma,Bengaluru,Tier 1,18-25,Male,Organic,Platinum,2022-01-02,Evening 4-8 PM,9263999734
CUST00628,Faisal Joshi,Bengaluru,Tier 1,36-45,Female,Paid Ads,Silver,2023-08-13,Afternoon 10-2 PM,9626402312
CUST00629,Vishal Mukherjee,Delhi,Tier 1,36-45,Female,Organic,None,2023-06-01,Evening 4-8 PM,9583307859
CUST00630,Sanjay Shukla,Bengaluru,Tier 1,26-35,Male,Paid Ads,None,2022-09-13,Evening 4-8 PM,9562440328
CUST00631,Sachin Roy,Mumbai,Tier 1,26-35,Male,Referral,Platinum,2023-08-21,Evening 4-8 PM,9644048929
CUST00632,Pankaj Rathore,Mumbai,Tier 1,36-45,Male,Referral,Gold,2022-08-06,Evening 4-8 PM,
CUST00633,Sandeep Banerjee,Mumbai,Tier 1,36-45,,Referral,Silver,2023-02-19,Evening 4-8 PM,9483718906
CUST00634,Ayesha Suri,Bengaluru,Tier 1,26-35,Male,Paid Ads,None,2021-05-15,Morning 6-10 AM,9282299078
CUST00635,Ravi Patel,Mumbai,Tier 1,26-35,Female,Paid Ads,Silver,2022-07-01,Late Night 8-11 PM,9123876200
CUST00636,Sanjay Khurana,Lucknow,Tier 2,26-35,Female,Influencer,Platinum,2022-02-26,Morning 6-10 AM,9921309304
CUST00637,Kritika Bhatia,Hyderabad,Tier 1,26-35,Female,Organic,None,2021-06-04,Evening 4-8 PM,9408545686
CUST00638,Rajan Khurana,Bengaluru,Tier 1,26-35,Male,Referral,None,2021-07-14,Morning 6-10 AM,9708197748
CUST00639,Swati Pandey,Pune,Tier 2,26-35,Female,Referral,None,2022-09-07,Morning 6-10 AM,9314831026
CUST00640,Pallavi Bhatia,Bengaluru,Tier 1,26-35,Female,Paid Ads,None,2023-11-24,Evening 4-8 PM,9328656334
CUST00641,Suresh Bose,Hyderabad,Tier 1,46-60,Female,Referral,None,2023-06-08,Evening 4-8 PM,9164297440
CUST00642,Sandeep Dubey,Delhi,Tier 1,18-25,Male,Referral,Platinum,2023-06-11,Morning 6-10 AM,9169178531
CUST00643,Shreya Bose,Hyderabad,Tier 1,46-60,Female,Organic,Gold,2023-04-12,Evening 4-8 PM,9129747132
CUST00644,Rajesh Dubey,Bengaluru,Tier 1,26-35,Other,Paid Ads,Silver,2022-02-18,Late Night 8-11 PM,9377451497
CUST00645,Prachi Suri,Pune,Tier 2,36-45,Female,Organic,Silver,2021-02-10,Evening 4-8 PM,9437052680
CUST00646,Bhavya Subramaniam,Hyderabad,Tier 1,60+,Female,Referral,None,2023-03-24,Evening 4-8 PM,9250925319
CUST00647,Zoya Tripathi,Bengaluru,Tier 1,26-35,Male,Referral,Gold,2023-12-12,Afternoon 10-2 PM,9355633079
CUST00648,Ramesh Mukherjee,Delhi,Tier 1,46-60,Female,Influencer,Gold,2023-05-17,Evening 4-8 PM,9329897397
CUST00649,Sneha Tiwari,Lucknow,Tier 2,26-35,Female,Paid Ads,Platinum,2021-08-20,Afternoon 10-2 PM,9833084825
CUST00650,Prachi Krishnan,Bengaluru,Tier 1,36-45,Male,Paid Ads,Silver,2022-09-24,Afternoon 10-2 PM,9750488622
CUST00651,Vandana Suri,Mumbai,Tier 1,36-45,Male,Influencer,None,2022-06-03,Evening 4-8 PM,9852281566
CUST00652,Nandini Nair,Bengaluru,Tier 1,36-45,Male,Paid Ads,None,2023-03-16,Morning 6-10 AM,9423076194
CUST00653,Nikhil Ghosh,Mumbai,Tier 1,26-35,Female,Influencer,None,2023-04-13,Evening 4-8 PM,9186000877
CUST00654,Tarun Chauhan,Ahmedabad,Tier 2,36-45,Female,Paid Ads,None,2021-07-25,Afternoon 10-2 PM,9643672548
CUST00655,Shubham Arora,Mumbai,Tier 1,36-45,Female,Paid Ads,None,2021-04-17,Evening 4-8 PM,9576102460
CUST00656,Ishita Sharma,Pune,Tier 2,26-35,Female,Paid Ads,Gold,2021-11-20,Morning 6-10 AM,9924212122
CUST00657,Ishaan Kamath,Ahmedabad,Tier 2,36-45,Male,Offline,Gold,2021-10-01,Afternoon 10-2 PM,9987736032
CUST00658,Priya Pillai,Bengaluru,Tier 1,18-25,Male,Paid Ads,Silver,2022-04-05,Afternoon 10-2 PM,
CUST00659,Ekta Chawla,Delhi,Tier 1,26-35,Male,Paid Ads,Silver,2021-12-12,Morning 6-10 AM,9744666787
CUST00660,Deepak Sen,Bengaluru,Tier 1,26-35,Female,Organic,None,2023-07-19,Afternoon 10-2 PM,9341037805
CUST00661,Manish Gowda,Hyderabad,Tier 1,46-60,Male,Referral,None,2023-06-03,Afternoon 10-2 PM,9984858711
CUST00662,Mihir Pillai,Bengaluru,Tier 1,26-35,Male,Organic,Gold,2022-06-21,Morning 6-10 AM,9366629382
CUST00663,Nandini Sethi,Bengaluru,Tier 1,26-35,Male,Organic,None,2023-03-26,Morning 6-10 AM,9860695792
CUST00664,Bhuvan Kapoor,Delhi,Tier 1,18-25,Female,Organic,None,2023-08-23,Late Night 8-11 PM,9820256933
CUST00665,Bhuvan Saxena,Lucknow,Tier 2,36-45,Male,Organic,None,2022-09-12,Evening 4-8 PM,9241989740
CUST00666,Yash Patel,Lucknow,Tier 2,36-45,Male,Paid Ads,Silver,2023-08-17,Late Night 8-11 PM,9669538219
CUST00667,Pankaj Nair,Delhi,Tier 1,26-35,Other,Paid Ads,None,2022-07-30,Late Night 8-11 PM,9403788949
CUST00668,Pankaj Bhatia,Jaipur,Tier 2,46-60,Female,Paid Ads,Platinum,2021-12-04,Afternoon 10-2 PM,9919990226
CUST00669,Yash Kamath,Jaipur,Tier 2,46-60,Female,Paid Ads,Gold,2021-04-22,Morning 6-10 AM,
CUST00670,Rashmi Dubey,Bengaluru,Tier 1,26-35,Other,Offline,None,2023-01-01,Morning 6-10 AM,9591515743
CUST00671,Tanmay Gowda,Delhi,Tier 1,18-25,Male,Organic,None,2021-12-11,Morning 6-10 AM,9704782275
CUST00672,Aditya Menon,Ahmedabad,Tier 2,36-45,Other,Paid Ads,None,2023-05-03,Afternoon 10-2 PM,9634842369
CUST00673,Rekha Verma,Hyderabad,Tier 1,26-35,Other,Organic,None,2021-08-06,Afternoon 10-2 PM,9187040987
CUST00674,Rashmi Suri,Delhi,Tier 1,26-35,Female,Organic,None,2022-11-06,Evening 4-8 PM,9586514567
CUST00675,Uma Srivastava,Bengaluru,Tier 1,46-60,Female,Organic,Gold,2022-08-03,Evening 4-8 PM,
CUST00676,Dhruv Roy,Mumbai,Tier 1,18-25,Male,Organic,Silver,2023-03-28,Evening 4-8 PM,9274956229
CUST00677,Seema Das,Bengaluru,Tier 1,36-45,Female,Organic,None,2023-06-05,Morning 6-10 AM,9835472281
CUST00678,Sagar Suri,Hyderabad,Tier 1,18-25,Male,Organic,None,2023-03-06,Afternoon 10-2 PM,9554268579
CUST00679,Siddharth Naidu,Mumbai,Tier 1,26-35,Male,Referral,Gold,2023-11-18,Morning 6-10 AM,9340765354
CUST00680,Sachin Rao,Hyderabad,Tier 1,46-60,Female,Referral,Platinum,2023-08-17,Morning 6-10 AM,9612831297
CUST00681,Ishaan Oberoi,Bengaluru,Tier 1,46-60,Female,Paid Ads,None,2021-04-08,Morning 6-10 AM,9651274642
CUST00682,Siddharth Tiwari,Mumbai,Tier 1,18-25,Female,Paid Ads,None,2022-06-06,Morning 6-10 AM,9117468377
CUST00683,Keerthi Dubey,Mumbai,Tier 1,26-35,Male,Paid Ads,Gold,2022-09-02,Morning 6-10 AM,9913202948
CUST00684,Faisal Naidu,Hyderabad,Tier 1,26-35,Female,Influencer,Silver,2022-01-15,Morning 6-10 AM,9378440227
CUST00685,Farhan Pandey,Ahmedabad,Tier 2,36-45,Male,Organic,None,2023-09-05,Morning 6-10 AM,9806218351
CUST00686,Dhruv Srivastava,Lucknow,Tier 2,26-35,,Offline,None,2023-03-20,Afternoon 10-2 PM,9245077501
CUST00687,Gaurav Hegde,Mumbai,Tier 1,18-25,Other,Influencer,None,2021-10-25,Morning 6-10 AM,9772225892
CUST00688,Vinay Pillai,Ahmedabad,Tier 2,18-25,Female,Organic,Silver,2021-08-27,Afternoon 10-2 PM,9854408968
CUST00689,Tarun Chauhan,Delhi,Tier 1,18-25,Male,Organic,Silver,2023-03-14,Morning 6-10 AM,
CUST00690,Sachin Pandey,Hyderabad,Tier 1,60+,Female,Referral,Silver,2022-08-19,Afternoon 10-2 PM,9651211504
CUST00691,Ekta Oberoi,Delhi,Tier 1,46-60,Female,Organic,Platinum,2021-02-08,Morning 6-10 AM,9168193955
CUST00692,Imran Tiwari,Bengaluru,Tier 1,46-60,,Referral,None,2023-07-08,Evening 4-8 PM,
CUST00693,Manish Chauhan,Bengaluru,Tier 1,26-35,Male,Organic,None,2022-11-26,Late Night 8-11 PM,9867939251
CUST00694,Ishaan Krishnan,Hyderabad,Tier 1,26-35,Female,Offline,None,2023-01-08,Evening 4-8 PM,9273973824
CUST00695,Priya Anand,Hyderabad,Tier 1,36-45,Female,Organic,Silver,2023-10-05,Morning 6-10 AM,9630133267
CUST00696,Mohan Bajaj,Bengaluru,Tier 1,18-25,Male,Influencer,Silver,2021-11-21,Afternoon 10-2 PM,9640606355
CUST00697,Bhavya Mukherjee,Mumbai,Tier 1,26-35,Female,Organic,None,2022-06-13,Morning 6-10 AM,9926108943
CUST00698,Yash Bose,Mumbai,Tier 1,46-60,Female,Influencer,None,2021-08-02,Evening 4-8 PM,9570112847
CUST00699,Gaurav Joshi,Pune,Tier 2,36-45,Female,Influencer,None,2021-03-27,Morning 6-10 AM,9226765260
CUST00700,Sandeep Reddy,Ahmedabad,Tier 2,36-45,Female,Referral,Silver,2021-07-23,Afternoon 10-2 PM,9979567192
CUST00701,Meera Shukla,Mumbai,Tier 1,60+,Female,Organic,Gold,2023-08-29,Evening 4-8 PM,9191519166
CUST00702,Sachin Yadav,Bengaluru,Tier 1,26-35,Female,Organic,Gold,2023-12-21,Evening 4-8 PM,9960892562
CUST00703,Shreya Subramaniam,Delhi,Tier 1,26-35,Female,Referral,Platinum,2021-03-02,Afternoon 10-2 PM,9870544763
CUST00704,Bhavya Singh,Pune,Tier 2,26-35,Male,Referral,None,2023-03-17,Afternoon 10-2 PM,9788768615
CUST00705,Zoya Mehta,Mumbai,Tier 1,60+,Other,Referral,Platinum,2022-08-29,Evening 4-8 PM,9852467956
CUST00706,Rajan Srivastava,Delhi,Tier 1,36-45,Female,Organic,None,2023-12-17,Morning 6-10 AM,9533725200
CUST00707,Mohan Krishnan,Delhi,Tier 1,36-45,Female,Referral,None,2023-04-09,Evening 4-8 PM,9190495952
CUST00708,Rekha Roy,Mumbai,Tier 1,36-45,Female,Organic,Silver,2022-08-05,Late Night 8-11 PM,9435278479
CUST00709,Hansika Reddy,Delhi,Tier 1,18-25,Female,Paid Ads,None,2022-09-15,Morning 6-10 AM,9218586088
CUST00710,Sanika Kapoor,Pune,Tier 2,36-45,Male,Organic,None,2021-09-13,Evening 4-8 PM,9105597844
CUST00711,Nikhil Naidu,Delhi,Tier 1,36-45,Female,Referral,None,2023-12-29,Late Night 8-11 PM,9421265286
CUST00712,Sachin Khurana,Bengaluru,Tier 1,36-45,Female,Paid Ads,Platinum,2022-11-03,Morning 6-10 AM,9935961171
CUST00713,Diya Rao,Bengaluru,Tier 1,36-45,Female,Organic,Platinum,2021-09-24,Morning 6-10 AM,9496526646
CUST00714,Seema Kohli,Hyderabad,Tier 1,36-45,,Influencer,None,2023-05-18,Afternoon 10-2 PM,9625640719
CUST00715,Shubham Hegde,Pune,Tier 2,26-35,Male,Paid Ads,None,2023-11-18,Afternoon 10-2 PM,9328323191
CUST00716,Ananya Tripathi,Delhi,Tier 1,26-35,Female,Offline,Silver,2023-04-17,Morning 6-10 AM,9410945513
CUST00717,Kavya Nair,Mumbai,Tier 1,26-35,Other,Paid Ads,Silver,2021-10-20,Afternoon 10-2 PM,9152238662
CUST00718,Rajesh Krishnan,Jaipur,Tier 2,26-35,Male,Referral,Silver,2022-12-16,Morning 6-10 AM,
CUST00719,Rajesh Khurana,Delhi,Tier 1,26-35,Male,Paid Ads,None,2021-09-29,Evening 4-8 PM,9594926438
CUST00720,Lavanya Shukla,Pune,Tier 2,18-25,Female,Organic,None,2023-04-19,Evening 4-8 PM,9463996201
CUST00721,Lavanya Krishnan,Delhi,Tier 1,26-35,Male,Organic,None,2021-02-20,Morning 6-10 AM,9859563731
CUST00722,Imran Nair,Bengaluru,Tier 1,36-45,Male,Offline,None,2021-04-19,Afternoon 10-2 PM,9905906132
CUST00723,Akash Nair,Delhi,Tier 1,36-45,Female,Offline,Gold,2022-02-26,Morning 6-10 AM,9722290025
CUST00724,Vinay Arora,Delhi,Tier 1,26-35,Female,Paid Ads,Gold,2022-11-28,Late Night 8-11 PM,9666830194
CUST00725,Pallavi Singh,Bengaluru,Tier 1,18-25,Male,Organic,None,2022-06-08,Morning 6-10 AM,9537309736
CUST00726,Ayesha Bhatia,Hyderabad,Tier 1,60+,Male,Referral,Gold,2021-07-22,Morning 6-10 AM,9448126205
CUST00727,Harini Mehta,Bengaluru,Tier 1,26-35,Female,Referral,Gold,2023-10-31,Afternoon 10-2 PM,9165103088
CUST00728,Vivek Tiwari,Bengaluru,Tier 1,18-25,Male,Referral,Gold,2021-02-08,Late Night 8-11 PM,9824880344
CUST00729,Yash Sethi,Mumbai,Tier 1,36-45,Male,Paid Ads,Silver,2023-10-22,Morning 6-10 AM,9500833429
CUST00730,Kritika Nayak,Delhi,Tier 1,26-35,Female,Offline,Silver,2021-03-27,Afternoon 10-2 PM,9990531175
CUST00731,Jhanvi Reddy,Hyderabad,Tier 1,18-25,Female,Paid Ads,None,2023-02-18,Afternoon 10-2 PM,9328443009
CUST00732,Varun Das,Delhi,Tier 1,18-25,Female,Paid Ads,None,2023-03-21,Morning 6-10 AM,9878542046
CUST00733,Prachi Krishnan,Delhi,Tier 1,26-35,Female,Offline,None,2022-12-03,Morning 6-10 AM,9859945169
CUST00734,Nisha Suri,Delhi,Tier 1,60+,Male,Paid Ads,None,2021-02-02,Afternoon 10-2 PM,9102198503
CUST00735,Aarav Subramaniam,Hyderabad,Tier 1,18-25,Male,Paid Ads,None,2023-09-29,Evening 4-8 PM,9945362558
CUST00736,Jhanvi Gupta,Ahmedabad,Tier 2,36-45,Female,Influencer,None,2021-09-10,Afternoon 10-2 PM,9988485748
CUST00737,Sapna Kumar,Hyderabad,Tier 1,46-60,Female,Offline,None,2023-01-29,Morning 6-10 AM,9337856110
CUST00738,Prachi Oberoi,Pune,Tier 2,46-60,Male,Organic,None,2022-09-13,Evening 4-8 PM,9630223017
CUST00739,Ananya Bose,Lucknow,Tier 2,26-35,Female,Referral,Silver,2023-03-23,Morning 6-10 AM,9637220565
CUST00740,Vivek Pillai,Delhi,Tier 1,36-45,Female,Referral,None,2021-05-14,Afternoon 10-2 PM,9236827900
CUST00741,Zara Kamath,Bengaluru,Tier 1,26-35,Female,Referral,None,2021-02-17,Morning 6-10 AM,9672241594
CUST00742,Nandini Bajaj,Hyderabad,Tier 1,46-60,Male,Paid Ads,None,2021-04-17,Evening 4-8 PM,9536879666
CUST00743,Nandini Jain,Bengaluru,Tier 1,26-35,Male,Referral,Silver,2022-04-05,Evening 4-8 PM,9671671189
CUST00744,Aarav Mishra,Delhi,Tier 1,26-35,Male,Paid Ads,None,2022-04-08,Morning 6-10 AM,9179929734
CUST00745,Meera Reddy,Jaipur,Tier 2,26-35,Male,Referral,None,2023-06-04,Morning 6-10 AM,9772481396
CUST00746,Pallavi Malhotra,Jaipur,Tier 2,18-25,Male,Paid Ads,None,2022-11-15,Morning 6-10 AM,9178287411
CUST00747,Faisal Shukla,Pune,Tier 2,36-45,Female,Paid Ads,None,2021-05-05,Morning 6-10 AM,9844493568
CUST00748,Ishaan Mehta,Mumbai,Tier 1,46-60,Male,Paid Ads,Silver,2021-05-15,Evening 4-8 PM,
CUST00749,Sanjay Mishra,Mumbai,Tier 1,18-25,Female,Organic,None,2021-01-22,Afternoon 10-2 PM,9559675039
CUST00750,Faisal Joshi,Ahmedabad,Tier 2,26-35,Female,Referral,None,2022-11-04,Afternoon 10-2 PM,9113194760
CUST00751,Bhavya Kohli,Delhi,Tier 1,36-45,,Paid Ads,Gold,2022-06-09,Evening 4-8 PM,9766633565
CUST00752,Nisha Iyer,Delhi,Tier 1,36-45,Male,Paid Ads,Gold,2023-01-03,Afternoon 10-2 PM,9932682132
CUST00753,Swati Ghosh,Mumbai,Tier 1,36-45,Male,Offline,Silver,2021-10-24,Afternoon 10-2 PM,9996762249
CUST00754,Aryan Pandey,Delhi,Tier 1,26-35,Other,Referral,Gold,2021-05-21,Morning 6-10 AM,9846016035
CUST00755,Suresh Arora,Hyderabad,Tier 1,36-45,Female,Paid Ads,Gold,2022-09-06,Morning 6-10 AM,9587803152
CUST00756,Arjun Rathore,Ahmedabad,Tier 2,26-35,Male,Organic,Gold,2022-03-13,Morning 6-10 AM,9974726647
CUST00757,Vandana Roy,Bengaluru,Tier 1,26-35,Male,Offline,Gold,2021-06-01,Afternoon 10-2 PM,9252902956
CUST00758,Manish Chawla,Bengaluru,Tier 1,36-45,Female,Organic,Gold,2022-02-10,Morning 6-10 AM,9381319126
CUST00759,Rohit Kamath,Hyderabad,Tier 1,36-45,Male,Organic,Silver,2021-07-27,Evening 4-8 PM,9506865213
CUST00760,Gaurav Mukherjee,Hyderabad,Tier 1,46-60,Male,Organic,None,2021-12-17,Evening 4-8 PM,9769159960
CUST00761,Sachin Gupta,Ahmedabad,Tier 2,18-25,Female,Organic,None,2023-12-27,Morning 6-10 AM,9743761010
CUST00762,Hansika Malhotra,Delhi,Tier 1,46-60,Female,Referral,None,2022-08-26,Evening 4-8 PM,9157186389
CUST00763,Prachi Gowda,Hyderabad,Tier 1,18-25,Male,Referral,None,2021-06-16,Afternoon 10-2 PM,9760229298
CUST00764,Varun Roy,Mumbai,Tier 1,36-45,Female,Paid Ads,Silver,2023-08-09,Afternoon 10-2 PM,9664225204
CUST00765,Sachin Rathore,Hyderabad,Tier 1,26-35,Female,Referral,Silver,2021-03-16,Evening 4-8 PM,9585417273
CUST00766,Sarika Menon,Ahmedabad,Tier 2,26-35,Female,Paid Ads,Gold,2023-02-06,Late Night 8-11 PM,9907048786
CUST00767,Sneha Jain,Mumbai,Tier 1,26-35,Female,Paid Ads,Platinum,2023-05-23,Evening 4-8 PM,9494612942
CUST00768,Ramesh Bose,Pune,Tier 2,26-35,Male,Organic,None,2023-01-06,Evening 4-8 PM,9638765977
CUST00769,Imran Singh,Delhi,Tier 1,36-45,Female,Organic,None,2021-03-20,Morning 6-10 AM,9824890971
CUST00770,Rajan Tripathi,Bengaluru,Tier 1,46-60,Female,Organic,None,2021-10-10,Evening 4-8 PM,9894376757
CUST00771,Pankaj Sharma,Delhi,Tier 1,36-45,Male,Paid Ads,None,2023-04-11,Late Night 8-11 PM,9112767564
CUST00772,Varun Yadav,Delhi,Tier 1,60+,Female,Organic,None,2022-03-06,Evening 4-8 PM,9943933854
CUST00773,Suresh Srivastava,Delhi,Tier 1,46-60,Male,Organic,None,2023-05-29,Evening 4-8 PM,9325039914
CUST00774,Yash Verma,Delhi,Tier 1,26-35,Female,Organic,Platinum,2021-01-20,Late Night 8-11 PM,9480815903
CUST00775,Shubham Pandey,Bengaluru,Tier 1,36-45,Male,Referral,None,2022-10-30,Afternoon 10-2 PM,9134584137
CUST00776,Kavya Mukherjee,Jaipur,Tier 2,36-45,Female,Influencer,None,2023-03-12,Afternoon 10-2 PM,9519442371
CUST00777,Sapna Pillai,Mumbai,Tier 1,26-35,,Offline,Silver,2022-09-16,Evening 4-8 PM,9693679128
CUST00778,Omkar Arora,Mumbai,Tier 1,26-35,Male,Organic,Silver,2022-08-05,Late Night 8-11 PM,9663065592
CUST00779,Ayesha Sen,Mumbai,Tier 1,26-35,Male,Influencer,None,2021-11-18,Afternoon 10-2 PM,9549267758
CUST00780,Bhavya Roy,Delhi,Tier 1,60+,Female,Organic,None,2023-06-05,Morning 6-10 AM,9270490067
CUST00781,Rajesh Kohli,Hyderabad,Tier 1,26-35,Female,Paid Ads,Platinum,2021-10-20,Morning 6-10 AM,9749451237
CUST00782,Vikram Mukherjee,Pune,Tier 2,46-60,Female,Paid Ads,Gold,2021-07-06,Afternoon 10-2 PM,9589955505
CUST00783,Sachin Nayak,Bengaluru,Tier 1,26-35,Female,Influencer,Silver,2022-05-26,Morning 6-10 AM,9563938734
CUST00784,Keerthi Kumar,Delhi,Tier 1,36-45,Male,Referral,Gold,2021-11-20,Morning 6-10 AM,9413414056
CUST00785,Bhavya Anand,Hyderabad,Tier 1,36-45,Female,Influencer,None,2021-09-06,Afternoon 10-2 PM,
CUST00786,Ravi Tiwari,Mumbai,Tier 1,26-35,Male,Paid Ads,None,2021-05-30,Afternoon 10-2 PM,9595965611
CUST00787,Seema Kamath,Bengaluru,Tier 1,26-35,Male,Organic,Gold,2021-10-07,Evening 4-8 PM,9620506264
CUST00788,Deepa Bajaj,Delhi,Tier 1,36-45,Female,Paid Ads,None,2022-07-26,Afternoon 10-2 PM,9119398359
CUST00789,Kunal Das,Hyderabad,Tier 1,18-25,Female,Organic,None,2021-01-23,Evening 4-8 PM,9484492979
CUST00790,Sachin Patel,Mumbai,Tier 1,46-60,Female,Paid Ads,None,2023-12-07,Morning 6-10 AM,9210373455
CUST00791,Rajesh Shukla,Bengaluru,Tier 1,18-25,Male,Referral,Gold,2022-05-27,Evening 4-8 PM,9198125433
CUST00792,Anika Sharma,Mumbai,Tier 1,26-35,Male,Referral,None,2021-07-17,Morning 6-10 AM,9280262874
CUST00793,Arjun Tiwari,Pune,Tier 2,26-35,Female,Paid Ads,None,2022-03-01,Evening 4-8 PM,9559432973
CUST00794,Namrata Joshi,Mumbai,Tier 1,26-35,Male,Paid Ads,Silver,2023-03-09,Morning 6-10 AM,9806480997
CUST00795,Jhanvi Bhatia,Pune,Tier 2,26-35,Male,Organic,None,2023-10-21,Morning 6-10 AM,9675720531
CUST00796,Zara Reddy,Pune,Tier 2,26-35,Male,Paid Ads,None,2023-03-07,Evening 4-8 PM,9844876980
CUST00797,Kunal Chawla,Mumbai,Tier 1,36-45,Female,Offline,Gold,2021-05-19,Evening 4-8 PM,9728178604
CUST00798,Varun Chawla,Delhi,Tier 1,36-45,Male,Referral,None,2021-02-13,Morning 6-10 AM,9431623688
CUST00799,Siddharth Yadav,Bengaluru,Tier 1,26-35,Male,Organic,Silver,2022-02-18,Afternoon 10-2 PM,9140702031
CUST00800,Tanmay Arora,Bengaluru,Tier 1,60+,Male,Influencer,None,2022-10-13,Morning 6-10 AM,9659282971
CUST00801,Shubham Sethi,Pune,Tier 2,46-60,Female,Organic,Gold,2022-12-03,Evening 4-8 PM,9814044769
CUST00802,Nandini Anand,Lucknow,Tier 2,36-45,Female,Paid Ads,None,2023-06-25,Morning 6-10 AM,
CUST00803,Manish Mehta,Delhi,Tier 1,36-45,Male,Organic,Gold,2022-02-23,Morning 6-10 AM,
CUST00804,Rajesh Reddy,Pune,Tier 2,36-45,Male,Organic,None,2022-08-08,Morning 6-10 AM,9316252684
CUST00805,Tanvi Singh,Bengaluru,Tier 1,60+,Male,Paid Ads,None,2023-05-16,Afternoon 10-2 PM,9916392182
CUST00806,Tanvi Verma,Mumbai,Tier 1,36-45,Male,Organic,None,2022-09-07,Late Night 8-11 PM,9880232602
CUST00807,Sanjay Dubey,Mumbai,Tier 1,26-35,Male,Paid Ads,Silver,2022-11-14,Afternoon 10-2 PM,9266134114
CUST00808,Aarav Sharma,Jaipur,Tier 2,46-60,Female,Paid Ads,None,2023-05-02,Afternoon 10-2 PM,9500661283
CUST00809,Rajesh Sethi,Bengaluru,Tier 1,60+,Male,Influencer,Platinum,2021-09-12,Late Night 8-11 PM,9308550942
CUST00810,Pallavi Choudhary,Pune,Tier 2,46-60,Female,Paid Ads,None,2023-01-25,Afternoon 10-2 PM,9555309840
CUST00811,Nisha Chauhan,Pune,Tier 2,18-25,Female,Referral,Gold,2021-10-30,Evening 4-8 PM,9831289574
CUST00812,Nisha Arora,Mumbai,Tier 1,36-45,Female,Organic,None,2021-07-09,Morning 6-10 AM,9526991604
CUST00813,Deepa Jain,Hyderabad,Tier 1,46-60,Female,Organic,None,2022-09-11,Afternoon 10-2 PM,9511016138
CUST00814,Uma Tiwari,Delhi,Tier 1,36-45,Female,Influencer,None,2022-12-07,Morning 6-10 AM,9324976345
CUST00815,Sarika Anand,Jaipur,Tier 2,26-35,Other,Influencer,None,2021-05-24,Morning 6-10 AM,9547581039
CUST00816,Uma Pandey,Hyderabad,Tier 1,26-35,Male,Referral,Platinum,2022-01-08,Morning 6-10 AM,9708910536
CUST00817,Lakshmi Pillai,Pune,Tier 2,18-25,Male,Referral,None,2023-04-18,Morning 6-10 AM,9217247719
CUST00818,Kritika Singh,Ahmedabad,Tier 2,26-35,Male,Organic,None,2022-04-26,Morning 6-10 AM,9208242992
CUST00819,Pooja Yadav,Mumbai,Tier 1,60+,Female,Referral,None,2022-03-09,Morning 6-10 AM,
CUST00820,Pooja Rathore,Hyderabad,Tier 1,26-35,Male,Paid Ads,None,2022-12-04,Afternoon 10-2 PM,9487846953
CUST00821,Sanjay Bhatia,Hyderabad,Tier 1,18-25,Male,Paid Ads,None,2023-07-25,Morning 6-10 AM,9997026638
CUST00822,Ishita Verma,Ahmedabad,Tier 2,36-45,Female,Organic,None,2022-05-25,Evening 4-8 PM,9807462828
CUST00823,Varun Tiwari,Ahmedabad,Tier 2,36-45,Male,Referral,Silver,2022-10-22,Late Night 8-11 PM,9149128285
CUST00824,Vandana Chatterjee,Lucknow,Tier 2,36-45,Male,Paid Ads,None,2021-06-16,Evening 4-8 PM,9611232011
CUST00825,Payal Subramaniam,Lucknow,Tier 2,18-25,Male,Referral,None,2023-12-02,Evening 4-8 PM,9869513858
CUST00826,Ishaan Rathore,Delhi,Tier 1,36-45,Male,Referral,Silver,2023-08-15,Afternoon 10-2 PM,9224208992
CUST00827,Vishal Malhotra,Delhi,Tier 1,26-35,Male,Offline,Gold,2021-08-05,Evening 4-8 PM,9272051317
CUST00828,Ravi Subramaniam,Jaipur,Tier 2,26-35,Male,Referral,None,2021-09-10,Evening 4-8 PM,9780267188
CUST00829,Deepak Nayak,Pune,Tier 2,36-45,Female,Offline,None,2021-05-13,Evening 4-8 PM,9870348269
CUST00830,Tanmay Roy,Pune,Tier 2,36-45,Female,Offline,Gold,2022-04-23,Afternoon 10-2 PM,9194146051
CUST00831,Rohit Tripathi,Mumbai,Tier 1,36-45,Male,Offline,None,2021-09-18,Afternoon 10-2 PM,9719459743
CUST00832,Rajesh Mehta,Pune,Tier 2,36-45,Male,Paid Ads,None,2023-01-18,Afternoon 10-2 PM,9235621499
CUST00833,Dhruv Kohli,Delhi,Tier 1,26-35,Male,Paid Ads,None,2021-10-24,Afternoon 10-2 PM,9335046637
CUST00834,Sonali Rao,Delhi,Tier 1,36-45,Male,Referral,None,2021-03-12,Evening 4-8 PM,9839378623
CUST00835,Rashmi Khurana,Mumbai,Tier 1,26-35,Female,Paid Ads,Silver,2023-02-11,Evening 4-8 PM,9263962774
CUST00836,Mohan Kamath,Ahmedabad,Tier 2,36-45,Female,Referral,None,2022-01-02,Morning 6-10 AM,9421158083
CUST00837,Keerthi Kamath,Lucknow,Tier 2,26-35,Male,Paid Ads,None,2023-08-28,Afternoon 10-2 PM,9519900806
CUST00838,Uma Das,Mumbai,Tier 1,26-35,Female,Referral,Silver,2021-07-19,Afternoon 10-2 PM,9723182231
CUST00839,Aryan Kamath,Ahmedabad,Tier 2,46-60,Male,Referral,None,2023-06-24,Afternoon 10-2 PM,9255502389
CUST00840,Meera Tripathi,Mumbai,Tier 1,36-45,Male,Influencer,Gold,2021-10-30,Morning 6-10 AM,9829548792
CUST00841,Ayesha Joshi,Ahmedabad,Tier 2,26-35,Male,Offline,None,2023-11-22,Morning 6-10 AM,9259524021
CUST00842,Seema Malhotra,Hyderabad,Tier 1,18-25,Male,Paid Ads,None,2021-12-20,Evening 4-8 PM,9842809063
CUST00843,Lavanya Suri,Lucknow,Tier 2,18-25,Male,Influencer,None,2023-07-01,Afternoon 10-2 PM,9188730795
CUST00844,Imran Suri,Mumbai,Tier 1,46-60,Male,Referral,Gold,2023-09-10,Late Night 8-11 PM,9952920067
CUST00845,Sapna Chauhan,Delhi,Tier 1,60+,Female,Organic,Silver,2022-10-29,Morning 6-10 AM,9953866157
CUST00846,Seema Hegde,Delhi,Tier 1,36-45,Male,Influencer,Platinum,2023-12-22,Evening 4-8 PM,9727839970
CUST00847,Jhanvi Nair,Delhi,Tier 1,36-45,Male,Referral,Silver,2022-01-04,Morning 6-10 AM,9437472854
CUST00848,Ishaan Khurana,Mumbai,Tier 1,26-35,Male,Paid Ads,Silver,2021-03-13,Evening 4-8 PM,9420595601
CUST00849,Vishal Reddy,Bengaluru,Tier 1,26-35,Female,Organic,None,2023-11-30,Morning 6-10 AM,9673488082
CUST00850,Zoya Rathore,Delhi,Tier 1,36-45,Female,Offline,Silver,2023-11-12,Afternoon 10-2 PM,9980214137
CUST00851,Ananya Pillai,Mumbai,Tier 1,18-25,Female,Organic,None,2022-03-19,Morning 6-10 AM,9882869895
CUST00852,Chetan Bajaj,Hyderabad,Tier 1,26-35,Male,Influencer,None,2021-06-20,Afternoon 10-2 PM,9845730200
CUST00853,Mohan Gupta,Mumbai,Tier 1,36-45,Male,Referral,None,2023-02-02,Evening 4-8 PM,9649141034
CUST00854,Shubham Hegde,Hyderabad,Tier 1,26-35,Other,Paid Ads,Silver,2022-05-22,Morning 6-10 AM,9218101000
CUST00855,Shreya Gupta,Hyderabad,Tier 1,26-35,Male,Influencer,None,2021-10-27,Evening 4-8 PM,9110590679
CUST00856,Neel Roy,Mumbai,Tier 1,60+,Female,Organic,None,2022-09-20,Afternoon 10-2 PM,9202585894
CUST00857,Payal Khurana,Delhi,Tier 1,46-60,Female,Referral,Gold,2021-12-16,Evening 4-8 PM,9293995605
CUST00858,Vandana Oberoi,Bengaluru,Tier 1,60+,Female,Referral,None,2023-09-04,Evening 4-8 PM,9837293786
CUST00859,Kavya Suri,Delhi,Tier 1,18-25,Male,Referral,None,2023-01-29,Morning 6-10 AM,9753589856
CUST00860,Sonali Kumar,Bengaluru,Tier 1,26-35,Male,Paid Ads,Platinum,2023-05-27,Morning 6-10 AM,9974050809
CUST00861,Hansika Kamath,Bengaluru,Tier 1,18-25,Male,Referral,Silver,2021-06-12,Evening 4-8 PM,9200538326
CUST00862,Ayesha Singh,Mumbai,Tier 1,36-45,Female,Paid Ads,None,2023-05-19,Evening 4-8 PM,9246488860
CUST00863,Varun Oberoi,Delhi,Tier 1,60+,Female,Referral,None,2022-01-25,Afternoon 10-2 PM,9866823538
CUST00864,Vinay Tripathi,Delhi,Tier 1,26-35,Other,Referral,None,2023-12-18,Late Night 8-11 PM,
CUST00865,Kritika Oberoi,Delhi,Tier 1,46-60,Female,Influencer,None,2023-01-22,Morning 6-10 AM,9154660511
CUST00866,Sanjay Reddy,Delhi,Tier 1,26-35,Male,Influencer,Gold,2021-08-30,Morning 6-10 AM,9384273996
CUST00867,Vandana Chawla,Mumbai,Tier 1,36-45,Male,Paid Ads,None,2023-11-22,Late Night 8-11 PM,
CUST00868,Faisal Kamath,Delhi,Tier 1,26-35,Male,Referral,Silver,2022-12-26,Morning 6-10 AM,9875707160
CUST00869,Sagar Sharma,Mumbai,Tier 1,18-25,Male,Organic,Platinum,2021-11-11,Afternoon 10-2 PM,9107420042
CUST00870,Keerthi Kapoor,Mumbai,Tier 1,26-35,Male,Organic,Platinum,2022-01-09,Afternoon 10-2 PM,9570913175
CUST00871,Sneha Reddy,Hyderabad,Tier 1,18-25,Female,Organic,Silver,2022-02-11,Evening 4-8 PM,9243538161
CUST00872,Rekha Subramaniam,Bengaluru,Tier 1,18-25,Female,Offline,Silver,2022-06-29,Late Night 8-11 PM,9632111648
CUST00873,Sachin Iyer,Pune,Tier 2,26-35,Female,Influencer,Silver,2023-03-08,Afternoon 10-2 PM,9951169063
CUST00874,Kavya Banerjee,Mumbai,Tier 1,26-35,Female,Organic,Gold,2022-12-02,Evening 4-8 PM,9108620954
CUST00875,Rahul Das,Delhi,Tier 1,26-35,Female,Organic,Silver,2023-11-14,Morning 6-10 AM,9223501774
CUST00876,Payal Malhotra,Ahmedabad,Tier 2,36-45,Male,Paid Ads,None,2021-07-31,Evening 4-8 PM,9294549403
CUST00877,Amrita Chawla,Mumbai,Tier 1,36-45,Male,Organic,None,2022-01-29,Morning 6-10 AM,9761926785
CUST00878,Aryan Roy,Mumbai,Tier 1,26-35,Male,Referral,Gold,2022-11-20,Morning 6-10 AM,
CUST00879,Aryan Ghosh,Delhi,Tier 1,18-25,Male,Offline,Gold,2022-05-21,Evening 4-8 PM,
CUST00880,Aryan Suri,Mumbai,Tier 1,36-45,Male,Paid Ads,Gold,2021-07-26,Late Night 8-11 PM,9627514698
CUST00881,Rajan Nair,Bengaluru,Tier 1,18-25,Male,Paid Ads,Gold,2022-11-10,Evening 4-8 PM,9897717178
CUST00882,Vikram Arora,Pune,Tier 2,26-35,Female,Organic,Silver,2021-08-06,Afternoon 10-2 PM,9229229499
CUST00883,Jhanvi Hegde,Mumbai,Tier 1,26-35,Female,Offline,Gold,2022-12-04,Morning 6-10 AM,9917104656
CUST00884,Tanmay Rao,Mumbai,Tier 1,18-25,Male,Paid Ads,None,2022-12-13,Morning 6-10 AM,9870222796
CUST00885,Simran Gupta,Mumbai,Tier 1,26-35,Female,Offline,None,2021-12-08,Evening 4-8 PM,9238442086
CUST00886,Zara Mehta,Bengaluru,Tier 1,36-45,Female,Referral,None,2023-12-27,Afternoon 10-2 PM,9277723833
CUST00887,Varun Roy,Delhi,Tier 1,36-45,Male,Referral,Silver,2021-01-08,Morning 6-10 AM,9848099284
CUST00888,Varun Dubey,Mumbai,Tier 1,26-35,Female,Organic,None,2022-08-30,Evening 4-8 PM,9283726992
CUST00889,Vinay Malhotra,Bengaluru,Tier 1,26-35,Female,Offline,Gold,2021-09-30,Morning 6-10 AM,9789785833
CUST00890,Mohan Agarwal,Lucknow,Tier 2,18-25,Female,Referral,Silver,2022-10-27,Late Night 8-11 PM,9689779617
CUST00891,Ishita Tiwari,Bengaluru,Tier 1,46-60,Male,Offline,None,2021-01-22,Evening 4-8 PM,9400314642
CUST00892,Akash Agarwal,Mumbai,Tier 1,36-45,Female,Offline,None,2023-02-22,Afternoon 10-2 PM,9772408958
CUST00893,Vivek Menon,Hyderabad,Tier 1,46-60,Male,Organic,Silver,2023-03-21,Afternoon 10-2 PM,9879843791
CUST00894,Kabir Subramaniam,Delhi,Tier 1,26-35,Male,Paid Ads,Silver,2021-12-27,Evening 4-8 PM,9883273181
CUST00895,Priya Verma,Mumbai,Tier 1,26-35,Female,Influencer,Silver,2022-01-20,Evening 4-8 PM,
CUST00896,Imran Mishra,Bengaluru,Tier 1,18-25,Female,Referral,Gold,2021-07-24,Evening 4-8 PM,
CUST00897,Imran Patel,Ahmedabad,Tier 2,18-25,Female,Organic,None,2021-01-28,Late Night 8-11 PM,
CUST00898,Vishal Tripathi,Pune,Tier 2,46-60,Female,Organic,None,2023-06-29,Morning 6-10 AM,9614223965
CUST00899,Ayesha Agarwal,Mumbai,Tier 1,36-45,Female,Organic,None,2021-07-30,Evening 4-8 PM,9998167196
CUST00900,Aarav Shah,Bengaluru,Tier 1,18-25,Male,Organic,None,2022-04-08,Evening 4-8 PM,9837409683
CUST00901,Gaurav Rathore,Ahmedabad,Tier 2,26-35,Male,Organic,Silver,2023-01-02,Late Night 8-11 PM,9487076952
CUST00902,Deepa Subramaniam,Jaipur,Tier 2,18-25,Male,Paid Ads,None,2022-01-07,Morning 6-10 AM,9816479341
CUST00903,Faisal Hegde,Hyderabad,Tier 1,26-35,Female,Organic,None,2023-01-26,Afternoon 10-2 PM,9863759729
CUST00904,Aarav Gowda,Pune,Tier 2,46-60,Male,Referral,None,2023-03-11,Morning 6-10 AM,9613712459
CUST00905,Gaurav Khurana,Pune,Tier 2,26-35,Female,Organic,Gold,2021-09-19,Morning 6-10 AM,9442862704
CUST00906,Tanvi Anand,Delhi,Tier 1,60+,Female,Referral,Platinum,2022-05-19,Morning 6-10 AM,9678475440
CUST00907,Vinay Agarwal,Delhi,Tier 1,46-60,Male,Referral,None,2022-03-26,Afternoon 10-2 PM,9103077456
CUST00908,Akash Sen,Mumbai,Tier 1,36-45,Female,Offline,Gold,2022-12-17,Morning 6-10 AM,9936065712
CUST00909,Rahul Dubey,Pune,Tier 2,18-25,Female,Offline,Gold,2022-05-12,Late Night 8-11 PM,9902080160
CUST00910,Payal Saxena,Mumbai,Tier 1,18-25,Female,Referral,None,2021-04-21,Afternoon 10-2 PM,9179210250
CUST00911,Bhuvan Gowda,Delhi,Tier 1,26-35,Male,Organic,None,2021-01-26,Morning 6-10 AM,9260757642
CUST00912,Swati Tripathi,Pune,Tier 2,18-25,Female,Offline,None,2022-11-22,Afternoon 10-2 PM,9114183509
CUST00913,Kavya Mehta,Bengaluru,Tier 1,46-60,Male,Referral,Platinum,2021-01-23,Afternoon 10-2 PM,9587797163
CUST00914,Pankaj Khurana,Delhi,Tier 1,26-35,Female,Paid Ads,Platinum,2021-07-08,Morning 6-10 AM,9234360915
CUST00915,Seema Bhatia,Pune,Tier 2,18-25,Male,Influencer,None,2021-06-08,Late Night 8-11 PM,9436284832
CUST00916,Seema Hegde,Hyderabad,Tier 1,26-35,Male,Paid Ads,Silver,2022-07-07,Afternoon 10-2 PM,
CUST00917,Rekha Verma,Hyderabad,Tier 1,26-35,Male,Organic,None,2021-01-23,Morning 6-10 AM,9692374111
CUST00918,Ananya Malhotra,Mumbai,Tier 1,26-35,Other,Paid Ads,Silver,2023-09-18,Afternoon 10-2 PM,9431361946
CUST00919,Sagar Yadav,Mumbai,Tier 1,26-35,Male,Organic,None,2022-12-30,Evening 4-8 PM,9204560805
CUST00920,Vandana Desai,Bengaluru,Tier 1,18-25,Female,Organic,None,2023-02-22,Afternoon 10-2 PM,9140166847
CUST00921,Kavya Oberoi,Bengaluru,Tier 1,26-35,Female,Organic,None,2022-03-18,Evening 4-8 PM,9925520324
CUST00922,Urvi Jain,Hyderabad,Tier 1,60+,Female,Paid Ads,None,2023-07-06,Evening 4-8 PM,9486886743
CUST00923,Simran Patel,Hyderabad,Tier 1,46-60,Female,Paid Ads,None,2021-06-03,Morning 6-10 AM,9634211070
CUST00924,Aditi Rao,Mumbai,Tier 1,36-45,Male,Influencer,Platinum,2021-06-28,Evening 4-8 PM,9282232921
CUST00925,Kiran Gupta,Jaipur,Tier 2,26-35,Male,Organic,Gold,2023-08-02,Morning 6-10 AM,9374906146
CUST00926,Sneha Sethi,Pune,Tier 2,46-60,Female,Offline,None,2023-01-15,Afternoon 10-2 PM,9765380090
CUST00927,Ishaan Shukla,Jaipur,Tier 2,26-35,Female,Offline,None,2023-04-27,Afternoon 10-2 PM,9832888487
CUST00928,Imran Mehta,Mumbai,Tier 1,36-45,Male,Influencer,Gold,2021-08-04,Morning 6-10 AM,9528724081
CUST00929,Neel Roy,Ahmedabad,Tier 2,46-60,Female,Paid Ads,Silver,2023-08-11,Afternoon 10-2 PM,9216338130
CUST00930,Sarika Choudhary,Jaipur,Tier 2,26-35,Male,Organic,Gold,2023-09-23,Morning 6-10 AM,9222757072
CUST00931,Ananya Agarwal,Bengaluru,Tier 1,26-35,Male,Referral,None,2021-03-06,Morning 6-10 AM,9167001765
CUST00932,Sandeep Nayak,Jaipur,Tier 2,26-35,Male,Organic,Gold,2023-05-17,Evening 4-8 PM,9189755462
CUST00933,Prachi Mishra,Mumbai,Tier 1,18-25,Female,Paid Ads,None,2022-03-15,Afternoon 10-2 PM,9991795300
CUST00934,Siddharth Mukherjee,Mumbai,Tier 1,60+,,Organic,None,2023-09-14,Late Night 8-11 PM,9272538668
CUST00935,Simran Banerjee,Lucknow,Tier 2,46-60,Female,Influencer,Silver,2022-02-11,Afternoon 10-2 PM,9761975126
CUST00936,Lavanya Hegde,Mumbai,Tier 1,46-60,Female,Referral,None,2021-11-05,Morning 6-10 AM,9636275696
CUST00937,Gaurav Nayak,Ahmedabad,Tier 2,60+,Male,Paid Ads,None,2023-07-12,Morning 6-10 AM,9781066979
CUST00938,Aditya Joshi,Delhi,Tier 1,18-25,Female,Organic,None,2021-12-07,Evening 4-8 PM,9325231389
CUST00939,Mihir Khurana,Jaipur,Tier 2,60+,Male,Paid Ads,None,2022-09-21,Morning 6-10 AM,9850886071
CUST00940,Sonali Tiwari,Delhi,Tier 1,26-35,Male,Paid Ads,Silver,2022-11-19,Afternoon 10-2 PM,9559973407
CUST00941,Vivek Arora,Bengaluru,Tier 1,26-35,Male,Organic,None,2023-06-15,Evening 4-8 PM,9206542097
CUST00942,Farhan Singh,Lucknow,Tier 2,36-45,,Paid Ads,None,2021-07-24,Afternoon 10-2 PM,9965297020
CUST00943,Rahul Kamath,Mumbai,Tier 1,26-35,Male,Paid Ads,None,2022-02-05,Afternoon 10-2 PM,9476468571
CUST00944,Suresh Tiwari,Lucknow,Tier 2,46-60,Female,Referral,None,2023-02-07,Afternoon 10-2 PM,9387343124
CUST00945,Pankaj Ghosh,Ahmedabad,Tier 2,46-60,Female,Paid Ads,Silver,2023-04-30,Morning 6-10 AM,
CUST00946,Vidya Hegde,Pune,Tier 2,36-45,Male,Organic,Gold,2023-05-31,Afternoon 10-2 PM,9306867533
CUST00947,Sarika Shetty,Hyderabad,Tier 1,18-25,Female,Paid Ads,None,2023-03-11,Late Night 8-11 PM,9441584059
CUST00948,Simran Shah,Delhi,Tier 1,18-25,Female,Paid Ads,None,2023-03-14,Evening 4-8 PM,9379419960
CUST00949,Kiran Chatterjee,Ahmedabad,Tier 2,26-35,Male,Paid Ads,Silver,2021-11-10,Evening 4-8 PM,9184581329
CUST00950,Anika Tripathi,Delhi,Tier 1,36-45,Other,Referral,Gold,2022-01-18,Evening 4-8 PM,9418818117
CUST00951,Nisha Srivastava,Mumbai,Tier 1,36-45,Female,Referral,Silver,2022-07-18,Evening 4-8 PM,9124847271
CUST00952,Aditya Gowda,Hyderabad,Tier 1,18-25,Male,Referral,Gold,2022-08-02,Morning 6-10 AM,9183087679
CUST00953,Sandeep Shetty,Delhi,Tier 1,26-35,Male,Referral,None,2023-09-24,Afternoon 10-2 PM,
CUST00954,Sanjay Krishnan,Hyderabad,Tier 1,26-35,Female,Influencer,None,2021-01-21,Morning 6-10 AM,9777760231
CUST00955,Ananya Nair,Hyderabad,Tier 1,60+,Other,Paid Ads,Silver,2021-01-11,Evening 4-8 PM,9230560149
CUST00956,Anika Agarwal,Mumbai,Tier 1,18-25,Male,Organic,None,2021-08-24,Evening 4-8 PM,
CUST00957,Deepa Srivastava,Mumbai,Tier 1,36-45,Male,Organic,Gold,2021-07-08,Morning 6-10 AM,9416024634
CUST00958,Uday Pandey,Delhi,Tier 1,26-35,Male,Organic,None,2022-07-30,Morning 6-10 AM,9951641794
CUST00959,Rajesh Reddy,Pune,Tier 2,36-45,Female,Paid Ads,None,2023-05-18,Evening 4-8 PM,9442253799
CUST00960,Dhruv Roy,Hyderabad,Tier 1,26-35,Female,Paid Ads,Platinum,2021-05-12,Evening 4-8 PM,9649065195
CUST00961,Shreya Das,Bengaluru,Tier 1,36-45,Female,Offline,Silver,2023-03-27,Afternoon 10-2 PM,9446476261
CUST00962,Lakshmi Banerjee,Delhi,Tier 1,26-35,Male,Paid Ads,Silver,2022-10-06,Morning 6-10 AM,9111704885
CUST00963,Namrata Dubey,Hyderabad,Tier 1,36-45,Male,Organic,None,2022-08-04,Morning 6-10 AM,9210509713
CUST00964,Sachin Arora,Delhi,Tier 1,46-60,Female,Referral,None,2023-05-14,Afternoon 10-2 PM,9973375668
CUST00965,Meera Mehta,Bengaluru,Tier 1,36-45,Male,Offline,Platinum,2021-09-12,Afternoon 10-2 PM,9734765132
CUST00966,Zoya Verma,Bengaluru,Tier 1,26-35,Female,Influencer,Gold,2023-08-04,Late Night 8-11 PM,9532514798
CUST00967,Vinay Jain,Mumbai,Tier 1,18-25,Female,Organic,None,2023-05-01,Morning 6-10 AM,9909270926
CUST00968,Deepa Bajaj,Bengaluru,Tier 1,36-45,Male,Organic,Platinum,2023-07-20,Morning 6-10 AM,9230366157
CUST00969,Faisal Joshi,Ahmedabad,Tier 2,18-25,,Organic,None,2022-10-24,Morning 6-10 AM,9343032073
CUST00970,Manish Srivastava,Mumbai,Tier 1,46-60,Male,Influencer,Gold,2021-04-18,Late Night 8-11 PM,9218974458
CUST00971,Rajan Gupta,Mumbai,Tier 1,26-35,Female,Referral,None,2021-12-15,Afternoon 10-2 PM,9228743171
CUST00972,Kabir Yadav,Mumbai,Tier 1,36-45,,Influencer,Platinum,2021-09-08,Evening 4-8 PM,9613170015
CUST00973,Prachi Chatterjee,Hyderabad,Tier 1,36-45,Male,Organic,Gold,2021-06-19,Evening 4-8 PM,9360249521
CUST00974,Vandana Kamath,Hyderabad,Tier 1,26-35,Male,Offline,None,2021-01-27,Morning 6-10 AM,9513455267
CUST00975,Farhan Mukherjee,Mumbai,Tier 1,26-35,Female,Paid Ads,None,2022-10-01,Evening 4-8 PM,9641715005
CUST00976,Ishaan Shah,Mumbai,Tier 1,46-60,Male,Paid Ads,None,2022-02-20,Evening 4-8 PM,9398326747
CUST00977,Nandini Ghosh,Delhi,Tier 1,60+,Female,Organic,None,2021-08-08,Afternoon 10-2 PM,9594830511
CUST00978,Anika Chauhan,Mumbai,Tier 1,36-45,Male,Organic,Gold,2021-06-22,Late Night 8-11 PM,9526198198
CUST00979,Varun Mukherjee,Delhi,Tier 1,18-25,Male,Organic,Silver,2023-05-16,Evening 4-8 PM,9289671239
CUST00980,Vikram Arora,Delhi,Tier 1,26-35,Male,Referral,Silver,2021-08-16,Evening 4-8 PM,
CUST00981,Pooja Malhotra,Mumbai,Tier 1,18-25,Male,Organic,Platinum,2023-04-09,Evening 4-8 PM,9888045294
CUST00982,Omkar Bose,Ahmedabad,Tier 2,26-35,Male,Organic,None,2022-08-13,Evening 4-8 PM,9640349998
CUST00983,Faisal Chauhan,Jaipur,Tier 2,36-45,Female,Referral,Silver,2021-05-23,Morning 6-10 AM,9588784803
CUST00984,Aditi Suri,Mumbai,Tier 1,26-35,Male,Organic,Silver,2021-06-07,Morning 6-10 AM,9110451665
CUST00985,Swati Kohli,Delhi,Tier 1,18-25,Female,Paid Ads,None,2021-02-05,Morning 6-10 AM,9996959935
CUST00986,Urvi Reddy,Bengaluru,Tier 1,36-45,Female,Organic,Platinum,2022-11-19,Evening 4-8 PM,9685957100
CUST00987,Tarun Kapoor,Bengaluru,Tier 1,26-35,Male,Paid Ads,None,2023-11-27,Evening 4-8 PM,9739674758
CUST00988,Pooja Oberoi,Delhi,Tier 1,26-35,Female,Organic,None,2022-03-28,Afternoon 10-2 PM,9634543293
CUST00989,Zoya Tripathi,Mumbai,Tier 1,36-45,Male,Organic,None,2023-02-13,Morning 6-10 AM,9773119846
CUST00990,Soham Krishnan,Hyderabad,Tier 1,26-35,Male,Referral,None,2023-03-12,Evening 4-8 PM,9396618097
CUST00991,Arjun Kohli,Bengaluru,Tier 1,26-35,Male,Referral,None,2023-07-21,Afternoon 10-2 PM,9472586066
CUST00992,Aditi Rathore,Bengaluru,Tier 1,46-60,Male,Referral,None,2022-08-17,Afternoon 10-2 PM,9426036979
CUST00993,Bhavya Naidu,Delhi,Tier 1,26-35,Male,Organic,Silver,2021-09-10,Evening 4-8 PM,9562055622
CUST00994,Aarav Mehta,Bengaluru,Tier 1,26-35,Male,Organic,None,2021-11-14,Evening 4-8 PM,9253163103
CUST00995,Meera Pandey,Lucknow,Tier 2,36-45,Male,Organic,Gold,2022-12-28,Afternoon 10-2 PM,9514722941
CUST00996,Diya Subramaniam,Delhi,Tier 1,26-35,Male,Paid Ads,None,2022-10-23,Afternoon 10-2 PM,9924269032
CUST00997,Ishita Tiwari,Mumbai,Tier 1,36-45,Male,Organic,None,2023-08-03,Afternoon 10-2 PM,9995342141
CUST00998,Ishita Jain,Delhi,Tier 1,26-35,Male,Offline,Gold,2023-08-18,Evening 4-8 PM,9540511842
CUST00999,Yash Verma,Delhi,Tier 1,60+,Male,Referral,None,2022-09-12,Evening 4-8 PM,9500625049
CUST01000,Vishal Subramaniam,Mumbai,Tier 1,36-45,Male,Referral,None,2023-04-06,Afternoon 10-2 PM,9919260193
CUST01001,Sonali Shetty,Ahmedabad,Tier 2,18-25,Male,Influencer,None,2022-11-14,Evening 4-8 PM,9707140225
CUST01002,Rekha Gowda,Delhi,Tier 1,18-25,Female,Referral,None,2021-04-19,Evening 4-8 PM,9703495788
CUST01003,Uday Iyer,Pune,Tier 2,26-35,Female,Influencer,None,2022-09-29,Morning 6-10 AM,9965024499
CUST01004,Omkar Pillai,Delhi,Tier 1,18-25,Male,Referral,Gold,2021-07-18,Morning 6-10 AM,9126474585
CUST01005,Sneha Mishra,Ahmedabad,Tier 2,18-25,Male,Paid Ads,None,2022-04-27,Late Night 8-11 PM,9982279119
CUST01006,Sneha Kamath,Hyderabad,Tier 1,36-45,Male,Organic,None,2021-10-18,Morning 6-10 AM,9283368785
CUST01007,Payal Agarwal,Delhi,Tier 1,26-35,Male,Organic,Gold,2023-10-07,Morning 6-10 AM,9514271914
CUST01008,Farhan Dubey,Hyderabad,Tier 1,26-35,Male,Organic,Silver,2023-03-09,Afternoon 10-2 PM,9792680500
CUST01009,Keerthi Bhatia,Hyderabad,Tier 1,26-35,Female,Paid Ads,Gold,2023-07-28,Morning 6-10 AM,9484128628
CUST01010,Urvi Menon,Delhi,Tier 1,26-35,Female,Paid Ads,Gold,2021-11-07,Morning 6-10 AM,9464311019
CUST01011,Ishita Bose,Delhi,Tier 1,36-45,Female,Offline,Gold,2023-09-18,Morning 6-10 AM,9807565596
CUST01012,Rashmi Desai,Mumbai,Tier 1,36-45,Female,Organic,None,2022-12-14,Morning 6-10 AM,9172552707
CUST01013,Uma Reddy,Mumbai,Tier 1,26-35,Female,Paid Ads,None,2022-10-25,Evening 4-8 PM,9968179835
CUST01014,Nikhil Joshi,Jaipur,Tier 2,46-60,Male,Influencer,None,2023-05-11,Evening 4-8 PM,
CUST01015,Ananya Kamath,Bengaluru,Tier 1,36-45,Male,Paid Ads,None,2021-03-02,Evening 4-8 PM,9850251037
CUST01016,Ishita Chawla,Delhi,Tier 1,36-45,Male,Organic,Gold,2022-08-09,Afternoon 10-2 PM,9566071607
CUST01017,Manish Singh,Pune,Tier 2,36-45,Female,Referral,None,2021-10-15,Morning 6-10 AM,9538116049
CUST01018,Chetan Mukherjee,Delhi,Tier 1,26-35,Female,Influencer,Silver,2023-10-14,Evening 4-8 PM,9988602683
CUST01019,Sagar Banerjee,Delhi,Tier 1,36-45,Female,Organic,None,2023-05-26,Morning 6-10 AM,9711122760
CUST01020,Vidya Ghosh,Mumbai,Tier 1,18-25,Male,Organic,Gold,2021-02-16,Afternoon 10-2 PM,9989217681
CUST01021,Rashmi Banerjee,Bengaluru,Tier 1,18-25,Female,Offline,None,2022-05-10,Morning 6-10 AM,9636921386
CUST01022,Faisal Mehta,Bengaluru,Tier 1,36-45,Female,Referral,None,2022-06-23,Late Night 8-11 PM,
CUST01023,Meera Mukherjee,Delhi,Tier 1,46-60,Male,Organic,None,2022-11-07,Evening 4-8 PM,9166924725
CUST01024,Chetan Naidu,Bengaluru,Tier 1,46-60,Female,Referral,Gold,2021-03-14,Evening 4-8 PM,
CUST01025,Vandana Bhatia,Bengaluru,Tier 1,46-60,Female,Paid Ads,Silver,2021-03-27,Morning 6-10 AM,9341855018
CUST01026,Simran Chauhan,Hyderabad,Tier 1,26-35,Female,Offline,Silver,2021-04-24,Morning 6-10 AM,9310640534
CUST01027,Sanjay Oberoi,Delhi,Tier 1,36-45,Male,Paid Ads,None,2023-02-12,Afternoon 10-2 PM,9558309064
CUST01028,Gaurav Shukla,Delhi,Tier 1,18-25,Female,Influencer,Platinum,2022-12-04,Afternoon 10-2 PM,
CUST01029,Amrita Sharma,Bengaluru,Tier 1,26-35,Female,Influencer,None,2021-04-04,Evening 4-8 PM,
CUST01030,Ayesha Gupta,Hyderabad,Tier 1,18-25,Male,Organic,None,2022-05-16,Morning 6-10 AM,9527154520
CUST01031,Harini Suri,Delhi,Tier 1,18-25,Male,Paid Ads,None,2023-01-02,Afternoon 10-2 PM,9576249422
CUST01032,Sandeep Choudhary,Hyderabad,Tier 1,36-45,Female,Organic,None,2022-10-16,Evening 4-8 PM,9157979408
CUST01033,Shreya Saxena,Bengaluru,Tier 1,60+,Male,Organic,Gold,2023-12-03,Late Night 8-11 PM,9326312174
CUST01034,Tanmay Hegde,Mumbai,Tier 1,36-45,Male,Organic,None,2023-07-19,Afternoon 10-2 PM,
CUST01035,Pooja Bose,Ahmedabad,Tier 2,36-45,Male,Offline,None,2023-02-26,Morning 6-10 AM,9513029019
CUST01036,Neel Menon,Delhi,Tier 1,26-35,Female,Paid Ads,None,2021-03-06,Evening 4-8 PM,9127908801
CUST01037,Rohit Shetty,Jaipur,Tier 2,46-60,Female,Referral,None,2022-11-30,Evening 4-8 PM,9559077447
CUST01038,Vandana Yadav,Pune,Tier 2,18-25,Male,Paid Ads,None,2022-08-12,Evening 4-8 PM,9597682057
CUST01039,Tanmay Khurana,Delhi,Tier 1,36-45,Male,Offline,Silver,2022-05-03,Afternoon 10-2 PM,
CUST01040,Prachi Singh,Pune,Tier 2,60+,Female,Organic,None,2021-03-21,Afternoon 10-2 PM,9807842761
CUST01041,Jhanvi Naidu,Bengaluru,Tier 1,36-45,Male,Paid Ads,None,2022-06-26,Evening 4-8 PM,9118539966
CUST01042,Suresh Patel,Delhi,Tier 1,60+,Male,Influencer,None,2021-04-30,Morning 6-10 AM,
CUST01043,Vivek Chatterjee,Ahmedabad,Tier 2,60+,Male,Organic,None,2022-06-16,Evening 4-8 PM,9776820465
CUST01044,Faisal Sethi,Mumbai,Tier 1,18-25,Male,Organic,None,2023-06-21,Evening 4-8 PM,
CUST01045,Ayesha Saxena,Hyderabad,Tier 1,60+,Other,Organic,None,2022-12-25,Evening 4-8 PM,
CUST01046,Farhan Gupta,Bengaluru,Tier 1,26-35,Male,Organic,None,2023-01-31,Morning 6-10 AM,9176657833
CUST01047,Priya Rao,Hyderabad,Tier 1,18-25,Female,Paid Ads,None,2023-02-07,Late Night 8-11 PM,9767777623
CUST01048,Sanika Patel,Mumbai,Tier 1,26-35,Male,Referral,None,2022-03-10,Morning 6-10 AM,9938456805
CUST01049,Aditya Saxena,Pune,Tier 2,26-35,Male,Influencer,None,2021-11-04,Morning 6-10 AM,9184229641
CUST01050,Neel Khurana,Jaipur,Tier 2,26-35,Female,Paid Ads,None,2021-09-06,Afternoon 10-2 PM,9155224158
CUST01051,Keerthi Jain,Hyderabad,Tier 1,26-35,Male,Organic,Gold,2022-05-15,Afternoon 10-2 PM,9488656916
CUST01052,Ramesh Tripathi,Bengaluru,Tier 1,60+,,Paid Ads,Gold,2023-04-20,Late Night 8-11 PM,9642930517
CUST01053,Sandeep Sethi,Mumbai,Tier 1,26-35,Male,Referral,None,2021-09-14,Morning 6-10 AM,9537675889
CUST01054,Lavanya Iyer,Hyderabad,Tier 1,36-45,Female,Paid Ads,Gold,2023-04-17,Morning 6-10 AM,9718487909
CUST01055,Meera Subramaniam,Delhi,Tier 1,26-35,Male,Organic,None,2023-08-21,Afternoon 10-2 PM,9136588469
CUST01056,Anika Anand,Ahmedabad,Tier 2,26-35,Male,Paid Ads,None,2023-03-06,Afternoon 10-2 PM,9531985132
CUST01057,Nikhil Saxena,Hyderabad,Tier 1,26-35,Male,Influencer,None,2021-08-09,Morning 6-10 AM,
CUST01058,Sagar Shukla,Pune,Tier 2,46-60,Female,Referral,None,2023-09-05,Afternoon 10-2 PM,9877074970
CUST01059,Varun Singh,Pune,Tier 2,26-35,Male,Referral,None,2023-07-18,Evening 4-8 PM,9646177238
CUST01060,Prachi Choudhary,Pune,Tier 2,18-25,Male,Paid Ads,None,2023-12-12,Afternoon 10-2 PM,9558154399
CUST01061,Sapna Chatterjee,Bengaluru,Tier 1,36-45,Female,Organic,Gold,2022-03-08,Late Night 8-11 PM,9760863928
CUST01062,Rohan Das,Bengaluru,Tier 1,26-35,Male,Paid Ads,Gold,2021-12-13,Morning 6-10 AM,9750870273
CUST01063,Neha Suri,Pune,Tier 2,26-35,Male,Paid Ads,Silver,2021-12-12,Afternoon 10-2 PM,9679637778
CUST01064,Manish Sharma,Delhi,Tier 1,26-35,Female,Paid Ads,None,2023-05-24,Morning 6-10 AM,9992320057
CUST01065,Gaurav Saxena,Delhi,Tier 1,36-45,Female,Paid Ads,Silver,2022-06-23,Afternoon 10-2 PM,9398986845
CUST01066,Gaurav Banerjee,Pune,Tier 2,36-45,Female,Organic,None,2021-11-17,Morning 6-10 AM,9777127299
CUST01067,Mihir Choudhary,Pune,Tier 2,18-25,Female,Influencer,None,2021-07-25,Morning 6-10 AM,9440942237
CUST01068,Yash Suri,Mumbai,Tier 1,46-60,Female,Offline,Silver,2022-05-19,Evening 4-8 PM,9336448207
CUST01069,Pankaj Chauhan,Hyderabad,Tier 1,26-35,Female,Referral,None,2022-02-11,Morning 6-10 AM,9654379588
CUST01070,Namrata Sharma,Ahmedabad,Tier 2,26-35,Male,Referral,None,2021-03-21,Evening 4-8 PM,9508333520
CUST01071,Nikhil Chawla,Hyderabad,Tier 1,26-35,Female,Offline,None,2022-04-20,Evening 4-8 PM,9626371835
CUST01072,Sarika Arora,Pune,Tier 2,26-35,Male,Organic,None,2022-08-12,Morning 6-10 AM,9365639711
CUST01073,Gaurav Kumar,Hyderabad,Tier 1,26-35,Male,Organic,None,2021-09-20,Evening 4-8 PM,9964062922
CUST01074,Bhuvan Tiwari,Ahmedabad,Tier 2,36-45,Male,Organic,Silver,2023-04-18,Morning 6-10 AM,9380896497
CUST01075,Shreya Mishra,Hyderabad,Tier 1,36-45,Male,Organic,None,2023-09-22,Morning 6-10 AM,9978884082
CUST01076,Soham Tiwari,Mumbai,Tier 1,26-35,Female,Paid Ads,None,2021-08-14,Evening 4-8 PM,9453995690
CUST01077,Vishal Verma,Mumbai,Tier 1,60+,Male,Paid Ads,None,2022-11-14,Evening 4-8 PM,9693665621
CUST01078,Aryan Jain,Mumbai,Tier 1,26-35,Female,Offline,None,2023-03-22,Evening 4-8 PM,9960373645
CUST01079,Sanika Mukherjee,Mumbai,Tier 1,26-35,Female,Organic,None,2021-02-11,Morning 6-10 AM,9638480797
CUST01080,Tarun Patel,Bengaluru,Tier 1,26-35,Male,Organic,Silver,2022-05-22,Evening 4-8 PM,9972947639
CUST01081,Jhanvi Mishra,Pune,Tier 2,18-25,Female,Organic,None,2021-06-01,Morning 6-10 AM,9886664952
CUST01082,Aditi Tripathi,Bengaluru,Tier 1,46-60,Female,Organic,Silver,2023-03-13,Evening 4-8 PM,9435211139
CUST01083,Siddharth Desai,Pune,Tier 2,36-45,Male,Paid Ads,None,2023-08-24,Morning 6-10 AM,9338642289
CUST01084,Yash Bose,Lucknow,Tier 2,26-35,Female,Paid Ads,None,2021-02-05,Morning 6-10 AM,9500224021
CUST01085,Sachin Joshi,Pune,Tier 2,26-35,Female,Organic,None,2023-07-05,Evening 4-8 PM,9790221180
CUST01086,Kabir Naidu,Bengaluru,Tier 1,36-45,Male,Paid Ads,None,2023-10-01,Morning 6-10 AM,9532927410
CUST01087,Swati Jain,Hyderabad,Tier 1,36-45,Female,Organic,Gold,2022-06-01,Evening 4-8 PM,9995847952
CUST01088,Ravi Anand,Mumbai,Tier 1,36-45,Male,Organic,None,2023-09-28,Evening 4-8 PM,9800088933
CUST01089,Suresh Saxena,Bengaluru,Tier 1,26-35,Female,Referral,Gold,2021-08-04,Evening 4-8 PM,
CUST01090,Aditi Reddy,Mumbai,Tier 1,26-35,Male,Organic,Silver,2021-08-21,Evening 4-8 PM,9283311445
CUST01091,Vikram Rathore,Hyderabad,Tier 1,18-25,Female,Paid Ads,Platinum,2021-08-29,Morning 6-10 AM,9826583015
CUST01092,Ravi Bhatia,Bengaluru,Tier 1,46-60,Female,Organic,None,2022-02-23,Morning 6-10 AM,9498630206
CUST01093,Pallavi Chauhan,Delhi,Tier 1,26-35,Female,Offline,Silver,2021-10-05,Evening 4-8 PM,9608814493
CUST01094,Shubham Kumar,Mumbai,Tier 1,26-35,Male,Offline,Silver,2022-01-20,Morning 6-10 AM,9592411109
CUST01095,Ayesha Bhatia,Bengaluru,Tier 1,26-35,Male,Paid Ads,Gold,2022-04-08,Afternoon 10-2 PM,
CUST01096,Priya Hegde,Mumbai,Tier 1,46-60,Male,Referral,None,2023-04-06,Afternoon 10-2 PM,9788912060
CUST01097,Chetan Kohli,Hyderabad,Tier 1,26-35,Female,Organic,Silver,2021-07-29,Morning 6-10 AM,9792381075
CUST01098,Rekha Khurana,Pune,Tier 2,36-45,Female,Organic,Gold,2023-08-28,Evening 4-8 PM,
CUST01099,Namrata Singh,Bengaluru,Tier 1,46-60,Female,Organic,Gold,2021-01-01,Afternoon 10-2 PM,9156037713
CUST01100,Sneha Pandey,Mumbai,Tier 1,36-45,Male,Paid Ads,Gold,2023-03-17,Morning 6-10 AM,9609466879
CUST01101,Vidya Chatterjee,Bengaluru,Tier 1,36-45,Female,Influencer,None,2022-07-23,Late Night 8-11 PM,9701817116
CUST01102,Omkar Nayak,Delhi,Tier 1,26-35,Male,Influencer,Silver,2021-12-31,Evening 4-8 PM,9600445166
CUST01103,Rohan Srivastava,Pune,Tier 2,26-35,Female,Influencer,None,2022-01-27,Late Night 8-11 PM,9902759981
CUST01104,Meera Shukla,Lucknow,Tier 2,26-35,Male,Referral,None,2023-01-26,Morning 6-10 AM,9113952742
CUST01105,Ananya Sethi,Hyderabad,Tier 1,26-35,Male,Organic,Gold,2022-06-03,Evening 4-8 PM,
CUST01106,Anika Gowda,Delhi,Tier 1,36-45,Male,Referral,Platinum,2021-12-22,Afternoon 10-2 PM,9905935956
CUST01107,Farhan Patel,Delhi,Tier 1,26-35,Female,Referral,None,2021-12-29,Evening 4-8 PM,9550512628
CUST01108,Harini Mehta,Ahmedabad,Tier 2,26-35,Female,Paid Ads,None,2022-07-23,Evening 4-8 PM,9759281551
CUST01109,Rekha Shetty,Pune,Tier 2,36-45,Female,Influencer,None,2023-01-21,Morning 6-10 AM,9532903803
CUST01110,Lavanya Suri,Bengaluru,Tier 1,18-25,Male,Referral,Silver,2022-07-01,Morning 6-10 AM,9395843204
CUST01111,Omkar Desai,Hyderabad,Tier 1,26-35,Female,Influencer,Gold,2022-09-30,Late Night 8-11 PM,9466631819
CUST01112,Payal Singh,Delhi,Tier 1,36-45,Male,Organic,Silver,2021-06-26,Morning 6-10 AM,9121590125
CUST01113,Aditi Menon,Pune,Tier 2,36-45,Male,Influencer,None,2022-09-23,Late Night 8-11 PM,9305177088
CUST01114,Vandana Iyer,Pune,Tier 2,26-35,Male,Organic,None,2022-10-09,Morning 6-10 AM,9392916147
CUST01115,Kunal Das,Ahmedabad,Tier 2,26-35,Male,Organic,None,2023-01-15,Afternoon 10-2 PM,9582832859
CUST01116,Nandini Shetty,Ahmedabad,Tier 2,26-35,Female,Referral,None,2022-03-08,Morning 6-10 AM,9793645789
CUST01117,Priya Menon,Pune,Tier 2,26-35,Female,Paid Ads,Silver,2022-07-05,Evening 4-8 PM,9377255013
CUST01118,Pankaj Patel,Mumbai,Tier 1,46-60,Male,Referral,None,2023-08-15,Afternoon 10-2 PM,9505777943
CUST01119,Ananya Chatterjee,Hyderabad,Tier 1,36-45,Female,Influencer,Platinum,2023-05-14,Morning 6-10 AM,9207597190
CUST01120,Sagar Ghosh,Mumbai,Tier 1,26-35,Female,Referral,None,2023-07-24,Afternoon 10-2 PM,9884856806
CUST01121,Nisha Kapoor,Bengaluru,Tier 1,36-45,Female,Paid Ads,None,2021-03-24,Afternoon 10-2 PM,9919450756
CUST01122,Urvi Joshi,Jaipur,Tier 2,26-35,Female,Offline,Silver,2021-02-28,Afternoon 10-2 PM,9422748286
CUST01123,Payal Jain,Ahmedabad,Tier 2,26-35,,Referral,None,2022-11-14,Morning 6-10 AM,
CUST01124,Kabir Naidu,Mumbai,Tier 1,26-35,Male,Paid Ads,None,2022-02-15,Evening 4-8 PM,9186302290
CUST01125,Mohan Pandey,Mumbai,Tier 1,18-25,Male,Referral,Silver,2023-02-06,Evening 4-8 PM,9207281279
CUST01126,Nandini Mishra,Delhi,Tier 1,36-45,Female,Referral,None,2022-05-13,Evening 4-8 PM,9237978393
CUST01127,Ishita Mishra,Bengaluru,Tier 1,36-45,Female,Influencer,None,2023-05-20,Evening 4-8 PM,9472445806
CUST01128,Vandana Kohli,Delhi,Tier 1,18-25,Female,Organic,Gold,2023-01-12,Morning 6-10 AM,9755590808
CUST01129,Sarika Gupta,Delhi,Tier 1,36-45,Male,Organic,Silver,2023-06-11,Morning 6-10 AM,9293140002
CUST01130,Priya Ghosh,Delhi,Tier 1,26-35,Female,Organic,Silver,2023-05-14,Late Night 8-11 PM,9655498795
CUST01131,Suresh Naidu,Ahmedabad,Tier 2,18-25,Female,Organic,Silver,2021-01-26,Evening 4-8 PM,9644355354
CUST01132,Sonali Sharma,Bengaluru,Tier 1,26-35,Female,Paid Ads,Gold,2022-09-13,Evening 4-8 PM,9224509405
CUST01133,Soham Desai,Hyderabad,Tier 1,26-35,Male,Paid Ads,Silver,2023-01-18,Afternoon 10-2 PM,9555336460
CUST01134,Sapna Gowda,Delhi,Tier 1,36-45,Male,Paid Ads,Silver,2022-06-13,Late Night 8-11 PM,9881285439
CUST01135,Simran Mehta,Ahmedabad,Tier 2,26-35,Male,Influencer,None,2021-04-13,Afternoon 10-2 PM,9370933847
CUST01136,Mihir Das,Delhi,Tier 1,36-45,,Organic,Silver,2023-05-05,Morning 6-10 AM,9782881227
CUST01137,Gaurav Banerjee,Mumbai,Tier 1,36-45,,Paid Ads,Silver,2021-07-13,Morning 6-10 AM,9629838219
CUST01138,Prachi Banerjee,Delhi,Tier 1,60+,Female,Organic,None,2023-12-09,Evening 4-8 PM,
CUST01139,Ananya Rao,Bengaluru,Tier 1,36-45,Female,Influencer,None,2023-11-16,Morning 6-10 AM,
CUST01140,Rajan Pandey,Jaipur,Tier 2,26-35,Male,Referral,None,2021-06-12,Evening 4-8 PM,9225010851
CUST01141,Zoya Kapoor,Pune,Tier 2,60+,Female,Paid Ads,None,2021-04-11,Evening 4-8 PM,9916815851
CUST01142,Prachi Tripathi,Jaipur,Tier 2,36-45,,Paid Ads,None,2023-03-28,Morning 6-10 AM,9392787282
CUST01143,Mohan Verma,Mumbai,Tier 1,36-45,Female,Organic,Silver,2022-10-14,Afternoon 10-2 PM,9861292088
CUST01144,Bhavya Bhatia,Bengaluru,Tier 1,26-35,Female,Influencer,None,2022-11-05,Afternoon 10-2 PM,9698779777
CUST01145,Rohit Chatterjee,Mumbai,Tier 1,26-35,Male,Paid Ads,Platinum,2022-03-08,Evening 4-8 PM,9518825082
CUST01146,Ananya Suri,Bengaluru,Tier 1,46-60,Female,Referral,Silver,2022-12-09,Afternoon 10-2 PM,9668644813
CUST01147,Rahul Yadav,Bengaluru,Tier 1,26-35,Female,Organic,None,2021-12-08,Evening 4-8 PM,9546024829
CUST01148,Akash Yadav,Lucknow,Tier 2,60+,Female,Paid Ads,None,2021-09-27,Morning 6-10 AM,9232600684
CUST01149,Namrata Menon,Mumbai,Tier 1,60+,Female,Organic,None,2023-04-02,Morning 6-10 AM,9333810072
CUST01150,Bhuvan Bose,Bengaluru,Tier 1,26-35,Male,Organic,Platinum,2022-10-13,Evening 4-8 PM,9341698434
CUST01151,Uday Yadav,Ahmedabad,Tier 2,26-35,Female,Paid Ads,None,2021-12-30,Late Night 8-11 PM,
CUST01152,Suresh Sethi,Ahmedabad,Tier 2,26-35,Female,Paid Ads,None,2023-05-07,Evening 4-8 PM,9764513013
CUST01153,Ekta Bhatia,Bengaluru,Tier 1,26-35,Male,Paid Ads,Gold,2021-02-16,Afternoon 10-2 PM,9711287818
CUST01154,Nandini Singh,Hyderabad,Tier 1,60+,Male,Referral,None,2023-03-09,Evening 4-8 PM,9273279673
CUST01155,Tanmay Gowda,Delhi,Tier 1,26-35,Male,Referral,Gold,2021-09-29,Morning 6-10 AM,9322272362
CUST01156,Sonali Malhotra,Delhi,Tier 1,36-45,Male,Organic,Platinum,2023-08-03,Morning 6-10 AM,9748547358
CUST01157,Kiran Malhotra,Ahmedabad,Tier 2,26-35,Female,Organic,None,2023-04-13,Morning 6-10 AM,9513729471
CUST01158,Shubham Kapoor,Mumbai,Tier 1,46-60,Female,Referral,None,2023-12-30,Evening 4-8 PM,9988793910
CUST01159,Rahul Naidu,Pune,Tier 2,26-35,Female,Referral,None,2023-11-14,Afternoon 10-2 PM,9945489578
CUST01160,Kabir Kamath,Mumbai,Tier 1,26-35,Female,Referral,Gold,2021-12-13,Morning 6-10 AM,9252417753
CUST01161,Tanvi Menon,Jaipur,Tier 2,26-35,Male,Referral,None,2023-10-04,Afternoon 10-2 PM,9467695264
CUST01162,Sneha Mukherjee,Bengaluru,Tier 1,36-45,Female,Paid Ads,Silver,2021-10-14,Afternoon 10-2 PM,9337320065
CUST01163,Zara Sen,Ahmedabad,Tier 2,36-45,Male,Referral,None,2022-09-17,Afternoon 10-2 PM,9416624578
CUST01164,Omkar Iyer,Mumbai,Tier 1,18-25,Male,Paid Ads,None,2021-02-27,Evening 4-8 PM,9259303944
CUST01165,Pankaj Sen,Delhi,Tier 1,36-45,Female,Offline,None,2021-12-15,Afternoon 10-2 PM,9730431863
CUST01166,Ramesh Jain,Ahmedabad,Tier 2,26-35,Female,Paid Ads,None,2023-12-12,Morning 6-10 AM,9507884854
CUST01167,Bhavya Mukherjee,Mumbai,Tier 1,26-35,Male,Organic,None,2021-09-02,Evening 4-8 PM,9593192932
CUST01168,Hansika Sharma,Delhi,Tier 1,46-60,Female,Referral,None,2022-04-13,Afternoon 10-2 PM,9135262255
CUST01169,Diya Mukherjee,Bengaluru,Tier 1,26-35,Male,Offline,None,2021-06-12,Evening 4-8 PM,
CUST01170,Nisha Malhotra,Delhi,Tier 1,26-35,Female,Referral,Gold,2022-05-17,Evening 4-8 PM,9290514740
CUST01171,Dhruv Bose,Mumbai,Tier 1,36-45,Male,Organic,None,2021-05-11,Evening 4-8 PM,9425086999
CUST01172,Neha Malhotra,Mumbai,Tier 1,36-45,Female,Paid Ads,Gold,2021-04-15,Afternoon 10-2 PM,9310910630
CUST01173,Sneha Singh,Delhi,Tier 1,26-35,Male,Referral,None,2022-09-07,Afternoon 10-2 PM,9219747878
CUST01174,Sneha Choudhary,Hyderabad,Tier 1,36-45,Female,Referral,Gold,2021-01-02,Evening 4-8 PM,9390708299
CUST01175,Kunal Mukherjee,Delhi,Tier 1,26-35,Male,Offline,Gold,2023-12-26,Morning 6-10 AM,9702652974
CUST01176,Girish Shukla,Delhi,Tier 1,18-25,Female,Organic,None,2023-11-10,Morning 6-10 AM,9170393950
CUST01177,Mihir Ghosh,Pune,Tier 2,18-25,Female,Paid Ads,Gold,2022-01-10,Evening 4-8 PM,9348896361
CUST01178,Urvi Ghosh,Mumbai,Tier 1,26-35,Female,Organic,None,2022-03-07,Morning 6-10 AM,9267920042
CUST01179,Sarika Nayak,Mumbai,Tier 1,26-35,,Referral,None,2023-11-24,Morning 6-10 AM,9946912399
CUST01180,Tanmay Bose,Bengaluru,Tier 1,26-35,Male,Offline,Silver,2023-01-30,Evening 4-8 PM,9480033278
CUST01181,Ramesh Shukla,Ahmedabad,Tier 2,26-35,Female,Referral,Silver,2023-04-08,Morning 6-10 AM,9793414641
CUST01182,Sonali Choudhary,Pune,Tier 2,26-35,Female,Organic,Gold,2022-06-09,Evening 4-8 PM,9445579291
CUST01183,Sanjay Chatterjee,Delhi,Tier 1,36-45,Female,Referral,None,2023-06-21,Evening 4-8 PM,9361067244
CUST01184,Tanmay Chauhan,Mumbai,Tier 1,46-60,Female,Offline,None,2023-03-10,Late Night 8-11 PM,9622956671
CUST01185,Dhruv Kohli,Bengaluru,Tier 1,26-35,Male,Referral,Gold,2023-01-27,Morning 6-10 AM,9606635278
CUST01186,Chetan Chatterjee,Mumbai,Tier 1,60+,Female,Influencer,None,2022-09-05,Evening 4-8 PM,9570579379
CUST01187,Zoya Agarwal,Bengaluru,Tier 1,36-45,Male,Paid Ads,Silver,2021-02-14,Morning 6-10 AM,9943854460
CUST01188,Vandana Chatterjee,Hyderabad,Tier 1,60+,Male,Referral,Silver,2022-03-16,Evening 4-8 PM,9594784193
CUST01189,Meera Oberoi,Bengaluru,Tier 1,60+,Male,Referral,Silver,2021-10-15,Late Night 8-11 PM,9525532451
CUST01190,Aryan Shetty,Pune,Tier 2,26-35,Female,Paid Ads,None,2023-06-15,Morning 6-10 AM,9957144737
CUST01191,Vinay Rathore,Bengaluru,Tier 1,26-35,Male,Organic,None,2021-07-08,Morning 6-10 AM,9670975568
CUST01192,Varun Kamath,Mumbai,Tier 1,46-60,Female,Paid Ads,None,2022-01-26,Evening 4-8 PM,9562725525
CUST01193,Suresh Shukla,Pune,Tier 2,46-60,Other,Organic,None,2022-01-08,Morning 6-10 AM,9666628552
CUST01194,Vandana Hegde,Pune,Tier 2,46-60,Female,Paid Ads,Silver,2023-03-10,Morning 6-10 AM,9558648441
CUST01195,Neel Kohli,Mumbai,Tier 1,36-45,Male,Paid Ads,None,2022-12-28,Evening 4-8 PM,9719394502
CUST01196,Kabir Menon,Mumbai,Tier 1,26-35,Male,Paid Ads,None,2021-03-22,Late Night 8-11 PM,9174374750
CUST01197,Ramesh Shah,Bengaluru,Tier 1,36-45,Male,Organic,None,2022-04-23,Late Night 8-11 PM,9481548536
CUST01198,Sneha Nair,Mumbai,Tier 1,46-60,Male,Paid Ads,Platinum,2022-03-04,Evening 4-8 PM,9528614334
CUST01199,Sanjay Kohli,Mumbai,Tier 1,46-60,Male,Organic,Silver,2023-11-24,Late Night 8-11 PM,9229233762
CUST01200,Vandana Arora,Jaipur,Tier 2,26-35,Other,Paid Ads,None,2021-07-05,Morning 6-10 AM,9374109680
CUST01201,Sonali Verma,Delhi,Tier 1,18-25,,Paid Ads,Gold,2022-12-28,Evening 4-8 PM,9170121356
CUST01202,Jhanvi Ghosh,Delhi,Tier 1,26-35,Female,Referral,Silver,2023-08-24,Evening 4-8 PM,9883433291
CUST01203,Ravi Patel,Hyderabad,Tier 1,18-25,Male,Paid Ads,Silver,2021-11-15,Morning 6-10 AM,9141866066
CUST01204,Mohan Gowda,Mumbai,Tier 1,36-45,Male,Referral,Silver,2023-05-09,Evening 4-8 PM,9262543572
CUST01205,Lavanya Kumar,Pune,Tier 2,26-35,Female,Referral,Platinum,2022-02-22,Morning 6-10 AM,9384736299
CUST01206,Anika Nayak,Hyderabad,Tier 1,18-25,Male,Paid Ads,None,2021-10-23,Evening 4-8 PM,
CUST01207,Bhuvan Srivastava,Bengaluru,Tier 1,26-35,Male,Organic,Gold,2021-07-08,Evening 4-8 PM,
CUST01208,Suresh Tiwari,Lucknow,Tier 2,46-60,Female,Organic,Platinum,2021-01-02,Evening 4-8 PM,9375803064
CUST01209,Keerthi Agarwal,Mumbai,Tier 1,26-35,Female,Referral,Silver,2022-02-06,Afternoon 10-2 PM,9964842647
CUST01210,Neel Suri,Jaipur,Tier 2,18-25,Male,Paid Ads,Gold,2021-08-04,Evening 4-8 PM,9883864035
CUST01211,Rekha Saxena,Hyderabad,Tier 1,60+,Female,Paid Ads,None,2022-07-01,Afternoon 10-2 PM,9553141549
CUST01212,Kabir Kohli,Bengaluru,Tier 1,36-45,Female,Referral,None,2021-04-09,Evening 4-8 PM,9115377844
CUST01213,Ananya Shetty,Mumbai,Tier 1,36-45,Male,Paid Ads,None,2023-09-18,Afternoon 10-2 PM,9977235777
CUST01214,Seema Shukla,Lucknow,Tier 2,60+,Male,Organic,None,2022-07-27,Afternoon 10-2 PM,9462227170
CUST01215,Lakshmi Kapoor,Bengaluru,Tier 1,26-35,Female,Referral,None,2021-07-17,Afternoon 10-2 PM,9657350311
CUST01216,Sandeep Pandey,Bengaluru,Tier 1,36-45,Female,Organic,None,2023-07-26,Morning 6-10 AM,9865250808
CUST01217,Rohan Ghosh,Bengaluru,Tier 1,26-35,Female,Offline,Silver,2023-10-31,Late Night 8-11 PM,9648579657
CUST01218,Nandini Shah,Mumbai,Tier 1,36-45,Male,Referral,None,2021-11-07,Afternoon 10-2 PM,9150460728
CUST01219,Sandeep Agarwal,Pune,Tier 2,26-35,Female,Paid Ads,None,2021-07-25,Afternoon 10-2 PM,9763770302
CUST01220,Sachin Rao,Bengaluru,Tier 1,36-45,Female,Paid Ads,None,2021-04-11,Morning 6-10 AM,9418360616
CUST01221,Vidya Tiwari,Bengaluru,Tier 1,46-60,Male,Organic,Silver,2021-01-01,Late Night 8-11 PM,9817388568
CUST01222,Uma Bhatia,Bengaluru,Tier 1,36-45,Male,Referral,None,2023-09-12,Morning 6-10 AM,9966497057
CUST01223,Nisha Mishra,Lucknow,Tier 2,36-45,Female,Paid Ads,Silver,2022-12-19,Morning 6-10 AM,9396586682
CUST01224,Seema Nair,Mumbai,Tier 1,36-45,Female,Referral,None,2021-10-19,Morning 6-10 AM,9111563162
CUST01225,Vidya Ghosh,Hyderabad,Tier 1,26-35,Female,Referral,Gold,2023-06-17,Morning 6-10 AM,9897695393
CUST01226,Kavya Gupta,Hyderabad,Tier 1,46-60,Female,Referral,Platinum,2021-03-25,Evening 4-8 PM,9221158422
CUST01227,Siddharth Kohli,Hyderabad,Tier 1,26-35,Female,Influencer,Gold,2022-08-20,Afternoon 10-2 PM,9885720569
CUST01228,Bhuvan Gowda,Hyderabad,Tier 1,26-35,Female,Referral,Gold,2023-06-05,Evening 4-8 PM,9926722781
CUST01229,Tanmay Srivastava,Bengaluru,Tier 1,26-35,Male,Paid Ads,None,2022-05-30,Afternoon 10-2 PM,9208588563
CUST01230,Tarun Malhotra,Hyderabad,Tier 1,36-45,Male,Paid Ads,None,2023-09-27,Morning 6-10 AM,9503536163
CUST01231,Lavanya Roy,Hyderabad,Tier 1,18-25,Male,Influencer,None,2021-07-21,Evening 4-8 PM,9920371691
CUST01232,Aditya Oberoi,Bengaluru,Tier 1,36-45,Female,Influencer,Gold,2021-03-23,Evening 4-8 PM,9594718999
CUST01233,Vidya Patel,Delhi,Tier 1,46-60,Female,Referral,Gold,2021-02-22,Evening 4-8 PM,9777017062
CUST01234,Diya Das,Jaipur,Tier 2,46-60,Female,Referral,None,2022-06-04,Evening 4-8 PM,9478363473
CUST01235,Nisha Bose,Lucknow,Tier 2,26-35,Male,Paid Ads,None,2022-06-23,Late Night 8-11 PM,9699660934
CUST01236,Vivek Sethi,Pune,Tier 2,26-35,Male,Paid Ads,None,2023-10-21,Evening 4-8 PM,9761857388
CUST01237,Neha Chatterjee,Delhi,Tier 1,46-60,Male,Referral,None,2022-10-03,Evening 4-8 PM,9912354926
CUST01238,Pankaj Kamath,Bengaluru,Tier 1,36-45,Male,Influencer,None,2021-11-23,Evening 4-8 PM,9219701391
CUST01239,Rajesh Desai,Mumbai,Tier 1,36-45,Female,Referral,None,2023-03-27,Afternoon 10-2 PM,
CUST01240,Sachin Arora,Mumbai,Tier 1,46-60,Female,Influencer,None,2022-11-28,Morning 6-10 AM,9513648472
CUST01241,Vandana Hegde,Mumbai,Tier 1,46-60,Female,Referral,None,2022-10-26,Late Night 8-11 PM,9143779506
CUST01242,Kavya Suri,Bengaluru,Tier 1,60+,Male,Organic,Gold,2022-03-25,Evening 4-8 PM,9795672015
CUST01243,Kabir Sharma,Pune,Tier 2,26-35,Female,Influencer,None,2023-06-18,Afternoon 10-2 PM,9709977378
CUST01244,Lakshmi Kamath,Mumbai,Tier 1,26-35,Male,Paid Ads,None,2023-03-04,Late Night 8-11 PM,9490808654
CUST01245,Pankaj Pandey,Pune,Tier 2,26-35,Female,Offline,Silver,2023-01-02,Morning 6-10 AM,9445382534
CUST01246,Payal Malhotra,Ahmedabad,Tier 2,36-45,Female,Organic,None,2023-11-06,Late Night 8-11 PM,9212536324
CUST01247,Dhruv Shah,Pune,Tier 2,36-45,Female,Referral,None,2022-04-04,Afternoon 10-2 PM,9157124626
CUST01248,Sneha Rathore,Delhi,Tier 1,36-45,Male,Offline,None,2023-07-08,Morning 6-10 AM,
CUST01249,Rashmi Rao,Bengaluru,Tier 1,18-25,Male,Offline,None,2022-06-01,Morning 6-10 AM,9866235255
CUST01250,Simran Saxena,Delhi,Tier 1,36-45,Male,Paid Ads,Platinum,2022-09-27,Evening 4-8 PM,9454907373
CUST01251,Varun Tiwari,Bengaluru,Tier 1,18-25,Female,Referral,None,2021-01-14,Morning 6-10 AM,
CUST01252,Amrita Nair,Pune,Tier 2,36-45,Male,Organic,None,2021-11-27,Afternoon 10-2 PM,9745883049
CUST01253,Kunal Shetty,Pune,Tier 2,26-35,Female,Paid Ads,Silver,2021-07-02,Morning 6-10 AM,9852616356
CUST01254,Sapna Naidu,Jaipur,Tier 2,26-35,Female,Organic,Platinum,2021-07-16,Morning 6-10 AM,9562096486
CUST01255,Uday Singh,Ahmedabad,Tier 2,26-35,Male,Organic,Platinum,2021-06-17,Late Night 8-11 PM,9662498203
CUST01256,Dhruv Mehta,Bengaluru,Tier 1,60+,Male,Paid Ads,Silver,2023-12-20,Morning 6-10 AM,9428848348
CUST01257,Zara Khurana,Mumbai,Tier 1,26-35,Male,Organic,Silver,2023-10-18,Evening 4-8 PM,9470707181
CUST01258,Nandini Rao,Mumbai,Tier 1,36-45,Female,Influencer,Platinum,2021-12-30,Evening 4-8 PM,9577929411
CUST01259,Ananya Agarwal,Mumbai,Tier 1,46-60,Female,Organic,Silver,2022-08-20,Late Night 8-11 PM,9733621841
CUST01260,Diya Rathore,Delhi,Tier 1,26-35,Male,Referral,None,2023-07-21,Morning 6-10 AM,9517520043
CUST01261,Gaurav Suri,Pune,Tier 2,36-45,Male,Paid Ads,Gold,2023-10-03,Morning 6-10 AM,9484744683
CUST01262,Tanvi Naidu,Mumbai,Tier 1,46-60,Female,Referral,Silver,2023-12-01,Afternoon 10-2 PM,9666224316
CUST01263,Payal Agarwal,Delhi,Tier 1,26-35,Female,Referral,Platinum,2021-10-05,Morning 6-10 AM,9772526678
CUST01264,Simran Roy,Delhi,Tier 1,18-25,Male,Organic,Gold,2023-03-08,Afternoon 10-2 PM,9927576607
CUST01265,Nandini Anand,Bengaluru,Tier 1,18-25,Female,Organic,None,2021-12-22,Morning 6-10 AM,9673691810
CUST01266,Rajan Roy,Mumbai,Tier 1,26-35,Female,Organic,None,2023-06-08,Evening 4-8 PM,9291437553
CUST01267,Nandini Anand,Delhi,Tier 1,18-25,Male,Paid Ads,None,2022-03-30,Morning 6-10 AM,
CUST01268,Mohan Khurana,Mumbai,Tier 1,36-45,Male,Offline,None,2021-08-27,Morning 6-10 AM,
CUST01269,Rekha Kumar,Bengaluru,Tier 1,60+,Female,Paid Ads,Silver,2021-04-02,Evening 4-8 PM,9767613742
CUST01270,Siddharth Oberoi,Hyderabad,Tier 1,36-45,Female,Referral,Gold,2022-07-13,Morning 6-10 AM,
CUST01271,Sanjay Bose,Ahmedabad,Tier 2,46-60,Male,Referral,None,2021-01-22,Morning 6-10 AM,9847326207
CUST01272,Ishaan Suri,Pune,Tier 2,36-45,Male,Organic,Silver,2023-09-28,Morning 6-10 AM,9279708658
CUST01273,Pallavi Oberoi,Jaipur,Tier 2,36-45,Female,Organic,Silver,2022-06-20,Morning 6-10 AM,9983557960
CUST01274,Meera Singh,Ahmedabad,Tier 2,36-45,Male,Organic,None,2023-08-19,Late Night 8-11 PM,9140835744
CUST01275,Lakshmi Singh,Ahmedabad,Tier 2,36-45,Female,Organic,None,2023-06-17,Evening 4-8 PM,9925843364
CUST01276,Urvi Choudhary,Mumbai,Tier 1,60+,Female,Referral,None,2021-01-30,Morning 6-10 AM,9369296768
CUST01277,Rohan Dubey,Jaipur,Tier 2,26-35,Female,Paid Ads,None,2022-08-21,Morning 6-10 AM,9773465510
CUST01278,Keerthi Srivastava,Mumbai,Tier 1,26-35,Female,Organic,Gold,2023-12-19,Morning 6-10 AM,9687469231
CUST01279,Ayesha Nair,Lucknow,Tier 2,36-45,Male,Paid Ads,None,2021-12-14,Evening 4-8 PM,9141263927
CUST01280,Farhan Oberoi,Mumbai,Tier 1,26-35,,Paid Ads,None,2021-09-03,Evening 4-8 PM,9137790581
CUST01281,Chetan Verma,Delhi,Tier 1,36-45,Female,Offline,None,2022-08-02,Evening 4-8 PM,9903233413
CUST01282,Tarun Bhatia,Bengaluru,Tier 1,26-35,Other,Referral,Platinum,2021-11-10,Afternoon 10-2 PM,9340346197
CUST01283,Hansika Srivastava,Mumbai,Tier 1,26-35,Female,Offline,None,2023-01-24,Evening 4-8 PM,9421969712
CUST01284,Sonali Tiwari,Mumbai,Tier 1,36-45,Female,Organic,Silver,2022-12-24,Afternoon 10-2 PM,9548529473
CUST01285,Soham Shukla,Delhi,Tier 1,60+,Male,Paid Ads,None,2021-09-30,Evening 4-8 PM,9332958281
CUST01286,Zara Pillai,Hyderabad,Tier 1,46-60,Female,Referral,None,2023-08-07,Afternoon 10-2 PM,9538310099
CUST01287,Rajesh Menon,Bengaluru,Tier 1,26-35,Male,Paid Ads,Silver,2023-04-25,Afternoon 10-2 PM,9692375927
CUST01288,Keerthi Roy,Ahmedabad,Tier 2,46-60,Male,Offline,None,2022-02-27,Morning 6-10 AM,9393475095
CUST01289,Nandini Khurana,Lucknow,Tier 2,36-45,Female,Paid Ads,None,2021-11-05,Evening 4-8 PM,9892921493
CUST01290,Tarun Chatterjee,Mumbai,Tier 1,36-45,Female,Paid Ads,None,2021-03-14,Evening 4-8 PM,9192073425
CUST01291,Aryan Mukherjee,Mumbai,Tier 1,46-60,Male,Influencer,None,2021-11-05,Morning 6-10 AM,9170891744
CUST01292,Ramesh Kohli,Bengaluru,Tier 1,46-60,Male,Paid Ads,Silver,2022-09-14,Morning 6-10 AM,9263226903
CUST01293,Harini Agarwal,Mumbai,Tier 1,46-60,Male,Paid Ads,None,2022-07-30,Evening 4-8 PM,9221719840
CUST01294,Kabir Shukla,Hyderabad,Tier 1,18-25,Male,Influencer,Silver,2023-09-04,Afternoon 10-2 PM,
CUST01295,Sandeep Shukla,Hyderabad,Tier 1,36-45,Male,Influencer,None,2022-12-06,Late Night 8-11 PM,9497250289
CUST01296,Ishita Bhatia,Mumbai,Tier 1,26-35,Male,Organic,None,2022-02-08,Late Night 8-11 PM,9863868715
CUST01297,Deepa Banerjee,Pune,Tier 2,36-45,Female,Organic,None,2023-05-06,Evening 4-8 PM,9371351496
CUST01298,Prachi Jain,Mumbai,Tier 1,46-60,Male,Paid Ads,None,2022-05-05,Morning 6-10 AM,9564876172
CUST01299,Pooja Tripathi,Bengaluru,Tier 1,60+,Female,Referral,Silver,2021-03-06,Morning 6-10 AM,9770197070
CUST01300,Zoya Verma,Mumbai,Tier 1,26-35,Male,Paid Ads,None,2022-07-08,Afternoon 10-2 PM,9962371481
CUST01301,Siddharth Tiwari,Delhi,Tier 1,36-45,Male,Paid Ads,Platinum,2022-01-31,Morning 6-10 AM,9583048762
CUST01302,Deepa Naidu,Jaipur,Tier 2,36-45,Male,Paid Ads,None,2021-09-21,Morning 6-10 AM,9179902102
CUST01303,Bhavya Rao,Mumbai,Tier 1,36-45,Male,Organic,None,2021-01-28,Morning 6-10 AM,9762993351
CUST01304,Aditya Chawla,Mumbai,Tier 1,60+,,Referral,None,2021-08-05,Morning 6-10 AM,
CUST01305,Deepa Kumar,Mumbai,Tier 1,18-25,Female,Organic,Gold,2022-04-23,Evening 4-8 PM,9515431734
CUST01306,Vikram Pillai,Bengaluru,Tier 1,26-35,Male,Offline,Platinum,2022-01-17,Evening 4-8 PM,9735453350
CUST01307,Ayesha Shukla,Ahmedabad,Tier 2,26-35,Male,Organic,None,2021-10-22,Morning 6-10 AM,9303308276
CUST01308,Payal Yadav,Hyderabad,Tier 1,18-25,Male,Paid Ads,Platinum,2021-11-29,Late Night 8-11 PM,9418600131
CUST01309,Urvi Chawla,Hyderabad,Tier 1,26-35,Male,Influencer,Silver,2023-12-23,Evening 4-8 PM,9833935852
CUST01310,Kiran Gupta,Bengaluru,Tier 1,18-25,Male,Influencer,Silver,2023-05-31,Morning 6-10 AM,9868916948
CUST01311,Mihir Singh,Delhi,Tier 1,26-35,Female,Influencer,None,2021-05-15,Evening 4-8 PM,9442592338
CUST01312,Tanvi Sen,Delhi,Tier 1,26-35,Female,Paid Ads,Gold,2022-01-25,Late Night 8-11 PM,9841810234
CUST01313,Suresh Krishnan,Bengaluru,Tier 1,26-35,Female,Influencer,None,2023-08-08,Late Night 8-11 PM,9263944109
CUST01314,Sapna Tiwari,Mumbai,Tier 1,46-60,Female,Referral,Platinum,2021-11-02,Afternoon 10-2 PM,
CUST01315,Keerthi Subramaniam,Pune,Tier 2,26-35,Female,Organic,None,2023-03-13,Morning 6-10 AM,9312339412
CUST01316,Sarika Reddy,Mumbai,Tier 1,26-35,Female,Paid Ads,None,2023-09-24,Morning 6-10 AM,9567193199
CUST01317,Kiran Rathore,Jaipur,Tier 2,60+,Male,Offline,None,2022-10-25,Morning 6-10 AM,9251910624
CUST01318,Uday Naidu,Bengaluru,Tier 1,26-35,Male,Offline,None,2022-11-25,Evening 4-8 PM,9560632480
CUST01319,Bhuvan Iyer,Hyderabad,Tier 1,26-35,Male,Paid Ads,Gold,2021-09-20,Evening 4-8 PM,9167779949
CUST01320,Sanika Tiwari,Mumbai,Tier 1,26-35,Female,Referral,None,2022-10-03,Late Night 8-11 PM,9611302630
CUST01321,Yash Mukherjee,Pune,Tier 2,36-45,Male,Organic,None,2022-10-22,Morning 6-10 AM,9345808173
CUST01322,Ekta Malhotra,Hyderabad,Tier 1,46-60,Male,Paid Ads,None,2022-10-04,Evening 4-8 PM,9905512878
CUST01323,Ravi Singh,Mumbai,Tier 1,26-35,Male,Influencer,Silver,2022-06-29,Late Night 8-11 PM,9307427294
CUST01324,Prachi Saxena,Pune,Tier 2,18-25,Female,Organic,Platinum,2021-01-07,Morning 6-10 AM,9618137470
CUST01325,Pooja Chatterjee,Delhi,Tier 1,26-35,Male,Influencer,None,2022-01-21,Morning 6-10 AM,9229238160
CUST01326,Ayesha Tripathi,Bengaluru,Tier 1,46-60,Female,Paid Ads,Platinum,2023-02-10,Morning 6-10 AM,9111718836
CUST01327,Mohan Rao,Bengaluru,Tier 1,26-35,Male,Referral,Platinum,2023-01-25,Afternoon 10-2 PM,9258500127
CUST01328,Sanjay Bajaj,Delhi,Tier 1,26-35,Male,Paid Ads,Gold,2023-07-23,Late Night 8-11 PM,9586763125
CUST01329,Amrita Iyer,Bengaluru,Tier 1,26-35,Male,Organic,Gold,2023-09-05,Morning 6-10 AM,9873632320
CUST01330,Anika Chawla,Bengaluru,Tier 1,26-35,Male,Organic,None,2021-03-12,Evening 4-8 PM,9912276430
CUST01331,Varun Mehta,Delhi,Tier 1,36-45,Female,Paid Ads,Silver,2021-10-14,Late Night 8-11 PM,9866494676
CUST01332,Sandeep Banerjee,Bengaluru,Tier 1,26-35,Male,Referral,Platinum,2021-05-08,Afternoon 10-2 PM,9525191203
CUST01333,Vivek Hegde,Hyderabad,Tier 1,18-25,Male,Organic,Gold,2022-06-19,Evening 4-8 PM,
CUST01334,Anika Mehta,Hyderabad,Tier 1,36-45,Female,Paid Ads,None,2022-04-22,Morning 6-10 AM,9247825381
CUST01335,Ravi Roy,Delhi,Tier 1,36-45,Female,Organic,Silver,2023-10-06,Evening 4-8 PM,9545537052
CUST01336,Arjun Pillai,Delhi,Tier 1,36-45,Male,Referral,None,2021-06-15,Morning 6-10 AM,9990171357
CUST01337,Namrata Rao,Mumbai,Tier 1,36-45,Female,Referral,Platinum,2023-02-06,Morning 6-10 AM,9316451229
CUST01338,Pallavi Mukherjee,Pune,Tier 2,26-35,Female,Paid Ads,Silver,2023-07-14,Evening 4-8 PM,9799444677
CUST01339,Seema Menon,Hyderabad,Tier 1,26-35,Male,Influencer,Silver,2022-02-26,Evening 4-8 PM,9902378319
CUST01340,Omkar Oberoi,Bengaluru,Tier 1,26-35,Female,Paid Ads,None,2022-04-16,Afternoon 10-2 PM,9370940044
CUST01341,Anika Ghosh,Mumbai,Tier 1,18-25,Female,Influencer,None,2023-03-07,Morning 6-10 AM,9519569330
CUST01342,Kritika Rathore,Hyderabad,Tier 1,26-35,Female,Referral,Silver,2022-05-24,Evening 4-8 PM,9100290700
CUST01343,Faisal Mehta,Ahmedabad,Tier 2,46-60,Female,Offline,None,2023-02-21,Morning 6-10 AM,9204402785
CUST01344,Namrata Sethi,Mumbai,Tier 1,26-35,Male,Influencer,None,2023-05-06,Morning 6-10 AM,9137573177
CUST01345,Rajan Rao,Ahmedabad,Tier 2,26-35,Female,Influencer,Silver,2022-02-24,Evening 4-8 PM,9832107902
CUST01346,Swati Kumar,Pune,Tier 2,18-25,Male,Organic,Gold,2022-07-14,Evening 4-8 PM,9615100796
CUST01347,Omkar Rao,Mumbai,Tier 1,26-35,Male,Paid Ads,None,2023-06-05,Morning 6-10 AM,9114247551
CUST01348,Arjun Suri,Delhi,Tier 1,18-25,Female,Organic,Gold,2023-09-09,Morning 6-10 AM,9820741213
CUST01349,Manish Malhotra,Bengaluru,Tier 1,36-45,Female,Offline,None,2023-06-11,Morning 6-10 AM,9950364626
CUST01350,Aryan Das,Bengaluru,Tier 1,26-35,Female,Paid Ads,Gold,2021-12-02,Afternoon 10-2 PM,9879749812
CUST01351,Kabir Chatterjee,Delhi,Tier 1,36-45,Male,Organic,None,2023-08-16,Afternoon 10-2 PM,9258519927
CUST01352,Uday Oberoi,Pune,Tier 2,36-45,Male,Paid Ads,Platinum,2021-10-09,Evening 4-8 PM,9600959801
CUST01353,Vishal Gowda,Delhi,Tier 1,36-45,Female,Paid Ads,None,2021-10-25,Late Night 8-11 PM,9993367254
CUST01354,Zoya Iyer,Pune,Tier 2,60+,Female,Influencer,None,2023-05-09,Afternoon 10-2 PM,9684112050
CUST01355,Farhan Khurana,Mumbai,Tier 1,18-25,Female,Referral,None,2022-04-10,Morning 6-10 AM,9625253023
CUST01356,Uma Shetty,Mumbai,Tier 1,36-45,Female,Paid Ads,Silver,2023-03-16,Evening 4-8 PM,9538084992
CUST01357,Farhan Shah,Hyderabad,Tier 1,36-45,Male,Influencer,None,2022-01-21,Evening 4-8 PM,9641714649
CUST01358,Uday Rao,Pune,Tier 2,46-60,Female,Paid Ads,None,2022-09-13,Evening 4-8 PM,9203709736
CUST01359,Manish Verma,Jaipur,Tier 2,18-25,Male,Organic,Silver,2021-05-27,Evening 4-8 PM,9227724737
CUST01360,Sagar Suri,Delhi,Tier 1,26-35,Female,Paid Ads,Gold,2022-03-03,Afternoon 10-2 PM,9613720486
CUST01361,Amrita Patel,Hyderabad,Tier 1,36-45,Other,Paid Ads,None,2022-06-08,Afternoon 10-2 PM,9512054081
CUST01362,Diya Pandey,Pune,Tier 2,36-45,Female,Paid Ads,None,2023-10-02,Late Night 8-11 PM,9623393732
CUST01363,Deepak Chauhan,Pune,Tier 2,26-35,Male,Organic,None,2021-07-12,Evening 4-8 PM,9359178336
CUST01364,Swati Patel,Hyderabad,Tier 1,26-35,Female,Referral,Silver,2023-04-21,Afternoon 10-2 PM,9737189607
CUST01365,Anika Desai,Ahmedabad,Tier 2,26-35,Male,Paid Ads,None,2023-03-06,Evening 4-8 PM,9877744414
CUST01366,Aditya Nair,Mumbai,Tier 1,36-45,Male,Influencer,Silver,2021-11-30,Morning 6-10 AM,9558199570
CUST01367,Kavya Shetty,Mumbai,Tier 1,18-25,Male,Organic,None,2021-12-28,Afternoon 10-2 PM,
CUST01368,Rohit Gowda,Mumbai,Tier 1,36-45,Female,Organic,Silver,2021-08-26,Afternoon 10-2 PM,9894951620
CUST01369,Dhruv Khurana,Lucknow,Tier 2,18-25,Male,Referral,None,2023-12-12,Afternoon 10-2 PM,9683562180
CUST01370,Swati Patel,Mumbai,Tier 1,26-35,Female,Paid Ads,None,2022-06-23,Morning 6-10 AM,9609625271
CUST01371,Nisha Krishnan,Bengaluru,Tier 1,18-25,Male,Organic,Platinum,2022-02-07,Morning 6-10 AM,9500845931
CUST01372,Tanvi Gupta,Delhi,Tier 1,60+,Female,Referral,Gold,2021-03-23,Morning 6-10 AM,9243038324
CUST01373,Sarika Sharma,Pune,Tier 2,26-35,Male,Organic,None,2022-06-29,Afternoon 10-2 PM,
CUST01374,Ishita Chatterjee,Ahmedabad,Tier 2,46-60,Female,Influencer,None,2023-08-31,Morning 6-10 AM,9285132385
CUST01375,Hansika Chawla,Bengaluru,Tier 1,36-45,Female,Organic,Silver,2023-11-11,Morning 6-10 AM,9612914010
CUST01376,Chetan Khurana,Delhi,Tier 1,26-35,Female,Paid Ads,None,2022-04-07,Evening 4-8 PM,9907852153
CUST01377,Ravi Choudhary,Delhi,Tier 1,26-35,Male,Referral,None,2023-07-11,Afternoon 10-2 PM,9903812257
CUST01378,Tanvi Bhatia,Jaipur,Tier 2,46-60,,Paid Ads,Gold,2021-11-19,Evening 4-8 PM,9633793013
CUST01379,Simran Arora,Pune,Tier 2,18-25,Male,Organic,None,2021-10-26,Evening 4-8 PM,
CUST01380,Prachi Dubey,Bengaluru,Tier 1,36-45,Other,Paid Ads,None,2022-11-01,Evening 4-8 PM,9604564045
CUST01381,Sapna Yadav,Delhi,Tier 1,46-60,Female,Referral,None,2021-10-09,Late Night 8-11 PM,9625785101
CUST01382,Vinay Jain,Lucknow,Tier 2,36-45,Male,Referral,None,2022-08-15,Late Night 8-11 PM,9448068818
CUST01383,Zara Pillai,Jaipur,Tier 2,26-35,Male,Influencer,Gold,2023-04-23,Afternoon 10-2 PM,9819068385
CUST01384,Ekta Krishnan,Hyderabad,Tier 1,36-45,Female,Referral,None,2023-01-11,Morning 6-10 AM,9319542069
CUST01385,Aditya Jain,Pune,Tier 2,26-35,Female,Influencer,None,2022-02-26,Evening 4-8 PM,9462250499
CUST01386,Imran Naidu,Mumbai,Tier 1,26-35,Male,Paid Ads,Platinum,2023-07-30,Morning 6-10 AM,9750670105
CUST01387,Harini Roy,Mumbai,Tier 1,46-60,Other,Organic,None,2022-06-06,Morning 6-10 AM,9691249692
CUST01388,Prachi Desai,Delhi,Tier 1,36-45,Male,Organic,None,2023-09-30,Afternoon 10-2 PM,9515414277
CUST01389,Ishita Kumar,Bengaluru,Tier 1,18-25,Female,Offline,Gold,2021-05-24,Morning 6-10 AM,9388207655
CUST01390,Diya Tripathi,Mumbai,Tier 1,36-45,Male,Influencer,Silver,2021-01-21,Afternoon 10-2 PM,9872634506
CUST01391,Simran Malhotra,Bengaluru,Tier 1,26-35,Female,Paid Ads,None,2022-12-26,Morning 6-10 AM,9694541854
CUST01392,Neel Reddy,Delhi,Tier 1,36-45,Female,Organic,Silver,2021-11-25,Evening 4-8 PM,9389619473
CUST01393,Harini Joshi,Pune,Tier 2,26-35,Male,Organic,None,2021-12-22,Evening 4-8 PM,9103402003
CUST01394,Rajesh Pandey,Bengaluru,Tier 1,36-45,Female,Paid Ads,None,2021-07-25,Morning 6-10 AM,9576884254
CUST01395,Vandana Krishnan,Delhi,Tier 1,26-35,Female,Paid Ads,Silver,2022-07-11,Afternoon 10-2 PM,9568849679
CUST01396,Vikram Mukherjee,Pune,Tier 2,26-35,Male,Referral,None,2022-02-25,Evening 4-8 PM,9745268953
CUST01397,Nandini Roy,Ahmedabad,Tier 2,26-35,Male,Organic,Gold,2022-07-16,Afternoon 10-2 PM,9347922133
CUST01398,Swati Verma,Bengaluru,Tier 1,36-45,Female,Referral,Gold,2021-02-14,Morning 6-10 AM,9509064426
CUST01399,Simran Srivastava,Mumbai,Tier 1,26-35,Male,Paid Ads,Gold,2022-07-06,Morning 6-10 AM,9613818484
CUST01400,Neel Kamath,Mumbai,Tier 1,36-45,Male,Paid Ads,None,2021-03-16,Morning 6-10 AM,9916806401
CUST01401,Rashmi Reddy,Bengaluru,Tier 1,18-25,Female,Organic,None,2022-06-07,Morning 6-10 AM,9568037375
CUST01402,Lakshmi Shah,Bengaluru,Tier 1,26-35,Male,Organic,None,2021-04-17,Evening 4-8 PM,9895744627
CUST01403,Vivek Chauhan,Mumbai,Tier 1,46-60,Female,Organic,None,2022-02-05,Evening 4-8 PM,
CUST01404,Pooja Hegde,Pune,Tier 2,36-45,Female,Referral,None,2023-01-26,Afternoon 10-2 PM,9300582179
CUST01405,Aditi Chatterjee,Bengaluru,Tier 1,46-60,Female,Paid Ads,None,2023-10-31,Morning 6-10 AM,9279316246
CUST01406,Kavya Kamath,Mumbai,Tier 1,18-25,Female,Influencer,None,2022-07-26,Afternoon 10-2 PM,9862581310
CUST01407,Nisha Reddy,Mumbai,Tier 1,36-45,Female,Organic,Gold,2021-01-02,Afternoon 10-2 PM,9626086805
CUST01408,Sarika Bajaj,Hyderabad,Tier 1,36-45,Male,Paid Ads,Gold,2023-12-01,Late Night 8-11 PM,9871328723
CUST01409,Seema Yadav,Ahmedabad,Tier 2,26-35,Female,Organic,None,2021-09-16,Evening 4-8 PM,9744028430
CUST01410,Rajan Nair,Lucknow,Tier 2,36-45,Male,Paid Ads,None,2022-10-07,Afternoon 10-2 PM,9331466989
CUST01411,Hansika Yadav,Delhi,Tier 1,18-25,Female,Referral,Platinum,2022-09-11,Evening 4-8 PM,9343816148
CUST01412,Pallavi Rathore,Jaipur,Tier 2,26-35,Female,Paid Ads,None,2021-09-25,Morning 6-10 AM,
CUST01413,Hansika Joshi,Jaipur,Tier 2,26-35,Male,Paid Ads,Silver,2023-06-07,Afternoon 10-2 PM,9981643204
CUST01414,Tanvi Patel,Delhi,Tier 1,46-60,Female,Paid Ads,Gold,2022-02-01,Afternoon 10-2 PM,9111871482
CUST01415,Kabir Tripathi,Lucknow,Tier 2,36-45,Male,Organic,None,2023-12-04,Morning 6-10 AM,9458673718
CUST01416,Sonali Banerjee,Pune,Tier 2,36-45,Male,Organic,None,2021-09-10,Afternoon 10-2 PM,9565368486
CUST01417,Ananya Suri,Pune,Tier 2,36-45,Female,Paid Ads,None,2021-11-11,Morning 6-10 AM,9809331304
CUST01418,Uma Srivastava,Hyderabad,Tier 1,36-45,Male,Referral,Gold,2023-02-26,Morning 6-10 AM,9147259052
CUST01419,Ishita Pillai,Bengaluru,Tier 1,26-35,Male,Referral,None,2023-05-25,Evening 4-8 PM,9326147192
CUST01420,Bhavya Reddy,Mumbai,Tier 1,46-60,Male,Paid Ads,None,2023-08-18,Morning 6-10 AM,9822211420
CUST01421,Deepa Suri,Delhi,Tier 1,26-35,Female,Referral,None,2023-08-19,Late Night 8-11 PM,9699758448
CUST01422,Vandana Mukherjee,Delhi,Tier 1,36-45,Male,Organic,None,2023-12-02,Evening 4-8 PM,9935689082
CUST01423,Neel Hegde,Ahmedabad,Tier 2,18-25,Male,Paid Ads,None,2023-10-19,Afternoon 10-2 PM,9155068529
CUST01424,Rajan Naidu,Jaipur,Tier 2,46-60,Male,Organic,None,2022-03-25,Morning 6-10 AM,9264559794
CUST01425,Payal Agarwal,Jaipur,Tier 2,26-35,Male,Paid Ads,Silver,2022-09-05,Afternoon 10-2 PM,9616656295
CUST01426,Keerthi Gupta,Jaipur,Tier 2,36-45,Female,Organic,Silver,2023-06-05,Afternoon 10-2 PM,9132851685
CUST01427,Sanika Nair,Bengaluru,Tier 1,26-35,Male,Offline,None,2023-03-23,Late Night 8-11 PM,9352448868
CUST01428,Ekta Naidu,Bengaluru,Tier 1,26-35,Male,Paid Ads,Silver,2021-06-19,Afternoon 10-2 PM,9891809662
CUST01429,Vishal Pandey,Mumbai,Tier 1,26-35,Male,Offline,None,2021-11-08,Evening 4-8 PM,
CUST01430,Ishita Das,Mumbai,Tier 1,60+,Male,Referral,None,2023-01-02,Evening 4-8 PM,9277405303
CUST01431,Rekha Joshi,Ahmedabad,Tier 2,18-25,Female,Offline,None,2022-01-29,Evening 4-8 PM,9984968257
CUST01432,Farhan Bose,Lucknow,Tier 2,36-45,Female,Paid Ads,Silver,2022-08-06,Evening 4-8 PM,9379153787
CUST01433,Payal Desai,Mumbai,Tier 1,18-25,Female,Referral,None,2022-11-25,Morning 6-10 AM,9970021632
CUST01434,Varun Ghosh,Delhi,Tier 1,26-35,Female,Paid Ads,None,2022-04-27,Evening 4-8 PM,9815386249
CUST01435,Nikhil Dubey,Bengaluru,Tier 1,18-25,Male,Organic,Silver,2021-08-30,Afternoon 10-2 PM,9235409307
CUST01436,Chetan Das,Mumbai,Tier 1,36-45,Female,Paid Ads,Gold,2023-06-11,Evening 4-8 PM,9817548742
CUST01437,Vivek Srivastava,Jaipur,Tier 2,36-45,Female,Organic,None,2021-03-11,Afternoon 10-2 PM,9470532888
CUST01438,Ananya Shetty,Mumbai,Tier 1,46-60,Male,Organic,None,2023-03-26,Afternoon 10-2 PM,9582767472
CUST01439,Ravi Tripathi,Mumbai,Tier 1,60+,Male,Paid Ads,Silver,2022-01-12,Late Night 8-11 PM,9369080108
CUST01440,Tarun Krishnan,Bengaluru,Tier 1,60+,Male,Influencer,None,2023-10-12,Morning 6-10 AM,9873936345
CUST01441,Ananya Choudhary,Mumbai,Tier 1,18-25,Male,Paid Ads,Silver,2022-11-22,Evening 4-8 PM,9985111193
CUST01442,Meera Menon,Lucknow,Tier 2,18-25,Female,Influencer,None,2022-07-15,Evening 4-8 PM,9734031447
CUST01443,Ekta Pillai,Hyderabad,Tier 1,26-35,Female,Influencer,Platinum,2022-08-18,Afternoon 10-2 PM,9147796183
CUST01444,Akash Tiwari,Bengaluru,Tier 1,36-45,Female,Organic,None,2023-05-05,Evening 4-8 PM,9753651567
CUST01445,Ramesh Shetty,Delhi,Tier 1,36-45,Male,Paid Ads,None,2021-03-21,Evening 4-8 PM,9722301809
CUST01446,Pankaj Sharma,Bengaluru,Tier 1,36-45,Male,Offline,Silver,2023-03-25,Afternoon 10-2 PM,
CUST01447,Prachi Agarwal,Mumbai,Tier 1,46-60,Female,Paid Ads,None,2022-09-20,Afternoon 10-2 PM,9633258413
CUST01448,Namrata Agarwal,Lucknow,Tier 2,36-45,Male,Organic,None,2023-03-08,Morning 6-10 AM,9685257215
CUST01449,Aditi Oberoi,Hyderabad,Tier 1,26-35,Male,Organic,Silver,2021-07-23,Afternoon 10-2 PM,9377232860
CUST01450,Rahul Suri,Mumbai,Tier 1,26-35,Male,Paid Ads,Silver,2023-01-11,Evening 4-8 PM,9432314956
CUST01451,Omkar Bajaj,Lucknow,Tier 2,36-45,Male,Organic,None,2021-01-07,Morning 6-10 AM,
CUST01452,Pooja Kumar,Pune,Tier 2,18-25,Male,Organic,None,2023-12-31,Evening 4-8 PM,9817257792
CUST01453,Deepa Banerjee,Hyderabad,Tier 1,36-45,Male,Paid Ads,None,2022-05-28,Morning 6-10 AM,9766087112
CUST01454,Deepak Gupta,Pune,Tier 2,26-35,Male,Paid Ads,None,2022-02-02,Evening 4-8 PM,9778143400
CUST01455,Rohit Kamath,Bengaluru,Tier 1,26-35,Female,Organic,Silver,2023-04-05,Afternoon 10-2 PM,9784498854
CUST01456,Amrita Tripathi,Delhi,Tier 1,36-45,Other,Referral,None,2023-10-10,Evening 4-8 PM,9445974650
CUST01457,Meera Subramaniam,Hyderabad,Tier 1,18-25,Male,Organic,None,2023-02-02,Afternoon 10-2 PM,9999279305
CUST01458,Ramesh Gowda,Mumbai,Tier 1,26-35,Male,Organic,None,2021-08-27,Afternoon 10-2 PM,9694407432
CUST01459,Tanmay Yadav,Lucknow,Tier 2,26-35,Female,Organic,Gold,2022-10-12,Evening 4-8 PM,9557028126
CUST01460,Farhan Mehta,Bengaluru,Tier 1,46-60,Female,Offline,None,2023-02-17,Evening 4-8 PM,9542413659
CUST01461,Vikram Sen,Lucknow,Tier 2,18-25,Male,Organic,Platinum,2022-08-07,Morning 6-10 AM,9247558675
CUST01462,Dhruv Arora,Jaipur,Tier 2,46-60,Male,Organic,Platinum,2022-11-15,Morning 6-10 AM,9718916987
CUST01463,Deepa Shah,Mumbai,Tier 1,18-25,Male,Referral,None,2021-06-13,Evening 4-8 PM,9719937594
CUST01464,Vishal Ghosh,Ahmedabad,Tier 2,46-60,Female,Organic,Platinum,2021-03-25,Afternoon 10-2 PM,9199823067
CUST01465,Pooja Tripathi,Hyderabad,Tier 1,18-25,Male,Offline,None,2021-08-07,Afternoon 10-2 PM,
CUST01466,Seema Agarwal,Pune,Tier 2,18-25,Male,Offline,Silver,2022-05-23,Evening 4-8 PM,9796306277
CUST01467,Payal Gowda,Jaipur,Tier 2,18-25,Female,Paid Ads,Silver,2021-09-17,Evening 4-8 PM,9832773091
CUST01468,Shreya Sharma,Delhi,Tier 1,36-45,Female,Paid Ads,Platinum,2022-01-20,Evening 4-8 PM,9561411684
CUST01469,Lavanya Roy,Mumbai,Tier 1,26-35,Female,Paid Ads,None,2023-04-23,Afternoon 10-2 PM,9367394651
CUST01470,Harini Saxena,Hyderabad,Tier 1,26-35,Female,Paid Ads,None,2023-04-11,Late Night 8-11 PM,9842277684
CUST01471,Lakshmi Hegde,Mumbai,Tier 1,36-45,Male,Referral,Gold,2021-03-24,Morning 6-10 AM,9149997943
CUST01472,Nandini Mishra,Pune,Tier 2,18-25,Male,Offline,None,2022-03-07,Afternoon 10-2 PM,9114774605
CUST01473,Rohit Menon,Bengaluru,Tier 1,26-35,Male,Referral,Gold,2023-01-26,Morning 6-10 AM,9808154449
CUST01474,Prachi Shukla,Delhi,Tier 1,36-45,Female,Organic,None,2022-01-21,Afternoon 10-2 PM,9811143027
CUST01475,Tarun Bose,Bengaluru,Tier 1,26-35,Male,Paid Ads,None,2021-05-03,Morning 6-10 AM,9318871405
CUST01476,Priya Rao,Bengaluru,Tier 1,26-35,Male,Referral,Silver,2023-12-21,Afternoon 10-2 PM,9425553894
CUST01477,Soham Pillai,Hyderabad,Tier 1,36-45,Male,Paid Ads,Platinum,2021-11-25,Afternoon 10-2 PM,9243330292
CUST01478,Nikhil Sethi,Mumbai,Tier 1,26-35,Male,Offline,Silver,2021-10-24,Afternoon 10-2 PM,9660523548
CUST01479,Diya Bose,Bengaluru,Tier 1,46-60,Male,Paid Ads,None,2021-05-09,Afternoon 10-2 PM,9359014195
CUST01480,Pallavi Naidu,Ahmedabad,Tier 2,26-35,Female,Offline,None,2023-12-22,Evening 4-8 PM,9667287649
CUST01481,Akash Chatterjee,Mumbai,Tier 1,36-45,Female,Paid Ads,Silver,2023-09-13,Morning 6-10 AM,9428927979
CUST01482,Siddharth Kapoor,Pune,Tier 2,36-45,Male,Organic,Silver,2023-01-01,Afternoon 10-2 PM,9310741952
CUST01483,Ravi Patel,Ahmedabad,Tier 2,46-60,Male,Referral,Gold,2023-10-07,Afternoon 10-2 PM,9117643054
CUST01484,Farhan Khurana,Hyderabad,Tier 1,46-60,Male,Influencer,None,2023-04-25,Morning 6-10 AM,9210182184
CUST01485,Vivek Shukla,Hyderabad,Tier 1,36-45,Male,Organic,Gold,2021-03-16,Afternoon 10-2 PM,9539308778
CUST01486,Prachi Sethi,Mumbai,Tier 1,36-45,Male,Organic,None,2022-04-30,Morning 6-10 AM,9368775486
CUST01487,Vinay Tripathi,Pune,Tier 2,36-45,Female,Organic,None,2021-12-09,Evening 4-8 PM,9106825346
CUST01488,Tarun Hegde,Jaipur,Tier 2,60+,Female,Influencer,None,2023-10-29,Morning 6-10 AM,9398145849
CUST01489,Payal Banerjee,Mumbai,Tier 1,46-60,Female,Paid Ads,None,2021-07-19,Morning 6-10 AM,9816506411
CUST01490,Kunal Hegde,Bengaluru,Tier 1,26-35,Female,Referral,Silver,2022-03-05,Morning 6-10 AM,9165793697
CUST01491,Neel Bhatia,Hyderabad,Tier 1,18-25,Male,Influencer,None,2022-09-06,Morning 6-10 AM,9838645398
CUST01492,Kiran Chauhan,Mumbai,Tier 1,26-35,Male,Organic,Silver,2023-05-11,Morning 6-10 AM,9327402604
CUST01493,Shubham Joshi,Mumbai,Tier 1,26-35,Female,Organic,None,2023-12-24,Evening 4-8 PM,9728805189
CUST01494,Soham Reddy,Lucknow,Tier 2,46-60,Female,Referral,None,2023-07-09,Morning 6-10 AM,9953320389
CUST01495,Ramesh Kapoor,Delhi,Tier 1,36-45,Female,Referral,Gold,2022-02-06,Evening 4-8 PM,9674932626
CUST01496,Deepak Gowda,Delhi,Tier 1,36-45,Female,Organic,None,2023-12-29,Morning 6-10 AM,9614667734
CUST01497,Jhanvi Kohli,Bengaluru,Tier 1,36-45,Female,Organic,None,2022-04-20,Morning 6-10 AM,9154501175
CUST01498,Dhruv Agarwal,Delhi,Tier 1,46-60,Male,Paid Ads,Gold,2021-07-11,Morning 6-10 AM,9246222107
CUST01499,Arjun Pandey,Ahmedabad,Tier 2,26-35,Female,Organic,None,2021-07-03,Evening 4-8 PM,9176702995
CUST01500,Hansika Agarwal,Delhi,Tier 1,18-25,Female,Paid Ads,Silver,2022-11-23,Evening 4-8 PM,9937569689
CUST01501,Lavanya Anand,Mumbai,Tier 1,18-25,Female,Organic,Silver,2021-06-16,Morning 6-10 AM,9964762970
CUST01502,Vinay Sethi,Mumbai,Tier 1,26-35,Female,Referral,None,2021-11-03,Evening 4-8 PM,9821746234
CUST01503,Urvi Sethi,Mumbai,Tier 1,26-35,Male,Organic,None,2021-10-30,Afternoon 10-2 PM,9611936846
CUST01504,Vidya Choudhary,Bengaluru,Tier 1,18-25,Male,Referral,Gold,2021-03-28,Afternoon 10-2 PM,9644541387
CUST01505,Anika Patel,Delhi,Tier 1,36-45,Male,Organic,None,2022-12-09,Morning 6-10 AM,9877280879
CUST01506,Vikram Rao,Delhi,Tier 1,26-35,Female,Organic,Platinum,2022-07-06,Morning 6-10 AM,9496818788
CUST01507,Sandeep Ghosh,Hyderabad,Tier 1,46-60,Female,Paid Ads,None,2021-03-22,Morning 6-10 AM,
CUST01508,Shreya Arora,Mumbai,Tier 1,46-60,Female,Referral,None,2021-02-04,Evening 4-8 PM,9664596870
CUST01509,Bhavya Mehta,Mumbai,Tier 1,26-35,Male,Organic,Silver,2023-12-19,Afternoon 10-2 PM,9668320415
CUST01510,Pankaj Chawla,Pune,Tier 2,36-45,Female,Referral,None,2023-08-29,Afternoon 10-2 PM,9653689310
CUST01511,Sachin Yadav,Mumbai,Tier 1,26-35,Female,Paid Ads,Silver,2021-05-15,Morning 6-10 AM,9827892854
CUST01512,Kritika Jain,Bengaluru,Tier 1,36-45,Female,Referral,Silver,2021-11-21,Afternoon 10-2 PM,9912263630
CUST01513,Sanika Srivastava,Hyderabad,Tier 1,36-45,Female,Organic,Silver,2022-05-31,Morning 6-10 AM,9982655420
CUST01514,Girish Roy,Bengaluru,Tier 1,26-35,Female,Paid Ads,Silver,2021-03-28,Morning 6-10 AM,9874301128
CUST01515,Rohit Agarwal,Hyderabad,Tier 1,36-45,Male,Offline,None,2021-02-17,Late Night 8-11 PM,9430422007
CUST01516,Prachi Gowda,Bengaluru,Tier 1,26-35,Female,Influencer,None,2021-02-16,Afternoon 10-2 PM,9495536203
CUST01517,Payal Desai,Bengaluru,Tier 1,26-35,Female,Organic,Platinum,2021-10-02,Evening 4-8 PM,9166067421
CUST01518,Rohit Patel,Hyderabad,Tier 1,26-35,Female,Offline,None,2022-02-24,Morning 6-10 AM,9921462344
CUST01519,Manish Shetty,Ahmedabad,Tier 2,26-35,Female,Influencer,None,2022-03-31,Morning 6-10 AM,9196698641
CUST01520,Bhuvan Dubey,Mumbai,Tier 1,26-35,Female,Referral,Gold,2022-02-11,Afternoon 10-2 PM,9828837659
CUST01521,Namrata Iyer,Mumbai,Tier 1,26-35,Male,Organic,None,2021-03-13,Evening 4-8 PM,9905351935
CUST01522,Urvi Rathore,Hyderabad,Tier 1,36-45,Male,Paid Ads,None,2023-10-23,Afternoon 10-2 PM,9873401277
CUST01523,Aditi Sharma,Ahmedabad,Tier 2,46-60,Male,Organic,Platinum,2021-08-07,Evening 4-8 PM,9690279296
CUST01524,Bhuvan Jain,Mumbai,Tier 1,46-60,Male,Paid Ads,Gold,2023-10-16,Afternoon 10-2 PM,9740027558
CUST01525,Tanmay Tiwari,Mumbai,Tier 1,46-60,Female,Referral,Silver,2022-12-10,Afternoon 10-2 PM,
CUST01526,Chetan Naidu,Bengaluru,Tier 1,18-25,Female,Referral,Gold,2022-08-22,Morning 6-10 AM,9612547316
CUST01527,Anika Kohli,Bengaluru,Tier 1,18-25,Other,Organic,None,2021-11-19,Evening 4-8 PM,9643155086
CUST01528,Nikhil Shukla,Mumbai,Tier 1,26-35,Male,Organic,None,2021-03-16,Morning 6-10 AM,9415624678
CUST01529,Vinay Tiwari,Mumbai,Tier 1,46-60,Male,Paid Ads,Gold,2022-11-23,Morning 6-10 AM,9560280392
CUST01530,Arjun Jain,Delhi,Tier 1,36-45,Male,Organic,None,2021-02-06,Evening 4-8 PM,9159471828
CUST01531,Mohan Sen,Delhi,Tier 1,26-35,Female,Organic,Gold,2021-02-25,Evening 4-8 PM,9178038923
CUST01532,Namrata Joshi,Bengaluru,Tier 1,60+,Female,Organic,None,2021-04-17,Morning 6-10 AM,9296928436
CUST01533,Farhan Rathore,Delhi,Tier 1,36-45,Male,Referral,None,2021-10-20,Evening 4-8 PM,9992699868
CUST01534,Arjun Nair,Bengaluru,Tier 1,26-35,Female,Organic,None,2023-07-06,Afternoon 10-2 PM,9354933874
CUST01535,Lavanya Bajaj,Delhi,Tier 1,36-45,Female,Paid Ads,None,2023-02-06,Morning 6-10 AM,9210031414
CUST01536,Soham Anand,Hyderabad,Tier 1,36-45,Female,Organic,None,2021-05-13,Afternoon 10-2 PM,9295182679
CUST01537,Sachin Shukla,Jaipur,Tier 2,60+,,Organic,None,2023-05-12,Evening 4-8 PM,9503585185
CUST01538,Keerthi Das,Ahmedabad,Tier 2,46-60,Female,Referral,Silver,2023-07-24,Evening 4-8 PM,9255886966
CUST01539,Sandeep Kohli,Delhi,Tier 1,26-35,Female,Organic,Gold,2021-07-30,Morning 6-10 AM,9432423268
CUST01540,Manish Kumar,Delhi,Tier 1,46-60,Male,Influencer,Gold,2022-04-02,Evening 4-8 PM,9561574330
CUST01541,Yash Mehta,Bengaluru,Tier 1,26-35,Female,Offline,None,2023-03-27,Afternoon 10-2 PM,9548505886
CUST01542,Anika Sethi,Lucknow,Tier 2,26-35,Female,Paid Ads,None,2022-04-13,Late Night 8-11 PM,9819564389
CUST01543,Sandeep Sethi,Hyderabad,Tier 1,26-35,Female,Organic,None,2021-02-05,Evening 4-8 PM,9989072843
CUST01544,Rohan Tiwari,Mumbai,Tier 1,46-60,Male,Organic,Gold,2023-06-09,Evening 4-8 PM,9941895248
CUST01545,Amrita Yadav,Mumbai,Tier 1,26-35,Female,Paid Ads,None,2023-02-23,Morning 6-10 AM,9776836206
CUST01546,Namrata Sharma,Mumbai,Tier 1,36-45,Female,Organic,None,2021-10-26,Evening 4-8 PM,9436827097
CUST01547,Harini Kapoor,Delhi,Tier 1,46-60,Female,Paid Ads,None,2022-09-29,Morning 6-10 AM,9143553198
CUST01548,Kritika Chauhan,Ahmedabad,Tier 2,36-45,Male,Referral,None,2023-03-12,Afternoon 10-2 PM,9159217839
CUST01549,Sapna Desai,Mumbai,Tier 1,26-35,Male,Organic,Silver,2021-02-22,Evening 4-8 PM,
CUST01550,Ekta Sethi,Delhi,Tier 1,26-35,Male,Referral,Silver,2022-10-21,Evening 4-8 PM,9290255458
CUST01551,Vidya Pillai,Ahmedabad,Tier 2,46-60,Female,Referral,None,2021-04-14,Evening 4-8 PM,9400433206
CUST01552,Uday Shukla,Bengaluru,Tier 1,26-35,Male,Organic,None,2023-07-09,Evening 4-8 PM,9919228886
CUST01553,Lavanya Iyer,Ahmedabad,Tier 2,36-45,,Paid Ads,None,2023-10-05,Morning 6-10 AM,9512824934
CUST01554,Kiran Khurana,Jaipur,Tier 2,36-45,Female,Referral,None,2023-03-25,Morning 6-10 AM,9382178361
CUST01555,Manish Pillai,Mumbai,Tier 1,26-35,Male,Offline,Gold,2022-10-06,Late Night 8-11 PM,9317560037
CUST01556,Seema Joshi,Bengaluru,Tier 1,26-35,Female,Paid Ads,None,2021-12-03,Morning 6-10 AM,
CUST01557,Sanjay Nair,Mumbai,Tier 1,26-35,Male,Influencer,Silver,2022-10-13,Late Night 8-11 PM,9715721836
CUST01558,Sanjay Nair,Lucknow,Tier 2,26-35,Male,Influencer,Gold,2022-09-21,Afternoon 10-2 PM,
CUST01559,Aditya Chatterjee,Lucknow,Tier 2,18-25,Female,Organic,None,2021-07-13,Morning 6-10 AM,9156801073
CUST01560,Mohan Oberoi,Bengaluru,Tier 1,26-35,Male,Paid Ads,None,2021-10-18,Morning 6-10 AM,9636504019
CUST01561,Kritika Kumar,Hyderabad,Tier 1,18-25,Female,Referral,Silver,2022-01-09,Evening 4-8 PM,9657727794
CUST01562,Shubham Reddy,Jaipur,Tier 2,36-45,Male,Influencer,Gold,2023-06-16,Evening 4-8 PM,9987269085
CUST01563,Vishal Malhotra,Bengaluru,Tier 1,46-60,Female,Organic,Platinum,2022-10-15,Evening 4-8 PM,9714637049
CUST01564,Vandana Verma,Pune,Tier 2,26-35,Female,Paid Ads,None,2023-04-05,Evening 4-8 PM,9587021077
CUST01565,Ayesha Mishra,Delhi,Tier 1,46-60,Male,Influencer,None,2021-10-28,Afternoon 10-2 PM,
CUST01566,Sanjay Agarwal,Pune,Tier 2,18-25,Female,Organic,Platinum,2022-12-17,Morning 6-10 AM,9522363610
CUST01567,Keerthi Sen,Hyderabad,Tier 1,18-25,Male,Offline,Platinum,2022-06-27,Late Night 8-11 PM,9178235163
CUST01568,Kunal Gupta,Delhi,Tier 1,60+,Male,Paid Ads,None,2021-03-22,Late Night 8-11 PM,9832143744
CUST01569,Simran Bhatia,Bengaluru,Tier 1,36-45,Male,Paid Ads,Silver,2021-11-21,Morning 6-10 AM,9455281449
CUST01570,Dhruv Anand,Pune,Tier 2,36-45,,Paid Ads,None,2022-05-29,Late Night 8-11 PM,9239573741
CUST01571,Dhruv Mukherjee,Bengaluru,Tier 1,46-60,Female,Paid Ads,Gold,2021-06-22,Morning 6-10 AM,9685932741
CUST01572,Ananya Anand,Delhi,Tier 1,36-45,Male,Offline,Platinum,2023-04-03,Morning 6-10 AM,9679036862
CUST01573,Keerthi Kumar,Pune,Tier 2,18-25,Female,Organic,None,2021-05-11,Evening 4-8 PM,9595430891
CUST01574,Vinay Rathore,Delhi,Tier 1,26-35,Male,Referral,Platinum,2023-11-02,Late Night 8-11 PM,9998770227
CUST01575,Ramesh Jain,Ahmedabad,Tier 2,36-45,Male,Referral,Platinum,2023-12-26,Evening 4-8 PM,9527986678
CUST01576,Nandini Chawla,Hyderabad,Tier 1,36-45,,Referral,None,2023-01-09,Evening 4-8 PM,9881349685
CUST01577,Nandini Dubey,Hyderabad,Tier 1,36-45,Male,Organic,None,2021-12-27,Morning 6-10 AM,9502147783
CUST01578,Lakshmi Jain,Bengaluru,Tier 1,26-35,Female,Organic,Silver,2022-08-26,Afternoon 10-2 PM,9242912785
CUST01579,Vandana Khurana,Hyderabad,Tier 1,46-60,Female,Influencer,None,2022-02-03,Morning 6-10 AM,9714818630
CUST01580,Rohit Mishra,Jaipur,Tier 2,26-35,Male,Referral,None,2023-12-28,Morning 6-10 AM,9618942472
CUST01581,Rohit Roy,Mumbai,Tier 1,26-35,Female,Paid Ads,Gold,2022-04-01,Afternoon 10-2 PM,9837056631
CUST01582,Neel Gowda,Bengaluru,Tier 1,60+,Male,Paid Ads,Silver,2023-01-20,Afternoon 10-2 PM,9657202202
CUST01583,Sapna Kamath,Bengaluru,Tier 1,36-45,Male,Paid Ads,None,2022-08-12,Afternoon 10-2 PM,9308477223
CUST01584,Faisal Nair,Bengaluru,Tier 1,46-60,Female,Influencer,None,2021-08-20,Morning 6-10 AM,9276968647
CUST01585,Vidya Shetty,Mumbai,Tier 1,36-45,Female,Organic,Silver,2023-01-16,Morning 6-10 AM,9449230222
CUST01586,Farhan Chatterjee,Bengaluru,Tier 1,46-60,Male,Organic,None,2022-03-16,Morning 6-10 AM,9663204192
CUST01587,Siddharth Shukla,Mumbai,Tier 1,46-60,Male,Offline,None,2021-11-03,Morning 6-10 AM,9217150274
CUST01588,Deepak Patel,Bengaluru,Tier 1,36-45,Male,Paid Ads,None,2021-09-07,Afternoon 10-2 PM,9702890574
CUST01589,Uma Shetty,Mumbai,Tier 1,18-25,Male,Organic,None,2023-11-20,Morning 6-10 AM,9474001732
CUST01590,Ishita Mukherjee,Bengaluru,Tier 1,36-45,Female,Referral,None,2022-10-27,Afternoon 10-2 PM,9546153330
CUST01591,Soham Agarwal,Pune,Tier 2,26-35,Male,Organic,None,2022-11-23,Afternoon 10-2 PM,9818671253
CUST01592,Girish Mukherjee,Bengaluru,Tier 1,36-45,Male,Paid Ads,Silver,2022-08-13,Evening 4-8 PM,9759688210
CUST01593,Deepa Naidu,Jaipur,Tier 2,36-45,Other,Organic,None,2021-01-13,Late Night 8-11 PM,
CUST01594,Sanika Chawla,Pune,Tier 2,26-35,Female,Organic,None,2021-09-26,Late Night 8-11 PM,9988066335
CUST01595,Ravi Gowda,Mumbai,Tier 1,26-35,Male,Paid Ads,Silver,2023-12-05,Afternoon 10-2 PM,9696513027
CUST01596,Nandini Joshi,Pune,Tier 2,26-35,Male,Paid Ads,None,2023-03-02,Evening 4-8 PM,9626809313
CUST01597,Omkar Shah,Mumbai,Tier 1,26-35,Female,Referral,None,2022-08-23,Evening 4-8 PM,9106834779
CUST01598,Varun Tripathi,Mumbai,Tier 1,36-45,Female,Organic,Platinum,2021-05-23,Late Night 8-11 PM,9285621949
CUST01599,Farhan Tripathi,Hyderabad,Tier 1,18-25,Female,Organic,None,2021-01-15,Evening 4-8 PM,9163334116
CUST01600,Aditi Krishnan,Bengaluru,Tier 1,18-25,Male,Organic,Gold,2023-08-07,Morning 6-10 AM,9923490206
CUST01601,Vidya Saxena,Delhi,Tier 1,18-25,Male,Referral,None,2023-09-11,Evening 4-8 PM,9489969500
CUST01602,Pooja Chauhan,Delhi,Tier 1,18-25,Male,Paid Ads,None,2021-10-19,Morning 6-10 AM,9932706150
CUST01603,Vandana Dubey,Ahmedabad,Tier 2,26-35,Female,Organic,None,2021-04-19,Morning 6-10 AM,9571948739
CUST01604,Imran Chauhan,Lucknow,Tier 2,26-35,Male,Organic,None,2022-03-21,Afternoon 10-2 PM,9299875360
CUST01605,Anika Chatterjee,Jaipur,Tier 2,26-35,Male,Offline,None,2022-03-15,Late Night 8-11 PM,9208243963
CUST01606,Ravi Suri,Pune,Tier 2,46-60,Male,Paid Ads,Gold,2021-10-22,Afternoon 10-2 PM,9801496649
CUST01607,Nisha Nayak,Bengaluru,Tier 1,36-45,Female,Organic,Gold,2022-09-23,Afternoon 10-2 PM,9878233110
CUST01608,Vandana Tripathi,Hyderabad,Tier 1,46-60,Male,Influencer,None,2021-02-10,Morning 6-10 AM,9372619016
CUST01609,Uday Bhatia,Delhi,Tier 1,36-45,Male,Influencer,Silver,2023-06-18,Evening 4-8 PM,9572598556
CUST01610,Ayesha Mukherjee,Mumbai,Tier 1,26-35,Female,Paid Ads,None,2023-10-17,Afternoon 10-2 PM,9860121856
CUST01611,Ravi Iyer,Ahmedabad,Tier 2,36-45,Female,Influencer,Silver,2021-11-02,Morning 6-10 AM,9205824138
CUST01612,Sandeep Mishra,Mumbai,Tier 1,36-45,Female,Organic,None,2021-03-19,Morning 6-10 AM,9695078474
CUST01613,Nandini Krishnan,Delhi,Tier 1,26-35,Male,Influencer,None,2022-03-08,Afternoon 10-2 PM,9499639071
CUST01614,Sagar Kumar,Hyderabad,Tier 1,26-35,Female,Offline,Silver,2021-03-24,Evening 4-8 PM,9424381197
CUST01615,Sapna Sethi,Bengaluru,Tier 1,18-25,Female,Referral,Silver,2023-08-01,Morning 6-10 AM,9275025011
CUST01616,Uma Khurana,Jaipur,Tier 2,46-60,Female,Organic,None,2021-12-09,Morning 6-10 AM,9730157079
CUST01617,Keerthi Verma,Pune,Tier 2,18-25,Male,Organic,Gold,2023-11-14,Evening 4-8 PM,9310810542
CUST01618,Zoya Tiwari,Jaipur,Tier 2,60+,Male,Referral,Silver,2021-08-24,Afternoon 10-2 PM,
CUST01619,Kavya Nair,Mumbai,Tier 1,26-35,Male,Referral,Gold,2023-08-01,Evening 4-8 PM,9249931996
CUST01620,Dhruv Choudhary,Mumbai,Tier 1,36-45,Male,Organic,None,2021-09-23,Afternoon 10-2 PM,
CUST01621,Ananya Shukla,Hyderabad,Tier 1,18-25,Male,Referral,None,2023-06-16,Afternoon 10-2 PM,9768913252
CUST01622,Namrata Patel,Pune,Tier 2,26-35,Male,Paid Ads,None,2021-01-28,Morning 6-10 AM,9814192713
CUST01623,Vidya Joshi,Pune,Tier 2,18-25,,Organic,None,2021-02-16,Morning 6-10 AM,9771462722
CUST01624,Rohit Gowda,Delhi,Tier 1,18-25,Female,Offline,Gold,2022-08-11,Morning 6-10 AM,
CUST01625,Manish Anand,Ahmedabad,Tier 2,46-60,Other,Paid Ads,None,2021-05-16,Afternoon 10-2 PM,9101327225
CUST01626,Namrata Saxena,Pune,Tier 2,36-45,Female,Organic,None,2023-10-14,Evening 4-8 PM,9345740029
CUST01627,Harini Rao,Lucknow,Tier 2,26-35,Male,Paid Ads,None,2023-01-21,Morning 6-10 AM,9239944647
CUST01628,Anika Kapoor,Mumbai,Tier 1,46-60,Female,Referral,None,2023-09-14,Morning 6-10 AM,9488504034
CUST01629,Tanvi Shah,Hyderabad,Tier 1,36-45,Male,Organic,None,2023-06-27,Evening 4-8 PM,9563020978
CUST01630,Amrita Verma,Delhi,Tier 1,26-35,Male,Influencer,Gold,2021-08-08,Afternoon 10-2 PM,9270293780
CUST01631,Nandini Chawla,Ahmedabad,Tier 2,36-45,Male,Referral,Silver,2022-05-27,Morning 6-10 AM,
CUST01632,Seema Rathore,Bengaluru,Tier 1,36-45,Female,Paid Ads,None,2022-09-24,Afternoon 10-2 PM,9733639638
CUST01633,Rohan Sen,Hyderabad,Tier 1,26-35,Female,Offline,Silver,2021-08-06,Morning 6-10 AM,9595795858
CUST01634,Gaurav Patel,Delhi,Tier 1,36-45,Female,Referral,Silver,2021-03-21,Afternoon 10-2 PM,9891007412
CUST01635,Vivek Shah,Pune,Tier 2,18-25,Male,Referral,None,2021-11-28,Morning 6-10 AM,
CUST01636,Diya Naidu,Mumbai,Tier 1,36-45,Male,Organic,None,2021-08-10,Afternoon 10-2 PM,9597631383
CUST01637,Varun Patel,Mumbai,Tier 1,26-35,Male,Organic,Silver,2022-11-12,Evening 4-8 PM,
CUST01638,Sandeep Jain,Ahmedabad,Tier 2,60+,Male,Organic,None,2021-08-22,Afternoon 10-2 PM,
CUST01639,Lakshmi Banerjee,Delhi,Tier 1,36-45,Female,Paid Ads,None,2023-05-30,Afternoon 10-2 PM,9319646669
CUST01640,Aarav Mukherjee,Mumbai,Tier 1,26-35,Female,Influencer,Silver,2023-04-05,Morning 6-10 AM,9571884011
CUST01641,Simran Krishnan,Jaipur,Tier 2,26-35,,Organic,Gold,2023-12-11,Afternoon 10-2 PM,9610031015
CUST01642,Ayesha Bose,Mumbai,Tier 1,26-35,Male,Paid Ads,None,2021-02-21,Morning 6-10 AM,9154307238
CUST01643,Tarun Suri,Delhi,Tier 1,26-35,,Organic,None,2022-06-22,Evening 4-8 PM,9692742677
CUST01644,Sachin Khurana,Mumbai,Tier 1,36-45,Female,Referral,Gold,2021-01-07,Morning 6-10 AM,9859918130
CUST01645,Kunal Patel,Mumbai,Tier 1,26-35,Female,Organic,None,2023-10-15,Afternoon 10-2 PM,9750804699
CUST01646,Uday Chawla,Delhi,Tier 1,26-35,Male,Paid Ads,None,2021-09-04,Afternoon 10-2 PM,9697582432
CUST01647,Farhan Tiwari,Pune,Tier 2,46-60,Female,Organic,None,2021-04-11,Afternoon 10-2 PM,9366547610
CUST01648,Kunal Yadav,Bengaluru,Tier 1,26-35,Male,Referral,None,2022-08-16,Late Night 8-11 PM,9755568959
CUST01649,Aditi Gupta,Delhi,Tier 1,36-45,Female,Organic,Silver,2021-10-13,Afternoon 10-2 PM,9653590410
CUST01650,Vishal Kamath,Delhi,Tier 1,26-35,Male,Organic,None,2021-02-26,Morning 6-10 AM,9378626861
CUST01651,Vishal Naidu,Mumbai,Tier 1,18-25,Male,Referral,None,2023-11-17,Evening 4-8 PM,9937560952
CUST01652,Kabir Subramaniam,Delhi,Tier 1,18-25,Other,Offline,None,2023-10-29,Evening 4-8 PM,9810265553
CUST01653,Chetan Agarwal,Delhi,Tier 1,46-60,Female,Paid Ads,None,2021-09-04,Morning 6-10 AM,9482306700
CUST01654,Vandana Shah,Delhi,Tier 1,36-45,Male,Paid Ads,Platinum,2021-01-24,Afternoon 10-2 PM,
CUST01655,Vishal Patel,Mumbai,Tier 1,26-35,Male,Referral,None,2022-01-04,Evening 4-8 PM,9191405534
CUST01656,Seema Singh,Bengaluru,Tier 1,36-45,Female,Offline,None,2023-10-21,Afternoon 10-2 PM,9949827238
CUST01657,Lavanya Pandey,Mumbai,Tier 1,36-45,Male,Paid Ads,None,2023-09-05,Evening 4-8 PM,
CUST01658,Sagar Shah,Mumbai,Tier 1,36-45,Male,Referral,Silver,2023-05-18,Evening 4-8 PM,9630810146
CUST01659,Imran Malhotra,Ahmedabad,Tier 2,26-35,Male,Influencer,Platinum,2022-04-05,Evening 4-8 PM,9214899916
CUST01660,Sonali Kohli,Pune,Tier 2,36-45,Female,Referral,None,2022-08-23,Afternoon 10-2 PM,9552724457
CUST01661,Priya Shetty,Hyderabad,Tier 1,36-45,Male,Organic,Silver,2023-05-30,Morning 6-10 AM,9435430156
CUST01662,Sneha Sharma,Mumbai,Tier 1,26-35,Male,Paid Ads,None,2022-12-30,Morning 6-10 AM,9776796818
CUST01663,Vishal Agarwal,Bengaluru,Tier 1,18-25,Male,Paid Ads,Gold,2022-03-31,Evening 4-8 PM,9848062857
CUST01664,Ekta Patel,Delhi,Tier 1,46-60,Male,Organic,Platinum,2023-12-16,Afternoon 10-2 PM,9556248404
CUST01665,Bhavya Singh,Mumbai,Tier 1,26-35,Male,Influencer,Gold,2022-05-24,Afternoon 10-2 PM,9743912303
CUST01666,Kiran Hegde,Hyderabad,Tier 1,46-60,Female,Organic,None,2023-04-15,Morning 6-10 AM,9366959463
CUST01667,Pallavi Chatterjee,Mumbai,Tier 1,36-45,Male,Paid Ads,None,2021-02-14,Evening 4-8 PM,9398947609
CUST01668,Uday Rao,Pune,Tier 2,26-35,Female,Paid Ads,None,2022-01-31,Evening 4-8 PM,9945784252
CUST01669,Seema Kamath,Delhi,Tier 1,18-25,Female,Paid Ads,None,2021-05-14,Late Night 8-11 PM,9377768271
CUST01670,Zoya Yadav,Delhi,Tier 1,36-45,Male,Paid Ads,None,2021-01-06,Late Night 8-11 PM,9691795978
CUST01671,Pooja Singh,Mumbai,Tier 1,26-35,Male,Influencer,None,2022-04-09,Morning 6-10 AM,9523612240
CUST01672,Pankaj Agarwal,Hyderabad,Tier 1,26-35,Female,Referral,None,2023-03-22,Late Night 8-11 PM,9434594896
CUST01673,Sanjay Khurana,Jaipur,Tier 2,26-35,Female,Organic,None,2022-06-19,Morning 6-10 AM,9152936042
CUST01674,Ekta Iyer,Mumbai,Tier 1,36-45,Female,Organic,None,2023-09-06,Evening 4-8 PM,9509621671
CUST01675,Arjun Banerjee,Ahmedabad,Tier 2,18-25,Male,Paid Ads,None,2022-04-11,Evening 4-8 PM,9928168903
CUST01676,Sarika Menon,Delhi,Tier 1,26-35,Male,Offline,Platinum,2021-07-24,Evening 4-8 PM,9499848971
CUST01677,Sanjay Rathore,Delhi,Tier 1,18-25,Male,Referral,Gold,2021-10-06,Afternoon 10-2 PM,9368669264
CUST01678,Rahul Roy,Mumbai,Tier 1,60+,Female,Organic,Platinum,2023-06-10,Late Night 8-11 PM,9450978803
CUST01679,Pankaj Reddy,Pune,Tier 2,18-25,Female,Paid Ads,None,2023-01-16,Afternoon 10-2 PM,9677155507
CUST01680,Zoya Shukla,Ahmedabad,Tier 2,36-45,Male,Paid Ads,None,2023-11-04,Morning 6-10 AM,
CUST01681,Sanika Kapoor,Mumbai,Tier 1,36-45,Female,Referral,None,2022-01-13,Evening 4-8 PM,9410515873
CUST01682,Sarika Chawla,Mumbai,Tier 1,26-35,Female,Organic,Silver,2023-05-22,Morning 6-10 AM,9287805936
CUST01683,Lakshmi Yadav,Mumbai,Tier 1,36-45,Male,Influencer,Gold,2023-08-29,Evening 4-8 PM,9439308046
CUST01684,Sapna Verma,Hyderabad,Tier 1,18-25,Male,Referral,None,2023-02-02,Morning 6-10 AM,9975406144
CUST01685,Vinay Naidu,Jaipur,Tier 2,26-35,Male,Organic,Silver,2021-01-31,Evening 4-8 PM,9525288688
CUST01686,Uday Bajaj,Delhi,Tier 1,18-25,Female,Organic,Platinum,2023-01-04,Afternoon 10-2 PM,9114624332
CUST01687,Pooja Shukla,Jaipur,Tier 2,18-25,Female,Referral,Silver,2023-05-21,Evening 4-8 PM,9276763565
CUST01688,Vikram Kapoor,Mumbai,Tier 1,26-35,Female,Paid Ads,None,2022-12-10,Morning 6-10 AM,9908054052
CUST01689,Suresh Bajaj,Delhi,Tier 1,26-35,,Organic,Silver,2023-11-19,Late Night 8-11 PM,9821285130
CUST01690,Neha Desai,Delhi,Tier 1,26-35,Male,Referral,Silver,2022-07-04,Late Night 8-11 PM,9560889992
CUST01691,Jhanvi Sen,Bengaluru,Tier 1,26-35,Male,Referral,Silver,2021-06-07,Evening 4-8 PM,9265532151
CUST01692,Soham Das,Jaipur,Tier 2,36-45,Female,Referral,None,2021-06-23,Late Night 8-11 PM,9527503847
CUST01693,Nisha Suri,Pune,Tier 2,26-35,Female,Referral,Gold,2021-03-04,Afternoon 10-2 PM,9678635128
CUST01694,Kritika Hegde,Bengaluru,Tier 1,18-25,Male,Referral,None,2021-05-05,Evening 4-8 PM,
CUST01695,Nisha Hegde,Pune,Tier 2,18-25,Male,Referral,Platinum,2022-04-16,Morning 6-10 AM,9990930317
CUST01696,Faisal Subramaniam,Mumbai,Tier 1,26-35,Female,Influencer,Platinum,2021-08-01,Morning 6-10 AM,9525565787
CUST01697,Urvi Das,Delhi,Tier 1,26-35,Male,Paid Ads,Gold,2022-07-26,Late Night 8-11 PM,9485972027
CUST01698,Siddharth Mehta,Bengaluru,Tier 1,46-60,Male,Paid Ads,None,2021-05-16,Afternoon 10-2 PM,9583545083
CUST01699,Vivek Joshi,Hyderabad,Tier 1,18-25,Female,Referral,Gold,2022-10-19,Evening 4-8 PM,9257929769
CUST01700,Urvi Desai,Delhi,Tier 1,36-45,Female,Referral,None,2023-05-22,Evening 4-8 PM,9933665199
CUST01701,Omkar Arora,Mumbai,Tier 1,18-25,Other,Paid Ads,None,2021-09-30,Afternoon 10-2 PM,9582554755
CUST01702,Pallavi Roy,Hyderabad,Tier 1,26-35,Female,Influencer,None,2023-02-20,Late Night 8-11 PM,9241949922
CUST01703,Yash Sethi,Jaipur,Tier 2,26-35,Male,Paid Ads,Silver,2021-07-31,Morning 6-10 AM,9793713830
CUST01704,Uday Verma,Hyderabad,Tier 1,26-35,Female,Offline,Platinum,2021-12-20,Afternoon 10-2 PM,9153017184
CUST01705,Yash Menon,Hyderabad,Tier 1,26-35,Male,Influencer,Silver,2022-04-17,Morning 6-10 AM,
CUST01706,Vidya Roy,Mumbai,Tier 1,26-35,Male,Organic,None,2023-09-12,Morning 6-10 AM,9688132450
CUST01707,Rahul Pillai,Mumbai,Tier 1,26-35,Female,Organic,None,2022-04-27,Late Night 8-11 PM,9442872280
CUST01708,Imran Singh,Hyderabad,Tier 1,36-45,Female,Referral,Silver,2021-10-11,Morning 6-10 AM,9732113521
CUST01709,Mihir Nayak,Bengaluru,Tier 1,18-25,Male,Referral,None,2023-07-26,Late Night 8-11 PM,9295828423
CUST01710,Prachi Mukherjee,Mumbai,Tier 1,60+,Female,Paid Ads,None,2021-02-10,Morning 6-10 AM,
CUST01711,Lavanya Roy,Delhi,Tier 1,26-35,Male,Organic,Gold,2023-01-30,Evening 4-8 PM,9196954887
CUST01712,Neel Das,Hyderabad,Tier 1,18-25,Male,Paid Ads,None,2022-07-05,Afternoon 10-2 PM,9661344438
CUST01713,Sanika Choudhary,Hyderabad,Tier 1,36-45,Male,Paid Ads,Gold,2021-10-16,Morning 6-10 AM,9706236479
CUST01714,Kiran Roy,Hyderabad,Tier 1,36-45,Female,Paid Ads,None,2023-12-02,Afternoon 10-2 PM,9607319842
CUST01715,Nandini Suri,Delhi,Tier 1,36-45,Female,Organic,Silver,2023-05-29,Morning 6-10 AM,9183251892
CUST01716,Sanjay Verma,Delhi,Tier 1,36-45,,Organic,None,2023-06-03,Morning 6-10 AM,9484943624
CUST01717,Girish Jain,Delhi,Tier 1,36-45,Female,Organic,None,2021-06-11,Morning 6-10 AM,
CUST01718,Zoya Sen,Jaipur,Tier 2,46-60,Female,Referral,Platinum,2023-11-12,Afternoon 10-2 PM,9594533964
CUST01719,Rahul Saxena,Delhi,Tier 1,18-25,Female,Paid Ads,None,2022-01-14,Afternoon 10-2 PM,9822600617
CUST01720,Imran Bajaj,Pune,Tier 2,18-25,Male,Referral,None,2021-10-10,Afternoon 10-2 PM,9251304479
CUST01721,Tanvi Mukherjee,Hyderabad,Tier 1,26-35,Male,Organic,None,2022-06-26,Evening 4-8 PM,9241616184
CUST01722,Vivek Banerjee,Mumbai,Tier 1,36-45,Male,Influencer,None,2023-06-11,Morning 6-10 AM,9720599003
CUST01723,Sandeep Rathore,Mumbai,Tier 1,46-60,Female,Organic,None,2021-05-10,Evening 4-8 PM,9856050341
CUST01724,Shreya Bose,Ahmedabad,Tier 2,60+,Male,Organic,None,2023-08-21,Morning 6-10 AM,9701284690
CUST01725,Tanmay Krishnan,Hyderabad,Tier 1,36-45,Male,Organic,Silver,2023-11-25,Afternoon 10-2 PM,9869955304
CUST01726,Deepak Iyer,Delhi,Tier 1,60+,Male,Offline,Silver,2023-02-04,Afternoon 10-2 PM,
CUST01727,Yash Sethi,Pune,Tier 2,36-45,Female,Organic,None,2021-01-03,Afternoon 10-2 PM,9966791318
CUST01728,Keerthi Singh,Mumbai,Tier 1,26-35,Male,Referral,Gold,2023-01-13,Morning 6-10 AM,9952492051
CUST01729,Zara Iyer,Delhi,Tier 1,26-35,Male,Organic,None,2022-10-05,Afternoon 10-2 PM,
CUST01730,Payal Shetty,Delhi,Tier 1,60+,Male,Paid Ads,None,2022-11-02,Evening 4-8 PM,9793486600
CUST01731,Zara Jain,Mumbai,Tier 1,26-35,Female,Paid Ads,Gold,2023-04-25,Evening 4-8 PM,9399604609
CUST01732,Gaurav Tiwari,Jaipur,Tier 2,46-60,Male,Referral,None,2021-10-17,Evening 4-8 PM,9433777615
CUST01733,Deepa Menon,Pune,Tier 2,46-60,Female,Organic,Silver,2021-04-03,Morning 6-10 AM,9812951509
CUST01734,Neel Oberoi,Hyderabad,Tier 1,26-35,Male,Organic,Gold,2023-01-08,Late Night 8-11 PM,9984609061
CUST01735,Kavya Tiwari,Bengaluru,Tier 1,26-35,Male,Organic,None,2021-03-21,Afternoon 10-2 PM,9731667288
CUST01736,Sachin Kapoor,Delhi,Tier 1,46-60,Female,Paid Ads,Gold,2021-12-29,Afternoon 10-2 PM,9956624381
CUST01737,Rajan Mishra,Jaipur,Tier 2,46-60,Female,Paid Ads,None,2023-06-29,Morning 6-10 AM,9522489000
CUST01738,Faisal Mukherjee,Bengaluru,Tier 1,26-35,Male,Paid Ads,None,2022-01-10,Morning 6-10 AM,
CUST01739,Rekha Subramaniam,Mumbai,Tier 1,36-45,Male,Paid Ads,None,2021-02-26,Evening 4-8 PM,9350794956
CUST01740,Deepa Joshi,Mumbai,Tier 1,26-35,Male,Paid Ads,Silver,2021-02-09,Evening 4-8 PM,9856085608
CUST01741,Nandini Roy,Jaipur,Tier 2,18-25,Female,Organic,None,2023-01-30,Morning 6-10 AM,9387815690
CUST01742,Deepa Oberoi,Hyderabad,Tier 1,26-35,Male,Organic,None,2023-06-16,Morning 6-10 AM,9707620091
CUST01743,Ayesha Sharma,Bengaluru,Tier 1,26-35,Male,Influencer,Gold,2021-06-11,Late Night 8-11 PM,9872529595
CUST01744,Rohan Naidu,Jaipur,Tier 2,36-45,Female,Organic,Silver,2022-11-27,Evening 4-8 PM,9996309776
CUST01745,Sneha Saxena,Delhi,Tier 1,26-35,Male,Referral,None,2022-12-26,Morning 6-10 AM,9493158593
CUST01746,Neha Suri,Hyderabad,Tier 1,36-45,Male,Organic,None,2022-03-19,Afternoon 10-2 PM,9113104824
CUST01747,Aditya Nair,Mumbai,Tier 1,18-25,Male,Offline,Silver,2023-05-28,Evening 4-8 PM,9916384252
CUST01748,Chetan Agarwal,Bengaluru,Tier 1,26-35,Female,Organic,None,2022-11-21,Morning 6-10 AM,9287112846
CUST01749,Sagar Banerjee,Jaipur,Tier 2,36-45,Male,Paid Ads,Silver,2021-10-28,Afternoon 10-2 PM,9135710148
CUST01750,Tarun Khurana,Mumbai,Tier 1,46-60,Male,Organic,Silver,2021-05-01,Afternoon 10-2 PM,9571622115
CUST01751,Arjun Choudhary,Delhi,Tier 1,36-45,Male,Paid Ads,None,2021-09-14,Morning 6-10 AM,9811045104
CUST01752,Priya Ghosh,Mumbai,Tier 1,36-45,Female,Paid Ads,Gold,2021-01-06,Morning 6-10 AM,9914715334
CUST01753,Kiran Mukherjee,Ahmedabad,Tier 2,26-35,Male,Referral,None,2021-05-30,Evening 4-8 PM,9436192432
CUST01754,Sarika Kumar,Bengaluru,Tier 1,26-35,Male,Organic,None,2022-01-18,Afternoon 10-2 PM,9936550509
CUST01755,Neel Ghosh,Mumbai,Tier 1,26-35,Male,Organic,None,2021-03-23,Evening 4-8 PM,9826672921
CUST01756,Nisha Sharma,Mumbai,Tier 1,36-45,Female,Paid Ads,Gold,2022-06-03,Afternoon 10-2 PM,9225250114
CUST01757,Sarika Shukla,Mumbai,Tier 1,26-35,Male,Offline,None,2022-11-17,Morning 6-10 AM,9590204531
CUST01758,Zara Bajaj,Bengaluru,Tier 1,36-45,Female,Paid Ads,Silver,2022-01-17,Afternoon 10-2 PM,9737369593
CUST01759,Rajesh Reddy,Pune,Tier 2,26-35,Male,Influencer,None,2022-01-02,Afternoon 10-2 PM,9251897211
CUST01760,Sagar Jain,Delhi,Tier 1,26-35,Male,Offline,Silver,2021-09-16,Evening 4-8 PM,9197532382
CUST01761,Kiran Shah,Pune,Tier 2,36-45,Female,Organic,Silver,2021-12-11,Afternoon 10-2 PM,9879061056
CUST01762,Bhavya Banerjee,Hyderabad,Tier 1,46-60,Female,Organic,None,2023-09-29,Afternoon 10-2 PM,9707247598
CUST01763,Farhan Choudhary,Mumbai,Tier 1,18-25,Male,Paid Ads,None,2021-06-17,Morning 6-10 AM,9710932306
CUST01764,Omkar Chauhan,Pune,Tier 2,26-35,Female,Paid Ads,None,2021-04-14,Afternoon 10-2 PM,9353760819
CUST01765,Payal Arora,Delhi,Tier 1,46-60,Male,Offline,None,2021-11-13,Evening 4-8 PM,9285089731
CUST01766,Prachi Mukherjee,Pune,Tier 2,60+,Male,Organic,Silver,2023-11-19,Morning 6-10 AM,9611930104
CUST01767,Aryan Kumar,Mumbai,Tier 1,36-45,Female,Paid Ads,Silver,2022-04-14,Evening 4-8 PM,9163522122
CUST01768,Prachi Bose,Bengaluru,Tier 1,26-35,Male,Organic,None,2023-12-11,Morning 6-10 AM,
CUST01769,Sandeep Khurana,Lucknow,Tier 2,36-45,Male,Organic,Silver,2021-01-27,Morning 6-10 AM,9154446946
CUST01770,Sachin Anand,Bengaluru,Tier 1,18-25,Female,Organic,None,2023-01-06,Afternoon 10-2 PM,9210848185
CUST01771,Sachin Pillai,Bengaluru,Tier 1,18-25,Female,Organic,None,2022-11-19,Morning 6-10 AM,9525065275
CUST01772,Nandini Hegde,Mumbai,Tier 1,18-25,Female,Referral,None,2023-06-21,Late Night 8-11 PM,9727668881
CUST01773,Vinay Shah,Mumbai,Tier 1,18-25,Male,Organic,Platinum,2021-07-03,Morning 6-10 AM,9836358957
CUST01774,Chetan Chauhan,Lucknow,Tier 2,26-35,Female,Organic,Gold,2023-12-24,Late Night 8-11 PM,9131322804
CUST01775,Vandana Agarwal,Bengaluru,Tier 1,46-60,Male,Paid Ads,None,2021-06-16,Morning 6-10 AM,9227254987
CUST01776,Aditi Desai,Bengaluru,Tier 1,18-25,Male,Influencer,None,2023-05-06,Late Night 8-11 PM,9594463016
CUST01777,Arjun Roy,Jaipur,Tier 2,26-35,Male,Organic,None,2023-03-18,Afternoon 10-2 PM,
CUST01778,Pallavi Ghosh,Delhi,Tier 1,36-45,Male,Paid Ads,None,2022-09-20,Late Night 8-11 PM,9341290975
CUST01779,Rohan Sharma,Delhi,Tier 1,26-35,Female,Organic,Gold,2021-12-12,Morning 6-10 AM,9995525718
CUST01780,Rahul Rao,Mumbai,Tier 1,26-35,Female,Referral,None,2022-12-05,Late Night 8-11 PM,9444200194
CUST01781,Kavya Joshi,Bengaluru,Tier 1,36-45,Female,Referral,None,2023-12-30,Late Night 8-11 PM,9737929920
CUST01782,Faisal Joshi,Jaipur,Tier 2,36-45,Female,Organic,None,2022-09-30,Morning 6-10 AM,9806538226
CUST01783,Nandini Roy,Hyderabad,Tier 1,26-35,Male,Paid Ads,None,2021-10-02,Morning 6-10 AM,9402509010
CUST01784,Lakshmi Krishnan,Jaipur,Tier 2,26-35,Male,Paid Ads,None,2022-06-18,Morning 6-10 AM,9137295865
CUST01785,Nikhil Gupta,Pune,Tier 2,18-25,Female,Influencer,Silver,2023-04-11,Afternoon 10-2 PM,9386770868
CUST01786,Suresh Choudhary,Bengaluru,Tier 1,36-45,Female,Paid Ads,None,2022-11-09,Morning 6-10 AM,9864618363
CUST01787,Pooja Srivastava,Ahmedabad,Tier 2,36-45,Female,Referral,None,2023-01-09,Late Night 8-11 PM,9705931484
CUST01788,Pooja Mishra,Delhi,Tier 1,26-35,Female,Referral,Gold,2021-05-11,Afternoon 10-2 PM,9235799523
CUST01789,Rohit Das,Mumbai,Tier 1,26-35,Female,Influencer,Platinum,2022-09-20,Afternoon 10-2 PM,9299033911
CUST01790,Bhuvan Rao,Pune,Tier 2,26-35,Female,Paid Ads,Gold,2023-07-04,Afternoon 10-2 PM,9357192447
CUST01791,Prachi Iyer,Mumbai,Tier 1,26-35,Female,Referral,Gold,2022-01-07,Morning 6-10 AM,9406999141
CUST01792,Lavanya Kapoor,Mumbai,Tier 1,36-45,Female,Organic,None,2023-05-01,Evening 4-8 PM,9440091490
CUST01793,Namrata Saxena,Ahmedabad,Tier 2,36-45,Male,Paid Ads,Gold,2023-07-27,Evening 4-8 PM,9830863433
CUST01794,Anika Agarwal,Jaipur,Tier 2,36-45,Female,Paid Ads,None,2022-12-31,Afternoon 10-2 PM,9229114508
CUST01795,Uma Bajaj,Mumbai,Tier 1,26-35,,Paid Ads,Gold,2022-03-05,Morning 6-10 AM,9399960679
CUST01796,Kunal Pandey,Pune,Tier 2,46-60,Male,Paid Ads,Silver,2023-10-18,Morning 6-10 AM,9790218221
CUST01797,Imran Hegde,Lucknow,Tier 2,36-45,Female,Paid Ads,Gold,2021-10-30,Morning 6-10 AM,9586368915
CUST01798,Simran Mishra,Mumbai,Tier 1,36-45,Male,Organic,None,2022-07-25,Morning 6-10 AM,9150080758
CUST01799,Girish Anand,Jaipur,Tier 2,26-35,Male,Paid Ads,None,2021-02-20,Afternoon 10-2 PM,9796941292
CUST01800,Arjun Patel,Delhi,Tier 1,18-25,Male,Influencer,Silver,2021-09-20,Morning 6-10 AM,9597265622
CUST01801,Manish Nair,Hyderabad,Tier 1,26-35,Female,Organic,None,2021-09-10,Afternoon 10-2 PM,9527344964
CUST01802,Girish Anand,Delhi,Tier 1,18-25,Other,Influencer,Gold,2022-02-10,Morning 6-10 AM,9861484069
CUST01803,Sarika Kumar,Mumbai,Tier 1,46-60,Male,Referral,None,2023-09-20,Afternoon 10-2 PM,9872166930
CUST01804,Ekta Banerjee,Bengaluru,Tier 1,46-60,Female,Referral,Silver,2021-10-31,Late Night 8-11 PM,9927702285
CUST01805,Neha Anand,Pune,Tier 2,36-45,Female,Referral,None,2022-08-12,Morning 6-10 AM,9844632154
CUST01806,Neel Nayak,Ahmedabad,Tier 2,26-35,Male,Paid Ads,None,2022-12-18,Morning 6-10 AM,9198395588
CUST01807,Vivek Dubey,Jaipur,Tier 2,18-25,Male,Referral,None,2021-09-05,Evening 4-8 PM,9990953276
CUST01808,Sanjay Patel,Ahmedabad,Tier 2,18-25,Male,Organic,None,2022-04-01,Morning 6-10 AM,9701532358
CUST01809,Lakshmi Saxena,Hyderabad,Tier 1,18-25,Female,Referral,None,2023-06-10,Evening 4-8 PM,9673520256
CUST01810,Seema Chauhan,Ahmedabad,Tier 2,26-35,Male,Organic,None,2022-03-20,Morning 6-10 AM,9252078773
CUST01811,Sachin Desai,Jaipur,Tier 2,18-25,Male,Referral,None,2021-11-12,Morning 6-10 AM,9895177469
CUST01812,Sachin Hegde,Delhi,Tier 1,36-45,Female,Influencer,Gold,2022-12-26,Morning 6-10 AM,9981598818
CUST01813,Rohit Menon,Ahmedabad,Tier 2,26-35,Male,Paid Ads,None,2023-09-08,Evening 4-8 PM,9795520875
CUST01814,Ayesha Bose,Mumbai,Tier 1,26-35,Female,Organic,Platinum,2021-01-13,Evening 4-8 PM,9700104110
CUST01815,Harini Sethi,Jaipur,Tier 2,36-45,Male,Influencer,Silver,2023-03-01,Morning 6-10 AM,9646231770
CUST01816,Keerthi Mishra,Pune,Tier 2,26-35,Female,Paid Ads,Platinum,2021-05-10,Afternoon 10-2 PM,9611255622
CUST01817,Ramesh Kapoor,Mumbai,Tier 1,36-45,Female,Offline,Silver,2023-01-25,Evening 4-8 PM,9387406467
CUST01818,Zara Choudhary,Mumbai,Tier 1,46-60,Male,Paid Ads,None,2021-07-07,Morning 6-10 AM,9327117829
CUST01819,Soham Bajaj,Delhi,Tier 1,26-35,Female,Organic,Silver,2021-10-08,Evening 4-8 PM,9269968727
CUST01820,Chetan Bhatia,Hyderabad,Tier 1,46-60,Male,Organic,Gold,2021-11-03,Evening 4-8 PM,9713722504
CUST01821,Sachin Pandey,Bengaluru,Tier 1,46-60,Female,Paid Ads,Platinum,2023-07-19,Afternoon 10-2 PM,9661803025
CUST01822,Chetan Reddy,Delhi,Tier 1,26-35,Female,Organic,Silver,2022-01-15,Evening 4-8 PM,9824722131
CUST01823,Sonali Mukherjee,Pune,Tier 2,36-45,Female,Paid Ads,None,2023-05-11,Afternoon 10-2 PM,9323343526
CUST01824,Nandini Khurana,Jaipur,Tier 2,46-60,Female,Paid Ads,None,2021-07-07,Morning 6-10 AM,9431535716
CUST01825,Varun Oberoi,Mumbai,Tier 1,36-45,Female,Paid Ads,Silver,2021-10-24,Morning 6-10 AM,9174359934
CUST01826,Anika Choudhary,Bengaluru,Tier 1,26-35,Female,Organic,None,2023-07-24,Morning 6-10 AM,9107395571
CUST01827,Aarav Iyer,Hyderabad,Tier 1,26-35,Female,Paid Ads,Platinum,2023-06-11,Morning 6-10 AM,9580849585
CUST01828,Rajesh Krishnan,Delhi,Tier 1,46-60,Male,Organic,None,2023-05-24,Evening 4-8 PM,
CUST01829,Ananya Verma,Ahmedabad,Tier 2,26-35,Male,Referral,None,2021-03-19,Afternoon 10-2 PM,9392486848
CUST01830,Ekta Kumar,Delhi,Tier 1,60+,Male,Organic,Silver,2023-01-04,Evening 4-8 PM,9339165424
CUST01831,Aryan Anand,Bengaluru,Tier 1,26-35,Male,Organic,Silver,2021-08-14,Afternoon 10-2 PM,9544019588
CUST01832,Siddharth Ghosh,Hyderabad,Tier 1,26-35,Male,Paid Ads,None,2023-12-11,Morning 6-10 AM,9711943479
CUST01833,Ekta Mishra,Pune,Tier 2,26-35,Male,Referral,None,2022-11-08,Morning 6-10 AM,9413704286
CUST01834,Rajesh Saxena,Pune,Tier 2,26-35,Male,Influencer,None,2023-03-22,Evening 4-8 PM,9362624542
CUST01835,Nisha Shetty,Pune,Tier 2,36-45,Female,Organic,None,2022-04-09,Afternoon 10-2 PM,9540145946
CUST01836,Vikram Yadav,Bengaluru,Tier 1,36-45,Female,Paid Ads,None,2021-04-08,Morning 6-10 AM,9237765049
CUST01837,Tanvi Srivastava,Hyderabad,Tier 1,46-60,Other,Referral,None,2023-12-06,Afternoon 10-2 PM,9207115374
CUST01838,Farhan Sharma,Bengaluru,Tier 1,60+,Female,Paid Ads,Silver,2021-12-21,Morning 6-10 AM,9146548565
CUST01839,Rajan Subramaniam,Delhi,Tier 1,46-60,Male,Organic,Gold,2023-04-26,Evening 4-8 PM,9728788706
CUST01840,Ishaan Patel,Mumbai,Tier 1,26-35,Male,Organic,Gold,2022-09-16,Afternoon 10-2 PM,
CUST01841,Neel Khurana,Pune,Tier 2,18-25,Male,Influencer,Silver,2021-08-07,Evening 4-8 PM,9887953479
CUST01842,Rekha Kamath,Ahmedabad,Tier 2,26-35,Male,Referral,None,2022-11-09,Afternoon 10-2 PM,9606111764
CUST01843,Yash Pandey,Lucknow,Tier 2,60+,Male,Paid Ads,Gold,2021-05-21,Morning 6-10 AM,9420345118
CUST01844,Payal Chatterjee,Mumbai,Tier 1,26-35,Male,Organic,Silver,2023-01-30,Late Night 8-11 PM,9297103758
CUST01845,Shreya Reddy,Mumbai,Tier 1,46-60,Female,Organic,None,2022-09-27,Morning 6-10 AM,9536559233
CUST01846,Farhan Verma,Mumbai,Tier 1,26-35,Female,Referral,None,2023-03-23,Afternoon 10-2 PM,9130086682
CUST01847,Jhanvi Chatterjee,Mumbai,Tier 1,36-45,Female,Paid Ads,Silver,2021-04-13,Morning 6-10 AM,9196283053
CUST01848,Tarun Shukla,Hyderabad,Tier 1,46-60,Male,Organic,Gold,2022-09-11,Late Night 8-11 PM,9266607966
CUST01849,Sandeep Mehta,Bengaluru,Tier 1,26-35,Female,Referral,Gold,2023-03-12,Morning 6-10 AM,9461608429
CUST01850,Kiran Pillai,Pune,Tier 2,26-35,Female,Organic,Silver,2021-01-20,Evening 4-8 PM,9530863241
CUST01851,Farhan Menon,Delhi,Tier 1,26-35,Male,Organic,Platinum,2023-04-17,Morning 6-10 AM,
CUST01852,Lavanya Subramaniam,Hyderabad,Tier 1,26-35,Male,Offline,Silver,2023-05-25,Morning 6-10 AM,9754940806
CUST01853,Ramesh Malhotra,Bengaluru,Tier 1,46-60,Male,Organic,Silver,2021-04-25,Afternoon 10-2 PM,9347852194
CUST01854,Yash Choudhary,Pune,Tier 2,26-35,Male,Organic,Silver,2021-09-27,Morning 6-10 AM,9592259801
CUST01855,Aditya Naidu,Mumbai,Tier 1,36-45,Other,Referral,None,2021-11-30,Morning 6-10 AM,9242166375
CUST01856,Sanika Mehta,Bengaluru,Tier 1,26-35,Female,Paid Ads,None,2023-08-06,Evening 4-8 PM,9993027901
CUST01857,Imran Chawla,Jaipur,Tier 2,36-45,Male,Organic,None,2022-01-10,Morning 6-10 AM,
CUST01858,Vishal Shah,Bengaluru,Tier 1,36-45,Female,Organic,Gold,2021-10-31,Evening 4-8 PM,9168815053
CUST01859,Ramesh Arora,Mumbai,Tier 1,18-25,Female,Referral,None,2023-03-19,Morning 6-10 AM,9373506158
CUST01860,Tanmay Tripathi,Jaipur,Tier 2,18-25,Male,Organic,None,2021-06-06,Morning 6-10 AM,9190770196
CUST01861,Aryan Nair,Mumbai,Tier 1,36-45,Female,Organic,None,2023-05-02,Evening 4-8 PM,9153683463
CUST01862,Chetan Dubey,Hyderabad,Tier 1,46-60,Female,Paid Ads,None,2022-04-07,Evening 4-8 PM,9731099219
CUST01863,Faisal Kapoor,Lucknow,Tier 2,36-45,Male,Paid Ads,None,2021-08-13,Evening 4-8 PM,9252584053
CUST01864,Sapna Tripathi,Jaipur,Tier 2,26-35,Male,Paid Ads,None,2023-01-09,Morning 6-10 AM,9221318733
CUST01865,Sanjay Oberoi,Bengaluru,Tier 1,26-35,Female,Referral,None,2022-01-29,Evening 4-8 PM,9101618906
CUST01866,Meera Pillai,Hyderabad,Tier 1,60+,Male,Paid Ads,Gold,2021-02-07,Late Night 8-11 PM,9635899983
CUST01867,Aditya Mukherjee,Delhi,Tier 1,18-25,Male,Influencer,None,2023-02-06,Morning 6-10 AM,9644909844
CUST01868,Chetan Bhatia,Hyderabad,Tier 1,36-45,Male,Referral,None,2022-06-12,Afternoon 10-2 PM,9526555697
CUST01869,Keerthi Menon,Delhi,Tier 1,26-35,Female,Referral,Silver,2022-07-03,Afternoon 10-2 PM,9609131114
CUST01870,Kritika Reddy,Bengaluru,Tier 1,46-60,Female,Organic,Gold,2023-03-29,Morning 6-10 AM,9969216778
CUST01871,Anika Sethi,Hyderabad,Tier 1,26-35,Female,Organic,Silver,2021-08-28,Afternoon 10-2 PM,9925283258
CUST01872,Arjun Rao,Bengaluru,Tier 1,36-45,Male,Referral,Gold,2022-04-22,Afternoon 10-2 PM,9873310521
CUST01873,Imran Tiwari,Pune,Tier 2,26-35,Female,Organic,Silver,2022-01-04,Evening 4-8 PM,9459944564
CUST01874,Faisal Desai,Hyderabad,Tier 1,18-25,Female,Paid Ads,Gold,2021-08-08,Morning 6-10 AM,9143430175
CUST01875,Zoya Agarwal,Mumbai,Tier 1,46-60,Male,Influencer,Silver,2021-06-21,Morning 6-10 AM,9989955551
CUST01876,Chetan Sen,Mumbai,Tier 1,36-45,Male,Influencer,Platinum,2023-02-02,Morning 6-10 AM,9683514119
CUST01877,Uday Mishra,Bengaluru,Tier 1,26-35,Male,Referral,Gold,2022-11-01,Morning 6-10 AM,9518183156
CUST01878,Rajesh Yadav,Bengaluru,Tier 1,18-25,Female,Organic,None,2021-12-30,Evening 4-8 PM,9634538765
CUST01879,Vikram Chauhan,Delhi,Tier 1,26-35,Male,Paid Ads,None,2023-03-06,Evening 4-8 PM,9528740584
CUST01880,Harini Arora,Pune,Tier 2,26-35,Male,Organic,None,2021-10-16,Morning 6-10 AM,9255510644
CUST01881,Manish Kumar,Mumbai,Tier 1,18-25,Female,Organic,None,2022-06-03,Morning 6-10 AM,9221083610
CUST01882,Tarun Desai,Bengaluru,Tier 1,46-60,Female,Influencer,None,2021-07-04,Evening 4-8 PM,9264738025
CUST01883,Shreya Kohli,Ahmedabad,Tier 2,36-45,Other,Organic,None,2021-07-17,Evening 4-8 PM,9313849093
CUST01884,Vivek Verma,Mumbai,Tier 1,18-25,Female,Paid Ads,None,2021-12-11,Morning 6-10 AM,
CUST01885,Meera Tripathi,Bengaluru,Tier 1,26-35,Male,Paid Ads,Silver,2021-07-17,Morning 6-10 AM,9450724299
CUST01886,Pooja Malhotra,Pune,Tier 2,46-60,Female,Paid Ads,None,2022-12-29,Morning 6-10 AM,9548748753
CUST01887,Ekta Reddy,Ahmedabad,Tier 2,36-45,Female,Referral,None,2023-03-27,Morning 6-10 AM,9983297559
CUST01888,Simran Malhotra,Delhi,Tier 1,46-60,Male,Paid Ads,None,2023-10-25,Evening 4-8 PM,9947830603
CUST01889,Mohan Menon,Ahmedabad,Tier 2,46-60,Male,Referral,None,2021-08-22,Afternoon 10-2 PM,9971153864
CUST01890,Seema Kumar,Pune,Tier 2,26-35,Male,Paid Ads,Silver,2021-08-11,Morning 6-10 AM,
CUST01891,Urvi Nayak,Mumbai,Tier 1,26-35,Female,Referral,None,2023-11-07,Morning 6-10 AM,9300612515
CUST01892,Bhuvan Srivastava,Delhi,Tier 1,46-60,Female,Paid Ads,Platinum,2021-02-10,Late Night 8-11 PM,9629363665
CUST01893,Jhanvi Patel,Bengaluru,Tier 1,26-35,Female,Paid Ads,None,2021-01-13,Afternoon 10-2 PM,9661187595
CUST01894,Jhanvi Hegde,Mumbai,Tier 1,26-35,Female,Referral,None,2023-06-30,Afternoon 10-2 PM,9640272497
CUST01895,Sagar Kohli,Hyderabad,Tier 1,26-35,Female,Referral,Gold,2022-09-05,Afternoon 10-2 PM,9888582016
CUST01896,Sachin Hegde,Hyderabad,Tier 1,36-45,Female,Paid Ads,Platinum,2023-03-29,Evening 4-8 PM,9756738678
CUST01897,Zoya Shetty,Ahmedabad,Tier 2,18-25,Male,Organic,None,2021-11-29,Evening 4-8 PM,9392947601
CUST01898,Girish Chawla,Hyderabad,Tier 1,18-25,Male,Organic,Platinum,2021-02-16,Morning 6-10 AM,9253243773
CUST01899,Shreya Pandey,Pune,Tier 2,36-45,Other,Organic,None,2023-03-23,Afternoon 10-2 PM,9694043150
CUST01900,Sonali Ghosh,Pune,Tier 2,36-45,Male,Paid Ads,None,2022-08-06,Evening 4-8 PM,
CUST01901,Dhruv Naidu,Delhi,Tier 1,26-35,Male,Paid Ads,Platinum,2023-07-28,Morning 6-10 AM,9321467715
CUST01902,Aditya Agarwal,Bengaluru,Tier 1,36-45,Male,Paid Ads,Silver,2023-12-30,Evening 4-8 PM,9110604622
CUST01903,Kritika Suri,Pune,Tier 2,36-45,Female,Influencer,Silver,2021-12-17,Morning 6-10 AM,9133714457
CUST01904,Ishita Dubey,Mumbai,Tier 1,18-25,Male,Paid Ads,None,2021-02-07,Late Night 8-11 PM,9674066705
CUST01905,Sagar Jain,Ahmedabad,Tier 2,18-25,Male,Paid Ads,None,2022-01-25,Afternoon 10-2 PM,9454205969
CUST01906,Lavanya Hegde,Delhi,Tier 1,36-45,Male,Referral,None,2021-08-06,Afternoon 10-2 PM,9354006948
CUST01907,Soham Nayak,Mumbai,Tier 1,26-35,Male,Organic,None,2022-12-08,Morning 6-10 AM,9533036927
CUST01908,Bhuvan Banerjee,Mumbai,Tier 1,36-45,Male,Offline,Silver,2022-08-23,Afternoon 10-2 PM,9707021964
CUST01909,Sneha Agarwal,Mumbai,Tier 1,36-45,Female,Organic,Platinum,2021-04-17,Afternoon 10-2 PM,9874182210
CUST01910,Jhanvi Nair,Jaipur,Tier 2,36-45,Male,Influencer,Silver,2021-03-05,Evening 4-8 PM,9559268147
CUST01911,Omkar Nair,Bengaluru,Tier 1,18-25,Male,Organic,Silver,2022-06-01,Late Night 8-11 PM,9146456360
CUST01912,Prachi Suri,Bengaluru,Tier 1,26-35,Male,Influencer,Silver,2023-02-06,Afternoon 10-2 PM,9505691670
CUST01913,Ishaan Nair,Mumbai,Tier 1,26-35,Male,Referral,Gold,2021-10-08,Evening 4-8 PM,9291405682
CUST01914,Lakshmi Nair,Mumbai,Tier 1,36-45,Male,Organic,Gold,2022-08-27,Evening 4-8 PM,
CUST01915,Tanvi Subramaniam,Delhi,Tier 1,26-35,Female,Referral,None,2022-04-02,Morning 6-10 AM,9203496796
CUST01916,Neha Agarwal,Ahmedabad,Tier 2,26-35,Male,Influencer,Platinum,2022-08-12,Late Night 8-11 PM,9209121575
CUST01917,Bhuvan Mehta,Mumbai,Tier 1,18-25,Male,Organic,None,2021-07-07,Morning 6-10 AM,
CUST01918,Swati Malhotra,Hyderabad,Tier 1,46-60,Female,Referral,Platinum,2021-11-18,Afternoon 10-2 PM,9789919981
CUST01919,Nisha Bhatia,Delhi,Tier 1,26-35,Male,Referral,Silver,2021-12-17,Afternoon 10-2 PM,9282870232
CUST01920,Rohan Iyer,Hyderabad,Tier 1,36-45,,Paid Ads,Platinum,2022-11-03,Late Night 8-11 PM,9581709225
CUST01921,Rohit Mehta,Mumbai,Tier 1,26-35,Female,Paid Ads,Platinum,2022-06-14,Afternoon 10-2 PM,9606393748
CUST01922,Sandeep Chawla,Bengaluru,Tier 1,26-35,Female,Organic,Silver,2022-08-29,Evening 4-8 PM,9595257084
CUST01923,Aditya Ghosh,Mumbai,Tier 1,36-45,Other,Paid Ads,Silver,2022-02-21,Morning 6-10 AM,9648193635
CUST01924,Neel Pillai,Delhi,Tier 1,18-25,Male,Organic,Gold,2022-02-16,Evening 4-8 PM,9745185020
CUST01925,Siddharth Patel,Lucknow,Tier 2,26-35,Male,Influencer,None,2021-05-20,Evening 4-8 PM,9683369363
CUST01926,Aditi Das,Delhi,Tier 1,46-60,Male,Paid Ads,Silver,2022-01-07,Morning 6-10 AM,9538724149
CUST01927,Keerthi Menon,Bengaluru,Tier 1,46-60,Female,Paid Ads,Silver,2023-11-15,Evening 4-8 PM,9215298327
CUST01928,Nandini Chauhan,Bengaluru,Tier 1,26-35,Male,Paid Ads,Platinum,2023-09-09,Morning 6-10 AM,9274574609
CUST01929,Sarika Kohli,Delhi,Tier 1,46-60,Other,Organic,None,2021-10-07,Evening 4-8 PM,9503802726
CUST01930,Simran Kapoor,Hyderabad,Tier 1,60+,Male,Referral,None,2021-03-01,Afternoon 10-2 PM,9671516246
CUST01931,Rohit Chauhan,Delhi,Tier 1,26-35,Male,Influencer,Silver,2022-11-29,Evening 4-8 PM,9680145479
CUST01932,Keerthi Jain,Delhi,Tier 1,26-35,Male,Referral,None,2023-11-20,Afternoon 10-2 PM,9906468773
CUST01933,Lavanya Bhatia,Jaipur,Tier 2,36-45,Female,Paid Ads,None,2023-01-30,Afternoon 10-2 PM,9452824489
CUST01934,Zoya Banerjee,Hyderabad,Tier 1,36-45,Male,Paid Ads,Silver,2021-04-16,Morning 6-10 AM,
CUST01935,Suresh Srivastava,Pune,Tier 2,36-45,Female,Referral,None,2021-06-01,Evening 4-8 PM,9680301523
CUST01936,Dhruv Gowda,Mumbai,Tier 1,26-35,Male,Organic,Gold,2023-12-20,Morning 6-10 AM,9452972723
CUST01937,Pooja Nayak,Pune,Tier 2,46-60,Male,Referral,None,2023-03-13,Morning 6-10 AM,9295662827
CUST01938,Hansika Verma,Pune,Tier 2,26-35,Male,Referral,None,2021-08-22,Evening 4-8 PM,9754719022
CUST01939,Tarun Shetty,Lucknow,Tier 2,36-45,Male,Influencer,None,2021-02-16,Afternoon 10-2 PM,9873239484
CUST01940,Kritika Shetty,Delhi,Tier 1,18-25,Male,Organic,None,2023-05-21,Morning 6-10 AM,9337308920
CUST01941,Sanika Singh,Ahmedabad,Tier 2,36-45,Female,Referral,None,2021-02-12,Afternoon 10-2 PM,9904235048
CUST01942,Lavanya Chatterjee,Mumbai,Tier 1,26-35,Female,Organic,None,2021-09-07,Evening 4-8 PM,9185706314
CUST01943,Vinay Iyer,Mumbai,Tier 1,46-60,Other,Paid Ads,Gold,2022-10-08,Evening 4-8 PM,9558049581
CUST01944,Ayesha Anand,Mumbai,Tier 1,36-45,Female,Referral,Silver,2021-09-09,Evening 4-8 PM,9245630539
CUST01945,Sachin Dubey,Bengaluru,Tier 1,26-35,Male,Paid Ads,Platinum,2023-12-24,Evening 4-8 PM,9531705400
CUST01946,Sneha Singh,Mumbai,Tier 1,26-35,,Referral,Silver,2022-05-18,Afternoon 10-2 PM,9764304695
CUST01947,Aarav Chawla,Mumbai,Tier 1,26-35,Male,Influencer,Silver,2023-06-01,Evening 4-8 PM,9413423927
CUST01948,Nisha Singh,Delhi,Tier 1,36-45,Female,Influencer,None,2023-09-26,Morning 6-10 AM,9948099169
CUST01949,Diya Roy,Ahmedabad,Tier 2,26-35,Male,Referral,None,2021-10-02,Morning 6-10 AM,9606308772
CUST01950,Sonali Verma,Delhi,Tier 1,46-60,Female,Paid Ads,Platinum,2023-02-14,Evening 4-8 PM,9367763303
CUST01951,Vidya Singh,Bengaluru,Tier 1,26-35,Male,Organic,Silver,2023-04-25,Evening 4-8 PM,9769426316
CUST01952,Suresh Chatterjee,Lucknow,Tier 2,36-45,Male,Paid Ads,None,2022-09-06,Evening 4-8 PM,9500833163
CUST01953,Ananya Pillai,Lucknow,Tier 2,36-45,Female,Organic,Gold,2021-01-17,Late Night 8-11 PM,9323908049
CUST01954,Varun Gowda,Delhi,Tier 1,18-25,Female,Referral,None,2023-12-20,Afternoon 10-2 PM,9440363836
CUST01955,Akash Khurana,Pune,Tier 2,26-35,Female,Paid Ads,None,2021-01-08,Afternoon 10-2 PM,9676149519
CUST01956,Prachi Bhatia,Pune,Tier 2,26-35,Female,Influencer,Silver,2022-12-20,Evening 4-8 PM,9992449270
CUST01957,Rekha Agarwal,Ahmedabad,Tier 2,36-45,Male,Influencer,None,2022-06-29,Morning 6-10 AM,
CUST01958,Vivek Bajaj,Lucknow,Tier 2,60+,Female,Referral,None,2022-07-09,Evening 4-8 PM,9137704217
CUST01959,Mohan Kohli,Mumbai,Tier 1,26-35,Female,Organic,Platinum,2023-08-21,Afternoon 10-2 PM,9649722837
CUST01960,Neha Menon,Bengaluru,Tier 1,26-35,Female,Paid Ads,Gold,2021-07-13,Evening 4-8 PM,
CUST01961,Gaurav Banerjee,Mumbai,Tier 1,26-35,Female,Influencer,None,2022-01-17,Late Night 8-11 PM,9474393181
CUST01962,Kritika Patel,Bengaluru,Tier 1,46-60,Male,Influencer,None,2022-04-22,Evening 4-8 PM,9877562137
CUST01963,Soham Dubey,Hyderabad,Tier 1,18-25,Male,Organic,None,2023-10-11,Morning 6-10 AM,9392177384
CUST01964,Namrata Reddy,Mumbai,Tier 1,26-35,Other,Organic,Silver,2021-06-04,Afternoon 10-2 PM,9761559866
CUST01965,Hansika Rao,Bengaluru,Tier 1,18-25,Male,Offline,Silver,2023-08-31,Morning 6-10 AM,9374619476
CUST01966,Zoya Tiwari,Ahmedabad,Tier 2,26-35,Male,Organic,None,2022-09-04,Afternoon 10-2 PM,9115020342
CUST01967,Omkar Sethi,Bengaluru,Tier 1,36-45,Male,Organic,Silver,2021-04-16,Afternoon 10-2 PM,9664616896
CUST01968,Omkar Roy,Delhi,Tier 1,26-35,Male,Organic,Silver,2021-12-14,Afternoon 10-2 PM,9936483568
CUST01969,Bhuvan Mukherjee,Mumbai,Tier 1,36-45,Male,Influencer,Silver,2021-10-05,Afternoon 10-2 PM,9539450487
CUST01970,Aditya Verma,Jaipur,Tier 2,18-25,Male,Referral,None,2021-07-16,Morning 6-10 AM,9956782979
CUST01971,Aditi Verma,Delhi,Tier 1,36-45,Male,Paid Ads,None,2021-03-12,Morning 6-10 AM,9200420837
CUST01972,Vishal Hegde,Mumbai,Tier 1,26-35,Male,Paid Ads,Platinum,2023-03-10,Evening 4-8 PM,9126791708
CUST01973,Pallavi Chatterjee,Pune,Tier 2,46-60,Female,Organic,None,2021-08-18,Afternoon 10-2 PM,9279512315
CUST01974,Bhavya Chauhan,Delhi,Tier 1,46-60,Male,Paid Ads,None,2021-10-24,Afternoon 10-2 PM,9414752120
CUST01975,Ishaan Kumar,Ahmedabad,Tier 2,26-35,Male,Paid Ads,Gold,2022-01-06,Morning 6-10 AM,9911028142
CUST01976,Uma Suri,Mumbai,Tier 1,36-45,Female,Paid Ads,None,2023-08-30,Evening 4-8 PM,9124270806
CUST01977,Lakshmi Tiwari,Mumbai,Tier 1,36-45,Male,Organic,Gold,2023-08-22,Late Night 8-11 PM,9747120459
CUST01978,Tanmay Bajaj,Pune,Tier 2,18-25,Other,Organic,None,2023-01-06,Late Night 8-11 PM,9510453846
CUST01979,Farhan Joshi,Mumbai,Tier 1,36-45,Male,Offline,Silver,2021-07-06,Afternoon 10-2 PM,9534439603
CUST01980,Payal Das,Lucknow,Tier 2,36-45,Female,Influencer,None,2023-05-27,Morning 6-10 AM,9651575951
CUST01981,Ishaan Menon,Hyderabad,Tier 1,26-35,Other,Influencer,Gold,2022-07-06,Afternoon 10-2 PM,9648866587
CUST01982,Sneha Hegde,Pune,Tier 2,36-45,Other,Offline,None,2021-03-08,Morning 6-10 AM,9709084111
CUST01983,Simran Ghosh,Mumbai,Tier 1,18-25,Male,Referral,Platinum,2022-02-17,Evening 4-8 PM,9771440012
CUST01984,Meera Nayak,Mumbai,Tier 1,26-35,Male,Paid Ads,Platinum,2022-07-08,Afternoon 10-2 PM,9641348073
CUST01985,Neel Khurana,Mumbai,Tier 1,60+,Male,Organic,Silver,2021-01-20,Morning 6-10 AM,9313998737
CUST01986,Tarun Oberoi,Pune,Tier 2,46-60,Male,Organic,None,2021-01-04,Late Night 8-11 PM,9102124225
CUST01987,Akash Bajaj,Mumbai,Tier 1,26-35,Male,Organic,Platinum,2023-04-06,Evening 4-8 PM,9757330182
CUST01988,Vidya Jain,Mumbai,Tier 1,36-45,Female,Offline,Gold,2021-09-01,Morning 6-10 AM,
CUST01989,Deepak Roy,Delhi,Tier 1,36-45,Female,Organic,Silver,2023-10-10,Morning 6-10 AM,9992997999
CUST01990,Vinay Choudhary,Delhi,Tier 1,36-45,Male,Referral,None,2021-01-19,Morning 6-10 AM,9422338978
CUST01991,Deepa Kamath,Delhi,Tier 1,46-60,Female,Paid Ads,Silver,2022-05-17,Morning 6-10 AM,
CUST01992,Amrita Desai,Delhi,Tier 1,26-35,Male,Paid Ads,None,2022-05-16,Evening 4-8 PM,9203209448
CUST01993,Deepa Chatterjee,Delhi,Tier 1,18-25,Female,Referral,None,2022-11-07,Evening 4-8 PM,9964207402
CUST01994,Akash Pillai,Bengaluru,Tier 1,36-45,Female,Referral,Gold,2022-02-21,Morning 6-10 AM,9543318944
CUST01995,Soham Chatterjee,Bengaluru,Tier 1,26-35,Female,Referral,None,2022-07-14,Morning 6-10 AM,9259203528
CUST01996,Diya Mehta,Hyderabad,Tier 1,36-45,Male,Referral,None,2021-10-13,Morning 6-10 AM,9198357064
CUST01997,Kavya Iyer,Hyderabad,Tier 1,36-45,Male,Referral,Silver,2021-01-03,Evening 4-8 PM,9251116724
CUST01998,Rohan Desai,Mumbai,Tier 1,46-60,,Referral,Gold,2023-08-16,Late Night 8-11 PM,9784159813
CUST01999,Shreya Ghosh,Lucknow,Tier 2,26-35,Female,Paid Ads,Gold,2021-01-18,Afternoon 10-2 PM,9201684681
CUST02000,Yash Iyer,Lucknow,Tier 2,36-45,Male,Paid Ads,None,2021-05-23,Evening 4-8 PM,9451504394
CUST02001,Akash Das,Bengaluru,Tier 1,36-45,Female,Organic,None,2023-08-10,Morning 6-10 AM,9384007049
CUST02002,Anika Mehta,Delhi,Tier 1,18-25,Female,Paid Ads,Silver,2021-03-02,Afternoon 10-2 PM,9288743450
CUST02003,Ishaan Khurana,Mumbai,Tier 1,36-45,Female,Paid Ads,Silver,2021-09-14,Afternoon 10-2 PM,9671608179
CUST02004,Aditi Rathore,Hyderabad,Tier 1,36-45,Male,Paid Ads,Gold,2022-06-14,Late Night 8-11 PM,9427986788
CUST02005,Kabir Shukla,Hyderabad,Tier 1,26-35,Male,Referral,Silver,2021-02-21,Afternoon 10-2 PM,9354044979
CUST02006,Uday Srivastava,Mumbai,Tier 1,36-45,Female,Organic,None,2023-10-05,Evening 4-8 PM,9475511492
CUST02007,Shubham Singh,Delhi,Tier 1,26-35,Male,Organic,None,2021-07-27,Late Night 8-11 PM,9592683540
CUST02008,Lakshmi Mishra,Hyderabad,Tier 1,26-35,Male,Paid Ads,None,2023-03-05,Afternoon 10-2 PM,9940924182
CUST02009,Kavya Kamath,Bengaluru,Tier 1,18-25,Other,Offline,None,2023-06-25,Evening 4-8 PM,9686024243
CUST02010,Pooja Nayak,Delhi,Tier 1,36-45,,Influencer,None,2021-05-04,Evening 4-8 PM,9139190967
CUST02011,Farhan Naidu,Bengaluru,Tier 1,26-35,Male,Paid Ads,Silver,2021-10-26,Morning 6-10 AM,9391923807
CUST02012,Rajesh Mehta,Pune,Tier 2,26-35,Male,Referral,None,2021-11-09,Afternoon 10-2 PM,9461076202
CUST02013,Simran Shetty,Pune,Tier 2,26-35,Female,Paid Ads,Silver,2021-12-19,Afternoon 10-2 PM,9841908766
CUST02014,Priya Sethi,Bengaluru,Tier 1,46-60,Female,Organic,None,2023-10-07,Evening 4-8 PM,9186229903
CUST02015,Suresh Malhotra,Delhi,Tier 1,18-25,Female,Organic,None,2022-08-12,Morning 6-10 AM,9965748967
CUST02016,Bhavya Jain,Mumbai,Tier 1,26-35,Female,Paid Ads,Gold,2023-04-10,Morning 6-10 AM,9119635030
CUST02017,Diya Hegde,Bengaluru,Tier 1,18-25,Male,Organic,Gold,2023-01-30,Evening 4-8 PM,9399537351
CUST02018,Tanmay Kumar,Mumbai,Tier 1,26-35,Male,Referral,Gold,2023-12-18,Morning 6-10 AM,9357394671
CUST02019,Diya Saxena,Delhi,Tier 1,36-45,Female,Paid Ads,Silver,2022-02-19,Late Night 8-11 PM,9316514058
CUST02020,Soham Bajaj,Mumbai,Tier 1,46-60,Female,Influencer,None,2021-07-03,Morning 6-10 AM,
CUST02021,Rajan Chauhan,Mumbai,Tier 1,46-60,Male,Referral,None,2021-07-22,Afternoon 10-2 PM,9800328299
CUST02022,Arjun Choudhary,Delhi,Tier 1,36-45,Female,Referral,None,2021-11-15,Evening 4-8 PM,9834163355
CUST02023,Aryan Srivastava,Hyderabad,Tier 1,26-35,Male,Referral,None,2023-08-14,Evening 4-8 PM,9491549162
CUST02024,Girish Nair,Jaipur,Tier 2,18-25,Female,Paid Ads,None,2021-12-06,Morning 6-10 AM,
CUST02025,Yash Jain,Jaipur,Tier 2,36-45,Female,Paid Ads,None,2021-10-09,Morning 6-10 AM,9160385198
CUST02026,Suresh Nair,Hyderabad,Tier 1,46-60,Male,Organic,None,2021-08-16,Evening 4-8 PM,9996348457
CUST02027,Meera Oberoi,Mumbai,Tier 1,36-45,Female,Referral,Platinum,2023-09-13,Afternoon 10-2 PM,9312563819
CUST02028,Neha Patel,Delhi,Tier 1,26-35,Male,Influencer,Silver,2021-01-15,Evening 4-8 PM,9116024901
CUST02029,Sachin Bajaj,Hyderabad,Tier 1,26-35,Male,Influencer,Silver,2021-01-31,Afternoon 10-2 PM,9414778396
CUST02030,Ishita Menon,Mumbai,Tier 1,46-60,Female,Organic,None,2023-03-12,Evening 4-8 PM,9512801950
CUST02031,Sanjay Bajaj,Hyderabad,Tier 1,26-35,Male,Paid Ads,None,2023-03-08,Afternoon 10-2 PM,9482796811
CUST02032,Faisal Anand,Mumbai,Tier 1,18-25,,Offline,Silver,2021-10-18,Late Night 8-11 PM,
CUST02033,Shreya Subramaniam,Mumbai,Tier 1,26-35,Male,Organic,Silver,2021-01-20,Afternoon 10-2 PM,9973349521
CUST02034,Pankaj Subramaniam,Hyderabad,Tier 1,36-45,Male,Organic,None,2021-08-19,Evening 4-8 PM,9720501769
CUST02035,Vishal Kamath,Mumbai,Tier 1,26-35,Male,Organic,None,2021-08-08,Morning 6-10 AM,9969182805
CUST02036,Aditi Chatterjee,Mumbai,Tier 1,46-60,Male,Organic,None,2023-02-12,Late Night 8-11 PM,9967092430
CUST02037,Sapna Anand,Hyderabad,Tier 1,26-35,Female,Organic,Gold,2022-11-07,Evening 4-8 PM,9200365230
CUST02038,Akash Hegde,Mumbai,Tier 1,18-25,Female,Influencer,None,2021-11-15,Afternoon 10-2 PM,9728362091
CUST02039,Harini Chatterjee,Pune,Tier 2,26-35,Female,Paid Ads,Silver,2021-08-16,Evening 4-8 PM,9582153143
CUST02040,Rekha Naidu,Jaipur,Tier 2,18-25,Male,Paid Ads,Silver,2023-11-04,Afternoon 10-2 PM,9266177088
CUST02041,Hansika Patel,Bengaluru,Tier 1,36-45,Female,Paid Ads,Silver,2023-02-25,Morning 6-10 AM,9414304393
CUST02042,Vandana Shetty,Delhi,Tier 1,60+,Female,Paid Ads,Silver,2021-10-17,Afternoon 10-2 PM,
CUST02043,Sonali Menon,Mumbai,Tier 1,18-25,Male,Organic,None,2022-06-24,Afternoon 10-2 PM,9788501872
CUST02044,Tanvi Suri,Pune,Tier 2,36-45,Male,Paid Ads,None,2022-04-13,Morning 6-10 AM,9574916541
CUST02045,Chetan Shetty,Bengaluru,Tier 1,26-35,Female,Referral,Silver,2023-02-25,Evening 4-8 PM,9456837467
CUST02046,Sarika Oberoi,Bengaluru,Tier 1,26-35,Other,Influencer,None,2023-11-24,Morning 6-10 AM,9581782458
CUST02047,Pallavi Iyer,Bengaluru,Tier 1,18-25,Female,Paid Ads,None,2023-09-07,Morning 6-10 AM,9858498558
CUST02048,Rohit Menon,Mumbai,Tier 1,36-45,Female,Paid Ads,Gold,2021-10-11,Afternoon 10-2 PM,9668024266
CUST02049,Urvi Shetty,Delhi,Tier 1,26-35,Male,Influencer,Platinum,2022-06-24,Evening 4-8 PM,9522393200
CUST02050,Neha Kumar,Delhi,Tier 1,18-25,Male,Paid Ads,Gold,2021-01-13,Morning 6-10 AM,
CUST02051,Dhruv Choudhary,Delhi,Tier 1,18-25,,Paid Ads,None,2022-11-02,Morning 6-10 AM,9376351483
CUST02052,Ramesh Pillai,Pune,Tier 2,36-45,Female,Paid Ads,None,2023-08-29,Morning 6-10 AM,9636668462
CUST02053,Rohan Kapoor,Hyderabad,Tier 1,26-35,Female,Referral,None,2022-05-10,Evening 4-8 PM,9258014613
CUST02054,Tanvi Menon,Ahmedabad,Tier 2,46-60,Female,Organic,Silver,2022-01-05,Evening 4-8 PM,9790915223
CUST02055,Farhan Joshi,Mumbai,Tier 1,36-45,Female,Influencer,Gold,2023-10-01,Evening 4-8 PM,9628087492
CUST02056,Kritika Mehta,Mumbai,Tier 1,36-45,Male,Influencer,Gold,2022-08-15,Afternoon 10-2 PM,9719682691
CUST02057,Ananya Sen,Delhi,Tier 1,26-35,Male,Paid Ads,None,2022-03-01,Afternoon 10-2 PM,9300983484
CUST02058,Lakshmi Tripathi,Mumbai,Tier 1,26-35,Female,Paid Ads,None,2021-07-15,Afternoon 10-2 PM,9297981588
CUST02059,Pooja Rathore,Hyderabad,Tier 1,46-60,Male,Paid Ads,None,2023-07-12,Evening 4-8 PM,9120751995
CUST02060,Deepa Mishra,Jaipur,Tier 2,46-60,Male,Referral,None,2021-01-23,Evening 4-8 PM,9312906374
CUST02061,Shreya Shetty,Mumbai,Tier 1,26-35,Male,Organic,None,2021-08-20,Afternoon 10-2 PM,9704732915
CUST02062,Sneha Pandey,Bengaluru,Tier 1,60+,Female,Organic,None,2021-03-08,Morning 6-10 AM,9449069597
CUST02063,Kiran Krishnan,Bengaluru,Tier 1,26-35,Female,Influencer,None,2021-08-11,Afternoon 10-2 PM,9749303788
CUST02064,Suresh Anand,Bengaluru,Tier 1,26-35,Female,Organic,None,2021-11-24,Evening 4-8 PM,9516200262
CUST02065,Jhanvi Mehta,Bengaluru,Tier 1,26-35,Female,Influencer,None,2023-06-01,Morning 6-10 AM,9793510145
CUST02066,Kritika Dubey,Bengaluru,Tier 1,46-60,Female,Paid Ads,Gold,2023-09-29,Late Night 8-11 PM,9729625164
CUST02067,Soham Srivastava,Bengaluru,Tier 1,18-25,Female,Paid Ads,None,2023-05-08,Evening 4-8 PM,9909104572
CUST02068,Akash Reddy,Bengaluru,Tier 1,18-25,Male,Referral,None,2021-12-18,Morning 6-10 AM,9928549908
CUST02069,Sanika Choudhary,Mumbai,Tier 1,46-60,Male,Influencer,Gold,2022-07-27,Evening 4-8 PM,9137145865
CUST02070,Kunal Subramaniam,Delhi,Tier 1,26-35,Female,Organic,Gold,2021-12-10,Morning 6-10 AM,
CUST02071,Sanika Subramaniam,Mumbai,Tier 1,36-45,Male,Influencer,None,2022-04-09,Morning 6-10 AM,9954928950
CUST02072,Ananya Shah,Hyderabad,Tier 1,46-60,Female,Influencer,None,2022-08-07,Evening 4-8 PM,9307920481
CUST02073,Nisha Pillai,Pune,Tier 2,46-60,Male,Organic,Silver,2023-05-24,Late Night 8-11 PM,9128617680
CUST02074,Vandana Agarwal,Bengaluru,Tier 1,60+,Male,Organic,None,2022-07-06,Late Night 8-11 PM,9722542127
CUST02075,Rekha Yadav,Mumbai,Tier 1,36-45,Male,Influencer,None,2021-10-02,Evening 4-8 PM,9360625982
CUST02076,Seema Pillai,Lucknow,Tier 2,18-25,Male,Referral,None,2021-05-15,Morning 6-10 AM,9739195886
CUST02077,Pooja Sethi,Pune,Tier 2,18-25,Male,Paid Ads,None,2021-07-20,Evening 4-8 PM,9579252372
CUST02078,Neha Joshi,Mumbai,Tier 1,26-35,Male,Paid Ads,Platinum,2022-07-16,Late Night 8-11 PM,9646208106
CUST02079,Seema Kapoor,Hyderabad,Tier 1,26-35,Female,Organic,Silver,2023-05-22,Morning 6-10 AM,9345423703
CUST02080,Zoya Kohli,Mumbai,Tier 1,26-35,Female,Paid Ads,Gold,2021-10-09,Morning 6-10 AM,9857149631
CUST02081,Sagar Anand,Mumbai,Tier 1,26-35,Male,Organic,None,2022-03-06,Morning 6-10 AM,9724796079
CUST02082,Rajan Malhotra,Hyderabad,Tier 1,36-45,Male,Influencer,None,2023-08-03,Afternoon 10-2 PM,9750112695
CUST02083,Sanika Anand,Lucknow,Tier 2,36-45,Female,Organic,None,2022-04-29,Morning 6-10 AM,9956733247
CUST02084,Payal Agarwal,Hyderabad,Tier 1,36-45,Female,Referral,None,2022-09-12,Late Night 8-11 PM,9144503746
CUST02085,Hansika Roy,Delhi,Tier 1,46-60,Male,Organic,None,2021-12-15,Morning 6-10 AM,9561707241
CUST02086,Sagar Gowda,Bengaluru,Tier 1,36-45,Male,Paid Ads,None,2022-08-17,Evening 4-8 PM,9658093774
CUST02087,Urvi Nayak,Bengaluru,Tier 1,36-45,Female,Paid Ads,None,2021-12-18,Evening 4-8 PM,9569486217
CUST02088,Tanvi Iyer,Hyderabad,Tier 1,26-35,Male,Referral,Silver,2023-09-15,Morning 6-10 AM,9280691157
CUST02089,Namrata Gowda,Bengaluru,Tier 1,36-45,,Referral,Silver,2023-03-14,Morning 6-10 AM,9297103457
CUST02090,Aditi Yadav,Ahmedabad,Tier 2,18-25,,Referral,Silver,2023-04-11,Evening 4-8 PM,9421989113
CUST02091,Vivek Tiwari,Delhi,Tier 1,26-35,Female,Influencer,None,2021-07-05,Evening 4-8 PM,9274510156
CUST02092,Prachi Singh,Bengaluru,Tier 1,26-35,Female,Referral,Gold,2023-05-06,Evening 4-8 PM,9576079975
CUST02093,Shreya Mishra,Mumbai,Tier 1,18-25,Female,Influencer,None,2021-04-18,Evening 4-8 PM,9308526364
CUST02094,Tanvi Shetty,Mumbai,Tier 1,26-35,Male,Referral,None,2021-04-13,Evening 4-8 PM,9335800174
CUST02095,Meera Agarwal,Bengaluru,Tier 1,36-45,Male,Organic,None,2021-06-27,Afternoon 10-2 PM,9106215913
CUST02096,Shubham Verma,Hyderabad,Tier 1,46-60,Male,Paid Ads,Gold,2023-03-31,Morning 6-10 AM,9835606935
CUST02097,Ayesha Chauhan,Pune,Tier 2,60+,Female,Paid Ads,None,2023-12-13,Morning 6-10 AM,9115811244
CUST02098,Neha Dubey,Delhi,Tier 1,26-35,Male,Organic,None,2021-10-28,Evening 4-8 PM,9320746286
CUST02099,Meera Nayak,Lucknow,Tier 2,26-35,Male,Offline,None,2022-08-03,Evening 4-8 PM,9421768515
CUST02100,Meera Saxena,Mumbai,Tier 1,18-25,Male,Influencer,None,2022-02-07,Morning 6-10 AM,9807050777
CUST02101,Vidya Sen,Ahmedabad,Tier 2,26-35,Male,Influencer,None,2022-03-03,Morning 6-10 AM,9293338752
CUST02102,Arjun Hegde,Hyderabad,Tier 1,26-35,Male,Organic,Silver,2022-11-28,Morning 6-10 AM,9121230901
CUST02103,Uday Bhatia,Lucknow,Tier 2,36-45,Male,Organic,Gold,2021-12-12,Morning 6-10 AM,9430339309
CUST02104,Pooja Gupta,Bengaluru,Tier 1,36-45,Male,Organic,None,2022-11-18,Afternoon 10-2 PM,9517386186
CUST02105,Soham Khurana,Delhi,Tier 1,36-45,Male,Paid Ads,None,2023-01-28,Morning 6-10 AM,9917187478
CUST02106,Yash Khurana,Mumbai,Tier 1,18-25,Female,Organic,Silver,2022-06-30,Afternoon 10-2 PM,
CUST02107,Bhuvan Mukherjee,Jaipur,Tier 2,26-35,,Referral,Silver,2022-07-03,Morning 6-10 AM,9399066226
CUST02108,Amrita Arora,Bengaluru,Tier 1,18-25,Female,Referral,Silver,2023-12-29,Morning 6-10 AM,9153591476
CUST02109,Imran Chawla,Bengaluru,Tier 1,26-35,Male,Organic,Gold,2023-12-07,Afternoon 10-2 PM,9155007087
CUST02110,Sanjay Singh,Bengaluru,Tier 1,36-45,Male,Referral,Gold,2023-05-02,Evening 4-8 PM,9601817355
CUST02111,Sapna Yadav,Mumbai,Tier 1,26-35,Female,Influencer,Gold,2021-05-18,Late Night 8-11 PM,9845184155
CUST02112,Sanika Hegde,Mumbai,Tier 1,26-35,Female,Organic,Platinum,2023-07-17,Morning 6-10 AM,9719403721
CUST02113,Aditi Choudhary,Ahmedabad,Tier 2,26-35,Male,Referral,Silver,2023-02-28,Evening 4-8 PM,9490134345
CUST02114,Siddharth Patel,Bengaluru,Tier 1,26-35,Male,Referral,None,2023-05-21,Afternoon 10-2 PM,9129044476
CUST02115,Imran Shukla,Bengaluru,Tier 1,36-45,Male,Paid Ads,None,2021-09-04,Evening 4-8 PM,9889088100
CUST02116,Shreya Krishnan,Mumbai,Tier 1,46-60,Female,Referral,None,2021-02-03,Evening 4-8 PM,9794756833
CUST02117,Rekha Menon,Delhi,Tier 1,26-35,Male,Referral,Platinum,2023-03-05,Evening 4-8 PM,9545291519
CUST02118,Nandini Hegde,Mumbai,Tier 1,26-35,Male,Referral,None,2023-09-14,Evening 4-8 PM,
CUST02119,Hansika Chatterjee,Ahmedabad,Tier 2,46-60,Female,Referral,None,2021-10-12,Afternoon 10-2 PM,9163010075
CUST02120,Yash Pandey,Bengaluru,Tier 1,36-45,Female,Paid Ads,Silver,2023-06-26,Afternoon 10-2 PM,9300595397
CUST02121,Bhavya Mishra,Ahmedabad,Tier 2,36-45,Female,Offline,None,2021-01-31,Evening 4-8 PM,9723002831
CUST02122,Varun Shetty,Delhi,Tier 1,36-45,Female,Paid Ads,Platinum,2021-11-24,Afternoon 10-2 PM,9549553756
CUST02123,Mohan Choudhary,Hyderabad,Tier 1,36-45,Male,Paid Ads,Platinum,2021-01-13,Late Night 8-11 PM,9430670582
CUST02124,Kritika Mishra,Hyderabad,Tier 1,36-45,Male,Organic,None,2022-04-26,Evening 4-8 PM,9927943760
CUST02125,Ravi Ghosh,Bengaluru,Tier 1,36-45,Female,Referral,None,2023-01-05,Morning 6-10 AM,9549411194
CUST02126,Sanjay Arora,Delhi,Tier 1,26-35,Female,Influencer,Gold,2021-01-05,Afternoon 10-2 PM,9669622120
CUST02127,Pooja Shah,Mumbai,Tier 1,36-45,Male,Referral,None,2022-05-18,Evening 4-8 PM,9940535835
CUST02128,Mihir Hegde,Ahmedabad,Tier 2,36-45,Male,Paid Ads,None,2023-10-26,Afternoon 10-2 PM,
CUST02129,Imran Bose,Hyderabad,Tier 1,36-45,Female,Paid Ads,Silver,2021-04-17,Evening 4-8 PM,9371224762
CUST02130,Aditya Srivastava,Ahmedabad,Tier 2,36-45,Female,Referral,Gold,2021-01-04,Morning 6-10 AM,9149801596
CUST02131,Aryan Arora,Mumbai,Tier 1,60+,Male,Organic,Gold,2021-04-09,Afternoon 10-2 PM,9679199142
CUST02132,Hansika Subramaniam,Mumbai,Tier 1,46-60,Female,Paid Ads,Silver,2023-12-19,Afternoon 10-2 PM,9690845542
CUST02133,Rahul Shetty,Mumbai,Tier 1,26-35,Female,Referral,Platinum,2021-02-09,Morning 6-10 AM,9808423806
CUST02134,Rohit Khurana,Delhi,Tier 1,26-35,Female,Referral,Platinum,2023-05-09,Morning 6-10 AM,9736016274
CUST02135,Tanmay Arora,Hyderabad,Tier 1,46-60,Male,Organic,Platinum,2023-04-12,Evening 4-8 PM,
CUST02136,Ishita Shetty,Mumbai,Tier 1,18-25,Female,Paid Ads,None,2021-12-25,Evening 4-8 PM,9822110525
CUST02137,Pankaj Bose,Jaipur,Tier 2,26-35,Male,Referral,None,2022-01-12,Evening 4-8 PM,9660408053
CUST02138,Tarun Subramaniam,Hyderabad,Tier 1,18-25,Male,Referral,Gold,2021-10-20,Morning 6-10 AM,9501509647
CUST02139,Bhuvan Verma,Mumbai,Tier 1,36-45,Female,Organic,Gold,2023-01-16,Morning 6-10 AM,9385894632
CUST02140,Seema Hegde,Delhi,Tier 1,46-60,Female,Organic,Silver,2023-07-09,Afternoon 10-2 PM,9415297820
CUST02141,Ramesh Iyer,Bengaluru,Tier 1,46-60,Female,Paid Ads,None,2022-04-01,Afternoon 10-2 PM,9638193934
CUST02142,Payal Agarwal,Pune,Tier 2,46-60,Female,Referral,None,2021-02-03,Morning 6-10 AM,9988058628
CUST02143,Varun Agarwal,Hyderabad,Tier 1,18-25,Male,Referral,Gold,2023-10-18,Afternoon 10-2 PM,9864826507
CUST02144,Kavya Pillai,Bengaluru,Tier 1,60+,Male,Organic,None,2023-08-08,Afternoon 10-2 PM,9667944560
CUST02145,Aditya Gupta,Bengaluru,Tier 1,18-25,Female,Paid Ads,Silver,2021-12-23,Afternoon 10-2 PM,
CUST02146,Dhruv Jain,Bengaluru,Tier 1,26-35,Male,Paid Ads,Gold,2021-01-23,Evening 4-8 PM,9587161920
CUST02147,Zara Kohli,Jaipur,Tier 2,26-35,Male,Paid Ads,None,2021-11-13,Evening 4-8 PM,9949464566
CUST02148,Vivek Malhotra,Jaipur,Tier 2,26-35,Female,Referral,None,2023-03-30,Evening 4-8 PM,9631966288
CUST02149,Lakshmi Sen,Delhi,Tier 1,46-60,Male,Paid Ads,Silver,2023-12-12,Morning 6-10 AM,9967024421
CUST02150,Dhruv Hegde,Bengaluru,Tier 1,26-35,Male,Referral,Silver,2021-06-23,Evening 4-8 PM,9110569408
CUST02151,Bhavya Das,Mumbai,Tier 1,26-35,Female,Referral,Silver,2023-03-28,Afternoon 10-2 PM,9902077579
CUST02152,Rajesh Tripathi,Jaipur,Tier 2,36-45,Male,Organic,Gold,2021-05-25,Morning 6-10 AM,9319177811
CUST02153,Zoya Rathore,Delhi,Tier 1,26-35,Female,Influencer,None,2021-03-09,Afternoon 10-2 PM,9791948631
CUST02154,Lavanya Roy,Bengaluru,Tier 1,26-35,Female,Referral,None,2022-08-31,Evening 4-8 PM,9861734945
CUST02155,Ayesha Jain,Hyderabad,Tier 1,26-35,Male,Organic,None,2023-09-20,Afternoon 10-2 PM,9959422538
CUST02156,Pankaj Bajaj,Mumbai,Tier 1,46-60,Male,Influencer,None,2021-03-11,Afternoon 10-2 PM,9531964443
CUST02157,Aarav Singh,Delhi,Tier 1,26-35,Male,Referral,Gold,2023-04-17,Morning 6-10 AM,9562367655
CUST02158,Tanvi Rao,Delhi,Tier 1,36-45,Female,Referral,None,2022-08-18,Late Night 8-11 PM,
CUST02159,Rajesh Rathore,Bengaluru,Tier 1,26-35,Female,Paid Ads,Platinum,2022-02-02,Late Night 8-11 PM,9534547817
CUST02160,Aryan Rathore,Mumbai,Tier 1,26-35,Male,Organic,Silver,2022-12-18,Afternoon 10-2 PM,9913433877
CUST02161,Keerthi Kumar,Delhi,Tier 1,60+,Male,Paid Ads,None,2021-05-26,Evening 4-8 PM,9307636150
CUST02162,Arjun Pillai,Mumbai,Tier 1,26-35,Male,Organic,None,2022-07-18,Late Night 8-11 PM,9753837603
CUST02163,Pooja Rathore,Mumbai,Tier 1,26-35,Male,Offline,None,2021-09-21,Afternoon 10-2 PM,9170532937
CUST02164,Aarav Anand,Jaipur,Tier 2,46-60,Male,Organic,None,2021-05-27,Evening 4-8 PM,9838800041
CUST02165,Sagar Singh,Delhi,Tier 1,26-35,Male,Referral,Silver,2022-12-12,Evening 4-8 PM,9306787283
CUST02166,Ananya Arora,Lucknow,Tier 2,46-60,Female,Paid Ads,None,2022-12-11,Morning 6-10 AM,
CUST02167,Diya Chatterjee,Pune,Tier 2,46-60,Male,Organic,None,2023-03-15,Evening 4-8 PM,9815547413
CUST02168,Sarika Mehta,Mumbai,Tier 1,36-45,Female,Organic,None,2022-05-19,Morning 6-10 AM,9869684435
CUST02169,Rajesh Nair,Bengaluru,Tier 1,36-45,Other,Offline,Silver,2021-11-03,Morning 6-10 AM,9125913302
CUST02170,Amrita Roy,Hyderabad,Tier 1,26-35,Male,Offline,Platinum,2022-05-04,Evening 4-8 PM,9684102841
CUST02171,Nandini Bose,Delhi,Tier 1,36-45,Female,Organic,Silver,2021-01-26,Afternoon 10-2 PM,9752921459
CUST02172,Deepak Subramaniam,Hyderabad,Tier 1,26-35,Female,Referral,None,2022-02-22,Morning 6-10 AM,9548312638
CUST02173,Ayesha Pillai,Mumbai,Tier 1,36-45,Male,Organic,None,2023-11-05,Morning 6-10 AM,9563859207
CUST02174,Urvi Srivastava,Delhi,Tier 1,60+,Female,Offline,Silver,2021-12-11,Morning 6-10 AM,9226147990
CUST02175,Ekta Singh,Delhi,Tier 1,36-45,Female,Referral,None,2022-08-01,Evening 4-8 PM,
CUST02176,Kabir Naidu,Mumbai,Tier 1,26-35,Male,Paid Ads,None,2022-11-25,Morning 6-10 AM,9959361214
CUST02177,Lakshmi Suri,Bengaluru,Tier 1,18-25,Female,Paid Ads,None,2023-07-21,Morning 6-10 AM,9270652170
CUST02178,Ramesh Shah,Mumbai,Tier 1,36-45,Male,Organic,Gold,2022-07-13,Afternoon 10-2 PM,9615662035
CUST02179,Ayesha Gowda,Pune,Tier 2,36-45,Female,Referral,Silver,2022-02-07,Late Night 8-11 PM,9410607155
CUST02180,Chetan Hegde,Bengaluru,Tier 1,36-45,Male,Organic,None,2023-09-23,Morning 6-10 AM,9242024391
CUST02181,Lakshmi Malhotra,Ahmedabad,Tier 2,26-35,Female,Paid Ads,None,2022-04-21,Morning 6-10 AM,9512711255
CUST02182,Vinay Ghosh,Mumbai,Tier 1,18-25,Male,Influencer,Gold,2021-01-13,Late Night 8-11 PM,9530876241
CUST02183,Aryan Mishra,Mumbai,Tier 1,26-35,Male,Organic,Silver,2023-01-30,Evening 4-8 PM,9788344795
CUST02184,Hansika Pandey,Mumbai,Tier 1,26-35,Male,Paid Ads,None,2022-03-20,Morning 6-10 AM,9277069484
CUST02185,Vandana Malhotra,Mumbai,Tier 1,36-45,Male,Organic,Silver,2022-11-26,Evening 4-8 PM,9593994293
CUST02186,Zara Dubey,Pune,Tier 2,36-45,Male,Influencer,None,2022-01-18,Afternoon 10-2 PM,
CUST02187,Vinay Pandey,Hyderabad,Tier 1,18-25,Female,Paid Ads,None,2023-10-07,Late Night 8-11 PM,9376799449
CUST02188,Girish Kohli,Pune,Tier 2,60+,Male,Organic,None,2022-07-31,Afternoon 10-2 PM,9341730484
CUST02189,Harini Bajaj,Delhi,Tier 1,18-25,Female,Referral,None,2022-12-14,Afternoon 10-2 PM,9404291481
CUST02190,Priya Yadav,Ahmedabad,Tier 2,26-35,Other,Organic,Silver,2023-01-30,Morning 6-10 AM,9631546833
CUST02191,Payal Tiwari,Mumbai,Tier 1,26-35,Male,Influencer,None,2023-05-11,Morning 6-10 AM,9554254200
CUST02192,Aditi Das,Mumbai,Tier 1,26-35,Female,Referral,Silver,2023-04-12,Late Night 8-11 PM,9958754004
CUST02193,Sandeep Desai,Lucknow,Tier 2,26-35,Male,Offline,None,2021-05-19,Evening 4-8 PM,9781620306
CUST02194,Siddharth Rathore,Jaipur,Tier 2,36-45,Male,Organic,None,2021-05-07,Afternoon 10-2 PM,9424508535
CUST02195,Nisha Kohli,Mumbai,Tier 1,26-35,Male,Organic,None,2022-06-26,Evening 4-8 PM,9204232221
CUST02196,Ramesh Anand,Hyderabad,Tier 1,46-60,Female,Referral,Silver,2023-08-01,Morning 6-10 AM,9185847712
CUST02197,Vikram Chawla,Pune,Tier 2,36-45,Male,Offline,None,2023-04-09,Late Night 8-11 PM,9516980397
CUST02198,Vivek Malhotra,Ahmedabad,Tier 2,26-35,Male,Referral,None,2023-08-01,Morning 6-10 AM,9501853587
CUST02199,Aryan Choudhary,Hyderabad,Tier 1,26-35,,Referral,None,2023-08-29,Afternoon 10-2 PM,9384927280
CUST02200,Aarav Naidu,Bengaluru,Tier 1,36-45,Female,Organic,Platinum,2023-06-05,Evening 4-8 PM,9977654790
CUST02201,Rashmi Arora,Mumbai,Tier 1,36-45,Male,Referral,Gold,2023-04-10,Morning 6-10 AM,
CUST02202,Ishita Chatterjee,Ahmedabad,Tier 2,26-35,Male,Paid Ads,None,2023-08-01,Evening 4-8 PM,9800875109
CUST02203,Kritika Shukla,Mumbai,Tier 1,26-35,Male,Offline,None,2022-11-24,Morning 6-10 AM,
CUST02204,Lakshmi Verma,Bengaluru,Tier 1,36-45,Male,Offline,Gold,2022-01-22,Morning 6-10 AM,9654336068
CUST02205,Ishita Menon,Bengaluru,Tier 1,60+,Male,Organic,None,2021-11-02,Afternoon 10-2 PM,
CUST02206,Rekha Hegde,Hyderabad,Tier 1,26-35,,Influencer,None,2021-09-17,Evening 4-8 PM,
CUST02207,Ravi Pandey,Jaipur,Tier 2,36-45,Female,Organic,Silver,2022-03-29,Afternoon 10-2 PM,
CUST02208,Priya Malhotra,Ahmedabad,Tier 2,26-35,Male,Referral,None,2021-11-05,Afternoon 10-2 PM,9601909254
CUST02209,Mohan Gupta,Delhi,Tier 1,26-35,,Referral,Gold,2023-03-27,Morning 6-10 AM,9613401565
CUST02210,Sneha Sharma,Mumbai,Tier 1,26-35,Male,Organic,None,2022-11-18,Evening 4-8 PM,9640546713
CUST02211,Ishita Chawla,Pune,Tier 2,26-35,Female,Organic,None,2022-09-02,Afternoon 10-2 PM,9632639286
CUST02212,Mihir Sethi,Bengaluru,Tier 1,46-60,Male,Referral,None,2023-05-27,Afternoon 10-2 PM,9711146626
CUST02213,Simran Shetty,Jaipur,Tier 2,26-35,Female,Organic,None,2023-11-08,Afternoon 10-2 PM,9952400997
CUST02214,Seema Krishnan,Pune,Tier 2,60+,Male,Paid Ads,Gold,2023-07-07,Morning 6-10 AM,9793303150
CUST02215,Farhan Jain,Delhi,Tier 1,46-60,Other,Referral,None,2023-09-20,Afternoon 10-2 PM,9860281649
CUST02216,Bhuvan Nayak,Bengaluru,Tier 1,18-25,,Referral,None,2022-10-08,Afternoon 10-2 PM,
CUST02217,Payal Naidu,Bengaluru,Tier 1,36-45,Male,Paid Ads,Silver,2022-08-31,Evening 4-8 PM,9338834252
CUST02218,Pallavi Subramaniam,Lucknow,Tier 2,26-35,Male,Organic,None,2023-12-29,Afternoon 10-2 PM,
CUST02219,Farhan Mukherjee,Ahmedabad,Tier 2,36-45,Female,Paid Ads,None,2021-01-09,Morning 6-10 AM,9583645554
CUST02220,Payal Krishnan,Delhi,Tier 1,26-35,,Influencer,None,2022-09-15,Late Night 8-11 PM,9987674062
CUST02221,Hansika Reddy,Ahmedabad,Tier 2,26-35,Female,Referral,None,2021-05-12,Evening 4-8 PM,9665169914
CUST02222,Ishaan Menon,Mumbai,Tier 1,26-35,Female,Referral,Silver,2022-08-18,Morning 6-10 AM,9512767481
CUST02223,Uma Pillai,Hyderabad,Tier 1,36-45,Male,Referral,None,2023-08-16,Afternoon 10-2 PM,9676041175
CUST02224,Pooja Mishra,Lucknow,Tier 2,18-25,Female,Paid Ads,None,2022-07-06,Evening 4-8 PM,9307015005
CUST02225,Vishal Malhotra,Ahmedabad,Tier 2,60+,Female,Influencer,None,2022-02-17,Afternoon 10-2 PM,9683045299
CUST02226,Kabir Tiwari,Mumbai,Tier 1,18-25,Male,Organic,None,2022-12-31,Afternoon 10-2 PM,9834851529
CUST02227,Prachi Mukherjee,Delhi,Tier 1,26-35,Female,Offline,None,2023-01-05,Morning 6-10 AM,9284842392
CUST02228,Simran Bose,Bengaluru,Tier 1,18-25,Male,Paid Ads,None,2023-04-30,Morning 6-10 AM,9412641556
CUST02229,Sagar Gupta,Hyderabad,Tier 1,26-35,Male,Paid Ads,None,2022-06-10,Morning 6-10 AM,9926609653
CUST02230,Ekta Chauhan,Delhi,Tier 1,46-60,Male,Influencer,None,2022-02-17,Evening 4-8 PM,9557199926
CUST02231,Neha Shetty,Mumbai,Tier 1,26-35,Male,Organic,None,2021-02-10,Morning 6-10 AM,9148943157
CUST02232,Rajan Naidu,Ahmedabad,Tier 2,46-60,Male,Organic,Silver,2021-05-05,Evening 4-8 PM,9457324681
CUST02233,Vishal Bhatia,Pune,Tier 2,36-45,Male,Offline,None,2022-07-24,Evening 4-8 PM,9817231001
CUST02234,Aditya Choudhary,Delhi,Tier 1,26-35,,Referral,Silver,2023-09-25,Afternoon 10-2 PM,9264128494
CUST02235,Gaurav Menon,Delhi,Tier 1,26-35,Female,Paid Ads,Platinum,2021-03-28,Morning 6-10 AM,9926860668
CUST02236,Omkar Rathore,Bengaluru,Tier 1,26-35,Male,Offline,None,2023-10-18,Afternoon 10-2 PM,9715293993
CUST02237,Akash Krishnan,Bengaluru,Tier 1,26-35,Female,Referral,Silver,2023-06-05,Morning 6-10 AM,9369481986
CUST02238,Jhanvi Gowda,Bengaluru,Tier 1,36-45,Male,Organic,None,2023-12-23,Morning 6-10 AM,9456614938
CUST02239,Ekta Shetty,Delhi,Tier 1,46-60,Male,Influencer,Silver,2022-04-11,Morning 6-10 AM,9814025317
CUST02240,Priya Agarwal,Delhi,Tier 1,26-35,Male,Paid Ads,Silver,2022-09-25,Late Night 8-11 PM,9892221833
CUST02241,Nandini Jain,Bengaluru,Tier 1,36-45,Male,Paid Ads,None,2021-09-22,Evening 4-8 PM,9788684924
CUST02242,Sarika Anand,Delhi,Tier 1,26-35,Female,Organic,None,2022-05-17,Afternoon 10-2 PM,9561024904
CUST02243,Imran Sen,Mumbai,Tier 1,36-45,Male,Referral,Gold,2023-07-30,Morning 6-10 AM,9654430604
CUST02244,Sneha Pillai,Mumbai,Tier 1,36-45,Male,Organic,Gold,2021-06-27,Afternoon 10-2 PM,9668687017
CUST02245,Deepak Dubey,Jaipur,Tier 2,36-45,Male,Referral,None,2023-01-11,Evening 4-8 PM,9544872135
CUST02246,Amrita Shetty,Hyderabad,Tier 1,18-25,Male,Organic,Gold,2021-10-23,Morning 6-10 AM,9583516652
CUST02247,Aditya Verma,Hyderabad,Tier 1,60+,Female,Organic,Silver,2021-04-26,Evening 4-8 PM,9919168650
CUST02248,Ramesh Hegde,Lucknow,Tier 2,26-35,Female,Paid Ads,None,2021-04-24,Evening 4-8 PM,9969644770
CUST02249,Soham Kohli,Delhi,Tier 1,26-35,Male,Referral,Gold,2023-10-14,Afternoon 10-2 PM,9663533342
CUST02250,Vishal Agarwal,Mumbai,Tier 1,36-45,Male,Paid Ads,Silver,2023-11-20,Morning 6-10 AM,9444032888
CUST02251,Ayesha Bajaj,Delhi,Tier 1,36-45,Male,Offline,Silver,2023-03-11,Evening 4-8 PM,9325590886
CUST02252,Vivek Desai,Delhi,Tier 1,26-35,Male,Organic,None,2021-02-04,Morning 6-10 AM,9262068099
CUST02253,Seema Oberoi,Bengaluru,Tier 1,18-25,,Referral,None,2021-02-27,Evening 4-8 PM,9194720953
CUST02254,Vishal Joshi,Delhi,Tier 1,26-35,Female,Referral,None,2023-03-04,Afternoon 10-2 PM,9205539641
CUST02255,Ishita Hegde,Delhi,Tier 1,36-45,Female,Paid Ads,None,2023-03-06,Late Night 8-11 PM,9739939972
CUST02256,Harini Mehta,Mumbai,Tier 1,26-35,Male,Paid Ads,Gold,2021-10-22,Morning 6-10 AM,9347999758
CUST02257,Rashmi Desai,Bengaluru,Tier 1,36-45,Female,Referral,None,2023-07-20,Evening 4-8 PM,9439498723
CUST02258,Tarun Chatterjee,Mumbai,Tier 1,26-35,Female,Influencer,None,2022-04-07,Evening 4-8 PM,9480440939
CUST02259,Aditi Naidu,Hyderabad,Tier 1,26-35,Male,Organic,Silver,2022-03-23,Morning 6-10 AM,9778739715
CUST02260,Ramesh Shukla,Mumbai,Tier 1,36-45,Male,Organic,None,2023-09-07,Morning 6-10 AM,9893657022
CUST02261,Prachi Saxena,Bengaluru,Tier 1,46-60,Male,Paid Ads,Silver,2022-03-05,Late Night 8-11 PM,
CUST02262,Tanvi Mehta,Mumbai,Tier 1,36-45,Female,Referral,None,2022-10-23,Late Night 8-11 PM,9675261633
CUST02263,Gaurav Chatterjee,Lucknow,Tier 2,36-45,Male,Offline,None,2021-06-02,Afternoon 10-2 PM,9570202904
CUST02264,Soham Bhatia,Ahmedabad,Tier 2,26-35,Male,Influencer,None,2022-09-12,Morning 6-10 AM,9483498167
CUST02265,Rahul Kapoor,Delhi,Tier 1,26-35,Male,Influencer,None,2022-04-20,Morning 6-10 AM,9558780845
CUST02266,Akash Gupta,Jaipur,Tier 2,26-35,Female,Referral,None,2023-10-19,Afternoon 10-2 PM,9227802344
CUST02267,Uday Sen,Bengaluru,Tier 1,26-35,Female,Referral,None,2021-10-29,Evening 4-8 PM,9646581788
CUST02268,Yash Choudhary,Bengaluru,Tier 1,36-45,Female,Organic,None,2022-11-10,Evening 4-8 PM,9810697685
CUST02269,Kiran Hegde,Bengaluru,Tier 1,26-35,Male,Organic,Silver,2023-02-03,Evening 4-8 PM,9893351495
CUST02270,Nisha Kohli,Bengaluru,Tier 1,26-35,Male,Offline,Gold,2022-09-07,Late Night 8-11 PM,9605670877
CUST02271,Sapna Kumar,Hyderabad,Tier 1,36-45,Male,Referral,None,2022-08-04,Afternoon 10-2 PM,9622972582
CUST02272,Ekta Nair,Bengaluru,Tier 1,26-35,Male,Paid Ads,Silver,2021-12-06,Late Night 8-11 PM,9534317284
CUST02273,Chetan Sethi,Delhi,Tier 1,46-60,,Offline,None,2022-09-07,Morning 6-10 AM,9515112849
CUST02274,Ayesha Saxena,Hyderabad,Tier 1,36-45,Female,Organic,Gold,2023-07-11,Afternoon 10-2 PM,9237934469
CUST02275,Tanmay Gowda,Delhi,Tier 1,18-25,,Referral,None,2022-02-17,Late Night 8-11 PM,
CUST02276,Hansika Banerjee,Mumbai,Tier 1,60+,Female,Paid Ads,None,2023-02-27,Evening 4-8 PM,9698965667
CUST02277,Shubham Roy,Ahmedabad,Tier 2,26-35,Male,Referral,None,2023-04-28,Late Night 8-11 PM,
CUST02278,Ramesh Tripathi,Mumbai,Tier 1,26-35,Male,Organic,Silver,2021-03-07,Late Night 8-11 PM,9237445335
CUST02279,Payal Shah,Mumbai,Tier 1,26-35,Female,Organic,None,2022-03-04,Evening 4-8 PM,9694559557
CUST02280,Shubham Rathore,Bengaluru,Tier 1,26-35,Female,Organic,Gold,2021-05-28,Evening 4-8 PM,9396436681
CUST02281,Harini Bose,Pune,Tier 2,26-35,Female,Organic,Silver,2022-12-19,Evening 4-8 PM,9524614310
CUST02282,Simran Krishnan,Jaipur,Tier 2,26-35,Female,Paid Ads,Gold,2023-02-25,Morning 6-10 AM,9507603187
CUST02283,Zara Kohli,Mumbai,Tier 1,36-45,Male,Influencer,Gold,2022-11-17,Afternoon 10-2 PM,9786506269
CUST02284,Nandini Shukla,Mumbai,Tier 1,26-35,Female,Influencer,Silver,2021-04-03,Morning 6-10 AM,9951276269
CUST02285,Vivek Chatterjee,Jaipur,Tier 2,18-25,Male,Influencer,None,2022-03-03,Morning 6-10 AM,9391076575
CUST02286,Nandini Kapoor,Pune,Tier 2,46-60,,Organic,None,2022-04-14,Afternoon 10-2 PM,9910705458
CUST02287,Neha Gupta,Bengaluru,Tier 1,26-35,Male,Paid Ads,Gold,2021-06-21,Evening 4-8 PM,9723049042
CUST02288,Kavya Banerjee,Ahmedabad,Tier 2,18-25,Male,Referral,None,2023-11-25,Afternoon 10-2 PM,9329411667
CUST02289,Omkar Sharma,Mumbai,Tier 1,26-35,Female,Organic,Gold,2023-06-11,Afternoon 10-2 PM,9155584954
CUST02290,Sanika Desai,Hyderabad,Tier 1,18-25,Male,Referral,Silver,2022-05-14,Afternoon 10-2 PM,9190524737
CUST02291,Bhavya Kapoor,Bengaluru,Tier 1,26-35,Male,Paid Ads,Platinum,2021-01-31,Evening 4-8 PM,9689261630
CUST02292,Arjun Bhatia,Delhi,Tier 1,36-45,Female,Paid Ads,None,2022-11-09,Morning 6-10 AM,9536525602
CUST02293,Jhanvi Shetty,Hyderabad,Tier 1,18-25,Female,Influencer,None,2022-05-16,Evening 4-8 PM,9499740903
CUST02294,Kunal Saxena,Jaipur,Tier 2,36-45,Male,Organic,Gold,2021-04-22,Morning 6-10 AM,9459961881
CUST02295,Omkar Mukherjee,Lucknow,Tier 2,46-60,Male,Paid Ads,Gold,2021-12-11,Evening 4-8 PM,9410607842
CUST02296,Anika Mishra,Pune,Tier 2,26-35,Male,Paid Ads,Silver,2021-10-18,Morning 6-10 AM,9531424463
CUST02297,Nisha Menon,Delhi,Tier 1,46-60,Male,Organic,Silver,2022-07-24,Evening 4-8 PM,9349223189
CUST02298,Amrita Iyer,Ahmedabad,Tier 2,26-35,Male,Paid Ads,Silver,2021-02-26,Morning 6-10 AM,9759222955
CUST02299,Chetan Nair,Pune,Tier 2,36-45,Male,Paid Ads,Gold,2021-07-26,Morning 6-10 AM,9490430996
CUST02300,Sanjay Nair,Mumbai,Tier 1,36-45,Male,Referral,None,2023-04-24,Morning 6-10 AM,9332549218
CUST02301,Urvi Mishra,Bengaluru,Tier 1,26-35,Female,Referral,Silver,2021-01-11,Afternoon 10-2 PM,9561760990
CUST02302,Pooja Kumar,Delhi,Tier 1,36-45,Female,Referral,None,2023-06-15,Afternoon 10-2 PM,9608474130
CUST02303,Nisha Bose,Hyderabad,Tier 1,36-45,Female,Referral,None,2023-08-25,Morning 6-10 AM,9996401754
CUST02304,Rekha Anand,Pune,Tier 2,26-35,Male,Offline,None,2022-11-12,Afternoon 10-2 PM,
CUST02305,Sapna Reddy,Delhi,Tier 1,26-35,Male,Referral,Gold,2023-05-04,Morning 6-10 AM,9607592684
CUST02306,Sanika Shah,Pune,Tier 2,26-35,Female,Referral,None,2023-06-24,Morning 6-10 AM,9921073156
CUST02307,Tanmay Chatterjee,Bengaluru,Tier 1,36-45,Male,Paid Ads,Silver,2023-04-16,Evening 4-8 PM,9922349213
CUST02308,Rohit Tripathi,Delhi,Tier 1,26-35,Male,Influencer,Platinum,2023-03-07,Evening 4-8 PM,9419771296
CUST02309,Swati Singh,Mumbai,Tier 1,26-35,Male,Referral,None,2022-02-07,Late Night 8-11 PM,9341168373
CUST02310,Namrata Suri,Bengaluru,Tier 1,26-35,Female,Paid Ads,Gold,2021-02-23,Afternoon 10-2 PM,9884614354
CUST02311,Rahul Khurana,Delhi,Tier 1,26-35,Female,Referral,Gold,2021-06-08,Evening 4-8 PM,9341166057
CUST02312,Urvi Singh,Hyderabad,Tier 1,18-25,Female,Paid Ads,Silver,2023-08-04,Morning 6-10 AM,9633760050
CUST02313,Swati Iyer,Pune,Tier 2,26-35,Male,Organic,None,2021-01-09,Evening 4-8 PM,9758788486
CUST02314,Tanvi Bajaj,Delhi,Tier 1,46-60,Male,Influencer,None,2022-07-18,Afternoon 10-2 PM,9231518435
CUST02315,Sarika Nayak,Lucknow,Tier 2,26-35,Female,Referral,Platinum,2022-01-12,Afternoon 10-2 PM,9254779707
CUST02316,Hansika Reddy,Pune,Tier 2,26-35,Female,Paid Ads,None,2022-01-27,Afternoon 10-2 PM,9903213869
CUST02317,Amrita Chawla,Jaipur,Tier 2,46-60,,Paid Ads,None,2023-11-02,Afternoon 10-2 PM,
CUST02318,Lakshmi Sethi,Hyderabad,Tier 1,26-35,Female,Referral,None,2021-07-01,Afternoon 10-2 PM,9821806761
CUST02319,Nandini Krishnan,Mumbai,Tier 1,36-45,Male,Organic,None,2021-08-03,Morning 6-10 AM,9475706929
CUST02320,Zoya Verma,Pune,Tier 2,18-25,Female,Organic,None,2021-03-11,Evening 4-8 PM,9343118141
CUST02321,Pooja Menon,Bengaluru,Tier 1,26-35,Female,Influencer,None,2022-02-25,Evening 4-8 PM,9953158654
CUST02322,Arjun Hegde,Mumbai,Tier 1,36-45,Female,Organic,None,2021-05-26,Evening 4-8 PM,9332475983
CUST02323,Pallavi Agarwal,Mumbai,Tier 1,18-25,Male,Offline,None,2021-06-20,Afternoon 10-2 PM,
CUST02324,Kiran Subramaniam,Bengaluru,Tier 1,46-60,Male,Paid Ads,None,2023-05-05,Evening 4-8 PM,9684428271
CUST02325,Chetan Krishnan,Lucknow,Tier 2,36-45,Male,Organic,Gold,2022-02-15,Morning 6-10 AM,9453397017
CUST02326,Pankaj Krishnan,Bengaluru,Tier 1,26-35,Male,Paid Ads,None,2021-05-06,Morning 6-10 AM,9820802689
CUST02327,Amrita Joshi,Mumbai,Tier 1,26-35,Female,Organic,Silver,2023-09-12,Morning 6-10 AM,9192782461
CUST02328,Gaurav Menon,Pune,Tier 2,46-60,Female,Organic,None,2021-02-03,Evening 4-8 PM,9598141520
CUST02329,Aarav Reddy,Hyderabad,Tier 1,60+,Female,Influencer,Silver,2021-07-08,Morning 6-10 AM,9593251831
CUST02330,Rajan Chatterjee,Ahmedabad,Tier 2,18-25,Male,Referral,None,2022-03-13,Evening 4-8 PM,9647690382
CUST02331,Sanjay Das,Bengaluru,Tier 1,46-60,Male,Organic,Silver,2021-06-13,Afternoon 10-2 PM,9423910823
CUST02332,Gaurav Suri,Hyderabad,Tier 1,60+,Male,Paid Ads,None,2022-05-26,Morning 6-10 AM,9404898529
CUST02333,Chetan Saxena,Ahmedabad,Tier 2,26-35,Female,Organic,None,2023-06-07,Morning 6-10 AM,9171327924
CUST02334,Pallavi Hegde,Bengaluru,Tier 1,26-35,Male,Paid Ads,None,2023-10-15,Evening 4-8 PM,9102165309
CUST02335,Sandeep Das,Mumbai,Tier 1,26-35,Female,Offline,Platinum,2022-07-20,Afternoon 10-2 PM,9485353099
CUST02336,Dhruv Das,Delhi,Tier 1,26-35,Other,Referral,Gold,2021-03-04,Late Night 8-11 PM,9775027210
CUST02337,Rohit Pandey,Hyderabad,Tier 1,26-35,Female,Influencer,None,2023-01-16,Morning 6-10 AM,9256384640
CUST02338,Lakshmi Shukla,Ahmedabad,Tier 2,36-45,Male,Organic,None,2023-01-11,Afternoon 10-2 PM,
CUST02339,Aditi Chauhan,Bengaluru,Tier 1,18-25,Male,Organic,Silver,2022-07-17,Late Night 8-11 PM,9978762956
CUST02340,Imran Tiwari,Bengaluru,Tier 1,46-60,Male,Referral,None,2021-07-30,Afternoon 10-2 PM,
CUST02341,Shreya Tiwari,Hyderabad,Tier 1,36-45,Male,Organic,Platinum,2021-07-25,Late Night 8-11 PM,9108276051
CUST02342,Kritika Pillai,Delhi,Tier 1,26-35,Male,Paid Ads,Silver,2021-11-27,Evening 4-8 PM,9259003151
CUST02343,Yash Rao,Mumbai,Tier 1,26-35,Female,Paid Ads,Silver,2023-12-14,Evening 4-8 PM,9734640765
CUST02344,Ananya Sharma,Delhi,Tier 1,26-35,Male,Referral,Gold,2021-08-26,Morning 6-10 AM,9209285278
CUST02345,Nisha Banerjee,Hyderabad,Tier 1,36-45,Female,Offline,None,2022-10-15,Morning 6-10 AM,9256357107
CUST02346,Imran Jain,Mumbai,Tier 1,36-45,Female,Organic,Silver,2022-08-16,Late Night 8-11 PM,9813936096
CUST02347,Tarun Bajaj,Bengaluru,Tier 1,60+,Female,Paid Ads,None,2021-09-19,Morning 6-10 AM,
CUST02348,Rajan Joshi,Mumbai,Tier 1,36-45,Female,Referral,Silver,2022-09-10,Morning 6-10 AM,9915028324
CUST02349,Varun Yadav,Mumbai,Tier 1,46-60,Female,Organic,None,2023-04-20,Afternoon 10-2 PM,9775177517
CUST02350,Ananya Kumar,Mumbai,Tier 1,18-25,Male,Paid Ads,Platinum,2021-02-16,Evening 4-8 PM,9634424799
CUST02351,Yash Sethi,Lucknow,Tier 2,36-45,Male,Offline,None,2021-08-25,Afternoon 10-2 PM,9984663831
CUST02352,Tanmay Subramaniam,Hyderabad,Tier 1,36-45,,Influencer,None,2023-04-05,Morning 6-10 AM,
CUST02353,Vivek Chatterjee,Pune,Tier 2,60+,Female,Referral,None,2022-09-19,Afternoon 10-2 PM,
CUST02354,Lakshmi Khurana,Pune,Tier 2,46-60,Male,Paid Ads,None,2021-04-11,Late Night 8-11 PM,9264525372
CUST02355,Vishal Pandey,Delhi,Tier 1,18-25,Male,Organic,Gold,2023-07-31,Morning 6-10 AM,9393527111
CUST02356,Arjun Singh,Bengaluru,Tier 1,26-35,Male,Paid Ads,None,2023-05-07,Late Night 8-11 PM,
CUST02357,Vivek Mehta,Delhi,Tier 1,18-25,Male,Organic,None,2023-09-08,Morning 6-10 AM,9272581465
CUST02358,Sarika Das,Hyderabad,Tier 1,26-35,Male,Influencer,Gold,2022-01-05,Evening 4-8 PM,9109825050
CUST02359,Mihir Kumar,Delhi,Tier 1,26-35,Male,Organic,Silver,2023-11-16,Morning 6-10 AM,
CUST02360,Rashmi Iyer,Mumbai,Tier 1,26-35,Female,Paid Ads,None,2023-03-27,Late Night 8-11 PM,9462964007
CUST02361,Priya Kamath,Bengaluru,Tier 1,60+,Female,Paid Ads,Silver,2023-02-15,Evening 4-8 PM,9496127640
CUST02362,Nikhil Yadav,Delhi,Tier 1,26-35,Female,Referral,Gold,2022-08-20,Morning 6-10 AM,9188655524
CUST02363,Vinay Naidu,Bengaluru,Tier 1,18-25,Male,Organic,None,2021-10-14,Morning 6-10 AM,9841052105
CUST02364,Deepak Shukla,Hyderabad,Tier 1,26-35,Male,Offline,Silver,2021-09-26,Evening 4-8 PM,9598227721
CUST02365,Kunal Subramaniam,Delhi,Tier 1,18-25,Female,Referral,None,2023-02-23,Evening 4-8 PM,9995729198
CUST02366,Neel Iyer,Mumbai,Tier 1,46-60,Female,Offline,None,2022-04-18,Morning 6-10 AM,9424345573
CUST02367,Sagar Sharma,Delhi,Tier 1,26-35,Male,Organic,None,2021-08-06,Afternoon 10-2 PM,9327253619
CUST02368,Neel Rathore,Bengaluru,Tier 1,36-45,Male,Organic,Silver,2021-02-14,Morning 6-10 AM,9466781205
CUST02369,Sanjay Rao,Delhi,Tier 1,26-35,Male,Referral,Silver,2023-10-06,Evening 4-8 PM,9479994398
CUST02370,Rajesh Sharma,Lucknow,Tier 2,36-45,Female,Referral,Silver,2022-04-10,Evening 4-8 PM,9469505387
CUST02371,Namrata Iyer,Pune,Tier 2,36-45,Male,Paid Ads,None,2023-08-12,Evening 4-8 PM,9181033974
CUST02372,Sanjay Das,Bengaluru,Tier 1,26-35,Male,Organic,None,2021-08-31,Morning 6-10 AM,9478755735
CUST02373,Ekta Anand,Mumbai,Tier 1,46-60,Female,Referral,None,2023-05-27,Late Night 8-11 PM,9465052178
CUST02374,Kunal Suri,Mumbai,Tier 1,26-35,Female,Paid Ads,None,2021-11-24,Morning 6-10 AM,9795787915
CUST02375,Vivek Mehta,Bengaluru,Tier 1,26-35,Male,Referral,Gold,2021-09-28,Morning 6-10 AM,9519609273
CUST02376,Vivek Oberoi,Delhi,Tier 1,46-60,Male,Referral,Gold,2023-05-26,Afternoon 10-2 PM,9262316070
CUST02377,Tarun Nair,Mumbai,Tier 1,36-45,Female,Organic,None,2023-11-25,Morning 6-10 AM,9494744299
CUST02378,Uday Singh,Bengaluru,Tier 1,18-25,Female,Referral,Silver,2021-03-24,Morning 6-10 AM,9587001911
CUST02379,Nisha Khurana,Ahmedabad,Tier 2,36-45,Female,Referral,Gold,2021-05-30,Evening 4-8 PM,9469989543
CUST02380,Girish Desai,Delhi,Tier 1,46-60,Male,Organic,Silver,2022-06-13,Late Night 8-11 PM,9316579566
CUST02381,Uday Tiwari,Pune,Tier 2,26-35,Male,Offline,Silver,2023-12-09,Evening 4-8 PM,9936383929
CUST02382,Anika Hegde,Bengaluru,Tier 1,26-35,Male,Referral,Gold,2022-01-12,Afternoon 10-2 PM,9336576444
CUST02383,Sanika Gupta,Ahmedabad,Tier 2,36-45,Male,Offline,Gold,2022-12-09,Morning 6-10 AM,9367262002
CUST02384,Sandeep Oberoi,Delhi,Tier 1,26-35,Female,Paid Ads,Gold,2023-04-22,Afternoon 10-2 PM,9415148778
CUST02385,Kiran Reddy,Delhi,Tier 1,26-35,Female,Organic,Silver,2021-09-04,Afternoon 10-2 PM,9248272789
CUST02386,Shreya Kohli,Bengaluru,Tier 1,18-25,Female,Paid Ads,None,2022-11-15,Afternoon 10-2 PM,9821734711
CUST02387,Shubham Choudhary,Mumbai,Tier 1,18-25,Male,Paid Ads,None,2022-04-19,Afternoon 10-2 PM,9759158247
CUST02388,Namrata Kapoor,Delhi,Tier 1,36-45,Male,Organic,Gold,2021-08-14,Morning 6-10 AM,9805172609
CUST02389,Aarav Kumar,Bengaluru,Tier 1,18-25,Male,Influencer,Gold,2021-01-13,Afternoon 10-2 PM,9629082656
CUST02390,Suresh Kamath,Pune,Tier 2,46-60,Male,Influencer,None,2021-04-17,Morning 6-10 AM,9797642338
CUST02391,Ishita Singh,Hyderabad,Tier 1,26-35,Female,Influencer,None,2021-10-22,Late Night 8-11 PM,9792679092
CUST02392,Kavya Anand,Pune,Tier 2,18-25,Female,Referral,None,2023-03-20,Morning 6-10 AM,9578101838
CUST02393,Meera Tiwari,Mumbai,Tier 1,36-45,Female,Influencer,Gold,2023-12-02,Evening 4-8 PM,
CUST02394,Ishita Krishnan,Mumbai,Tier 1,36-45,Male,Influencer,Gold,2023-11-27,Evening 4-8 PM,9235828540
CUST02395,Pallavi Choudhary,Bengaluru,Tier 1,60+,Female,Organic,None,2023-05-17,Evening 4-8 PM,9509123196
CUST02396,Varun Reddy,Mumbai,Tier 1,46-60,Female,Referral,None,2021-06-25,Afternoon 10-2 PM,9460313580
CUST02397,Pallavi Arora,Hyderabad,Tier 1,46-60,Female,Influencer,None,2021-02-19,Afternoon 10-2 PM,9550226939
CUST02398,Sachin Shetty,Bengaluru,Tier 1,18-25,Female,Organic,None,2021-07-11,Evening 4-8 PM,9501794646
CUST02399,Jhanvi Krishnan,Mumbai,Tier 1,46-60,Male,Influencer,None,2021-08-13,Morning 6-10 AM,9669723467
CUST02400,Rashmi Sethi,Hyderabad,Tier 1,18-25,Female,Organic,None,2023-11-10,Afternoon 10-2 PM,9889520089
CUST02401,Pallavi Chawla,Mumbai,Tier 1,18-25,Male,Organic,Platinum,2023-04-11,Morning 6-10 AM,9181440946
CUST02402,Rekha Pillai,Hyderabad,Tier 1,26-35,Female,Organic,Gold,2023-09-05,Evening 4-8 PM,9642976037
CUST02403,Arjun Bhatia,Mumbai,Tier 1,36-45,Male,Paid Ads,Gold,2023-02-21,Late Night 8-11 PM,9975788656
CUST02404,Pankaj Patel,Delhi,Tier 1,18-25,Female,Organic,Platinum,2021-07-30,Evening 4-8 PM,9845085399
CUST02405,Rashmi Menon,Delhi,Tier 1,26-35,Male,Organic,Gold,2023-03-09,Afternoon 10-2 PM,9553543326
CUST02406,Zara Khurana,Mumbai,Tier 1,26-35,Female,Paid Ads,Silver,2023-12-04,Afternoon 10-2 PM,9544339294
CUST02407,Arjun Srivastava,Mumbai,Tier 1,26-35,Male,Offline,Silver,2023-02-07,Afternoon 10-2 PM,9678874106
CUST02408,Rohan Pandey,Mumbai,Tier 1,26-35,Female,Paid Ads,None,2022-05-06,Morning 6-10 AM,9737015598
CUST02409,Varun Reddy,Pune,Tier 2,26-35,Male,Referral,Platinum,2023-09-15,Morning 6-10 AM,
CUST02410,Vishal Hegde,Hyderabad,Tier 1,26-35,Male,Paid Ads,Silver,2022-03-03,Evening 4-8 PM,9317318655
CUST02411,Varun Mukherjee,Mumbai,Tier 1,26-35,Female,Paid Ads,Gold,2023-02-26,Afternoon 10-2 PM,9795085691
CUST02412,Ramesh Gupta,Bengaluru,Tier 1,36-45,Female,Referral,None,2021-09-15,Morning 6-10 AM,9421933803
CUST02413,Nikhil Sharma,Delhi,Tier 1,36-45,Male,Organic,Silver,2023-08-25,Late Night 8-11 PM,9108560683
CUST02414,Neel Bajaj,Hyderabad,Tier 1,46-60,Female,Offline,None,2023-08-19,Evening 4-8 PM,9911392745
CUST02415,Urvi Das,Mumbai,Tier 1,18-25,Male,Referral,Silver,2023-03-10,Evening 4-8 PM,9166012063
CUST02416,Deepa Rao,Mumbai,Tier 1,18-25,Female,Referral,Gold,2022-02-01,Morning 6-10 AM,9332579277
CUST02417,Aryan Banerjee,Ahmedabad,Tier 2,36-45,Male,Influencer,Silver,2023-08-20,Evening 4-8 PM,9941494948
CUST02418,Siddharth Nair,Hyderabad,Tier 1,36-45,Female,Paid Ads,Gold,2023-06-09,Afternoon 10-2 PM,9926421753
CUST02419,Rahul Patel,Delhi,Tier 1,36-45,Female,Paid Ads,Gold,2022-02-03,Evening 4-8 PM,9118753331
CUST02420,Sandeep Rao,Hyderabad,Tier 1,26-35,Female,Organic,None,2023-02-17,Morning 6-10 AM,9937874378
CUST02421,Meera Anand,Delhi,Tier 1,26-35,Female,Paid Ads,None,2022-05-15,Evening 4-8 PM,9592476734
CUST02422,Omkar Das,Mumbai,Tier 1,26-35,Male,Organic,None,2023-10-07,Morning 6-10 AM,9188708282
CUST02423,Rekha Patel,Jaipur,Tier 2,36-45,Male,Organic,None,2021-11-07,Evening 4-8 PM,
CUST02424,Seema Banerjee,Mumbai,Tier 1,36-45,Female,Referral,None,2022-11-20,Evening 4-8 PM,9318300402
CUST02425,Priya Desai,Bengaluru,Tier 1,26-35,,Paid Ads,Silver,2022-01-18,Morning 6-10 AM,9606799338
CUST02426,Pallavi Roy,Delhi,Tier 1,26-35,Female,Paid Ads,None,2023-03-05,Afternoon 10-2 PM,9357767987
CUST02427,Akash Krishnan,Pune,Tier 2,26-35,Female,Offline,None,2023-04-15,Evening 4-8 PM,9656678956
CUST02428,Sarika Agarwal,Mumbai,Tier 1,26-35,Female,Referral,None,2023-10-18,Morning 6-10 AM,9142302950
CUST02429,Omkar Krishnan,Pune,Tier 2,36-45,Female,Organic,Silver,2021-04-12,Afternoon 10-2 PM,9504790266
CUST02430,Ramesh Singh,Pune,Tier 2,36-45,Female,Paid Ads,None,2021-10-21,Morning 6-10 AM,9799760128
CUST02431,Ayesha Krishnan,Mumbai,Tier 1,36-45,Female,Offline,None,2023-05-12,Morning 6-10 AM,9509513770
CUST02432,Meera Naidu,Delhi,Tier 1,18-25,Female,Organic,None,2021-04-18,Morning 6-10 AM,9352110438
CUST02433,Sneha Jain,Mumbai,Tier 1,18-25,Male,Offline,None,2023-12-25,Evening 4-8 PM,9791164594
CUST02434,Neha Mukherjee,Lucknow,Tier 2,36-45,Male,Paid Ads,None,2022-01-04,Evening 4-8 PM,
CUST02435,Aryan Kapoor,Pune,Tier 2,36-45,,Paid Ads,None,2023-05-06,Morning 6-10 AM,9790090874
CUST02436,Deepa Iyer,Mumbai,Tier 1,60+,Female,Paid Ads,None,2022-09-13,Morning 6-10 AM,9375344572
CUST02437,Aarav Gowda,Pune,Tier 2,26-35,Female,Organic,Silver,2021-06-30,Evening 4-8 PM,9688926070
CUST02438,Mihir Choudhary,Jaipur,Tier 2,36-45,Male,Referral,None,2022-02-20,Afternoon 10-2 PM,9411616963
CUST02439,Diya Bajaj,Lucknow,Tier 2,36-45,Male,Paid Ads,None,2022-04-22,Evening 4-8 PM,9482228740
CUST02440,Uma Joshi,Hyderabad,Tier 1,26-35,Male,Paid Ads,Platinum,2023-11-09,Evening 4-8 PM,9234502571
CUST02441,Vishal Naidu,Hyderabad,Tier 1,60+,Male,Organic,Silver,2023-01-03,Afternoon 10-2 PM,9525751796
CUST02442,Hansika Reddy,Ahmedabad,Tier 2,26-35,Male,Referral,None,2023-06-05,Morning 6-10 AM,9842095037
CUST02443,Zara Anand,Delhi,Tier 1,36-45,Male,Paid Ads,Silver,2022-10-28,Late Night 8-11 PM,9788079363
CUST02444,Sachin Agarwal,Hyderabad,Tier 1,60+,Male,Organic,None,2022-10-14,Afternoon 10-2 PM,9447311290
CUST02445,Tanvi Chauhan,Bengaluru,Tier 1,26-35,Male,Offline,Gold,2023-02-18,Evening 4-8 PM,9301821554
CUST02446,Sanika Tripathi,Jaipur,Tier 2,36-45,Male,Offline,Silver,2022-08-19,Late Night 8-11 PM,9938279315
CUST02447,Tanvi Bajaj,Bengaluru,Tier 1,36-45,Female,Offline,None,2022-12-23,Morning 6-10 AM,9199656722
CUST02448,Sneha Singh,Delhi,Tier 1,36-45,Female,Paid Ads,None,2021-04-25,Afternoon 10-2 PM,9146801065
CUST02449,Dhruv Kumar,Mumbai,Tier 1,26-35,,Referral,None,2023-07-05,Afternoon 10-2 PM,9475359489
CUST02450,Aryan Chawla,Hyderabad,Tier 1,26-35,Male,Organic,Silver,2021-09-10,Morning 6-10 AM,9464959908
CUST02451,Bhavya Sethi,Hyderabad,Tier 1,26-35,Female,Organic,Gold,2021-02-17,Morning 6-10 AM,9470043165
CUST02452,Lakshmi Reddy,Mumbai,Tier 1,26-35,Male,Referral,Gold,2021-02-02,Evening 4-8 PM,9114645927
CUST02453,Uday Chawla,Pune,Tier 2,26-35,Female,Influencer,None,2023-02-28,Evening 4-8 PM,9378702972
CUST02454,Zoya Shukla,Hyderabad,Tier 1,26-35,Male,Referral,None,2021-02-20,Evening 4-8 PM,9939552941
CUST02455,Imran Yadav,Hyderabad,Tier 1,26-35,Male,Referral,None,2023-04-16,Afternoon 10-2 PM,9374568855
CUST02456,Sanjay Agarwal,Mumbai,Tier 1,46-60,Female,Paid Ads,Gold,2023-02-03,Morning 6-10 AM,9170419722
CUST02457,Jhanvi Pandey,Bengaluru,Tier 1,46-60,Other,Referral,Silver,2023-11-19,Afternoon 10-2 PM,9387406296
CUST02458,Rahul Bajaj,Delhi,Tier 1,36-45,Male,Offline,None,2023-05-29,Afternoon 10-2 PM,9993487413
CUST02459,Simran Mishra,Delhi,Tier 1,46-60,Male,Organic,None,2023-08-02,Morning 6-10 AM,9104912821
CUST02460,Dhruv Das,Jaipur,Tier 2,26-35,Female,Referral,None,2022-03-24,Evening 4-8 PM,9422945077
CUST02461,Uma Pandey,Bengaluru,Tier 1,60+,Female,Influencer,None,2021-02-18,Morning 6-10 AM,9442660291
CUST02462,Sandeep Srivastava,Pune,Tier 2,18-25,Male,Organic,Silver,2021-01-17,Afternoon 10-2 PM,9284914801
CUST02463,Dhruv Yadav,Jaipur,Tier 2,26-35,Male,Paid Ads,None,2023-10-01,Morning 6-10 AM,9733819589
CUST02464,Hansika Nayak,Bengaluru,Tier 1,46-60,Female,Offline,Silver,2021-02-28,Morning 6-10 AM,9700323252
CUST02465,Gaurav Banerjee,Lucknow,Tier 2,18-25,Male,Referral,Silver,2022-12-05,Morning 6-10 AM,9703793998
CUST02466,Mohan Mukherjee,Mumbai,Tier 1,26-35,Male,Influencer,None,2022-04-22,Afternoon 10-2 PM,9766192957
CUST02467,Rekha Pillai,Ahmedabad,Tier 2,18-25,Female,Influencer,None,2022-05-05,Morning 6-10 AM,9395033357
CUST02468,Kritika Mishra,Lucknow,Tier 2,26-35,Female,Influencer,None,2023-06-09,Morning 6-10 AM,9296686575
CUST02469,Rohan Nair,Pune,Tier 2,36-45,Female,Paid Ads,None,2022-12-18,Afternoon 10-2 PM,9186164583
CUST02470,Simran Patel,Bengaluru,Tier 1,36-45,Female,Referral,Silver,2022-10-26,Afternoon 10-2 PM,9426886112
CUST02471,Sagar Chatterjee,Bengaluru,Tier 1,36-45,Male,Paid Ads,Silver,2023-05-06,Morning 6-10 AM,9215592123
CUST02472,Meera Malhotra,Bengaluru,Tier 1,26-35,Male,Offline,None,2021-06-27,Morning 6-10 AM,9502171933
CUST02473,Tanmay Srivastava,Lucknow,Tier 2,36-45,Female,Referral,Silver,2021-07-27,Morning 6-10 AM,9651576310
CUST02474,Harini Desai,Bengaluru,Tier 1,60+,Female,Paid Ads,Platinum,2021-05-02,Morning 6-10 AM,9748011072
CUST02475,Nikhil Verma,Ahmedabad,Tier 2,36-45,Male,Referral,None,2021-06-01,Morning 6-10 AM,9163690400
CUST02476,Ananya Saxena,Bengaluru,Tier 1,26-35,Female,Referral,None,2021-09-14,Morning 6-10 AM,9549654093
CUST02477,Mihir Naidu,Delhi,Tier 1,18-25,Male,Referral,None,2022-04-15,Morning 6-10 AM,9697057829
CUST02478,Ananya Ghosh,Delhi,Tier 1,26-35,Female,Organic,Silver,2021-11-08,Morning 6-10 AM,9976076856
CUST02479,Rajan Sen,Bengaluru,Tier 1,18-25,Female,Paid Ads,Silver,2022-05-02,Evening 4-8 PM,9606141127
CUST02480,Sanika Shukla,Bengaluru,Tier 1,26-35,Male,Referral,Gold,2022-11-10,Morning 6-10 AM,
CUST02481,Pankaj Pillai,Bengaluru,Tier 1,46-60,Female,Referral,Platinum,2022-05-25,Evening 4-8 PM,9341617535
CUST02482,Deepa Krishnan,Jaipur,Tier 2,18-25,Female,Organic,None,2023-09-18,Late Night 8-11 PM,9215108408
CUST02483,Shreya Rao,Bengaluru,Tier 1,36-45,Male,Referral,Gold,2021-09-17,Afternoon 10-2 PM,9464784483
CUST02484,Soham Menon,Pune,Tier 2,46-60,Male,Influencer,None,2021-06-20,Morning 6-10 AM,9625244213
CUST02485,Faisal Rao,Bengaluru,Tier 1,26-35,Female,Organic,None,2021-06-04,Afternoon 10-2 PM,9829497396
CUST02486,Tanvi Nair,Delhi,Tier 1,36-45,Male,Paid Ads,Silver,2023-09-26,Evening 4-8 PM,9471790720
CUST02487,Vandana Bhatia,Ahmedabad,Tier 2,46-60,Male,Influencer,Platinum,2022-07-16,Morning 6-10 AM,
CUST02488,Aarav Iyer,Lucknow,Tier 2,36-45,Male,Influencer,None,2023-10-10,Morning 6-10 AM,
CUST02489,Rajesh Chawla,Mumbai,Tier 1,26-35,,Referral,None,2023-07-16,Afternoon 10-2 PM,
CUST02490,Aryan Bose,Hyderabad,Tier 1,18-25,Female,Referral,None,2023-07-30,Morning 6-10 AM,9173881388
CUST02491,Tanmay Rao,Delhi,Tier 1,26-35,Male,Paid Ads,None,2022-05-14,Morning 6-10 AM,9579326098
CUST02492,Aryan Gowda,Mumbai,Tier 1,36-45,Male,Organic,None,2021-07-25,Afternoon 10-2 PM,9103137483
CUST02493,Vinay Suri,Mumbai,Tier 1,36-45,Male,Organic,None,2022-02-08,Morning 6-10 AM,
CUST02494,Sapna Jain,Pune,Tier 2,18-25,Female,Paid Ads,Gold,2021-01-19,Afternoon 10-2 PM,9816791829
CUST02495,Jhanvi Anand,Hyderabad,Tier 1,26-35,Male,Paid Ads,None,2023-11-12,Morning 6-10 AM,9621937249
CUST02496,Lakshmi Patel,Delhi,Tier 1,18-25,Male,Organic,None,2021-07-24,Evening 4-8 PM,9109486493
CUST02497,Simran Malhotra,Delhi,Tier 1,26-35,Male,Referral,None,2023-12-28,Evening 4-8 PM,9293599260
CUST02498,Aarav Jain,Mumbai,Tier 1,26-35,Female,Influencer,None,2021-06-14,Afternoon 10-2 PM,9426344709
CUST02499,Sandeep Tiwari,Bengaluru,Tier 1,36-45,Male,Paid Ads,None,2021-08-24,Morning 6-10 AM,9635277800
CUST02500,Sneha Shukla,Mumbai,Tier 1,36-45,Female,Referral,Gold,2023-10-22,Evening 4-8 PM,9557045781
CUST02501,Sagar Mishra,Bengaluru,Tier 1,18-25,Female,Referral,None,2023-06-22,Afternoon 10-2 PM,9499706064
CUST02502,Mohan Dubey,Bengaluru,Tier 1,18-25,Female,Influencer,None,2022-08-10,Afternoon 10-2 PM,
CUST02503,Namrata Oberoi,Pune,Tier 2,36-45,Female,Offline,Platinum,2021-05-21,Evening 4-8 PM,9509378291
CUST02504,Siddharth Menon,Mumbai,Tier 1,36-45,Male,Offline,Gold,2023-07-26,Morning 6-10 AM,9420179381
CUST02505,Lavanya Joshi,Mumbai,Tier 1,26-35,Male,Organic,None,2023-12-26,Evening 4-8 PM,9546309587
CUST02506,Anika Shetty,Bengaluru,Tier 1,26-35,Male,Paid Ads,None,2023-11-12,Afternoon 10-2 PM,9332412077
CUST02507,Yash Choudhary,Bengaluru,Tier 1,60+,Male,Organic,Platinum,2022-04-12,Morning 6-10 AM,9184565680
CUST02508,Zoya Kumar,Pune,Tier 2,36-45,Male,Offline,None,2021-08-21,Late Night 8-11 PM,9161902389
CUST02509,Bhuvan Shah,Bengaluru,Tier 1,26-35,Male,Organic,None,2021-10-25,Afternoon 10-2 PM,9584969042
CUST02510,Varun Reddy,Mumbai,Tier 1,26-35,Male,Organic,Platinum,2021-08-22,Morning 6-10 AM,9530010569
CUST02511,Tanvi Mukherjee,Hyderabad,Tier 1,36-45,Female,Referral,None,2023-12-03,Evening 4-8 PM,9612243896
CUST02512,Aditya Bhatia,Ahmedabad,Tier 2,26-35,Female,Paid Ads,Silver,2021-10-04,Late Night 8-11 PM,9399745070
CUST02513,Shreya Nayak,Delhi,Tier 1,26-35,Male,Paid Ads,None,2023-12-31,Morning 6-10 AM,9110107303
CUST02514,Uday Menon,Delhi,Tier 1,36-45,Female,Offline,None,2023-04-13,Evening 4-8 PM,9538016478
CUST02515,Diya Reddy,Mumbai,Tier 1,36-45,Other,Paid Ads,None,2021-12-31,Afternoon 10-2 PM,9210977389
CUST02516,Rajesh Arora,Bengaluru,Tier 1,26-35,Male,Paid Ads,Platinum,2022-03-09,Morning 6-10 AM,9733483441
CUST02517,Aditya Mehta,Hyderabad,Tier 1,26-35,Other,Organic,None,2022-03-01,Morning 6-10 AM,
CUST02518,Uday Banerjee,Mumbai,Tier 1,26-35,Female,Organic,Gold,2022-02-03,Afternoon 10-2 PM,9999343143
CUST02519,Swati Bhatia,Bengaluru,Tier 1,46-60,Male,Paid Ads,Gold,2021-04-03,Evening 4-8 PM,9160432693
CUST02520,Mihir Reddy,Bengaluru,Tier 1,36-45,Female,Paid Ads,Gold,2023-10-29,Evening 4-8 PM,9980821441
CUST02521,Nandini Arora,Ahmedabad,Tier 2,46-60,Female,Influencer,None,2022-07-25,Morning 6-10 AM,9778731073
CUST02522,Ravi Choudhary,Mumbai,Tier 1,60+,Male,Paid Ads,Gold,2022-01-13,Morning 6-10 AM,9171692520
CUST02523,Pallavi Shetty,Hyderabad,Tier 1,26-35,Male,Organic,None,2022-01-09,Late Night 8-11 PM,9140074897
CUST02524,Vishal Mishra,Mumbai,Tier 1,26-35,Female,Paid Ads,None,2022-03-02,Morning 6-10 AM,9441813929
CUST02525,Ramesh Roy,Bengaluru,Tier 1,26-35,Male,Organic,None,2023-08-22,Evening 4-8 PM,9891217136
CUST02526,Faisal Patel,Bengaluru,Tier 1,36-45,Male,Referral,Silver,2023-08-10,Afternoon 10-2 PM,9883165585
CUST02527,Ekta Arora,Mumbai,Tier 1,46-60,Female,Paid Ads,Gold,2022-01-21,Evening 4-8 PM,9199801789
CUST02528,Varun Gupta,Bengaluru,Tier 1,18-25,Male,Offline,None,2023-05-29,Afternoon 10-2 PM,9246120626
CUST02529,Keerthi Shah,Mumbai,Tier 1,36-45,Other,Referral,None,2021-09-29,Morning 6-10 AM,9889173702
CUST02530,Pooja Joshi,Ahmedabad,Tier 2,36-45,Female,Referral,None,2021-05-06,Evening 4-8 PM,9298457010
CUST02531,Simran Chatterjee,Pune,Tier 2,26-35,Male,Influencer,Gold,2022-09-27,Morning 6-10 AM,9916880487
CUST02532,Pooja Rao,Lucknow,Tier 2,36-45,Female,Organic,Silver,2023-01-24,Morning 6-10 AM,9571607001
CUST02533,Payal Subramaniam,Bengaluru,Tier 1,46-60,Male,Referral,None,2021-05-14,Afternoon 10-2 PM,9394167073
CUST02534,Zoya Das,Mumbai,Tier 1,18-25,Male,Organic,None,2021-05-14,Afternoon 10-2 PM,9443510404
CUST02535,Hansika Iyer,Bengaluru,Tier 1,26-35,Male,Organic,Platinum,2021-04-25,Evening 4-8 PM,9513974177
CUST02536,Lavanya Subramaniam,Ahmedabad,Tier 2,46-60,Male,Referral,None,2022-10-17,Morning 6-10 AM,9720523128
CUST02537,Kunal Patel,Delhi,Tier 1,36-45,Male,Paid Ads,None,2023-06-06,Evening 4-8 PM,9554650778
CUST02538,Kritika Khurana,Delhi,Tier 1,26-35,Male,Paid Ads,None,2021-07-10,Afternoon 10-2 PM,9681716771
CUST02539,Manish Arora,Pune,Tier 2,36-45,Female,Referral,Silver,2022-09-18,Evening 4-8 PM,9259768794
CUST02540,Sanjay Pandey,Bengaluru,Tier 1,36-45,Male,Organic,None,2022-02-17,Afternoon 10-2 PM,9678529899
CUST02541,Nikhil Kapoor,Hyderabad,Tier 1,26-35,Male,Offline,Gold,2023-02-20,Evening 4-8 PM,9885608295
CUST02542,Simran Choudhary,Mumbai,Tier 1,36-45,Female,Organic,Gold,2021-12-28,Morning 6-10 AM,9243399056
CUST02543,Rohit Verma,Delhi,Tier 1,26-35,Male,Influencer,Silver,2022-12-13,Morning 6-10 AM,9700696681
CUST02544,Vidya Naidu,Hyderabad,Tier 1,36-45,Male,Organic,None,2023-09-10,Late Night 8-11 PM,9367081115
CUST02545,Dhruv Gowda,Delhi,Tier 1,60+,Male,Organic,Platinum,2023-08-22,Evening 4-8 PM,
CUST02546,Vivek Jain,Delhi,Tier 1,26-35,Male,Referral,Silver,2022-07-16,Afternoon 10-2 PM,9588906086
CUST02547,Prachi Das,Mumbai,Tier 1,36-45,Female,Paid Ads,Gold,2023-06-08,Afternoon 10-2 PM,9756368209
CUST02548,Sonali Verma,Delhi,Tier 1,26-35,Male,Referral,None,2021-02-15,Evening 4-8 PM,9565177461
CUST02549,Deepa Kamath,Delhi,Tier 1,26-35,Male,Organic,None,2022-03-17,Morning 6-10 AM,9868610421
CUST02550,Soham Joshi,Jaipur,Tier 2,26-35,,Paid Ads,Silver,2022-10-30,Afternoon 10-2 PM,9682848040
CUST02551,Siddharth Verma,Pune,Tier 2,36-45,Male,Referral,Gold,2022-01-06,Morning 6-10 AM,9495069737
CUST02552,Hansika Pandey,Hyderabad,Tier 1,36-45,Male,Influencer,Gold,2022-07-24,Late Night 8-11 PM,9793329066
CUST02553,Shreya Tiwari,Bengaluru,Tier 1,46-60,Female,Offline,Silver,2022-09-29,Afternoon 10-2 PM,9904651333
CUST02554,Kunal Nayak,Jaipur,Tier 2,36-45,Male,Influencer,None,2021-12-10,Afternoon 10-2 PM,9233543031
CUST02555,Ananya Kamath,Bengaluru,Tier 1,18-25,Male,Influencer,None,2022-10-25,Evening 4-8 PM,9559381725
CUST02556,Sanjay Gowda,Pune,Tier 2,46-60,Male,Referral,None,2022-05-26,Evening 4-8 PM,9362523228
CUST02557,Shreya Gowda,Pune,Tier 2,36-45,Male,Paid Ads,Gold,2022-12-20,Morning 6-10 AM,9190817227
CUST02558,Deepa Kamath,Mumbai,Tier 1,36-45,Male,Paid Ads,None,2021-06-22,Evening 4-8 PM,9323763757
CUST02559,Rahul Sethi,Mumbai,Tier 1,46-60,Female,Organic,None,2023-09-30,Evening 4-8 PM,9914955746
CUST02560,Namrata Roy,Delhi,Tier 1,26-35,Male,Offline,Gold,2022-03-18,Evening 4-8 PM,9326865375
CUST02561,Pankaj Mishra,Hyderabad,Tier 1,26-35,Female,Referral,Silver,2022-04-22,Evening 4-8 PM,
CUST02562,Meera Shah,Lucknow,Tier 2,26-35,Female,Organic,None,2021-04-08,Evening 4-8 PM,9233178211
CUST02563,Rajan Bose,Ahmedabad,Tier 2,46-60,Male,Influencer,None,2023-04-27,Morning 6-10 AM,9521350588
CUST02564,Ramesh Anand,Delhi,Tier 1,18-25,Female,Influencer,None,2023-09-28,Late Night 8-11 PM,9632356105
CUST02565,Sanika Bhatia,Lucknow,Tier 2,26-35,Male,Organic,None,2023-10-26,Morning 6-10 AM,9480256642
CUST02566,Soham Tripathi,Ahmedabad,Tier 2,26-35,Male,Influencer,None,2022-05-07,Morning 6-10 AM,9698689074
CUST02567,Anika Kapoor,Delhi,Tier 1,46-60,Male,Influencer,Silver,2022-12-28,Afternoon 10-2 PM,9476595909
CUST02568,Deepak Gupta,Mumbai,Tier 1,26-35,Male,Organic,None,2021-05-02,Evening 4-8 PM,
CUST02569,Sachin Patel,Mumbai,Tier 1,36-45,Male,Organic,Gold,2023-03-27,Afternoon 10-2 PM,9360026075
CUST02570,Tanmay Kapoor,Pune,Tier 2,26-35,Female,Offline,None,2023-05-16,Morning 6-10 AM,9293588551
CUST02571,Mihir Iyer,Jaipur,Tier 2,46-60,Male,Organic,None,2021-01-28,Evening 4-8 PM,
CUST02572,Zoya Tripathi,Delhi,Tier 1,18-25,Male,Organic,None,2023-01-11,Morning 6-10 AM,
CUST02573,Bhuvan Desai,Hyderabad,Tier 1,36-45,,Influencer,None,2021-06-27,Late Night 8-11 PM,9441752226
CUST02574,Soham Nayak,Delhi,Tier 1,46-60,Male,Organic,Platinum,2023-08-22,Evening 4-8 PM,9648388626
CUST02575,Imran Tiwari,Hyderabad,Tier 1,26-35,Female,Organic,Gold,2023-04-23,Afternoon 10-2 PM,9939637558
CUST02576,Vivek Krishnan,Ahmedabad,Tier 2,18-25,Female,Referral,None,2023-01-26,Evening 4-8 PM,9729391917
CUST02577,Vikram Sethi,Bengaluru,Tier 1,36-45,Male,Organic,Silver,2022-04-20,Morning 6-10 AM,9856313340
CUST02578,Siddharth Das,Mumbai,Tier 1,46-60,Male,Influencer,Silver,2023-05-15,Evening 4-8 PM,9372061315
CUST02579,Bhavya Menon,Mumbai,Tier 1,46-60,Female,Paid Ads,None,2022-09-22,Morning 6-10 AM,9692451326
CUST02580,Deepak Kapoor,Delhi,Tier 1,26-35,Female,Paid Ads,None,2022-09-05,Morning 6-10 AM,9102859112
CUST02581,Dhruv Kapoor,Mumbai,Tier 1,26-35,Male,Influencer,None,2021-12-07,Evening 4-8 PM,9641754631
CUST02582,Neel Shetty,Delhi,Tier 1,26-35,Male,Influencer,Gold,2023-04-13,Evening 4-8 PM,9633542934
CUST02583,Diya Menon,Delhi,Tier 1,18-25,Male,Paid Ads,Silver,2022-01-20,Afternoon 10-2 PM,9501459238
CUST02584,Shubham Choudhary,Mumbai,Tier 1,26-35,Female,Paid Ads,None,2023-12-16,Late Night 8-11 PM,9280160490
CUST02585,Tarun Bajaj,Hyderabad,Tier 1,36-45,Male,Referral,Gold,2023-12-07,Evening 4-8 PM,9952178575
CUST02586,Kritika Bajaj,Lucknow,Tier 2,60+,Male,Influencer,None,2021-08-15,Evening 4-8 PM,9766615069
CUST02587,Vinay Menon,Mumbai,Tier 1,46-60,Male,Organic,None,2021-07-07,Afternoon 10-2 PM,9144079596
CUST02588,Meera Agarwal,Pune,Tier 2,18-25,Male,Paid Ads,Platinum,2021-12-21,Morning 6-10 AM,9839955634
CUST02589,Sanika Khurana,Hyderabad,Tier 1,26-35,Female,Offline,Silver,2021-07-28,Evening 4-8 PM,9266148276
CUST02590,Manish Das,Delhi,Tier 1,18-25,Male,Referral,Silver,2022-05-26,Morning 6-10 AM,9482636984
CUST02591,Aryan Gupta,Bengaluru,Tier 1,26-35,Male,Organic,Platinum,2021-01-22,Morning 6-10 AM,9821252399
CUST02592,Aryan Bhatia,Hyderabad,Tier 1,60+,Female,Paid Ads,Gold,2022-10-03,Afternoon 10-2 PM,9860123760
CUST02593,Rajesh Chatterjee,Delhi,Tier 1,60+,Male,Referral,None,2022-01-12,Evening 4-8 PM,9536593786
CUST02594,Bhuvan Bose,Jaipur,Tier 2,26-35,Male,Paid Ads,Silver,2021-07-30,Morning 6-10 AM,9846008575
CUST02595,Imran Roy,Pune,Tier 2,36-45,Male,Organic,None,2023-12-15,Evening 4-8 PM,9368498504
CUST02596,Vandana Nair,Mumbai,Tier 1,26-35,Male,Influencer,None,2021-11-08,Late Night 8-11 PM,9636034841
CUST02597,Hansika Mishra,Bengaluru,Tier 1,26-35,Female,Influencer,None,2023-02-21,Afternoon 10-2 PM,
CUST02598,Pooja Rathore,Mumbai,Tier 1,36-45,Female,Organic,None,2022-12-09,Morning 6-10 AM,9958620839
CUST02599,Hansika Banerjee,Hyderabad,Tier 1,26-35,Female,Paid Ads,Silver,2022-02-17,Afternoon 10-2 PM,
CUST02600,Keerthi Dubey,Lucknow,Tier 2,46-60,Male,Paid Ads,Gold,2021-09-21,Afternoon 10-2 PM,9597229046
CUST02601,Kabir Bhatia,Jaipur,Tier 2,26-35,Male,Organic,Platinum,2021-04-02,Evening 4-8 PM,9962044760
CUST02602,Rashmi Rao,Hyderabad,Tier 1,46-60,Female,Paid Ads,Gold,2021-03-31,Evening 4-8 PM,
CUST02603,Lakshmi Kapoor,Pune,Tier 2,18-25,Female,Influencer,None,2022-06-24,Evening 4-8 PM,9843662896
CUST02604,Rohit Patel,Lucknow,Tier 2,36-45,Male,Influencer,Platinum,2023-11-01,Evening 4-8 PM,9838531118
CUST02605,Ananya Joshi,Bengaluru,Tier 1,46-60,,Influencer,Gold,2021-10-03,Afternoon 10-2 PM,9669988464
CUST02606,Varun Shukla,Delhi,Tier 1,36-45,Male,Paid Ads,Silver,2022-05-02,Late Night 8-11 PM,9156335813
CUST02607,Ishaan Krishnan,Bengaluru,Tier 1,46-60,Female,Organic,None,2021-07-20,Morning 6-10 AM,9697013957
CUST02608,Prachi Chauhan,Bengaluru,Tier 1,46-60,Male,Referral,None,2021-06-13,Late Night 8-11 PM,9330123335
CUST02609,Mohan Mukherjee,Delhi,Tier 1,18-25,Female,Organic,None,2022-10-23,Late Night 8-11 PM,9871223779
CUST02610,Rajesh Gupta,Delhi,Tier 1,36-45,Female,Organic,None,2021-04-08,Evening 4-8 PM,9572983019
CUST02611,Nikhil Kohli,Mumbai,Tier 1,26-35,Male,Referral,None,2021-04-26,Afternoon 10-2 PM,9337364240
CUST02612,Uma Mishra,Mumbai,Tier 1,26-35,Female,Organic,Gold,2023-11-25,Afternoon 10-2 PM,9903389382
CUST02613,Rekha Roy,Pune,Tier 2,36-45,Male,Influencer,None,2022-01-16,Afternoon 10-2 PM,9276898564
CUST02614,Aarav Yadav,Hyderabad,Tier 1,36-45,Female,Organic,Gold,2021-03-27,Afternoon 10-2 PM,9468130294
CUST02615,Uma Ghosh,Delhi,Tier 1,36-45,Female,Paid Ads,Platinum,2023-10-12,Afternoon 10-2 PM,9528663149
CUST02616,Vivek Shah,Bengaluru,Tier 1,26-35,Male,Organic,Gold,2023-08-31,Morning 6-10 AM,
CUST02617,Meera Singh,Bengaluru,Tier 1,46-60,Male,Paid Ads,None,2022-11-07,Evening 4-8 PM,9640034553
CUST02618,Tarun Bose,Hyderabad,Tier 1,36-45,Male,Organic,None,2021-05-12,Late Night 8-11 PM,9665393090
CUST02619,Kiran Pandey,Bengaluru,Tier 1,26-35,Female,Influencer,Gold,2023-10-07,Evening 4-8 PM,9387999913
CUST02620,Sagar Nayak,Hyderabad,Tier 1,26-35,Female,Referral,None,2021-08-17,Afternoon 10-2 PM,9743012179
CUST02621,Tanmay Sharma,Delhi,Tier 1,46-60,Male,Offline,None,2023-10-30,Afternoon 10-2 PM,
CUST02622,Manish Shetty,Mumbai,Tier 1,18-25,Female,Paid Ads,Silver,2021-11-14,Afternoon 10-2 PM,9235562803
CUST02623,Vishal Nayak,Delhi,Tier 1,36-45,Male,Referral,Gold,2023-02-21,Morning 6-10 AM,
CUST02624,Pallavi Pandey,Hyderabad,Tier 1,36-45,Male,Organic,None,2023-11-03,Evening 4-8 PM,9952157889
CUST02625,Rajan Bajaj,Mumbai,Tier 1,18-25,Female,Paid Ads,Gold,2022-05-11,Morning 6-10 AM,9528564635
CUST02626,Tarun Joshi,Bengaluru,Tier 1,46-60,Male,Organic,Gold,2022-12-08,Evening 4-8 PM,9521927856
CUST02627,Simran Rathore,Mumbai,Tier 1,46-60,Female,Influencer,None,2021-10-10,Afternoon 10-2 PM,
CUST02628,Mohan Mishra,Bengaluru,Tier 1,46-60,,Organic,None,2021-08-08,Afternoon 10-2 PM,9669851549
CUST02629,Rohan Tiwari,Ahmedabad,Tier 2,26-35,Female,Referral,None,2023-01-17,Evening 4-8 PM,9191795596
CUST02630,Sagar Chatterjee,Ahmedabad,Tier 2,36-45,Female,Referral,None,2022-05-19,Evening 4-8 PM,9587466702
CUST02631,Ramesh Bajaj,Bengaluru,Tier 1,18-25,Female,Paid Ads,None,2022-03-22,Afternoon 10-2 PM,9612918429
CUST02632,Pooja Das,Hyderabad,Tier 1,36-45,Male,Paid Ads,None,2021-02-15,Evening 4-8 PM,9188246628
CUST02633,Zara Anand,Hyderabad,Tier 1,36-45,Male,Paid Ads,Gold,2023-02-07,Afternoon 10-2 PM,9827552620
CUST02634,Rajan Joshi,Hyderabad,Tier 1,36-45,Female,Organic,Gold,2021-07-25,Morning 6-10 AM,9681428689
CUST02635,Mihir Yadav,Mumbai,Tier 1,26-35,Female,Paid Ads,Gold,2022-07-12,Afternoon 10-2 PM,9507200851
CUST02636,Aditya Subramaniam,Pune,Tier 2,18-25,Male,Paid Ads,None,2022-06-24,Evening 4-8 PM,9785742036
CUST02637,Neel Choudhary,Ahmedabad,Tier 2,26-35,Male,Paid Ads,None,2023-04-21,Morning 6-10 AM,9251251595
CUST02638,Aditya Bose,Pune,Tier 2,36-45,Female,Organic,Gold,2022-05-09,Afternoon 10-2 PM,9326032381
CUST02639,Suresh Dubey,Bengaluru,Tier 1,18-25,Male,Organic,None,2022-11-14,Morning 6-10 AM,9345582133
CUST02640,Ekta Kapoor,Pune,Tier 2,26-35,Male,Influencer,Silver,2023-09-18,Morning 6-10 AM,9492219007
CUST02641,Urvi Mukherjee,Delhi,Tier 1,26-35,Male,Paid Ads,Gold,2023-09-27,Evening 4-8 PM,9453045244
CUST02642,Sanika Dubey,Ahmedabad,Tier 2,26-35,Female,Organic,None,2023-01-22,Evening 4-8 PM,9118954709
CUST02643,Mihir Tripathi,Ahmedabad,Tier 2,36-45,Female,Paid Ads,None,2022-09-10,Evening 4-8 PM,9638572919
CUST02644,Shreya Mishra,Mumbai,Tier 1,18-25,Female,Influencer,None,2022-06-22,Evening 4-8 PM,9307679625
CUST02645,Nikhil Menon,Bengaluru,Tier 1,36-45,Female,Offline,Gold,2021-01-04,Morning 6-10 AM,9370177789
CUST02646,Amrita Shukla,Bengaluru,Tier 1,36-45,,Referral,None,2023-09-29,Afternoon 10-2 PM,9844676878
CUST02647,Rahul Nair,Bengaluru,Tier 1,36-45,Female,Paid Ads,None,2023-11-28,Late Night 8-11 PM,9404299651
CUST02648,Seema Patel,Bengaluru,Tier 1,18-25,,Referral,Silver,2021-02-09,Afternoon 10-2 PM,9827787048
CUST02649,Arjun Yadav,Mumbai,Tier 1,18-25,Female,Offline,None,2022-07-07,Afternoon 10-2 PM,9564367736
CUST02650,Kunal Jain,Hyderabad,Tier 1,26-35,Female,Paid Ads,None,2021-08-13,Evening 4-8 PM,9970184304
CUST02651,Lavanya Bajaj,Pune,Tier 2,36-45,Female,Paid Ads,None,2022-05-27,Afternoon 10-2 PM,9560029952
CUST02652,Nikhil Sen,Delhi,Tier 1,46-60,Female,Referral,None,2021-04-04,Afternoon 10-2 PM,9242635234
CUST02653,Namrata Bose,Delhi,Tier 1,36-45,Female,Organic,None,2021-08-07,Morning 6-10 AM,9179897839
CUST02654,Aryan Arora,Bengaluru,Tier 1,26-35,Female,Organic,Gold,2022-04-10,Evening 4-8 PM,9341609039
CUST02655,Sachin Choudhary,Bengaluru,Tier 1,36-45,Male,Referral,Platinum,2022-07-03,Evening 4-8 PM,
CUST02656,Lavanya Sharma,Hyderabad,Tier 1,36-45,Female,Referral,None,2023-01-16,Morning 6-10 AM,9491655300
CUST02657,Kavya Roy,Delhi,Tier 1,46-60,Male,Offline,Gold,2023-05-01,Morning 6-10 AM,9969492635
CUST02658,Pankaj Saxena,Delhi,Tier 1,36-45,Male,Influencer,Gold,2023-12-08,Evening 4-8 PM,9211332241
CUST02659,Ishaan Oberoi,Mumbai,Tier 1,18-25,,Influencer,Gold,2021-12-07,Morning 6-10 AM,9505456502
CUST02660,Farhan Kohli,Mumbai,Tier 1,26-35,Female,Paid Ads,None,2022-11-14,Late Night 8-11 PM,9523391898
CUST02661,Ramesh Shukla,Lucknow,Tier 2,60+,Female,Organic,Gold,2022-03-16,Late Night 8-11 PM,9440403630
CUST02662,Chetan Nair,Bengaluru,Tier 1,26-35,Female,Referral,Silver,2022-12-03,Evening 4-8 PM,9583340005
CUST02663,Akash Oberoi,Mumbai,Tier 1,26-35,Male,Paid Ads,None,2021-07-25,Evening 4-8 PM,9999260223
CUST02664,Siddharth Desai,Jaipur,Tier 2,26-35,Male,Referral,None,2023-10-15,Morning 6-10 AM,9820223816
CUST02665,Anika Gupta,Mumbai,Tier 1,26-35,Female,Organic,None,2021-05-03,Morning 6-10 AM,9575577319
CUST02666,Mohan Roy,Mumbai,Tier 1,18-25,Male,Paid Ads,None,2022-08-20,Evening 4-8 PM,9886316777
CUST02667,Shubham Suri,Delhi,Tier 1,36-45,Male,Offline,Gold,2023-08-11,Morning 6-10 AM,9500695256
CUST02668,Shubham Sethi,Mumbai,Tier 1,26-35,Female,Referral,Platinum,2021-07-12,Morning 6-10 AM,
CUST02669,Vidya Mishra,Delhi,Tier 1,36-45,Female,Organic,Silver,2022-04-01,Afternoon 10-2 PM,9820788150
CUST02670,Rajan Sethi,Mumbai,Tier 1,26-35,Male,Referral,None,2021-08-12,Afternoon 10-2 PM,9139733784
CUST02671,Nandini Yadav,Bengaluru,Tier 1,26-35,Female,Paid Ads,None,2021-03-09,Late Night 8-11 PM,9906045994
CUST02672,Aditi Shah,Delhi,Tier 1,26-35,Male,Referral,None,2023-07-12,Morning 6-10 AM,9174250666
CUST02673,Sanika Bajaj,Pune,Tier 2,36-45,Male,Offline,None,2023-03-13,Morning 6-10 AM,
CUST02674,Harini Mukherjee,Bengaluru,Tier 1,46-60,Male,Organic,None,2021-10-11,Late Night 8-11 PM,9284546479
CUST02675,Aarav Iyer,Bengaluru,Tier 1,26-35,Male,Referral,Platinum,2023-11-11,Evening 4-8 PM,9652331781
CUST02676,Dhruv Shah,Mumbai,Tier 1,26-35,Other,Paid Ads,Silver,2022-09-03,Evening 4-8 PM,9785883028
CUST02677,Shreya Sen,Mumbai,Tier 1,26-35,Female,Paid Ads,Gold,2022-09-30,Morning 6-10 AM,9716231329
CUST02678,Omkar Saxena,Mumbai,Tier 1,26-35,Male,Organic,None,2021-04-07,Morning 6-10 AM,9261643050
CUST02679,Nisha Pillai,Jaipur,Tier 2,18-25,Male,Paid Ads,None,2023-09-15,Evening 4-8 PM,
CUST02680,Dhruv Dubey,Bengaluru,Tier 1,18-25,Female,Organic,Silver,2021-02-24,Afternoon 10-2 PM,9637211316
CUST02681,Ayesha Subramaniam,Delhi,Tier 1,36-45,Male,Organic,Silver,2023-02-22,Late Night 8-11 PM,9521079032
CUST02682,Neha Yadav,Bengaluru,Tier 1,36-45,Female,Paid Ads,None,2023-02-28,Morning 6-10 AM,9698452695
CUST02683,Seema Dubey,Delhi,Tier 1,26-35,Female,Influencer,Gold,2022-07-28,Morning 6-10 AM,9804433763
CUST02684,Amrita Naidu,Ahmedabad,Tier 2,36-45,Female,Referral,None,2021-06-13,Morning 6-10 AM,9353761947
CUST02685,Neel Kumar,Mumbai,Tier 1,26-35,Female,Referral,Gold,2023-07-14,Evening 4-8 PM,9636734079
CUST02686,Pankaj Gowda,Ahmedabad,Tier 2,26-35,Female,Paid Ads,None,2023-12-29,Morning 6-10 AM,9852595857
CUST02687,Sneha Srivastava,Ahmedabad,Tier 2,36-45,Female,Paid Ads,Silver,2023-03-04,Late Night 8-11 PM,9410859082
CUST02688,Aryan Dubey,Mumbai,Tier 1,36-45,Female,Influencer,None,2022-09-05,Afternoon 10-2 PM,9226021864
CUST02689,Aryan Chauhan,Mumbai,Tier 1,60+,Female,Paid Ads,Gold,2023-01-12,Evening 4-8 PM,9549175816
CUST02690,Kavya Desai,Bengaluru,Tier 1,36-45,Male,Organic,Gold,2022-03-07,Evening 4-8 PM,9830466821
CUST02691,Mohan Kohli,Mumbai,Tier 1,18-25,Male,Offline,None,2022-12-16,Afternoon 10-2 PM,
CUST02692,Tanmay Kohli,Delhi,Tier 1,36-45,Male,Influencer,Silver,2023-04-16,Evening 4-8 PM,9539984049
CUST02693,Swati Patel,Pune,Tier 2,36-45,Female,Influencer,None,2023-06-19,Evening 4-8 PM,9912681727
CUST02694,Zara Khurana,Hyderabad,Tier 1,46-60,Male,Paid Ads,None,2022-01-12,Afternoon 10-2 PM,9576783515
CUST02695,Deepa Mehta,Mumbai,Tier 1,46-60,Female,Offline,Silver,2023-05-10,Morning 6-10 AM,9134877309
CUST02696,Jhanvi Reddy,Bengaluru,Tier 1,26-35,Male,Organic,Silver,2022-05-11,Late Night 8-11 PM,9762265266
CUST02697,Neha Kapoor,Delhi,Tier 1,26-35,Male,Paid Ads,None,2021-02-26,Evening 4-8 PM,9505708913
CUST02698,Pankaj Saxena,Delhi,Tier 1,26-35,Female,Paid Ads,Silver,2021-09-25,Morning 6-10 AM,9520678942
CUST02699,Ishita Arora,Bengaluru,Tier 1,26-35,Male,Paid Ads,Silver,2021-04-10,Afternoon 10-2 PM,9384435380
CUST02700,Yash Mukherjee,Bengaluru,Tier 1,26-35,Male,Offline,None,2021-08-27,Morning 6-10 AM,9921056754
CUST02701,Aditi Kapoor,Pune,Tier 2,26-35,Male,Paid Ads,Platinum,2021-01-14,Morning 6-10 AM,9540445761
CUST02702,Rajan Iyer,Pune,Tier 2,26-35,Female,Paid Ads,None,2023-05-19,Evening 4-8 PM,9579565455
CUST02703,Anika Oberoi,Delhi,Tier 1,26-35,Male,Referral,Gold,2021-09-08,Morning 6-10 AM,
CUST02704,Deepak Bhatia,Delhi,Tier 1,60+,Female,Paid Ads,None,2022-03-04,Late Night 8-11 PM,9810637925
CUST02705,Swati Khurana,Mumbai,Tier 1,26-35,Male,Influencer,None,2022-02-20,Afternoon 10-2 PM,9370151616
CUST02706,Rajesh Khurana,Pune,Tier 2,26-35,Male,Paid Ads,Platinum,2023-03-15,Morning 6-10 AM,9108957120
CUST02707,Lakshmi Agarwal,Bengaluru,Tier 1,36-45,Male,Organic,Silver,2021-03-26,Morning 6-10 AM,9463435163
CUST02708,Kavya Verma,Hyderabad,Tier 1,18-25,Male,Referral,None,2021-06-18,Evening 4-8 PM,9419499873
CUST02709,Pooja Gupta,Bengaluru,Tier 1,26-35,Female,Referral,Silver,2021-05-20,Evening 4-8 PM,9535714489
CUST02710,Suresh Chatterjee,Bengaluru,Tier 1,36-45,Male,Organic,Gold,2023-07-06,Morning 6-10 AM,9154546924
CUST02711,Tanmay Mishra,Bengaluru,Tier 1,18-25,Female,Referral,Gold,2022-01-22,Morning 6-10 AM,9499929211
CUST02712,Uday Rao,Delhi,Tier 1,46-60,Female,Organic,Platinum,2021-01-22,Afternoon 10-2 PM,9378760265
CUST02713,Bhuvan Rao,Bengaluru,Tier 1,26-35,Male,Organic,Gold,2023-12-25,Evening 4-8 PM,9766751583
CUST02714,Aarav Joshi,Hyderabad,Tier 1,26-35,Female,Paid Ads,None,2023-09-17,Afternoon 10-2 PM,
CUST02715,Chetan Khurana,Mumbai,Tier 1,18-25,Male,Paid Ads,Silver,2022-12-24,Afternoon 10-2 PM,9260411226
CUST02716,Soham Shetty,Lucknow,Tier 2,18-25,Male,Referral,None,2023-09-04,Morning 6-10 AM,9737147442
CUST02717,Rohit Agarwal,Jaipur,Tier 2,60+,Female,Paid Ads,Silver,2021-09-13,Morning 6-10 AM,9961218558
CUST02718,Sneha Singh,Hyderabad,Tier 1,26-35,Male,Organic,None,2022-11-16,Evening 4-8 PM,9847314813
CUST02719,Rajesh Kumar,Ahmedabad,Tier 2,26-35,Female,Influencer,None,2021-11-21,Afternoon 10-2 PM,9185607758
CUST02720,Vishal Malhotra,Delhi,Tier 1,36-45,Male,Referral,None,2023-08-21,Late Night 8-11 PM,9793383880
CUST02721,Suresh Chauhan,Delhi,Tier 1,26-35,Female,Organic,None,2022-02-09,Evening 4-8 PM,9426740348
CUST02722,Suresh Jain,Hyderabad,Tier 1,26-35,Female,Influencer,Gold,2021-08-14,Afternoon 10-2 PM,9863434701
CUST02723,Neel Subramaniam,Ahmedabad,Tier 2,26-35,Female,Organic,None,2021-04-07,Morning 6-10 AM,9673314731
CUST02724,Imran Das,Hyderabad,Tier 1,18-25,Male,Influencer,None,2021-03-04,Late Night 8-11 PM,9110183118
CUST02725,Shubham Anand,Hyderabad,Tier 1,26-35,Male,Paid Ads,Gold,2021-12-10,Morning 6-10 AM,9845038961
CUST02726,Ishaan Sen,Ahmedabad,Tier 2,26-35,Male,Organic,Silver,2022-04-18,Afternoon 10-2 PM,9870766683
CUST02727,Girish Mehta,Jaipur,Tier 2,46-60,Female,Organic,None,2021-08-21,Morning 6-10 AM,9295720710
CUST02728,Bhavya Kapoor,Bengaluru,Tier 1,26-35,Female,Paid Ads,None,2021-01-27,Late Night 8-11 PM,9660174718
CUST02729,Ekta Naidu,Bengaluru,Tier 1,26-35,Other,Referral,Platinum,2022-07-13,Late Night 8-11 PM,9269559542
CUST02730,Hansika Malhotra,Delhi,Tier 1,46-60,Female,Referral,None,2023-05-05,Morning 6-10 AM,9616791389
CUST02731,Deepa Banerjee,Pune,Tier 2,26-35,Female,Referral,None,2021-12-01,Morning 6-10 AM,9936844770
CUST02732,Ravi Sharma,Bengaluru,Tier 1,18-25,Male,Referral,None,2021-03-19,Morning 6-10 AM,9564204314
CUST02733,Sonali Tiwari,Bengaluru,Tier 1,18-25,Female,Paid Ads,None,2023-10-28,Morning 6-10 AM,9857701919
CUST02734,Pankaj Suri,Bengaluru,Tier 1,46-60,Female,Organic,Platinum,2021-09-13,Evening 4-8 PM,9254198191
CUST02735,Ayesha Tripathi,Pune,Tier 2,26-35,Female,Influencer,None,2022-04-06,Morning 6-10 AM,9348246601
CUST02736,Seema Kohli,Hyderabad,Tier 1,18-25,Male,Organic,None,2022-01-11,Evening 4-8 PM,9287386713
CUST02737,Yash Anand,Delhi,Tier 1,26-35,Male,Organic,Silver,2023-11-13,Evening 4-8 PM,9121146078
CUST02738,Neha Bose,Jaipur,Tier 2,26-35,Female,Influencer,None,2022-01-06,Morning 6-10 AM,9208953506
CUST02739,Kavya Das,Ahmedabad,Tier 2,36-45,Female,Organic,Gold,2023-02-06,Afternoon 10-2 PM,9268880832
CUST02740,Neha Banerjee,Mumbai,Tier 1,18-25,Female,Paid Ads,Gold,2021-09-28,Morning 6-10 AM,9623420891
CUST02741,Sandeep Banerjee,Hyderabad,Tier 1,26-35,Female,Organic,None,2022-07-01,Afternoon 10-2 PM,9393542591
CUST02742,Imran Hegde,Mumbai,Tier 1,36-45,Male,Paid Ads,None,2021-06-11,Morning 6-10 AM,9972965227
CUST02743,Deepak Iyer,Bengaluru,Tier 1,26-35,Male,Influencer,Silver,2023-11-25,Late Night 8-11 PM,9367862292
CUST02744,Uma Krishnan,Ahmedabad,Tier 2,26-35,Male,Referral,None,2022-09-28,Morning 6-10 AM,9918289697
CUST02745,Ekta Saxena,Lucknow,Tier 2,46-60,Male,Referral,None,2022-10-06,Evening 4-8 PM,9521263136
CUST02746,Neha Kumar,Delhi,Tier 1,60+,Female,Organic,Silver,2022-05-19,Morning 6-10 AM,9229197565
CUST02747,Ishita Kamath,Pune,Tier 2,46-60,Female,Influencer,Gold,2023-06-05,Evening 4-8 PM,9936556320
CUST02748,Simran Gupta,Mumbai,Tier 1,26-35,Male,Organic,Platinum,2023-03-01,Evening 4-8 PM,9800220378
CUST02749,Soham Dubey,Delhi,Tier 1,46-60,Male,Referral,Silver,2023-05-16,Evening 4-8 PM,9145132431
CUST02750,Amrita Patel,Pune,Tier 2,18-25,Male,Organic,None,2021-07-16,Evening 4-8 PM,9744133120
CUST02751,Varun Jain,Mumbai,Tier 1,26-35,Male,Referral,None,2023-03-12,Morning 6-10 AM,9360997634
CUST02752,Gaurav Tiwari,Delhi,Tier 1,60+,Male,Paid Ads,None,2023-12-17,Afternoon 10-2 PM,9551469867
CUST02753,Arjun Banerjee,Jaipur,Tier 2,36-45,Female,Paid Ads,None,2021-11-25,Late Night 8-11 PM,9136802334
CUST02754,Kavya Saxena,Mumbai,Tier 1,26-35,Female,Referral,None,2021-08-18,Late Night 8-11 PM,9411796516
CUST02755,Girish Pillai,Delhi,Tier 1,26-35,Male,Organic,None,2022-04-03,Afternoon 10-2 PM,9130900475
CUST02756,Neel Mehta,Jaipur,Tier 2,36-45,Female,Offline,Silver,2023-01-31,Afternoon 10-2 PM,9405002393
CUST02757,Mohan Tiwari,Hyderabad,Tier 1,26-35,Male,Paid Ads,None,2021-03-14,Morning 6-10 AM,9653086731
CUST02758,Soham Sen,Pune,Tier 2,18-25,Female,Referral,None,2021-06-22,Evening 4-8 PM,9148784188
CUST02759,Dhruv Nayak,Bengaluru,Tier 1,26-35,Male,Offline,Platinum,2021-07-03,Morning 6-10 AM,9804182553
CUST02760,Amrita Rao,Delhi,Tier 1,18-25,Male,Paid Ads,Platinum,2022-12-10,Evening 4-8 PM,9329703521
CUST02761,Swati Saxena,Bengaluru,Tier 1,26-35,Female,Organic,Platinum,2023-02-15,Morning 6-10 AM,9216249057
CUST02762,Kiran Shetty,Delhi,Tier 1,26-35,Male,Paid Ads,None,2021-01-26,Evening 4-8 PM,9813808912
CUST02763,Sanika Hegde,Mumbai,Tier 1,26-35,Male,Referral,None,2022-08-29,Late Night 8-11 PM,
CUST02764,Tanmay Patel,Lucknow,Tier 2,36-45,Female,Paid Ads,None,2023-10-13,Morning 6-10 AM,9658805730
CUST02765,Ishita Ghosh,Delhi,Tier 1,26-35,Male,Organic,Gold,2022-08-01,Evening 4-8 PM,9820749723
CUST02766,Anika Kohli,Mumbai,Tier 1,18-25,Male,Organic,None,2022-04-08,Morning 6-10 AM,9866511556
CUST02767,Sneha Khurana,Bengaluru,Tier 1,36-45,Female,Paid Ads,Silver,2023-03-05,Morning 6-10 AM,9844303913
CUST02768,Diya Jain,Mumbai,Tier 1,36-45,Male,Organic,None,2022-11-02,Morning 6-10 AM,
CUST02769,Nisha Patel,Mumbai,Tier 1,18-25,Female,Organic,None,2023-08-17,Afternoon 10-2 PM,9209612429
CUST02770,Deepa Suri,Mumbai,Tier 1,26-35,Female,Organic,None,2023-11-24,Morning 6-10 AM,9644216356
CUST02771,Aditi Mukherjee,Ahmedabad,Tier 2,18-25,Male,Organic,None,2021-08-24,Afternoon 10-2 PM,9236461556
CUST02772,Vivek Das,Delhi,Tier 1,36-45,Male,Referral,None,2023-02-21,Afternoon 10-2 PM,9450453257
CUST02773,Sarika Bhatia,Mumbai,Tier 1,26-35,Female,Influencer,Gold,2022-09-13,Evening 4-8 PM,
CUST02774,Pankaj Anand,Mumbai,Tier 1,36-45,Male,Paid Ads,Gold,2021-05-25,Afternoon 10-2 PM,9596094067
CUST02775,Sandeep Patel,Mumbai,Tier 1,26-35,Male,Influencer,Silver,2023-12-28,Morning 6-10 AM,9829113607
CUST02776,Amrita Naidu,Bengaluru,Tier 1,18-25,Male,Organic,Silver,2023-04-18,Evening 4-8 PM,9383139583
CUST02777,Deepak Gowda,Delhi,Tier 1,26-35,Female,Organic,None,2021-09-14,Morning 6-10 AM,9506266415
CUST02778,Mihir Arora,Jaipur,Tier 2,18-25,Male,Paid Ads,Gold,2022-03-09,Afternoon 10-2 PM,9336700428
CUST02779,Prachi Singh,Bengaluru,Tier 1,26-35,Male,Organic,Gold,2021-08-01,Late Night 8-11 PM,9467011417
CUST02780,Payal Saxena,Jaipur,Tier 2,26-35,Male,Organic,Platinum,2021-01-05,Evening 4-8 PM,9639370644
CUST02781,Aarav Khurana,Bengaluru,Tier 1,36-45,Female,Influencer,Silver,2023-07-18,Late Night 8-11 PM,9640444929
CUST02782,Namrata Gupta,Delhi,Tier 1,18-25,Male,Influencer,Gold,2023-03-10,Afternoon 10-2 PM,9920951326
CUST02783,Ravi Suri,Mumbai,Tier 1,60+,Female,Referral,Silver,2022-07-03,Afternoon 10-2 PM,9582897778
CUST02784,Faisal Chawla,Bengaluru,Tier 1,36-45,Female,Paid Ads,Gold,2022-04-16,Morning 6-10 AM,9345628495
CUST02785,Ekta Das,Bengaluru,Tier 1,18-25,Female,Paid Ads,None,2021-01-09,Morning 6-10 AM,
CUST02786,Soham Banerjee,Mumbai,Tier 1,26-35,Male,Referral,None,2023-09-29,Morning 6-10 AM,9194048095
CUST02787,Ananya Singh,Hyderabad,Tier 1,18-25,Female,Paid Ads,None,2023-04-14,Morning 6-10 AM,9342514695
CUST02788,Sapna Das,Bengaluru,Tier 1,18-25,Male,Organic,None,2023-08-09,Afternoon 10-2 PM,9506487543
CUST02789,Hansika Kohli,Pune,Tier 2,46-60,Female,Paid Ads,Silver,2023-08-16,Afternoon 10-2 PM,9535174145
CUST02790,Anika Mehta,Pune,Tier 2,46-60,Male,Paid Ads,None,2023-06-30,Evening 4-8 PM,9338288579
CUST02791,Ramesh Khurana,Hyderabad,Tier 1,46-60,Female,Influencer,Platinum,2021-03-17,Evening 4-8 PM,9179332742
CUST02792,Zoya Saxena,Delhi,Tier 1,36-45,Female,Offline,Silver,2021-02-18,Morning 6-10 AM,9407749457
CUST02793,Sagar Mukherjee,Bengaluru,Tier 1,46-60,Male,Organic,Gold,2023-11-29,Morning 6-10 AM,9537181606
CUST02794,Rohit Sen,Lucknow,Tier 2,46-60,Male,Offline,None,2021-02-24,Afternoon 10-2 PM,9486754393
CUST02795,Aarav Krishnan,Bengaluru,Tier 1,46-60,Male,Referral,Platinum,2022-01-04,Evening 4-8 PM,9473644589
CUST02796,Sapna Saxena,Mumbai,Tier 1,18-25,,Paid Ads,Silver,2022-04-28,Evening 4-8 PM,9709804832
CUST02797,Siddharth Anand,Ahmedabad,Tier 2,46-60,Male,Paid Ads,None,2022-02-06,Evening 4-8 PM,9983349385
CUST02798,Vikram Roy,Bengaluru,Tier 1,46-60,Female,Organic,None,2023-09-09,Evening 4-8 PM,9586657401
CUST02799,Pankaj Anand,Hyderabad,Tier 1,18-25,Female,Organic,None,2021-09-12,Afternoon 10-2 PM,9753863724
CUST02800,Ananya Pandey,Bengaluru,Tier 1,18-25,Male,Referral,None,2022-04-14,Afternoon 10-2 PM,9234534905
CUST02801,Sachin Nair,Mumbai,Tier 1,26-35,Male,Paid Ads,None,2022-01-20,Evening 4-8 PM,9382365631
CUST02802,Seema Menon,Bengaluru,Tier 1,46-60,Female,Referral,None,2022-08-30,Morning 6-10 AM,9451819681
CUST02803,Aarav Kamath,Bengaluru,Tier 1,46-60,Female,Organic,None,2023-09-01,Evening 4-8 PM,9877709698
CUST02804,Sarika Mishra,Delhi,Tier 1,60+,Female,Organic,Gold,2021-04-23,Morning 6-10 AM,9286438706
CUST02805,Aryan Sharma,Bengaluru,Tier 1,18-25,,Offline,Silver,2021-04-24,Evening 4-8 PM,9179241696
CUST02806,Aditya Dubey,Bengaluru,Tier 1,26-35,Male,Organic,Silver,2023-11-20,Evening 4-8 PM,9348021562
CUST02807,Mihir Tripathi,Mumbai,Tier 1,36-45,Male,Referral,None,2022-09-13,Afternoon 10-2 PM,9715211889
CUST02808,Nandini Oberoi,Hyderabad,Tier 1,60+,Female,Influencer,Silver,2023-09-07,Evening 4-8 PM,9334130786
CUST02809,Pankaj Suri,Mumbai,Tier 1,26-35,Male,Referral,None,2023-08-13,Late Night 8-11 PM,9543124592
CUST02810,Sandeep Chatterjee,Ahmedabad,Tier 2,36-45,Male,Organic,None,2023-12-23,Late Night 8-11 PM,9122539199
CUST02811,Deepa Jain,Bengaluru,Tier 1,36-45,Male,Organic,None,2021-05-10,Afternoon 10-2 PM,9870714726
CUST02812,Anika Rao,Bengaluru,Tier 1,26-35,Male,Organic,Gold,2022-05-04,Evening 4-8 PM,9771814332
CUST02813,Bhavya Tiwari,Hyderabad,Tier 1,46-60,Male,Organic,None,2022-04-07,Morning 6-10 AM,9865596218
CUST02814,Neha Suri,Delhi,Tier 1,26-35,Male,Referral,None,2023-04-04,Afternoon 10-2 PM,9287695309
CUST02815,Dhruv Malhotra,Bengaluru,Tier 1,26-35,Male,Influencer,None,2021-12-05,Afternoon 10-2 PM,9760244640
CUST02816,Pallavi Kapoor,Bengaluru,Tier 1,26-35,Female,Referral,None,2023-05-30,Morning 6-10 AM,9567084419
CUST02817,Gaurav Gupta,Delhi,Tier 1,26-35,Other,Organic,None,2021-02-19,Afternoon 10-2 PM,9444106950
CUST02818,Tanvi Singh,Delhi,Tier 1,46-60,Male,Paid Ads,None,2021-04-25,Evening 4-8 PM,9850116496
CUST02819,Tanvi Jain,Ahmedabad,Tier 2,26-35,Female,Organic,None,2021-07-20,Afternoon 10-2 PM,
CUST02820,Sapna Malhotra,Pune,Tier 2,26-35,Male,Organic,None,2023-03-24,Evening 4-8 PM,
CUST02821,Ravi Desai,Mumbai,Tier 1,26-35,Female,Organic,None,2022-12-07,Evening 4-8 PM,9625817673
CUST02822,Neha Srivastava,Delhi,Tier 1,26-35,Female,Paid Ads,None,2023-01-06,Evening 4-8 PM,9439138286
CUST02823,Bhavya Khurana,Pune,Tier 2,60+,Female,Organic,Silver,2021-06-24,Afternoon 10-2 PM,9332541812
CUST02824,Sonali Sharma,Lucknow,Tier 2,26-35,Female,Organic,None,2023-08-07,Afternoon 10-2 PM,9272134431
CUST02825,Yash Das,Bengaluru,Tier 1,36-45,Male,Organic,Gold,2021-03-29,Evening 4-8 PM,9134438525
CUST02826,Varun Anand,Pune,Tier 2,18-25,Female,Referral,None,2021-10-13,Late Night 8-11 PM,9283914316
CUST02827,Arjun Krishnan,Pune,Tier 2,26-35,Female,Paid Ads,Gold,2023-06-23,Morning 6-10 AM,9479183230
CUST02828,Rahul Agarwal,Pune,Tier 2,26-35,Male,Paid Ads,None,2023-07-09,Morning 6-10 AM,9247882962
CUST02829,Pallavi Shetty,Delhi,Tier 1,36-45,Male,Referral,None,2023-05-31,Afternoon 10-2 PM,9524729251
CUST02830,Kiran Bhatia,Bengaluru,Tier 1,36-45,Male,Paid Ads,Silver,2021-02-09,Evening 4-8 PM,9186719751
CUST02831,Gaurav Bhatia,Mumbai,Tier 1,26-35,Female,Organic,None,2023-05-30,Morning 6-10 AM,9151170677
CUST02832,Shubham Sharma,Mumbai,Tier 1,60+,Male,Organic,Gold,2023-12-20,Morning 6-10 AM,9304441152
CUST02833,Nandini Rao,Hyderabad,Tier 1,46-60,Female,Organic,None,2022-02-24,Afternoon 10-2 PM,9924118397
CUST02834,Yash Verma,Delhi,Tier 1,46-60,Male,Paid Ads,Platinum,2021-09-11,Afternoon 10-2 PM,9557706606
CUST02835,Yash Chauhan,Hyderabad,Tier 1,36-45,Male,Organic,Gold,2022-06-05,Evening 4-8 PM,9169017556
CUST02836,Sapna Joshi,Jaipur,Tier 2,26-35,Male,Paid Ads,Gold,2022-08-12,Morning 6-10 AM,9693048052
CUST02837,Rekha Srivastava,Mumbai,Tier 1,36-45,Male,Organic,None,2023-04-26,Afternoon 10-2 PM,9103857880
CUST02838,Rahul Joshi,Delhi,Tier 1,18-25,Male,Influencer,None,2023-04-16,Evening 4-8 PM,9546356990
CUST02839,Tanmay Choudhary,Mumbai,Tier 1,26-35,Male,Organic,None,2021-11-24,Morning 6-10 AM,9242978518
CUST02840,Vivek Mehta,Hyderabad,Tier 1,26-35,Female,Organic,None,2023-07-01,Afternoon 10-2 PM,9390998275
CUST02841,Payal Kamath,Pune,Tier 2,36-45,Male,Paid Ads,None,2022-02-11,Late Night 8-11 PM,
CUST02842,Gaurav Mukherjee,Mumbai,Tier 1,36-45,,Paid Ads,Platinum,2022-01-07,Evening 4-8 PM,9692880813
CUST02843,Seema Patel,Delhi,Tier 1,26-35,Other,Organic,Silver,2022-05-03,Afternoon 10-2 PM,9485198850
CUST02844,Vinay Subramaniam,Pune,Tier 2,36-45,Male,Referral,Silver,2023-06-04,Afternoon 10-2 PM,9432321238
CUST02845,Ishaan Kumar,Ahmedabad,Tier 2,36-45,Female,Paid Ads,None,2022-08-28,Evening 4-8 PM,9294397388
CUST02846,Vandana Nayak,Mumbai,Tier 1,26-35,Male,Paid Ads,Silver,2021-06-30,Afternoon 10-2 PM,9582338728
CUST02847,Vivek Shah,Lucknow,Tier 2,18-25,Male,Paid Ads,None,2021-10-20,Afternoon 10-2 PM,9923618273
CUST02848,Farhan Singh,Ahmedabad,Tier 2,60+,Male,Paid Ads,None,2023-01-01,Evening 4-8 PM,9141850036
CUST02849,Farhan Krishnan,Pune,Tier 2,26-35,Female,Organic,Gold,2022-02-25,Morning 6-10 AM,9738997386
CUST02850,Ayesha Sharma,Pune,Tier 2,46-60,Male,Paid Ads,Silver,2021-05-25,Evening 4-8 PM,9720372703
CUST02851,Amrita Bhatia,Ahmedabad,Tier 2,36-45,Male,Offline,None,2023-03-11,Afternoon 10-2 PM,9902837921
CUST02852,Zoya Arora,Bengaluru,Tier 1,36-45,Male,Influencer,Platinum,2021-09-17,Evening 4-8 PM,9452573649
CUST02853,Aryan Nayak,Hyderabad,Tier 1,46-60,Male,Paid Ads,None,2023-11-30,Afternoon 10-2 PM,9256265732
CUST02854,Uma Sethi,Delhi,Tier 1,60+,Female,Referral,None,2021-08-03,Afternoon 10-2 PM,9933161731
CUST02855,Zoya Dubey,Bengaluru,Tier 1,26-35,Male,Referral,None,2021-01-18,Evening 4-8 PM,9633049953
CUST02856,Ekta Kohli,Delhi,Tier 1,60+,Female,Offline,None,2022-09-01,Evening 4-8 PM,9834429782
CUST02857,Keerthi Kapoor,Jaipur,Tier 2,46-60,Male,Organic,None,2023-07-15,Late Night 8-11 PM,9282918778
CUST02858,Ishita Roy,Pune,Tier 2,36-45,Female,Organic,None,2023-07-15,Morning 6-10 AM,9217172257
CUST02859,Anika Naidu,Hyderabad,Tier 1,36-45,,Paid Ads,None,2022-03-05,Late Night 8-11 PM,9772886791
CUST02860,Zara Tripathi,Hyderabad,Tier 1,18-25,Female,Referral,Gold,2023-05-29,Afternoon 10-2 PM,9583655693
CUST02861,Neel Oberoi,Delhi,Tier 1,26-35,Male,Offline,Platinum,2023-02-14,Afternoon 10-2 PM,9984560615
CUST02862,Rajesh Oberoi,Mumbai,Tier 1,18-25,Female,Referral,None,2023-06-26,Morning 6-10 AM,9837347417
CUST02863,Suresh Roy,Ahmedabad,Tier 2,18-25,Female,Referral,None,2021-02-22,Morning 6-10 AM,
CUST02864,Namrata Roy,Delhi,Tier 1,36-45,Male,Organic,Gold,2022-10-21,Evening 4-8 PM,9303034274
CUST02865,Amrita Arora,Bengaluru,Tier 1,26-35,Female,Paid Ads,Gold,2022-01-19,Evening 4-8 PM,9248439029
CUST02866,Nandini Naidu,Jaipur,Tier 2,26-35,Male,Paid Ads,None,2022-11-09,Morning 6-10 AM,9583710292
CUST02867,Bhuvan Anand,Mumbai,Tier 1,18-25,Male,Organic,Silver,2023-09-25,Morning 6-10 AM,9757531815
CUST02868,Ananya Kohli,Bengaluru,Tier 1,26-35,Male,Paid Ads,None,2021-03-27,Evening 4-8 PM,9143974575
CUST02869,Swati Kapoor,Bengaluru,Tier 1,18-25,Male,Paid Ads,None,2023-01-09,Late Night 8-11 PM,9958129549
CUST02870,Kiran Joshi,Bengaluru,Tier 1,36-45,Male,Referral,Platinum,2021-10-30,Morning 6-10 AM,9943634153
CUST02871,Shubham Chatterjee,Mumbai,Tier 1,18-25,Female,Organic,None,2021-11-03,Morning 6-10 AM,9354321433
CUST02872,Girish Verma,Hyderabad,Tier 1,26-35,Male,Paid Ads,None,2022-05-24,Evening 4-8 PM,9498335005
CUST02873,Rohit Kohli,Bengaluru,Tier 1,26-35,Male,Paid Ads,Silver,2023-05-28,Evening 4-8 PM,9924805885
CUST02874,Mihir Ghosh,Delhi,Tier 1,46-60,Male,Referral,None,2022-01-28,Afternoon 10-2 PM,9382236203
CUST02875,Shreya Patel,Hyderabad,Tier 1,18-25,Male,Referral,None,2023-02-12,Morning 6-10 AM,9996731314
CUST02876,Siddharth Krishnan,Mumbai,Tier 1,46-60,Male,Offline,None,2021-05-08,Morning 6-10 AM,9462021397
CUST02877,Seema Joshi,Hyderabad,Tier 1,26-35,Female,Paid Ads,Silver,2023-08-05,Late Night 8-11 PM,9465888604
CUST02878,Kunal Patel,Hyderabad,Tier 1,18-25,Female,Organic,None,2021-03-09,Morning 6-10 AM,9275653186
CUST02879,Sanjay Kumar,Jaipur,Tier 2,36-45,Female,Organic,None,2022-04-19,Morning 6-10 AM,9177919413
CUST02880,Kiran Khurana,Pune,Tier 2,46-60,Female,Referral,Gold,2022-11-22,Morning 6-10 AM,9271385746
CUST02881,Shubham Patel,Mumbai,Tier 1,46-60,Female,Organic,None,2022-04-23,Morning 6-10 AM,9400355946
CUST02882,Aryan Chatterjee,Mumbai,Tier 1,26-35,Female,Paid Ads,None,2023-07-01,Afternoon 10-2 PM,9256007541
CUST02883,Manish Rao,Mumbai,Tier 1,26-35,Female,Influencer,None,2021-02-22,Evening 4-8 PM,9279756224
CUST02884,Zoya Bajaj,Delhi,Tier 1,18-25,Male,Paid Ads,None,2023-10-28,Afternoon 10-2 PM,9390717460
CUST02885,Aditi Kamath,Delhi,Tier 1,36-45,Female,Influencer,Gold,2022-06-28,Evening 4-8 PM,9376026407
CUST02886,Rohit Kumar,Jaipur,Tier 2,26-35,Male,Paid Ads,None,2023-08-20,Evening 4-8 PM,9380108347
CUST02887,Aarav Naidu,Mumbai,Tier 1,36-45,Female,Paid Ads,None,2023-07-28,Afternoon 10-2 PM,
CUST02888,Kabir Subramaniam,Delhi,Tier 1,36-45,Male,Paid Ads,Silver,2022-09-20,Late Night 8-11 PM,9954231871
CUST02889,Varun Nayak,Delhi,Tier 1,60+,Female,Referral,Gold,2023-02-13,Morning 6-10 AM,9101406394
CUST02890,Uday Gupta,Bengaluru,Tier 1,36-45,Female,Organic,None,2023-03-26,Afternoon 10-2 PM,
CUST02891,Omkar Shetty,Mumbai,Tier 1,60+,Male,Paid Ads,None,2023-01-24,Afternoon 10-2 PM,9725597750
CUST02892,Harini Krishnan,Delhi,Tier 1,26-35,Female,Organic,Gold,2023-01-10,Afternoon 10-2 PM,9836235707
CUST02893,Seema Nayak,Bengaluru,Tier 1,18-25,Female,Organic,None,2022-06-20,Evening 4-8 PM,9102966829
CUST02894,Harini Chauhan,Jaipur,Tier 2,18-25,Male,Referral,None,2021-07-30,Afternoon 10-2 PM,
CUST02895,Farhan Srivastava,Delhi,Tier 1,46-60,Male,Organic,Platinum,2022-04-06,Morning 6-10 AM,9500495059
CUST02896,Bhuvan Roy,Pune,Tier 2,26-35,Male,Influencer,Platinum,2021-04-20,Afternoon 10-2 PM,
CUST02897,Zoya Sharma,Mumbai,Tier 1,18-25,Male,Influencer,Silver,2023-01-12,Afternoon 10-2 PM,9499672481
CUST02898,Rohan Suri,Mumbai,Tier 1,26-35,Male,Referral,None,2022-04-16,Late Night 8-11 PM,9135188788
CUST02899,Mihir Kumar,Mumbai,Tier 1,36-45,Female,Paid Ads,Gold,2023-08-28,Evening 4-8 PM,9843908480
CUST02900,Rekha Chawla,Hyderabad,Tier 1,26-35,Female,Paid Ads,None,2023-07-14,Evening 4-8 PM,9916133954
CUST02901,Kavya Roy,Mumbai,Tier 1,36-45,Female,Referral,Silver,2021-12-06,Morning 6-10 AM,9405171866
CUST02902,Tanmay Menon,Mumbai,Tier 1,26-35,Male,Referral,Silver,2023-01-21,Evening 4-8 PM,9301492166
CUST02903,Ekta Choudhary,Bengaluru,Tier 1,26-35,Male,Paid Ads,Gold,2023-07-06,Evening 4-8 PM,9825913488
CUST02904,Aarav Shetty,Jaipur,Tier 2,36-45,Male,Referral,Platinum,2023-07-27,Evening 4-8 PM,9958927485
CUST02905,Rajan Bhatia,Bengaluru,Tier 1,36-45,Male,Organic,Platinum,2021-03-13,Morning 6-10 AM,9979917815
CUST02906,Urvi Mishra,Pune,Tier 2,26-35,Female,Referral,Platinum,2022-06-28,Afternoon 10-2 PM,9720149055
CUST02907,Mohan Kumar,Delhi,Tier 1,26-35,Female,Paid Ads,Silver,2021-08-12,Late Night 8-11 PM,9842465031
CUST02908,Payal Jain,Lucknow,Tier 2,26-35,Female,Organic,None,2023-04-21,Afternoon 10-2 PM,9754647581
CUST02909,Uma Chatterjee,Delhi,Tier 1,36-45,Female,Organic,Silver,2023-04-24,Afternoon 10-2 PM,9156173148
CUST02910,Sonali Srivastava,Pune,Tier 2,36-45,Female,Referral,None,2021-01-18,Evening 4-8 PM,
CUST02911,Keerthi Kamath,Mumbai,Tier 1,26-35,Male,Referral,Silver,2021-10-02,Late Night 8-11 PM,9418371648
CUST02912,Kiran Hegde,Delhi,Tier 1,36-45,Female,Offline,None,2021-07-28,Late Night 8-11 PM,9168974724
CUST02913,Priya Chauhan,Ahmedabad,Tier 2,60+,Male,Referral,None,2022-09-17,Morning 6-10 AM,9726930586
CUST02914,Sonali Joshi,Bengaluru,Tier 1,26-35,Female,Organic,Silver,2022-01-05,Afternoon 10-2 PM,9591785784
CUST02915,Rohit Agarwal,Mumbai,Tier 1,18-25,Male,Influencer,Platinum,2022-01-06,Evening 4-8 PM,9559408494
CUST02916,Urvi Jain,Hyderabad,Tier 1,36-45,Male,Offline,Gold,2023-08-22,Afternoon 10-2 PM,9650530039
CUST02917,Soham Yadav,Bengaluru,Tier 1,26-35,Male,Organic,None,2021-10-06,Morning 6-10 AM,9842944200
CUST02918,Shubham Krishnan,Lucknow,Tier 2,46-60,,Offline,Platinum,2023-07-19,Afternoon 10-2 PM,9849787654
CUST02919,Pallavi Roy,Delhi,Tier 1,46-60,Male,Organic,None,2022-07-25,Morning 6-10 AM,9945706949
CUST02920,Dhruv Malhotra,Bengaluru,Tier 1,26-35,Female,Paid Ads,None,2021-05-24,Morning 6-10 AM,9962555525
CUST02921,Rashmi Iyer,Bengaluru,Tier 1,36-45,Male,Influencer,Silver,2023-08-12,Late Night 8-11 PM,9758514183
CUST02922,Anika Gowda,Bengaluru,Tier 1,26-35,Male,Paid Ads,Platinum,2021-09-25,Morning 6-10 AM,9359064321
CUST02923,Namrata Shetty,Bengaluru,Tier 1,26-35,Female,Influencer,Silver,2023-10-05,Late Night 8-11 PM,9796536499
CUST02924,Rajan Dubey,Mumbai,Tier 1,46-60,Male,Organic,Silver,2021-08-04,Morning 6-10 AM,
CUST02925,Aditi Rathore,Delhi,Tier 1,36-45,Male,Influencer,None,2021-04-08,Afternoon 10-2 PM,9442469902
CUST02926,Rajan Banerjee,Hyderabad,Tier 1,36-45,Male,Paid Ads,Gold,2022-12-26,Afternoon 10-2 PM,9418312682
CUST02927,Anika Reddy,Mumbai,Tier 1,36-45,Female,Paid Ads,None,2021-06-05,Morning 6-10 AM,9661901527
CUST02928,Sanjay Pandey,Hyderabad,Tier 1,36-45,Female,Paid Ads,Gold,2022-07-13,Late Night 8-11 PM,9750387595
CUST02929,Rajesh Kumar,Delhi,Tier 1,36-45,Female,Offline,Platinum,2022-08-10,Evening 4-8 PM,
CUST02930,Nisha Singh,Mumbai,Tier 1,36-45,Female,Organic,Silver,2023-08-01,Evening 4-8 PM,9279945186
CUST02931,Kiran Verma,Mumbai,Tier 1,26-35,,Paid Ads,Silver,2022-08-24,Afternoon 10-2 PM,9904202650
CUST02932,Sapna Iyer,Delhi,Tier 1,26-35,Female,Referral,Silver,2023-08-24,Morning 6-10 AM,9506646474
CUST02933,Tanmay Malhotra,Lucknow,Tier 2,18-25,Male,Influencer,None,2022-04-09,Afternoon 10-2 PM,9185892425
CUST02934,Aarav Tiwari,Jaipur,Tier 2,26-35,Female,Influencer,None,2022-12-12,Morning 6-10 AM,9783553361
CUST02935,Tanvi Malhotra,Hyderabad,Tier 1,26-35,Male,Organic,Platinum,2023-07-17,Evening 4-8 PM,9139245989
CUST02936,Rekha Menon,Mumbai,Tier 1,26-35,Male,Referral,None,2021-09-15,Morning 6-10 AM,9782930253
CUST02937,Ishaan Reddy,Hyderabad,Tier 1,36-45,Female,Influencer,Gold,2021-02-16,Late Night 8-11 PM,9373346482
CUST02938,Uma Rao,Mumbai,Tier 1,26-35,Male,Influencer,None,2022-04-02,Afternoon 10-2 PM,9591938431
CUST02939,Rahul Joshi,Hyderabad,Tier 1,18-25,Male,Paid Ads,Gold,2021-05-22,Evening 4-8 PM,9784651936
CUST02940,Priya Mishra,Pune,Tier 2,46-60,Male,Paid Ads,None,2022-12-05,Evening 4-8 PM,
CUST02941,Prachi Desai,Lucknow,Tier 2,36-45,Female,Referral,Gold,2022-04-13,Afternoon 10-2 PM,9769585048
CUST02942,Omkar Reddy,Ahmedabad,Tier 2,26-35,Female,Paid Ads,Silver,2023-06-16,Afternoon 10-2 PM,9554451147
CUST02943,Nikhil Oberoi,Ahmedabad,Tier 2,36-45,Female,Referral,None,2022-07-26,Afternoon 10-2 PM,9134116806
CUST02944,Anika Chawla,Delhi,Tier 1,36-45,Male,Organic,Gold,2021-04-07,Morning 6-10 AM,9718390067
CUST02945,Omkar Nair,Delhi,Tier 1,26-35,Female,Paid Ads,Silver,2023-02-09,Evening 4-8 PM,9482095014
CUST02946,Faisal Mehta,Delhi,Tier 1,26-35,Female,Referral,None,2021-02-04,Morning 6-10 AM,9334569285
CUST02947,Prachi Shetty,Mumbai,Tier 1,36-45,Male,Paid Ads,Platinum,2023-07-11,Morning 6-10 AM,9594788077
CUST02948,Ramesh Roy,Mumbai,Tier 1,26-35,Male,Referral,Gold,2022-08-29,Afternoon 10-2 PM,9710256839
CUST02949,Zara Sen,Bengaluru,Tier 1,60+,Male,Paid Ads,None,2022-05-07,Evening 4-8 PM,9704672358
CUST02950,Deepa Shukla,Hyderabad,Tier 1,18-25,Male,Influencer,None,2022-08-10,Late Night 8-11 PM,9770300117
CUST02951,Kiran Anand,Bengaluru,Tier 1,26-35,Female,Referral,None,2021-05-07,Afternoon 10-2 PM,9930689754
CUST02952,Urvi Reddy,Delhi,Tier 1,36-45,Male,Referral,None,2021-05-18,Morning 6-10 AM,9199354801
CUST02953,Sanika Rathore,Bengaluru,Tier 1,26-35,Male,Organic,None,2021-03-24,Evening 4-8 PM,9608507254
CUST02954,Faisal Krishnan,Hyderabad,Tier 1,26-35,Male,Paid Ads,Gold,2021-10-17,Evening 4-8 PM,
CUST02955,Sandeep Oberoi,Ahmedabad,Tier 2,46-60,Male,Offline,None,2022-08-06,Evening 4-8 PM,9891116453
CUST02956,Aditya Pillai,Hyderabad,Tier 1,60+,Male,Organic,None,2021-02-15,Evening 4-8 PM,9956005151
CUST02957,Vivek Subramaniam,Hyderabad,Tier 1,18-25,Female,Referral,None,2022-10-12,Afternoon 10-2 PM,
CUST02958,Tanvi Arora,Mumbai,Tier 1,46-60,Male,Influencer,Gold,2021-11-12,Evening 4-8 PM,9192711040
CUST02959,Bhuvan Singh,Delhi,Tier 1,60+,Female,Organic,Gold,2022-04-23,Morning 6-10 AM,9493944883
CUST02960,Meera Menon,Delhi,Tier 1,36-45,Female,Paid Ads,Gold,2023-08-04,Morning 6-10 AM,9299328885
CUST02961,Rahul Hegde,Delhi,Tier 1,18-25,Female,Organic,None,2021-06-26,Evening 4-8 PM,9639556123
CUST02962,Neel Patel,Mumbai,Tier 1,18-25,Female,Paid Ads,None,2023-12-13,Morning 6-10 AM,
CUST02963,Vikram Saxena,Delhi,Tier 1,18-25,Male,Paid Ads,Silver,2021-11-20,Evening 4-8 PM,9215633826
CUST02964,Amrita Patel,Hyderabad,Tier 1,26-35,Male,Organic,Silver,2022-02-28,Morning 6-10 AM,9350723630
CUST02965,Girish Mishra,Pune,Tier 2,26-35,Other,Offline,None,2021-05-22,Evening 4-8 PM,9803509884
CUST02966,Vivek Subramaniam,Mumbai,Tier 1,36-45,Female,Influencer,Gold,2023-09-09,Evening 4-8 PM,9132397463
CUST02967,Tanmay Menon,Mumbai,Tier 1,36-45,Male,Influencer,None,2022-06-24,Morning 6-10 AM,9629454290
CUST02968,Vidya Chauhan,Mumbai,Tier 1,36-45,Male,Influencer,None,2022-12-12,Afternoon 10-2 PM,9859657557
CUST02969,Sonali Rao,Ahmedabad,Tier 2,26-35,Female,Referral,Silver,2023-03-19,Morning 6-10 AM,9634146957
CUST02970,Urvi Srivastava,Jaipur,Tier 2,18-25,Female,Influencer,Platinum,2021-04-23,Evening 4-8 PM,9910721385
CUST02971,Anika Pillai,Delhi,Tier 1,36-45,Female,Paid Ads,Gold,2021-05-04,Evening 4-8 PM,9124384586
CUST02972,Bhuvan Arora,Mumbai,Tier 1,26-35,Female,Influencer,None,2023-03-25,Late Night 8-11 PM,9868491458
CUST02973,Nisha Menon,Mumbai,Tier 1,36-45,Male,Paid Ads,Platinum,2022-10-14,Evening 4-8 PM,
CUST02974,Uday Gowda,Mumbai,Tier 1,46-60,Male,Organic,Silver,2022-05-27,Afternoon 10-2 PM,9132878838
CUST02975,Seema Mukherjee,Pune,Tier 2,46-60,Female,Organic,None,2023-12-14,Evening 4-8 PM,9799103233
CUST02976,Suresh Mukherjee,Mumbai,Tier 1,36-45,Male,Paid Ads,None,2023-12-11,Morning 6-10 AM,9681688117
CUST02977,Kabir Oberoi,Ahmedabad,Tier 2,26-35,Female,Referral,Gold,2021-08-19,Afternoon 10-2 PM,9718591586
CUST02978,Anika Menon,Jaipur,Tier 2,46-60,Male,Organic,None,2023-05-28,Evening 4-8 PM,9321396713
CUST02979,Tarun Pillai,Delhi,Tier 1,26-35,Female,Referral,Platinum,2022-05-08,Morning 6-10 AM,
CUST02980,Shreya Kapoor,Hyderabad,Tier 1,26-35,Male,Paid Ads,Platinum,2022-07-15,Evening 4-8 PM,9864194130
CUST02981,Sarika Shah,Bengaluru,Tier 1,26-35,Male,Organic,Gold,2023-07-26,Morning 6-10 AM,9717495401
CUST02982,Seema Patel,Delhi,Tier 1,18-25,Male,Paid Ads,None,2021-08-16,Afternoon 10-2 PM,9958191460
CUST02983,Sneha Kumar,Mumbai,Tier 1,36-45,Female,Referral,Silver,2021-05-21,Evening 4-8 PM,9226983659
CUST02984,Sapna Verma,Mumbai,Tier 1,46-60,Female,Organic,Platinum,2021-12-07,Afternoon 10-2 PM,9940411395
CUST02985,Rohit Saxena,Bengaluru,Tier 1,36-45,Male,Paid Ads,Platinum,2023-03-27,Morning 6-10 AM,9643911630
CUST02986,Neha Rathore,Pune,Tier 2,26-35,Other,Influencer,None,2022-07-13,Morning 6-10 AM,9462884487
CUST02987,Sagar Oberoi,Ahmedabad,Tier 2,26-35,Male,Organic,Silver,2021-06-26,Late Night 8-11 PM,9790983826
CUST02988,Kavya Rathore,Lucknow,Tier 2,36-45,Female,Offline,None,2023-08-24,Afternoon 10-2 PM,9841381731
CUST02989,Uma Choudhary,Mumbai,Tier 1,26-35,Female,Organic,Platinum,2022-04-20,Evening 4-8 PM,9159436752
CUST02990,Ravi Shetty,Jaipur,Tier 2,36-45,Male,Offline,Silver,2022-06-14,Afternoon 10-2 PM,9715884066
CUST02991,Nandini Sen,Mumbai,Tier 1,18-25,Male,Organic,None,2022-06-16,Evening 4-8 PM,9120680829
CUST02992,Vikram Chawla,Bengaluru,Tier 1,26-35,Male,Influencer,Silver,2023-08-08,Late Night 8-11 PM,9285457263
CUST02993,Zoya Mukherjee,Pune,Tier 2,36-45,Female,Influencer,None,2022-01-07,Morning 6-10 AM,9406106428
CUST02994,Sapna Pandey,Hyderabad,Tier 1,36-45,Male,Influencer,None,2023-09-02,Late Night 8-11 PM,9479812953
CUST02995,Ishaan Chauhan,Ahmedabad,Tier 2,26-35,Male,Offline,None,2021-05-17,Morning 6-10 AM,9390878933
CUST02996,Aditya Suri,Bengaluru,Tier 1,36-45,Female,Paid Ads,None,2022-10-04,Morning 6-10 AM,9864073397
CUST02997,Neha Hegde,Mumbai,Tier 1,26-35,,Referral,None,2021-07-06,Evening 4-8 PM,9149588508
CUST02998,Sneha Sharma,Mumbai,Tier 1,26-35,Female,Organic,None,2022-08-05,Evening 4-8 PM,9534903775
CUST02999,Vandana Tripathi,Jaipur,Tier 2,26-35,Female,Influencer,None,2022-09-10,Evening 4-8 PM,9409688251
CUST03000,Rashmi Subramaniam,Mumbai,Tier 1,36-45,Female,Organic,None,2021-11-03,Evening 4-8 PM,9681776735
