order_id,customer_id,order_date,order_month,order_quarter,delivery_date,channel,city,order_status,payment_method,delivery_slot,promo_code,promo_discount_amt,gross_order_value,net_order_value
ORD000001,CUST00001,2023-12-17,12,4,2023-12-20,Web,Jaipur,Delivered,Credit Card,Afternoon 10-2 PM,,0.0,691.71,691.71
ORD000002,CUST00002,2023-08-26,8,3,2023-08-29,App,Jaipur,Delivered,UPI,Evening 4-8 PM,,0.0,441.36,441.36
ORD000003,CUST00002,2023-10-14,10,4,2023-10-16,App,Jaipur,Delivered,Debit Card,Late Night 8-11 PM,,0.0,199.22,199.22
ORD000004,CUST00002,2023-08-05,8,3,2023-08-07,App,Jaipur,Delivered,UPI,Morning 6-10 AM,,0.0,130.53,130.53
ORD000005,CUST00002,2023-12-03,12,4,2023-12-04,Web,Jaipur,Delivered,Credit Card,Morning 6-10 AM,,0.0,3469.9,3469.9
ORD000006,CUST00002,2023-11-11,11,4,,Web,Jaipur,Cancelled,UPI,Morning 6-10 AM,,0.0,1650.33,0.0
ORD000007,CUST00002,2023-07-04,7,3,2023-07-05,App,Jaipur,Delivered,UPI,Afternoon 10-2 PM,,0.0,2984.58,2984.58
ORD000008,CUST00002,2023-11-27,11,4,2023-11-30,App,Jaipur,Delivered,Debit Card,Morning 6-10 AM,,0.0,3869.46,3869.46
ORD000009,CUST00002,2023-01-16,1,1,2023-01-17,Kiosk,Jaipur,Delivered,Debit Card,Evening 4-8 PM,,0.0,916.13,916.13
ORD000010,CUST00002,2023-05-07,5,2,2023-05-09,Web,Jaipur,Delivered,UPI,Afternoon 10-2 PM,,0.0,355.5,355.5
ORD000011,CUST00002,2023-11-14,11,4,2023-11-17,App,Jaipur,Delivered,Debit Card,Afternoon 10-2 PM,DIWALI23SUPER,47.39,703.48,656.09
ORD000012,CUST00002,2023-03-13,3,1,2023-03-16,Web,Jaipur,Delivered,COD,Evening 4-8 PM,,0.0,2212.36,2212.36
ORD000013,CUST00003,2023-04-04,4,2,2023-04-07,Web,Jaipur,Delivered,UPI,Morning 6-10 AM,,0.0,99.14,99.14
ORD000014,CUST00004,2023-08-22,8,3,,Kiosk,Bengaluru,Cancelled,Debit Card,Late Night 8-11 PM,,0.0,275.59,0.0
ORD000015,CUST00004,2023-07-01,7,3,2023-07-03,App,Bengaluru,Delivered,UPI,Morning 6-10 AM,,0.0,735.23,735.23
ORD000016,CUST00004,2023-12-16,12,4,2023-12-17,Web,Bengaluru,Delivered,Debit Card,Evening 4-8 PM,,0.0,3408.15,3408.15
ORD000017,CUST00004,2023-09-22,9,3,2023-09-25,Web,Bengaluru,Delivered,Credit Card,Evening 4-8 PM,,0.0,752.51,752.51
ORD000018,CUST00004,2023-10-28,10,4,2023-10-29,App,Bengaluru,Delivered,Debit Card,Evening 4-8 PM,,0.0,1125.49,1125.49
ORD000019,CUST00004,2023-01-17,1,1,2023-01-18,App,Bengaluru,Delivered,UPI,Evening 4-8 PM,,0.0,2169.32,2169.32
ORD000020,CUST00004,2023-11-13,11,4,2023-11-16,Web,Bengaluru,Delivered,UPI,Morning 6-10 AM,DIWALI23SUPER,196.41,1180.22,983.81
ORD000021,CUST00004,2023-08-16,8,3,2023-08-17,App,Bengaluru,Delivered,Debit Card,Evening 4-8 PM,FREEDOM23,429.32,3144.56,2715.24
ORD000022,CUST00004,2023-10-10,10,4,2023-10-12,App,Bengaluru,Delivered,Credit Card,Morning 6-10 AM,,0.0,4309.96,4309.96
ORD000023,CUST00004,2023-03-06,3,1,2023-03-09,App,Bengaluru,Delivered,Wallet,Afternoon 10-2 PM,,0.0,1484.92,1484.92
ORD000024,CUST00004,2023-10-08,10,4,2023-10-10,App,Bengaluru,Delivered,COD,Late Night 8-11 PM,,0.0,1490.9,1490.9
ORD000025,CUST00004,2023-01-08,1,1,2023-01-10,App,Bengaluru,Delivered,Credit Card,Morning 6-10 AM,,0.0,1498.46,1498.46
ORD000026,CUST00004,2023-04-25,4,2,2023-04-27,App,Bengaluru,Delivered,UPI,Morning 6-10 AM,,0.0,2168.85,2168.85
ORD000027,CUST00004,2023-09-29,9,3,2023-10-02,App,Bengaluru,Delivered,Credit Card,Evening 4-8 PM,,0.0,1527.08,1527.08
ORD000028,CUST00004,2023-01-31,1,1,2023-02-01,Web,Bengaluru,Delivered,UPI,Evening 4-8 PM,,0.0,3241.33,3241.33
ORD000029,CUST00004,2023-08-26,8,3,2023-08-28,App,Bengaluru,Delivered,Debit Card,Late Night 8-11 PM,,0.0,2060.79,2060.79
ORD000030,CUST00004,2023-03-24,3,1,2023-03-27,App,Bengaluru,Delivered,COD,Morning 6-10 AM,,0.0,1479.62,1479.62
ORD000031,CUST00004,2023-04-09,4,2,2023-04-10,App,Bengaluru,Delivered,Debit Card,Morning 6-10 AM,,0.0,2155.77,2155.77
ORD000032,CUST00004,2023-12-19,12,4,2023-12-22,App,Bengaluru,Delivered,Credit Card,Morning 6-10 AM,,0.0,936.36,936.36
ORD000033,CUST00004,2023-09-01,9,3,2023-09-04,App,Bengaluru,Delivered,UPI,Evening 4-8 PM,,0.0,2160.9,2160.9
ORD000034,CUST00004,2023-03-21,3,1,2023-03-24,App,Bengaluru,Delivered,Debit Card,Morning 6-10 AM,,0.0,1252.63,1252.63
ORD000035,CUST00006,2023-06-19,6,2,2023-06-20,App,Hyderabad,Delivered,UPI,Evening 4-8 PM,,0.0,817.54,817.54
ORD000036,CUST00010,2023-05-13,5,2,,App,Mumbai,Cancelled,Credit Card,Late Night 8-11 PM,,0.0,156.68,0.0
ORD000037,CUST00011,2023-03-12,3,1,2023-03-13,App,Jaipur,Delivered,UPI,Evening 4-8 PM,,0.0,806.38,806.38
ORD000038,CUST00011,2023-01-28,1,1,2023-01-30,App,Jaipur,Delivered,UPI,Morning 6-10 AM,,0.0,1610.82,1610.82
ORD000039,CUST00011,2023-03-25,3,1,2023-03-28,App,Jaipur,Delivered,Wallet,Evening 4-8 PM,,0.0,1123.28,1123.28
ORD000040,CUST00011,2023-10-14,10,4,2023-10-15,App,Jaipur,Delivered,Debit Card,Morning 6-10 AM,,0.0,402.23,402.23
ORD000041,CUST00011,2023-12-17,12,4,2023-12-18,Web,Jaipur,Delivered,Credit Card,Evening 4-8 PM,,0.0,1719.87,1719.87
ORD000042,CUST00014,2023-02-13,2,1,2023-02-15,Web,Bengaluru,Delivered,UPI,Morning 6-10 AM,,0.0,1753.25,1753.25
ORD000043,CUST00014,2023-07-25,7,3,2023-07-27,Web,Bengaluru,Returned,Credit Card,,,0.0,1062.47,519.29
ORD000044,CUST00014,2023-01-17,1,1,2023-01-19,App,Bengaluru,Delivered,UPI,Afternoon 10-2 PM,,0.0,1357.63,1357.63
ORD000045,CUST00014,2023-09-19,9,3,2023-09-22,App,Bengaluru,Delivered,Debit Card,Late Night 8-11 PM,,0.0,1388.12,1388.12
ORD000046,CUST00014,2023-03-29,3,1,2023-03-31,App,Bengaluru,Delivered,UPI,Evening 4-8 PM,,0.0,644.69,644.69
ORD000047,CUST00014,2023-12-07,12,4,2023-12-08,App,Bengaluru,Delivered,COD,Evening 4-8 PM,,0.0,1619.06,1619.06
ORD000048,CUST00014,2023-07-04,7,3,2023-07-07,Web,Bengaluru,Delivered,UPI,Morning 6-10 AM,,0.0,819.24,819.24
ORD000049,CUST00014,2023-12-26,12,4,2023-12-29,App,Bengaluru,Delivered,UPI,Evening 4-8 PM,XMAS23,164.93,1513.07,1348.14
ORD000050,CUST00014,2023-05-06,5,2,,App,Bengaluru,Cancelled,COD,Morning 6-10 AM,,0.0,2121.29,0.0
ORD000051,CUST00014,2023-10-18,10,4,2023-10-21,App,Bengaluru,Delivered,UPI,Morning 6-10 AM,,0.0,1543.17,1543.17
ORD000052,CUST00014,2023-12-10,12,4,2023-12-13,Web,Bengaluru,Delivered,COD,Afternoon 10-2 PM,,0.0,4324.92,4324.92
ORD000053,CUST00014,2023-05-29,5,2,,App,Bengaluru,Cancelled,Credit Card,Morning 6-10 AM,,0.0,1361.37,0.0
ORD000054,CUST00015,2023-05-11,5,2,2023-05-12,App,Hyderabad,Delivered,UPI,Evening 4-8 PM,,0.0,3408.22,3408.22
ORD000055,CUST00015,2023-11-05,11,4,2023-11-06,App,Hyderabad,Delivered,UPI,Afternoon 10-2 PM,,0.0,1143.08,1143.08
ORD000056,CUST00015,2023-05-10,5,2,2023-05-11,App,Hyderabad,Delivered,UPI,Late Night 8-11 PM,,0.0,289.41,289.41
ORD000057,CUST00015,2023-12-28,12,4,2023-12-31,App,Hyderabad,Delivered,Debit Card,Evening 4-8 PM,XMAS23,160.81,1044.32,883.51
ORD000058,CUST00015,2023-04-29,4,2,2023-05-02,Kiosk,Hyderabad,Delivered,Debit Card,Morning 6-10 AM,,0.0,646.15,646.15
ORD000059,CUST00018,2023-03-21,3,1,2023-03-23,App,Bengaluru,Delivered,UPI,Late Night 8-11 PM,,0.0,517.59,517.59
ORD000060,CUST00019,2023-10-30,10,4,2023-11-02,App,Delhi,Delivered,Debit Card,Morning 6-10 AM,,0.0,858.63,858.63
ORD000061,CUST00021,2023-12-24,12,4,2023-12-25,App,Delhi,Delivered,Credit Card,Evening 4-8 PM,,0.0,667.26,667.26
ORD000062,CUST00024,2023-08-18,8,3,2023-08-21,Web,Bengaluru,Delivered,Credit Card,Evening 4-8 PM,,0.0,1131.12,1131.12
ORD000063,CUST00024,2023-03-15,3,1,2023-03-17,App,Bengaluru,Delivered,UPI,Evening 4-8 PM,,0.0,3155.46,3155.46
ORD000064,CUST00024,2023-01-13,1,1,2023-01-15,App,Bengaluru,Delivered,UPI,Evening 4-8 PM,,0.0,517.79,517.79
ORD000065,CUST00024,2023-07-18,7,3,2023-07-20,App,Bengaluru,Delivered,COD,,,0.0,1142.64,1142.64
ORD000066,CUST00024,2023-01-21,1,1,,Kiosk,Bengaluru,Cancelled,UPI,Afternoon 10-2 PM,,0.0,2335.68,0.0
ORD000067,CUST00024,2023-10-10,10,4,2023-10-11,App,Bengaluru,Delivered,Wallet,Late Night 8-11 PM,,0.0,782.76,782.76
ORD000068,CUST00024,2023-12-29,12,4,2024-01-01,App,Bengaluru,Delivered,Debit Card,Morning 6-10 AM,,0.0,1005.13,1005.13
ORD000069,CUST00024,2023-11-22,11,4,2023-11-24,App,Bengaluru,Delivered,Debit Card,Late Night 8-11 PM,,0.0,1187.62,1187.62
ORD000070,CUST00024,2023-08-04,8,3,2023-08-06,Web,Bengaluru,Delivered,UPI,Evening 4-8 PM,,0.0,1416.07,1416.07
ORD000071,CUST00029,2023-04-28,4,2,2023-04-30,Kiosk,Bengaluru,Returned,Credit Card,Evening 4-8 PM,,0.0,546.93,63.13
ORD000072,CUST00029,2023-11-08,11,4,2023-11-09,Web,Bengaluru,Delivered,UPI,Evening 4-8 PM,,0.0,1055.02,1055.02
ORD000073,CUST00029,2023-01-07,1,1,2023-01-10,App,Bengaluru,Delivered,UPI,Morning 6-10 AM,,0.0,568.09,568.09
ORD000074,CUST00029,2023-11-17,11,4,2023-11-19,Kiosk,Bengaluru,Delivered,Credit Card,Late Night 8-11 PM,,0.0,238.36,238.36
ORD000075,CUST00029,2023-06-25,6,2,2023-06-26,App,Bengaluru,Delivered,UPI,Afternoon 10-2 PM,,0.0,156.1,156.1
ORD000076,CUST00029,2023-07-02,7,3,2023-07-03,App,Bengaluru,Delivered,Credit Card,Morning 6-10 AM,,0.0,107.49,107.49
ORD000077,CUST00029,2023-12-07,12,4,2023-12-09,Kiosk,Bengaluru,Delivered,UPI,Evening 4-8 PM,,0.0,504.96,504.96
ORD000078,CUST00030,2023-04-27,4,2,2023-04-28,App,Bengaluru,Delivered,Credit Card,Morning 6-10 AM,,0.0,806.99,806.99
ORD000079,CUST00030,2023-06-09,6,2,2023-06-12,App,Bengaluru,Delivered,Wallet,Morning 6-10 AM,,0.0,735.46,735.46
ORD000080,CUST00030,2023-07-11,7,3,2023-07-14,Web,Bengaluru,Delivered,Debit Card,Afternoon 10-2 PM,,0.0,1989.25,1989.25
ORD000081,CUST00030,2023-01-10,1,1,2023-01-12,App,Bengaluru,Delivered,UPI,Morning 6-10 AM,,0.0,1778.31,1778.31
ORD000082,CUST00030,2023-03-04,3,1,2023-03-07,Web,Bengaluru,Delivered,Wallet,Morning 6-10 AM,,0.0,3136.99,3136.99
ORD000083,CUST00030,2023-12-25,12,4,2023-12-28,App,Bengaluru,Delivered,UPI,Morning 6-10 AM,XMAS23,222.11,1605.32,1383.21
ORD000084,CUST00030,2023-11-16,11,4,2023-11-19,App,Bengaluru,Delivered,UPI,Afternoon 10-2 PM,,0.0,518.05,518.05
ORD000085,CUST00030,2023-01-16,1,1,2023-01-18,App,Bengaluru,Delivered,COD,,,0.0,1206.62,1206.62
ORD000086,CUST00030,2023-08-27,8,3,2023-08-28,App,Bengaluru,Delivered,Debit Card,Morning 6-10 AM,,0.0,1805.8,1805.8
ORD000087,CUST00030,2023-01-25,1,1,2023-01-27,Web,Bengaluru,Delivered,UPI,Evening 4-8 PM,,0.0,5035.12,5035.12
ORD000088,CUST00030,2023-06-16,6,2,2023-06-17,App,Bengaluru,Delivered,Wallet,Morning 6-10 AM,,0.0,2187.52,2187.52
ORD000089,CUST00031,2023-06-05,6,2,2023-06-07,App,Pune,Delivered,COD,Afternoon 10-2 PM,,0.0,824.97,824.97
ORD000090,CUST00033,2023-07-31,7,3,2023-08-02,Web,Bengaluru,Delivered,UPI,Morning 6-10 AM,,0.0,1339.66,1339.66
ORD000091,CUST00033,2023-02-23,2,1,2023-02-24,App,Bengaluru,Delivered,Debit Card,Morning 6-10 AM,,0.0,385.05,385.05
ORD000092,CUST00033,2023-11-30,11,4,2023-12-02,Web,Bengaluru,Delivered,UPI,Morning 6-10 AM,,0.0,1855.22,1855.22
ORD000093,CUST00033,2023-07-25,7,3,2023-07-28,App,Bengaluru,Delivered,UPI,Evening 4-8 PM,,0.0,1198.61,1198.61
ORD000094,CUST00033,2023-04-14,4,2,2023-04-17,Web,Bengaluru,Delivered,UPI,Evening 4-8 PM,,0.0,2224.9,2224.9
ORD000095,CUST00033,2023-07-13,7,3,2023-07-16,Kiosk,Bengaluru,Delivered,UPI,Evening 4-8 PM,,0.0,1862.99,1862.99
ORD000096,CUST00033,2023-08-03,8,3,2023-08-05,Web,Bengaluru,Delivered,COD,Evening 4-8 PM,,0.0,1454.88,1454.88
ORD000097,CUST00033,2023-09-30,9,3,,App,Bengaluru,Cancelled,UPI,Evening 4-8 PM,,0.0,2987.19,0.0
ORD000098,CUST00033,2023-11-27,11,4,2023-11-28,App,Bengaluru,Delivered,Credit Card,Late Night 8-11 PM,,0.0,3006.03,3006.03
ORD000099,CUST00033,2023-09-16,9,3,2023-09-17,App,Bengaluru,Delivered,Credit Card,Afternoon 10-2 PM,,0.0,214.67,214.67
ORD000100,CUST00035,2023-08-21,8,3,2023-08-22,App,Ahmedabad,Delivered,UPI,Afternoon 10-2 PM,,0.0,943.6,943.6
ORD000101,CUST00037,2023-07-02,7,3,2023-07-03,App,Bengaluru,Delivered,Wallet,Late Night 8-11 PM,,0.0,801.55,801.55
ORD000102,CUST00037,2023-08-13,8,3,2023-08-15,App,Bengaluru,Delivered,UPI,Morning 6-10 AM,,0.0,5843.48,5843.48
ORD000103,CUST00037,2023-08-17,8,3,2023-08-20,Web,Bengaluru,Delivered,UPI,Afternoon 10-2 PM,,0.0,2311.74,2311.74
ORD000104,CUST00037,2023-03-13,3,1,2023-03-16,Web,Bengaluru,Delivered,Debit Card,Late Night 8-11 PM,,0.0,1901.17,1901.17
ORD000105,CUST00037,2023-03-23,3,1,2023-03-25,App,Bengaluru,Delivered,UPI,Afternoon 10-2 PM,,0.0,1132.06,1132.06
ORD000106,CUST00037,2023-02-07,2,1,2023-02-10,App,Bengaluru,Delivered,UPI,Evening 4-8 PM,,0.0,1946.7,1946.7
ORD000107,CUST00037,2023-10-22,10,4,2023-10-24,App,Bengaluru,Delivered,UPI,Morning 6-10 AM,DUSSEHRA23,228.32,1857.66,1629.34
ORD000108,CUST00037,2023-07-14,7,3,2023-07-16,App,Bengaluru,Delivered,Debit Card,Evening 4-8 PM,,0.0,1055.9,1055.9
ORD000109,CUST00037,2023-09-09,9,3,2023-09-10,App,Bengaluru,Delivered,Debit Card,Morning 6-10 AM,,0.0,2548.11,2548.11
ORD000110,CUST00037,2023-05-18,5,2,2023-05-19,Web,Bengaluru,Delivered,UPI,Evening 4-8 PM,,0.0,2245.78,2245.78
ORD000111,CUST00037,2023-03-06,3,1,2023-03-09,App,Bengaluru,Delivered,Debit Card,Afternoon 10-2 PM,,0.0,3964.51,3964.51
ORD000112,CUST00037,2023-11-05,11,4,2023-11-08,App,Bengaluru,Delivered,Debit Card,Afternoon 10-2 PM,,0.0,2375.88,2375.88
ORD000113,CUST00037,2023-09-13,9,3,2023-09-15,App,Bengaluru,Delivered,UPI,Morning 6-10 AM,,0.0,937.65,937.65
ORD000114,CUST00037,2023-05-03,5,2,2023-05-04,App,Bengaluru,Delivered,Wallet,Evening 4-8 PM,,0.0,1321.97,1321.97
ORD000115,CUST00037,2023-12-05,12,4,2023-12-06,App,Bengaluru,Delivered,Wallet,Morning 6-10 AM,,0.0,1586.62,1586.62
ORD000116,CUST00037,2023-12-05,12,4,2023-12-07,Web,Bengaluru,Delivered,COD,Morning 6-10 AM,,0.0,600.01,600.01
ORD000117,CUST00038,2023-08-12,8,3,2023-08-13,App,Bengaluru,Delivered,UPI,Afternoon 10-2 PM,,0.0,3822.49,3822.49
ORD000118,CUST00038,2023-06-16,6,2,2023-06-18,App,Bengaluru,Delivered,Credit Card,Afternoon 10-2 PM,,0.0,1160.77,1160.77
ORD000119,CUST00038,2023-10-04,10,4,2023-10-05,App,Bengaluru,Delivered,UPI,Afternoon 10-2 PM,,0.0,1305.89,1305.89
ORD000120,CUST00038,2023-11-18,11,4,2023-11-20,App,Bengaluru,Delivered,Debit Card,Afternoon 10-2 PM,,0.0,2828.16,2828.16
ORD000121,CUST00038,2023-04-17,4,2,2023-04-20,Web,Bengaluru,Delivered,UPI,Evening 4-8 PM,,0.0,1651.87,1651.87
ORD000122,CUST00038,2023-04-23,4,2,2023-04-24,App,Bengaluru,Delivered,COD,Evening 4-8 PM,,0.0,3112.94,3112.94
ORD000123,CUST00038,2023-03-04,3,1,2023-03-05,Web,Bengaluru,Delivered,UPI,Evening 4-8 PM,,0.0,1597.1,1597.1
ORD000124,CUST00039,2023-12-05,12,4,2023-12-07,App,Pune,Delivered,UPI,Afternoon 10-2 PM,,0.0,1110.51,1110.51
ORD000125,CUST00039,2023-08-03,8,3,2023-08-04,Web,Pune,Delivered,UPI,Evening 4-8 PM,,0.0,1889.57,1889.57
ORD000126,CUST00039,2023-08-26,8,3,2023-08-27,App,Pune,Delivered,UPI,Morning 6-10 AM,,0.0,2649.56,2649.56
ORD000127,CUST00039,2023-10-23,10,4,2023-10-25,App,Pune,Delivered,Debit Card,Evening 4-8 PM,,0.0,1098.97,1098.97
ORD000128,CUST00039,2023-08-31,8,3,2023-09-03,App,Pune,Delivered,COD,Afternoon 10-2 PM,,0.0,2405.82,2405.82
ORD000129,CUST00039,2023-06-30,6,2,2023-07-03,App,Pune,Delivered,Debit Card,Morning 6-10 AM,,0.0,984.28,984.28
ORD000130,CUST00039,2023-08-12,8,3,2023-08-15,Web,Pune,Delivered,Wallet,Morning 6-10 AM,,0.0,1222.7,1222.7
ORD000131,CUST00039,2023-10-03,10,4,2023-10-05,App,Pune,Delivered,Credit Card,Afternoon 10-2 PM,,0.0,1825.74,1825.74
ORD000132,CUST00039,2023-07-04,7,3,2023-07-07,App,Pune,Delivered,UPI,Afternoon 10-2 PM,,0.0,1859.33,1859.33
ORD000133,CUST00040,2023-07-05,7,3,2023-07-08,App,Bengaluru,Delivered,Credit Card,Afternoon 10-2 PM,,0.0,841.44,841.44
ORD000134,CUST00040,2023-04-29,4,2,2023-05-01,App,Bengaluru,Delivered,Debit Card,Morning 6-10 AM,,0.0,1486.54,1486.54
ORD000135,CUST00042,2023-03-13,3,1,2023-03-14,Web,Ahmedabad,Delivered,UPI,Afternoon 10-2 PM,,0.0,3454.41,3454.41
ORD000136,CUST00043,2023-05-12,5,2,2023-05-13,App,Mumbai,Delivered,Credit Card,Morning 6-10 AM,,0.0,976.39,976.39
ORD000137,CUST00043,2023-05-04,5,2,2023-05-06,Web,Mumbai,Delivered,UPI,Morning 6-10 AM,,0.0,242.91,242.91
ORD000138,CUST00043,2023-12-09,12,4,2023-12-11,App,Mumbai,Delivered,Credit Card,Morning 6-10 AM,,0.0,36.55,36.55
ORD000139,CUST00043,2023-07-10,7,3,2023-07-12,App,Mumbai,Delivered,UPI,Afternoon 10-2 PM,,0.0,1443.22,1443.22
ORD000140,CUST00043,2023-04-09,4,2,2023-04-10,App,Mumbai,Delivered,UPI,Afternoon 10-2 PM,,0.0,2644.81,2644.81
ORD000141,CUST00043,2023-06-12,6,2,2023-06-14,App,Mumbai,Delivered,Credit Card,Afternoon 10-2 PM,,0.0,811.13,811.13
ORD000142,CUST00043,2023-12-03,12,4,2023-12-04,App,Mumbai,Delivered,UPI,Afternoon 10-2 PM,,0.0,802.64,802.64
ORD000143,CUST00043,2023-10-05,10,4,2023-10-07,App,Mumbai,Delivered,Debit Card,Evening 4-8 PM,,0.0,711.04,711.04
ORD000144,CUST00043,2023-02-04,2,1,2023-02-05,App,Mumbai,Delivered,UPI,Late Night 8-11 PM,,0.0,1035.86,1035.86
ORD000145,CUST00043,2023-12-21,12,4,2023-12-24,App,Mumbai,Delivered,Credit Card,Morning 6-10 AM,,0.0,2012.01,2012.01
ORD000146,CUST00043,2023-08-10,8,3,2023-08-13,Web,Mumbai,Delivered,Wallet,Morning 6-10 AM,,0.0,864.03,864.03
ORD000147,CUST00043,2023-03-28,3,1,2023-03-30,App,Mumbai,Delivered,COD,Late Night 8-11 PM,,0.0,3016.6,3016.6
ORD000148,CUST00043,2023-03-01,3,1,2023-03-04,App,Mumbai,Delivered,UPI,Afternoon 10-2 PM,,0.0,1820.69,1820.69
ORD000149,CUST00043,2023-01-25,1,1,2023-01-27,Web,Mumbai,Delivered,UPI,Late Night 8-11 PM,,0.0,598.04,598.04
ORD000150,CUST00043,2023-02-09,2,1,2023-02-12,App,Mumbai,Delivered,Debit Card,Evening 4-8 PM,,0.0,723.95,723.95
ORD000151,CUST00043,2023-12-13,12,4,2023-12-14,Web,Mumbai,Delivered,UPI,Late Night 8-11 PM,,0.0,5191.93,5191.93
ORD000152,CUST00043,2023-03-07,3,1,2023-03-09,Web,Mumbai,Delivered,UPI,Morning 6-10 AM,HOLI23,83.14,1503.13,1419.99
ORD000153,CUST00045,2023-07-15,7,3,2023-07-16,App,Mumbai,Delivered,Wallet,Morning 6-10 AM,,0.0,766.44,766.44
ORD000154,CUST00045,2023-01-19,1,1,2023-01-20,App,Mumbai,Delivered,UPI,Evening 4-8 PM,,0.0,290.35,290.35
ORD000155,CUST00045,2023-12-14,12,4,2023-12-16,App,Mumbai,Delivered,UPI,Evening 4-8 PM,,0.0,372.31,372.31
ORD000156,CUST00045,2023-05-04,5,2,2023-05-06,App,Mumbai,Delivered,UPI,Morning 6-10 AM,,0.0,3527.78,3527.78
ORD000157,CUST00045,2023-11-01,11,4,2023-11-02,Web,Mumbai,Delivered,UPI,Morning 6-10 AM,,0.0,2994.4,2994.4
ORD000158,CUST00045,2023-05-25,5,2,2023-05-26,App,Mumbai,Delivered,Wallet,Morning 6-10 AM,,0.0,950.43,950.43
ORD000159,CUST00045,2023-11-04,11,4,2023-11-07,Web,Mumbai,Delivered,Wallet,Afternoon 10-2 PM,,0.0,531.92,531.92
ORD000160,CUST00045,2023-10-17,10,4,2023-10-18,App,Mumbai,Delivered,UPI,Morning 6-10 AM,,0.0,1538.84,1538.84
ORD000161,CUST00045,2023-02-14,2,1,2023-02-16,App,Mumbai,Delivered,Credit Card,Morning 6-10 AM,,0.0,1032.74,1032.74
ORD000162,CUST00046,2023-12-26,12,4,2023-12-28,Kiosk,Bengaluru,Delivered,UPI,Evening 4-8 PM,,0.0,1239.68,1239.68
ORD000163,CUST00046,2023-08-12,8,3,2023-08-13,App,Bengaluru,Delivered,UPI,Afternoon 10-2 PM,,0.0,39.71,39.71
ORD000164,CUST00046,2023-06-22,6,2,2023-06-24,App,Bengaluru,Returned,UPI,Afternoon 10-2 PM,,0.0,805.96,303.15
ORD000165,CUST00046,2023-07-28,7,3,2023-07-31,App,Bengaluru,Delivered,Debit Card,Afternoon 10-2 PM,,0.0,2478.82,2478.82
ORD000166,CUST00046,2023-03-07,3,1,2023-03-10,App,Bengaluru,Delivered,Debit Card,Evening 4-8 PM,,0.0,1413.75,1413.75
ORD000167,CUST00046,2023-02-20,2,1,2023-02-22,App,Bengaluru,Delivered,COD,Evening 4-8 PM,,0.0,1510.62,1510.62
ORD000168,CUST00046,2023-03-22,3,1,2023-03-25,Web,Bengaluru,Delivered,Credit Card,Evening 4-8 PM,,0.0,1928.89,1928.89
ORD000169,CUST00046,2023-08-17,8,3,2023-08-20,App,Bengaluru,Delivered,COD,Afternoon 10-2 PM,,0.0,1689.14,1689.14
ORD000170,CUST00048,2023-11-06,11,4,,App,Mumbai,Cancelled,COD,Evening 4-8 PM,,0.0,1365.06,0.0
ORD000171,CUST00048,2023-08-15,8,3,2023-08-17,App,Mumbai,Delivered,Debit Card,Afternoon 10-2 PM,,0.0,2522.98,2522.98
ORD000172,CUST00048,2023-04-03,4,2,2023-04-04,Web,Mumbai,Delivered,UPI,Evening 4-8 PM,,0.0,525.63,525.63
ORD000173,CUST00048,2023-12-28,12,4,2023-12-30,Web,Mumbai,Delivered,Debit Card,Afternoon 10-2 PM,XMAS23,210.61,1682.55,1471.94
ORD000174,CUST00048,2023-04-08,4,2,2023-04-09,Web,Mumbai,Delivered,UPI,Morning 6-10 AM,,0.0,843.03,843.03
ORD000175,CUST00048,2023-10-16,10,4,2023-10-19,App,Mumbai,Delivered,UPI,Morning 6-10 AM,,0.0,1871.09,1871.09
ORD000176,CUST00048,2023-01-04,1,1,2023-01-07,App,Mumbai,Delivered,UPI,Late Night 8-11 PM,,0.0,1896.17,1896.17
ORD000177,CUST00048,2023-05-03,5,2,2023-05-05,App,Mumbai,Delivered,UPI,Evening 4-8 PM,,0.0,1862.88,1862.88
ORD000178,CUST00048,2023-10-07,10,4,2023-10-09,App,Mumbai,Delivered,UPI,Late Night 8-11 PM,,0.0,1282.4,1282.4
ORD000179,CUST00048,2023-04-22,4,2,2023-04-25,App,Mumbai,Delivered,UPI,Morning 6-10 AM,,0.0,1927.14,1927.14
ORD000180,CUST00048,2023-03-13,3,1,2023-03-15,Web,Mumbai,Delivered,UPI,Late Night 8-11 PM,,0.0,1971.13,1971.13
ORD000181,CUST00048,2023-05-26,5,2,2023-05-28,App,Mumbai,Delivered,UPI,Morning 6-10 AM,,0.0,1388.08,1388.08
ORD000182,CUST00048,2023-12-01,12,4,2023-12-04,App,Mumbai,Delivered,COD,Evening 4-8 PM,,0.0,1394.77,1394.77
ORD000183,CUST00048,2023-05-27,5,2,2023-05-30,App,Mumbai,Delivered,Debit Card,Evening 4-8 PM,,0.0,624.86,624.86
ORD000184,CUST00048,2023-02-03,2,1,2023-02-05,Web,Mumbai,Delivered,Debit Card,Morning 6-10 AM,,0.0,404.94,404.94
ORD000185,CUST00048,2023-04-15,4,2,2023-04-18,Kiosk,Mumbai,Delivered,UPI,Late Night 8-11 PM,,0.0,659.6,659.6
ORD000186,CUST00048,2023-09-13,9,3,2023-09-16,Web,Mumbai,Delivered,UPI,Evening 4-8 PM,,0.0,1403.35,1403.35
ORD000187,CUST00048,2023-07-29,7,3,2023-07-30,App,Mumbai,Delivered,UPI,Late Night 8-11 PM,,0.0,1620.63,1620.63
ORD000188,CUST00049,2023-12-28,12,4,2023-12-30,Web,Bengaluru,Delivered,UPI,Afternoon 10-2 PM,,0.0,56.95,56.95
ORD000189,CUST00049,2023-11-23,11,4,2023-11-25,App,Bengaluru,Returned,UPI,Late Night 8-11 PM,BIGSALE23,143.24,2303.7,826.67
ORD000190,CUST00049,2023-06-23,6,2,2023-06-26,Web,Bengaluru,Delivered,Credit Card,Evening 4-8 PM,,0.0,653.11,653.11
ORD000191,CUST00049,2023-03-08,3,1,2023-03-09,App,Bengaluru,Delivered,UPI,Morning 6-10 AM,HOLI23,60.23,699.39,639.16
ORD000192,CUST00049,2023-01-30,1,1,2023-01-31,Web,Bengaluru,Delivered,UPI,Morning 6-10 AM,,0.0,1509.16,1509.16
ORD000193,CUST00049,2023-04-02,4,2,2023-04-03,App,Bengaluru,Delivered,UPI,Evening 4-8 PM,,0.0,44.2,44.2
ORD000194,CUST00049,2023-12-10,12,4,2023-12-12,App,Bengaluru,Returned,Credit Card,Afternoon 10-2 PM,,0.0,1113.58,91.78
ORD000195,CUST00049,2023-10-18,10,4,2023-10-21,App,Bengaluru,Delivered,UPI,Afternoon 10-2 PM,,0.0,1240.91,1240.91
ORD000196,CUST00049,2023-12-08,12,4,2023-12-09,App,Bengaluru,Delivered,Credit Card,Late Night 8-11 PM,,0.0,4143.08,4143.08
ORD000197,CUST00049,2023-05-31,5,2,2023-06-02,App,Bengaluru,Delivered,Debit Card,Morning 6-10 AM,,0.0,394.25,394.25
ORD000198,CUST00049,2023-09-16,9,3,2023-09-19,App,Bengaluru,Delivered,UPI,Afternoon 10-2 PM,,0.0,110.72,110.72
ORD000199,CUST00049,2023-10-15,10,4,2023-10-17,Kiosk,Bengaluru,Delivered,COD,Evening 4-8 PM,,0.0,1096.32,1096.32
ORD000200,CUST00049,2023-04-18,4,2,2023-04-19,App,Bengaluru,Delivered,COD,Evening 4-8 PM,,0.0,1177.49,1177.49
ORD000201,CUST00049,2023-09-29,9,3,2023-10-01,App,Bengaluru,Delivered,UPI,Evening 4-8 PM,,0.0,1003.0,1003.0
ORD000202,CUST00049,2023-04-05,4,2,2023-04-06,App,Bengaluru,Delivered,COD,Morning 6-10 AM,,0.0,135.8,135.8
ORD000203,CUST00049,2023-06-17,6,2,2023-06-19,Web,Bengaluru,Delivered,Credit Card,Evening 4-8 PM,,0.0,1443.61,1443.61
ORD000204,CUST00049,2023-10-04,10,4,2023-10-06,App,Bengaluru,Delivered,UPI,Late Night 8-11 PM,,0.0,1526.8,1526.8
ORD000205,CUST00049,2023-08-28,8,3,2023-08-30,Web,Bengaluru,Delivered,Debit Card,Morning 6-10 AM,,0.0,4028.82,4028.82
ORD000206,CUST00049,2023-08-02,8,3,2023-08-05,App,Bengaluru,Delivered,UPI,Late Night 8-11 PM,,0.0,1128.31,1128.31
ORD000207,CUST00049,2023-07-17,7,3,2023-07-20,App,Bengaluru,Delivered,UPI,Afternoon 10-2 PM,,0.0,3699.21,3699.21
ORD000208,CUST00049,2023-09-24,9,3,2023-09-26,Kiosk,Bengaluru,Delivered,Wallet,Evening 4-8 PM,,0.0,1407.87,1407.87
ORD000209,CUST00049,2023-11-06,11,4,2023-11-09,App,Bengaluru,Delivered,UPI,Morning 6-10 AM,,0.0,147.9,147.9
ORD000210,CUST00049,2023-12-13,12,4,2023-12-15,App,Bengaluru,Delivered,Credit Card,Afternoon 10-2 PM,,0.0,1443.07,1443.07
ORD000211,CUST00049,2023-02-14,2,1,2023-02-15,App,Bengaluru,Delivered,UPI,Afternoon 10-2 PM,,0.0,161.42,161.42
ORD000212,CUST00049,2023-02-21,2,1,2023-02-23,App,Bengaluru,Delivered,UPI,Afternoon 10-2 PM,,0.0,1442.36,1442.36
ORD000213,CUST00049,2023-08-04,8,3,2023-08-06,Web,Bengaluru,Delivered,Credit Card,Evening 4-8 PM,,0.0,1350.78,1350.78
ORD000214,CUST00049,2023-11-05,11,4,,App,Bengaluru,Cancelled,Wallet,Afternoon 10-2 PM,,0.0,364.63,0.0
ORD000215,CUST00049,2023-12-11,12,4,2023-12-14,App,Bengaluru,Delivered,Debit Card,Morning 6-10 AM,,0.0,1959.86,1959.86
ORD000216,CUST00051,2023-07-07,7,3,2023-07-08,App,Mumbai,Delivered,UPI,Afternoon 10-2 PM,,0.0,1209.35,1209.35
ORD000217,CUST00051,2023-05-05,5,2,,App,Mumbai,Cancelled,Debit Card,Morning 6-10 AM,,0.0,1077.65,0.0
ORD000218,CUST00051,2023-01-03,1,1,2023-01-05,App,Mumbai,Delivered,UPI,Morning 6-10 AM,NY2023,167.4,1127.2,959.8
ORD000219,CUST00051,2023-09-05,9,3,,Web,Mumbai,Cancelled,UPI,Morning 6-10 AM,,0.0,1790.01,0.0
ORD000220,CUST00051,2023-05-06,5,2,2023-05-09,Web,Mumbai,Delivered,Credit Card,Morning 6-10 AM,,0.0,945.77,945.77
ORD000221,CUST00051,2023-12-19,12,4,2023-12-22,Web,Mumbai,Delivered,Debit Card,Evening 4-8 PM,,0.0,2437.68,2437.68
ORD000222,CUST00051,2023-04-19,4,2,2023-04-20,App,Mumbai,Delivered,UPI,Morning 6-10 AM,,0.0,1441.95,1441.95
ORD000223,CUST00051,2023-09-04,9,3,2023-09-07,Web,Mumbai,Delivered,UPI,Evening 4-8 PM,,0.0,1037.25,1037.25
ORD000224,CUST00051,2023-03-01,3,1,2023-03-02,Kiosk,Mumbai,Delivered,UPI,Evening 4-8 PM,,0.0,1945.06,1945.06
ORD000225,CUST00051,2023-03-10,3,1,2023-03-11,App,Mumbai,Delivered,UPI,Morning 6-10 AM,,0.0,206.34,206.34
ORD000226,CUST00051,2023-11-16,11,4,2023-11-19,Kiosk,Mumbai,Delivered,Debit Card,Morning 6-10 AM,,0.0,2056.04,2056.04
ORD000227,CUST00051,2023-04-14,4,2,2023-04-15,Web,Mumbai,Delivered,Credit Card,Morning 6-10 AM,,0.0,2715.61,2715.61
ORD000228,CUST00051,2023-07-14,7,3,2023-07-15,App,Mumbai,Delivered,UPI,Evening 4-8 PM,,0.0,814.31,814.31
ORD000229,CUST00051,2023-05-16,5,2,2023-05-19,App,Mumbai,Delivered,UPI,Evening 4-8 PM,,0.0,1788.3,1788.3
ORD000230,CUST00051,2023-08-19,8,3,2023-08-20,App,Mumbai,Delivered,Debit Card,Morning 6-10 AM,,0.0,2322.38,2322.38
ORD000231,CUST00051,2023-02-27,2,1,2023-03-02,App,Mumbai,Delivered,UPI,Morning 6-10 AM,,0.0,1077.33,1077.33
ORD000232,CUST00051,2023-04-21,4,2,2023-04-23,App,Mumbai,Delivered,Debit Card,Morning 6-10 AM,,0.0,713.4,713.4
ORD000233,CUST00051,2023-08-17,8,3,2023-08-20,App,Mumbai,Delivered,UPI,,,0.0,2528.51,2528.51
ORD000234,CUST00051,2023-10-02,10,4,2023-10-03,App,Mumbai,Returned,Credit Card,Morning 6-10 AM,,0.0,1337.34,511.6
ORD000235,CUST00051,2023-09-17,9,3,2023-09-18,App,Mumbai,Delivered,UPI,Afternoon 10-2 PM,,0.0,5548.67,5548.67
ORD000236,CUST00051,2023-03-29,3,1,2023-03-31,App,Mumbai,Delivered,UPI,Evening 4-8 PM,,0.0,1107.65,1107.65
ORD000237,CUST00051,2023-04-17,4,2,2023-04-18,App,Mumbai,Delivered,Wallet,Morning 6-10 AM,,0.0,565.76,565.76
ORD000238,CUST00051,2023-11-08,11,4,2023-11-10,Web,Mumbai,Delivered,UPI,Morning 6-10 AM,,0.0,2998.58,2998.58
ORD000239,CUST00051,2023-01-02,1,1,2023-01-03,App,Mumbai,Delivered,UPI,Morning 6-10 AM,,0.0,1102.38,1102.38
ORD000240,CUST00051,2023-09-12,9,3,,App,Mumbai,Cancelled,Credit Card,Morning 6-10 AM,,0.0,176.83,0.0
ORD000241,CUST00051,2023-12-02,12,4,2023-12-03,Kiosk,Mumbai,Delivered,Debit Card,Afternoon 10-2 PM,,0.0,2934.65,2934.65
ORD000242,CUST00051,2023-04-29,4,2,2023-04-30,Web,Mumbai,Delivered,UPI,Afternoon 10-2 PM,,0.0,1669.77,1669.77
ORD000243,CUST00053,2023-08-21,8,3,2023-08-24,Kiosk,Bengaluru,Delivered,UPI,Evening 4-8 PM,,0.0,717.86,717.86
ORD000244,CUST00053,2023-01-14,1,1,2023-01-15,Web,Bengaluru,Delivered,COD,Morning 6-10 AM,,0.0,853.34,853.34
ORD000245,CUST00054,2023-03-22,3,1,2023-03-25,App,Pune,Delivered,UPI,Evening 4-8 PM,,0.0,1329.37,1329.37
ORD000246,CUST00054,2023-01-16,1,1,2023-01-18,App,Pune,Delivered,UPI,Morning 6-10 AM,,0.0,2291.51,2291.51
ORD000247,CUST00054,2023-06-11,6,2,2023-06-13,Web,Pune,Delivered,Credit Card,Evening 4-8 PM,,0.0,1044.4,1044.4
ORD000248,CUST00054,2023-02-09,2,1,2023-02-11,App,Pune,Delivered,Debit Card,Morning 6-10 AM,,0.0,1774.51,1774.51
ORD000249,CUST00054,2023-10-18,10,4,2023-10-19,App,Pune,Delivered,UPI,Morning 6-10 AM,,0.0,3139.74,3139.74
ORD000250,CUST00054,2023-05-11,5,2,2023-05-14,App,Pune,Delivered,Debit Card,Morning 6-10 AM,,0.0,1705.01,1705.01
ORD000251,CUST00054,2023-12-17,12,4,2023-12-18,App,Pune,Delivered,Wallet,Afternoon 10-2 PM,,0.0,2285.19,2285.19
ORD000252,CUST00054,2023-05-21,5,2,2023-05-23,App,Pune,Delivered,UPI,Evening 4-8 PM,,0.0,1788.69,1788.69
ORD000253,CUST00054,2023-10-27,10,4,2023-10-28,App,Pune,Returned,Credit Card,Evening 4-8 PM,,0.0,1909.72,1172.08
ORD000254,CUST00054,2023-10-18,10,4,2023-10-20,App,Pune,Delivered,UPI,Morning 6-10 AM,,0.0,189.46,189.46
ORD000255,CUST00054,2023-01-21,1,1,2023-01-23,App,Pune,Delivered,UPI,Morning 6-10 AM,,0.0,2311.87,2311.87
ORD000256,CUST00054,2023-04-28,4,2,2023-04-29,App,Pune,Delivered,UPI,Afternoon 10-2 PM,,0.0,1494.05,1494.05
ORD000257,CUST00054,2023-03-18,3,1,2023-03-20,Web,Pune,Delivered,Credit Card,Evening 4-8 PM,,0.0,1332.28,1332.28
ORD000258,CUST00054,2023-09-26,9,3,2023-09-28,App,Pune,Delivered,UPI,Evening 4-8 PM,,0.0,2427.2,2427.2
ORD000259,CUST00054,2023-03-29,3,1,2023-03-31,Web,Pune,Delivered,UPI,Evening 4-8 PM,,0.0,1553.91,1553.91
ORD000260,CUST00054,2023-12-17,12,4,2023-12-18,App,Pune,Delivered,COD,Morning 6-10 AM,,0.0,1958.5,1958.5
ORD000261,CUST00054,2023-10-22,10,4,2023-10-24,Web,Pune,Delivered,UPI,Evening 4-8 PM,,0.0,1184.64,1184.64
ORD000262,CUST00054,2023-10-01,10,4,2023-10-04,App,Pune,Delivered,Credit Card,Afternoon 10-2 PM,,0.0,773.61,773.61
ORD000263,CUST00054,2023-06-27,6,2,2023-06-29,App,Pune,Delivered,UPI,Evening 4-8 PM,,0.0,3473.33,3473.33
ORD000264,CUST00054,2023-07-27,7,3,2023-07-28,Kiosk,Pune,Delivered,Credit Card,,,0.0,1002.23,1002.23
ORD000265,CUST00054,2023-05-01,5,2,,Web,Pune,Cancelled,Wallet,Evening 4-8 PM,,0.0,573.78,0.0
ORD000266,CUST00054,2023-02-23,2,1,2023-02-24,App,Pune,Delivered,UPI,Morning 6-10 AM,,0.0,1045.09,1045.09
ORD000267,CUST00054,2023-02-17,2,1,2023-02-19,Web,Pune,Delivered,UPI,Evening 4-8 PM,,0.0,1863.12,1863.12
ORD000268,CUST00054,2023-04-19,4,2,2023-04-20,Web,Pune,Delivered,Credit Card,Afternoon 10-2 PM,,0.0,1813.64,1813.64
ORD000269,CUST00054,2023-07-06,7,3,2023-07-09,App,Pune,Delivered,UPI,Afternoon 10-2 PM,,0.0,824.42,824.42
ORD000270,CUST00054,2023-04-15,4,2,2023-04-17,App,Pune,Delivered,UPI,Morning 6-10 AM,,0.0,437.55,437.55
ORD000271,CUST00054,2023-10-22,10,4,2023-10-25,Kiosk,Pune,Delivered,UPI,Evening 4-8 PM,DUSSEHRA23,88.83,802.45,713.62
ORD000272,CUST00054,2023-10-11,10,4,2023-10-14,App,Pune,Delivered,COD,Evening 4-8 PM,,0.0,2857.17,2857.17
ORD000273,CUST00054,2023-02-08,2,1,2023-02-11,App,Pune,Delivered,Wallet,Afternoon 10-2 PM,,0.0,2845.35,2845.35
ORD000274,CUST00054,2023-11-09,11,4,2023-11-12,App,Pune,Delivered,UPI,Morning 6-10 AM,,0.0,1357.25,1357.25
ORD000275,CUST00054,2023-08-15,8,3,2023-08-17,App,Pune,Delivered,UPI,Morning 6-10 AM,,0.0,1572.41,1572.41
ORD000276,CUST00054,2023-10-19,10,4,2023-10-20,App,Pune,Delivered,COD,Morning 6-10 AM,,0.0,625.38,625.38
ORD000277,CUST00054,2023-05-14,5,2,2023-05-16,Kiosk,Pune,Delivered,UPI,Afternoon 10-2 PM,,0.0,1186.31,1186.31
ORD000278,CUST00056,2023-10-19,10,4,2023-10-22,Web,Delhi,Delivered,UPI,Morning 6-10 AM,,0.0,4412.81,4412.81
ORD000279,CUST00056,2023-03-29,3,1,2023-03-30,Web,Delhi,Delivered,Wallet,Morning 6-10 AM,,0.0,917.32,917.32
ORD000280,CUST00056,2023-05-09,5,2,2023-05-12,App,Delhi,Delivered,Wallet,Evening 4-8 PM,,0.0,643.33,643.33
ORD000281,CUST00056,2023-06-07,6,2,2023-06-09,App,Delhi,Delivered,COD,Morning 6-10 AM,,0.0,3268.85,3268.85
ORD000282,CUST00056,2023-01-07,1,1,,Web,Delhi,Cancelled,Credit Card,Morning 6-10 AM,,0.0,2730.16,0.0
ORD000283,CUST00056,2023-11-01,11,4,2023-11-02,App,Delhi,Returned,UPI,Morning 6-10 AM,,0.0,2306.7,1350.62
ORD000284,CUST00056,2023-02-02,2,1,2023-02-03,App,Delhi,Delivered,Wallet,Evening 4-8 PM,,0.0,1125.04,1125.04
ORD000285,CUST00056,2023-08-06,8,3,,Web,Delhi,Cancelled,UPI,Morning 6-10 AM,,0.0,1005.99,0.0
ORD000286,CUST00056,2023-06-13,6,2,,Web,Delhi,Cancelled,UPI,Afternoon 10-2 PM,,0.0,978.08,0.0
ORD000287,CUST00056,2023-05-11,5,2,2023-05-14,App,Delhi,Delivered,Wallet,Morning 6-10 AM,,0.0,3802.65,3802.65
ORD000288,CUST00056,2023-10-05,10,4,2023-10-06,Kiosk,Delhi,Delivered,COD,,,0.0,1047.4,1047.4
ORD000289,CUST00056,2023-03-30,3,1,2023-04-01,App,Delhi,Delivered,UPI,Evening 4-8 PM,,0.0,357.19,357.19
ORD000290,CUST00056,2023-03-14,3,1,2023-03-17,Web,Delhi,Delivered,Credit Card,Evening 4-8 PM,,0.0,1751.03,1751.03
ORD000291,CUST00056,2023-08-20,8,3,,App,Delhi,Cancelled,UPI,Morning 6-10 AM,,0.0,1176.73,0.0
ORD000292,CUST00056,2023-02-13,2,1,2023-02-14,App,Delhi,Delivered,UPI,Morning 6-10 AM,,0.0,2399.6,2399.6
ORD000293,CUST00056,2023-05-07,5,2,2023-05-09,App,Delhi,Delivered,UPI,Evening 4-8 PM,,0.0,1445.5,1445.5
ORD000294,CUST00056,2023-03-28,3,1,2023-03-30,Kiosk,Delhi,Delivered,UPI,Afternoon 10-2 PM,,0.0,720.79,720.79
ORD000295,CUST00056,2023-12-04,12,4,2023-12-07,App,Delhi,Delivered,COD,Evening 4-8 PM,,0.0,1514.15,1514.15
ORD000296,CUST00056,2023-09-15,9,3,2023-09-18,App,Delhi,Delivered,UPI,Afternoon 10-2 PM,,0.0,1068.9,1068.9
ORD000297,CUST00056,2023-11-04,11,4,,Web,Delhi,Cancelled,UPI,Afternoon 10-2 PM,,0.0,1972.06,0.0
ORD000298,CUST00056,2023-06-09,6,2,2023-06-12,App,Delhi,Delivered,UPI,Morning 6-10 AM,,0.0,1191.68,1191.68
ORD000299,CUST00056,2023-10-02,10,4,2023-10-03,App,Delhi,Delivered,UPI,Evening 4-8 PM,,0.0,2632.17,2632.17
ORD000300,CUST00058,2023-03-10,3,1,2023-03-12,Web,Pune,Delivered,Credit Card,Evening 4-8 PM,,0.0,871.37,871.37
ORD000301,CUST00058,2023-08-03,8,3,,App,Pune,Cancelled,Credit Card,Late Night 8-11 PM,,0.0,1159.65,0.0
ORD000302,CUST00058,2023-09-06,9,3,2023-09-07,App,Pune,Delivered,UPI,Morning 6-10 AM,,0.0,894.51,894.51
ORD000303,CUST00058,2023-07-19,7,3,2023-07-22,App,Pune,Delivered,UPI,Evening 4-8 PM,,0.0,465.22,465.22
ORD000304,CUST00058,2023-06-26,6,2,2023-06-28,App,Pune,Delivered,UPI,Evening 4-8 PM,,0.0,1719.43,1719.43
ORD000305,CUST00058,2023-07-27,7,3,2023-07-29,App,Pune,Delivered,COD,Evening 4-8 PM,,0.0,3053.98,3053.98
ORD000306,CUST00058,2023-10-30,10,4,2023-11-01,Web,Pune,Delivered,Debit Card,Afternoon 10-2 PM,,0.0,1908.82,1908.82
ORD000307,CUST00058,2023-06-15,6,2,2023-06-18,App,Pune,Delivered,COD,Morning 6-10 AM,,0.0,3193.96,3193.96
ORD000308,CUST00058,2023-03-21,3,1,2023-03-23,App,Pune,Delivered,Wallet,Late Night 8-11 PM,,0.0,2069.36,2069.36
ORD000309,CUST00058,2023-08-03,8,3,2023-08-05,App,Pune,Delivered,Credit Card,Morning 6-10 AM,,0.0,1129.97,1129.97
ORD000310,CUST00058,2023-09-03,9,3,2023-09-05,Web,Pune,Delivered,UPI,Morning 6-10 AM,,0.0,635.29,635.29
ORD000311,CUST00058,2023-04-18,4,2,2023-04-21,App,Pune,Delivered,UPI,Evening 4-8 PM,,0.0,309.95,309.95
ORD000312,CUST00058,2023-11-12,11,4,2023-11-13,App,Pune,Delivered,UPI,Afternoon 10-2 PM,DIWALI23SUPER,195.83,1104.87,909.04
ORD000313,CUST00058,2023-10-14,10,4,2023-10-15,App,Pune,Delivered,Credit Card,Morning 6-10 AM,,0.0,829.08,829.08
ORD000314,CUST00058,2023-08-01,8,3,2023-08-03,App,Pune,Delivered,COD,Morning 6-10 AM,,0.0,604.56,604.56
ORD000315,CUST00058,2023-02-05,2,1,2023-02-06,App,Pune,Delivered,Wallet,Evening 4-8 PM,,0.0,3427.46,3427.46
ORD000316,CUST00058,2023-06-20,6,2,2023-06-21,App,Pune,Delivered,UPI,Morning 6-10 AM,,0.0,2543.34,2543.34
ORD000317,CUST00058,2023-01-12,1,1,2023-01-14,App,Pune,Delivered,UPI,Afternoon 10-2 PM,,0.0,447.3,447.3
ORD000318,CUST00059,2023-07-28,7,3,2023-07-31,App,Lucknow,Delivered,Credit Card,Afternoon 10-2 PM,,0.0,144.41,144.41
ORD000319,CUST00061,2023-04-02,4,2,2023-04-03,Web,Pune,Delivered,Wallet,Evening 4-8 PM,,0.0,281.62,281.62
ORD000320,CUST00061,2023-12-21,12,4,2023-12-23,App,Pune,Delivered,Debit Card,Evening 4-8 PM,,0.0,732.42,732.42
ORD000321,CUST00065,2023-12-13,12,4,2023-12-15,App,Mumbai,Delivered,UPI,Morning 6-10 AM,,0.0,1521.95,1521.95
ORD000322,CUST00065,2023-05-08,5,2,2023-05-11,Web,Mumbai,Delivered,UPI,Evening 4-8 PM,,0.0,397.36,397.36
ORD000323,CUST00065,2023-11-06,11,4,,App,Mumbai,Cancelled,Credit Card,Afternoon 10-2 PM,,0.0,1296.45,0.0
ORD000324,CUST00065,2023-03-23,3,1,2023-03-26,App,Mumbai,Delivered,Credit Card,Late Night 8-11 PM,,0.0,4226.13,4226.13
ORD000325,CUST00065,2023-07-31,7,3,2023-08-02,App,Mumbai,Delivered,Credit Card,Morning 6-10 AM,,0.0,2530.23,2530.23
ORD000326,CUST00065,2023-07-13,7,3,2023-07-16,App,Mumbai,Delivered,UPI,Evening 4-8 PM,,0.0,3596.81,3596.81
ORD000327,CUST00065,2023-02-26,2,1,2023-03-01,Web,Mumbai,Delivered,Debit Card,Morning 6-10 AM,,0.0,2074.71,2074.71
ORD000328,CUST00065,2023-02-26,2,1,2023-02-27,App,Mumbai,Delivered,UPI,Morning 6-10 AM,,0.0,1599.2,1599.2
ORD000329,CUST00065,2023-05-01,5,2,2023-05-02,App,Mumbai,Delivered,Debit Card,Morning 6-10 AM,,0.0,1758.19,1758.19
ORD000330,CUST00065,2023-02-12,2,1,2023-02-15,Web,Mumbai,Delivered,Wallet,Morning 6-10 AM,,0.0,1209.17,1209.17
ORD000331,CUST00065,2023-01-15,1,1,2023-01-17,App,Mumbai,Delivered,UPI,Afternoon 10-2 PM,,0.0,3029.84,3029.84
ORD000332,CUST00065,2023-01-08,1,1,2023-01-10,App,Mumbai,Delivered,UPI,Evening 4-8 PM,,0.0,3069.26,3069.26
ORD000333,CUST00065,2023-09-02,9,3,2023-09-05,App,Mumbai,Delivered,Wallet,Late Night 8-11 PM,,0.0,2136.76,2136.76
ORD000334,CUST00065,2023-05-06,5,2,2023-05-09,App,Mumbai,Delivered,UPI,Evening 4-8 PM,,0.0,473.57,473.57
ORD000335,CUST00065,2023-08-21,8,3,2023-08-23,App,Mumbai,Delivered,UPI,Afternoon 10-2 PM,,0.0,584.27,584.27
ORD000336,CUST00069,2023-03-28,3,1,2023-03-30,Web,Lucknow,Delivered,UPI,Evening 4-8 PM,,0.0,1055.3,1055.3
ORD000337,CUST00069,2023-09-17,9,3,2023-09-20,App,Lucknow,Delivered,Debit Card,Morning 6-10 AM,,0.0,1036.95,1036.95
ORD000338,CUST00069,2023-05-16,5,2,2023-05-19,Web,Lucknow,Delivered,Credit Card,Morning 6-10 AM,,0.0,1512.94,1512.94
ORD000339,CUST00069,2023-10-29,10,4,2023-11-01,App,Lucknow,Delivered,Credit Card,Late Night 8-11 PM,,0.0,1330.44,1330.44
ORD000340,CUST00069,2023-06-20,6,2,2023-06-22,App,Lucknow,Delivered,Debit Card,Afternoon 10-2 PM,,0.0,172.08,172.08
ORD000341,CUST00069,2023-06-02,6,2,,Web,Lucknow,Cancelled,UPI,Evening 4-8 PM,,0.0,2165.81,0.0
ORD000342,CUST00070,2023-05-13,5,2,2023-05-16,App,Delhi,Delivered,UPI,Morning 6-10 AM,,0.0,571.28,571.28
ORD000343,CUST00070,2023-09-27,9,3,,App,Delhi,Cancelled,UPI,,,0.0,2531.45,0.0
ORD000344,CUST00070,2023-02-05,2,1,2023-02-06,App,Delhi,Delivered,Credit Card,Evening 4-8 PM,,0.0,1858.73,1858.73
ORD000345,CUST00070,2023-12-17,12,4,2023-12-18,App,Delhi,Delivered,UPI,Late Night 8-11 PM,,0.0,2015.73,2015.73
ORD000346,CUST00070,2023-08-05,8,3,2023-08-08,Web,Delhi,Delivered,Wallet,Late Night 8-11 PM,,0.0,322.94,322.94
ORD000347,CUST00070,2023-12-24,12,4,2023-12-27,Web,Delhi,Delivered,UPI,Morning 6-10 AM,,0.0,2120.45,2120.45
ORD000348,CUST00070,2023-09-11,9,3,2023-09-12,Web,Delhi,Returned,UPI,Evening 4-8 PM,,0.0,698.86,326.58
ORD000349,CUST00070,2023-04-24,4,2,2023-04-27,App,Delhi,Delivered,Credit Card,Evening 4-8 PM,,0.0,2739.94,2739.94
ORD000350,CUST00073,2023-02-14,2,1,2023-02-15,App,Bengaluru,Delivered,Credit Card,Evening 4-8 PM,,0.0,1695.57,1695.57
ORD000351,CUST00073,2023-09-15,9,3,2023-09-17,Web,Bengaluru,Delivered,UPI,Morning 6-10 AM,,0.0,1579.35,1579.35
ORD000352,CUST00073,2023-09-08,9,3,2023-09-10,App,Bengaluru,Delivered,Wallet,Late Night 8-11 PM,,0.0,696.09,696.09
ORD000353,CUST00073,2023-07-20,7,3,2023-07-22,App,Bengaluru,Returned,UPI,Evening 4-8 PM,,0.0,549.06,191.64
ORD000354,CUST00074,2023-12-13,12,4,2023-12-14,Web,Bengaluru,Delivered,UPI,Late Night 8-11 PM,,0.0,934.01,934.01
ORD000355,CUST00074,2023-10-17,10,4,2023-10-19,Kiosk,Bengaluru,Delivered,UPI,Morning 6-10 AM,,0.0,675.15,675.15
ORD000356,CUST00074,2023-10-19,10,4,2023-10-20,App,Bengaluru,Delivered,Debit Card,Morning 6-10 AM,,0.0,1699.8,1699.8
ORD000357,CUST00074,2023-04-17,4,2,2023-04-18,App,Bengaluru,Delivered,UPI,Morning 6-10 AM,,0.0,2015.56,2015.56
ORD000358,CUST00074,2023-09-19,9,3,2023-09-20,App,Bengaluru,Returned,UPI,Afternoon 10-2 PM,,0.0,503.81,483.36
ORD000359,CUST00074,2023-11-25,11,4,2023-11-28,Web,Bengaluru,Delivered,Credit Card,Evening 4-8 PM,BIGSALE23,345.7,2475.83,2130.13
ORD000360,CUST00074,2023-07-18,7,3,2023-07-21,App,Bengaluru,Delivered,Credit Card,Afternoon 10-2 PM,,0.0,2187.08,2187.08
ORD000361,CUST00074,2023-11-07,11,4,2023-11-09,Web,Bengaluru,Delivered,UPI,Afternoon 10-2 PM,,0.0,2386.14,2386.14
ORD000362,CUST00074,2023-03-24,3,1,2023-03-25,App,Bengaluru,Delivered,Debit Card,Afternoon 10-2 PM,,0.0,1145.88,1145.88
ORD000363,CUST00074,2023-04-03,4,2,2023-04-04,Web,Bengaluru,Delivered,Debit Card,Afternoon 10-2 PM,,0.0,758.63,758.63
ORD000364,CUST00074,2023-03-03,3,1,,App,Bengaluru,Cancelled,Credit Card,Evening 4-8 PM,,0.0,950.28,0.0
ORD000365,CUST00074,2023-09-07,9,3,2023-09-09,Kiosk,Bengaluru,Delivered,Debit Card,Morning 6-10 AM,,0.0,66.7,66.7
ORD000366,CUST00074,2023-05-05,5,2,2023-05-06,Web,Bengaluru,Delivered,UPI,Afternoon 10-2 PM,,0.0,3223.97,3223.97
ORD000367,CUST00074,2023-07-18,7,3,2023-07-20,Web,Bengaluru,Delivered,UPI,Morning 6-10 AM,,0.0,3035.26,3035.26
ORD000368,CUST00074,2023-08-29,8,3,2023-08-31,Web,Bengaluru,Delivered,Credit Card,Afternoon 10-2 PM,,0.0,2491.18,2491.18
ORD000369,CUST00074,2023-03-27,3,1,2023-03-28,App,Bengaluru,Delivered,COD,Morning 6-10 AM,,0.0,921.41,921.41
ORD000370,CUST00074,2023-12-30,12,4,2024-01-02,Web,Bengaluru,Delivered,UPI,Morning 6-10 AM,XMAS23,245.32,1442.55,1197.23
ORD000371,CUST00074,2023-03-31,3,1,2023-04-02,App,Bengaluru,Delivered,Debit Card,Afternoon 10-2 PM,,0.0,86.04,86.04
ORD000372,CUST00074,2023-03-07,3,1,2023-03-08,App,Bengaluru,Delivered,UPI,Afternoon 10-2 PM,HOLI23,178.67,1737.67,1559.0
ORD000373,CUST00074,2023-10-04,10,4,2023-10-06,Web,Bengaluru,Delivered,COD,Evening 4-8 PM,,0.0,505.58,505.58
ORD000374,CUST00074,2023-09-16,9,3,2023-09-19,App,Bengaluru,Delivered,UPI,Morning 6-10 AM,,0.0,732.86,732.86
ORD000375,CUST00074,2023-12-07,12,4,2023-12-08,Web,Bengaluru,Delivered,UPI,Late Night 8-11 PM,,0.0,266.66,266.66
ORD000376,CUST00074,2023-08-27,8,3,2023-08-29,App,Bengaluru,Delivered,COD,Morning 6-10 AM,,0.0,346.81,346.81
ORD000377,CUST00074,2023-07-21,7,3,2023-07-22,Web,Bengaluru,Delivered,Wallet,Morning 6-10 AM,,0.0,3446.4,3446.4
ORD000378,CUST00074,2023-11-29,11,4,2023-11-30,App,Bengaluru,Delivered,COD,Afternoon 10-2 PM,,0.0,1580.19,1580.19
ORD000379,CUST00074,2023-04-09,4,2,2023-04-12,Web,Bengaluru,Delivered,Credit Card,Evening 4-8 PM,,0.0,2731.89,2731.89
ORD000380,CUST00074,2023-01-16,1,1,2023-01-19,App,Bengaluru,Delivered,UPI,Evening 4-8 PM,,0.0,1111.43,1111.43
ORD000381,CUST00074,2023-02-25,2,1,2023-02-27,App,Bengaluru,Delivered,UPI,Morning 6-10 AM,,0.0,857.06,857.06
ORD000382,CUST00074,2023-12-19,12,4,,App,Bengaluru,Cancelled,UPI,Evening 4-8 PM,,0.0,1330.79,0.0
ORD000383,CUST00074,2023-05-08,5,2,2023-05-09,App,Bengaluru,Delivered,Credit Card,Morning 6-10 AM,,0.0,3066.49,3066.49
ORD000384,CUST00076,2023-12-25,12,4,2023-12-28,App,Lucknow,Delivered,UPI,Evening 4-8 PM,,0.0,684.0,684.0
ORD000385,CUST00077,2023-02-06,2,1,2023-02-09,App,Bengaluru,Delivered,Debit Card,Late Night 8-11 PM,,0.0,960.28,960.28
ORD000386,CUST00077,2023-02-07,2,1,2023-02-08,App,Bengaluru,Delivered,Credit Card,Afternoon 10-2 PM,,0.0,991.35,991.35
ORD000387,CUST00077,2023-05-06,5,2,2023-05-07,App,Bengaluru,Delivered,COD,Afternoon 10-2 PM,,0.0,759.37,759.37
ORD000388,CUST00077,2023-07-18,7,3,2023-07-21,App,Bengaluru,Delivered,UPI,Morning 6-10 AM,,0.0,4162.63,4162.63
ORD000389,CUST00077,2023-03-09,3,1,2023-03-11,App,Bengaluru,Delivered,UPI,Evening 4-8 PM,HOLI23,80.86,542.5,461.64
ORD000390,CUST00077,2023-06-13,6,2,2023-06-14,Web,Bengaluru,Returned,Wallet,Evening 4-8 PM,,0.0,1317.12,435.93
ORD000391,CUST00077,2023-10-05,10,4,2023-10-06,App,Bengaluru,Delivered,Credit Card,Morning 6-10 AM,,0.0,1172.8,1172.8
ORD000392,CUST00077,2023-12-29,12,4,2024-01-01,Web,Bengaluru,Delivered,Debit Card,Afternoon 10-2 PM,,0.0,5135.55,5135.55
ORD000393,CUST00077,2023-04-07,4,2,2023-04-09,App,Bengaluru,Delivered,Debit Card,Late Night 8-11 PM,,0.0,858.14,858.14
ORD000394,CUST00077,2023-10-30,10,4,2023-10-31,App,Bengaluru,Delivered,UPI,Morning 6-10 AM,,0.0,382.41,382.41
ORD000395,CUST00077,2023-03-20,3,1,2023-03-21,App,Bengaluru,Delivered,UPI,Afternoon 10-2 PM,,0.0,217.73,217.73
ORD000396,CUST00077,2023-07-29,7,3,2023-07-30,App,Bengaluru,Delivered,Credit Card,Late Night 8-11 PM,,0.0,1159.23,1159.23
ORD000397,CUST00077,2023-12-09,12,4,2023-12-12,Web,Bengaluru,Delivered,COD,Late Night 8-11 PM,,0.0,2486.27,2486.27
ORD000398,CUST00077,2023-10-09,10,4,2023-10-11,App,Bengaluru,Delivered,UPI,Late Night 8-11 PM,,0.0,40.28,40.28
ORD000399,CUST00077,2023-09-02,9,3,2023-09-03,App,Bengaluru,Delivered,UPI,Morning 6-10 AM,,0.0,1233.98,1233.98
ORD000400,CUST00077,2023-09-15,9,3,2023-09-16,Web,Bengaluru,Delivered,UPI,Afternoon 10-2 PM,,0.0,1634.62,1634.62
ORD000401,CUST00079,2023-10-24,10,4,2023-10-25,App,Bengaluru,Delivered,UPI,Evening 4-8 PM,,0.0,1181.8,1181.8
ORD000402,CUST00079,2023-10-29,10,4,2023-11-01,App,Bengaluru,Delivered,UPI,Afternoon 10-2 PM,,0.0,1004.61,1004.61
ORD000403,CUST00079,2023-05-05,5,2,2023-05-07,App,Bengaluru,Delivered,Credit Card,Afternoon 10-2 PM,,0.0,2092.1,2092.1
ORD000404,CUST00079,2023-10-09,10,4,,App,Bengaluru,Cancelled,Wallet,Evening 4-8 PM,,0.0,598.47,0.0
ORD000405,CUST00079,2023-07-01,7,3,2023-07-02,App,Bengaluru,Delivered,Credit Card,Morning 6-10 AM,,0.0,778.66,778.66
ORD000406,CUST00080,2023-02-18,2,1,2023-02-20,App,Ahmedabad,Delivered,UPI,Evening 4-8 PM,,0.0,430.98,430.98
ORD000407,CUST00080,2023-12-18,12,4,,App,Ahmedabad,Cancelled,UPI,Morning 6-10 AM,,0.0,404.06,0.0
ORD000408,CUST00089,2023-05-31,5,2,2023-06-01,Web,Bengaluru,Delivered,Credit Card,Afternoon 10-2 PM,,0.0,325.8,325.8
ORD000409,CUST00089,2023-01-14,1,1,,App,Bengaluru,Cancelled,UPI,Evening 4-8 PM,,0.0,298.06,0.0
ORD000410,CUST00091,2023-04-18,4,2,2023-04-19,Kiosk,Ahmedabad,Delivered,UPI,Afternoon 10-2 PM,,0.0,298.16,298.16
ORD000411,CUST00092,2023-11-19,11,4,2023-11-22,App,Hyderabad,Delivered,UPI,Afternoon 10-2 PM,,0.0,612.34,612.34
ORD000412,CUST00092,2023-11-22,11,4,2023-11-25,App,Hyderabad,Delivered,UPI,Morning 6-10 AM,,0.0,1176.64,1176.64
ORD000413,CUST00092,2023-07-13,7,3,,App,Hyderabad,Cancelled,UPI,Morning 6-10 AM,,0.0,660.91,0.0
ORD000414,CUST00092,2023-05-31,5,2,2023-06-02,Web,Hyderabad,Delivered,Credit Card,Evening 4-8 PM,,0.0,310.65,310.65
ORD000415,CUST00092,2023-11-19,11,4,2023-11-21,App,Hyderabad,Delivered,COD,Evening 4-8 PM,,0.0,554.82,554.82
ORD000416,CUST00092,2023-11-04,11,4,2023-11-05,Web,Hyderabad,Delivered,Credit Card,Morning 6-10 AM,,0.0,1295.35,1295.35
ORD000417,CUST00092,2023-04-03,4,2,,App,Hyderabad,Cancelled,Credit Card,Evening 4-8 PM,,0.0,1794.43,0.0
ORD000418,CUST00092,2023-12-16,12,4,2023-12-18,Web,Hyderabad,Delivered,UPI,Afternoon 10-2 PM,,0.0,2707.52,2707.52
ORD000419,CUST00092,2023-08-28,8,3,2023-08-31,App,Hyderabad,Delivered,Wallet,Afternoon 10-2 PM,,0.0,710.05,710.05
ORD000420,CUST00092,2023-09-26,9,3,2023-09-28,App,Hyderabad,Delivered,Wallet,Morning 6-10 AM,,0.0,1831.47,1831.47
ORD000421,CUST00092,2023-01-09,1,1,2023-01-11,App,Hyderabad,Delivered,COD,Afternoon 10-2 PM,,0.0,6899.17,6899.17
ORD000422,CUST00092,2023-05-27,5,2,2023-05-29,Web,Hyderabad,Delivered,UPI,Afternoon 10-2 PM,,0.0,1666.92,1666.92
ORD000423,CUST00092,2023-05-03,5,2,2023-05-05,Web,Hyderabad,Delivered,Debit Card,Evening 4-8 PM,,0.0,2913.2,2913.2
ORD000424,CUST00092,2023-12-28,12,4,2023-12-30,App,Hyderabad,Delivered,UPI,Afternoon 10-2 PM,,0.0,3496.51,3496.51
ORD000425,CUST00092,2023-06-08,6,2,2023-06-09,App,Hyderabad,Delivered,UPI,Morning 6-10 AM,,0.0,1691.62,1691.62
ORD000426,CUST00092,2023-08-29,8,3,2023-08-31,App,Hyderabad,Delivered,UPI,Afternoon 10-2 PM,,0.0,2043.28,2043.28
ORD000427,CUST00092,2023-02-06,2,1,2023-02-09,Kiosk,Hyderabad,Delivered,Debit Card,Evening 4-8 PM,,0.0,1811.76,1811.76
ORD000428,CUST00092,2023-03-11,3,1,2023-03-13,Web,Hyderabad,Delivered,UPI,Morning 6-10 AM,,0.0,1337.71,1337.71
ORD000429,CUST00092,2023-05-19,5,2,2023-05-20,App,Hyderabad,Delivered,Debit Card,Morning 6-10 AM,,0.0,107.56,107.56
ORD000430,CUST00092,2023-04-18,4,2,2023-04-21,App,Hyderabad,Delivered,Credit Card,Afternoon 10-2 PM,,0.0,1307.57,1307.57
ORD000431,CUST00092,2023-03-28,3,1,2023-03-30,App,Hyderabad,Delivered,Debit Card,Morning 6-10 AM,,0.0,1170.58,1170.58
ORD000432,CUST00092,2023-02-02,2,1,2023-02-05,App,Hyderabad,Delivered,Credit Card,Afternoon 10-2 PM,,0.0,5228.74,5228.74
ORD000433,CUST00092,2023-07-06,7,3,2023-07-08,Web,Hyderabad,Delivered,UPI,,,0.0,1139.84,1139.84
ORD000434,CUST00092,2023-08-16,8,3,2023-08-18,Kiosk,Hyderabad,Delivered,UPI,Evening 4-8 PM,,0.0,2976.6,2976.6
ORD000435,CUST00092,2023-03-13,3,1,,Web,Hyderabad,Cancelled,Wallet,Afternoon 10-2 PM,,0.0,1773.73,0.0
ORD000436,CUST00095,2023-04-29,4,2,2023-05-01,App,Mumbai,Delivered,UPI,Afternoon 10-2 PM,,0.0,102.94,102.94
ORD000437,CUST00095,2023-01-19,1,1,2023-01-20,App,Mumbai,Delivered,UPI,Evening 4-8 PM,,0.0,1067.12,1067.12
ORD000438,CUST00095,2023-11-08,11,4,2023-11-10,App,Mumbai,Delivered,UPI,Morning 6-10 AM,,0.0,2995.26,2995.26
ORD000439,CUST00095,2023-08-11,8,3,2023-08-12,App,Mumbai,Delivered,Debit Card,Morning 6-10 AM,,0.0,1128.01,1128.01
ORD000440,CUST00095,2023-06-26,6,2,2023-06-27,Web,Mumbai,Delivered,COD,Evening 4-8 PM,,0.0,1560.57,1560.57
ORD000441,CUST00095,2023-06-03,6,2,2023-06-05,Web,Mumbai,Delivered,UPI,Evening 4-8 PM,,0.0,2250.92,2250.92
ORD000442,CUST00095,2023-02-09,2,1,2023-02-12,Web,Mumbai,Delivered,UPI,Afternoon 10-2 PM,,0.0,1253.4,1253.4
ORD000443,CUST00095,2023-03-10,3,1,2023-03-12,App,Mumbai,Delivered,UPI,Evening 4-8 PM,,0.0,1084.16,1084.16
ORD000444,CUST00095,2023-12-13,12,4,2023-12-16,Web,Mumbai,Delivered,Credit Card,Afternoon 10-2 PM,,0.0,1608.34,1608.34
ORD000445,CUST00095,2023-12-10,12,4,2023-12-13,App,Mumbai,Delivered,Wallet,Afternoon 10-2 PM,,0.0,112.57,112.57
ORD000446,CUST00095,2023-05-09,5,2,2023-05-11,Web,Mumbai,Delivered,UPI,Evening 4-8 PM,,0.0,985.87,985.87
ORD000447,CUST00095,2023-01-13,1,1,2023-01-15,App,Mumbai,Delivered,Debit Card,Morning 6-10 AM,,0.0,1133.72,1133.72
ORD000448,CUST00095,2023-12-22,12,4,2023-12-25,App,Mumbai,Delivered,Credit Card,Evening 4-8 PM,,0.0,1755.68,1755.68
ORD000449,CUST00095,2023-03-21,3,1,2023-03-22,App,Mumbai,Delivered,UPI,Evening 4-8 PM,,0.0,1407.31,1407.31
ORD000450,CUST00095,2023-12-26,12,4,2023-12-27,App,Mumbai,Delivered,Debit Card,Evening 4-8 PM,,0.0,963.2,963.2
ORD000451,CUST00095,2023-06-28,6,2,2023-06-30,App,Mumbai,Delivered,COD,,,0.0,697.9,697.9
ORD000452,CUST00095,2023-06-24,6,2,2023-06-27,App,Mumbai,Delivered,Credit Card,Morning 6-10 AM,,0.0,1106.99,1106.99
ORD000453,CUST00097,2023-05-03,5,2,2023-05-04,Web,Bengaluru,Delivered,UPI,Morning 6-10 AM,,0.0,746.9,746.9
ORD000454,CUST00097,2023-03-23,3,1,2023-03-24,App,Bengaluru,Delivered,UPI,Evening 4-8 PM,,0.0,1692.69,1692.69
ORD000455,CUST00097,2023-10-24,10,4,2023-10-27,App,Bengaluru,Delivered,UPI,Afternoon 10-2 PM,,0.0,2052.41,2052.41
ORD000456,CUST00097,2023-08-12,8,3,2023-08-13,App,Bengaluru,Delivered,UPI,Evening 4-8 PM,,0.0,1487.32,1487.32
ORD000457,CUST00097,2023-10-04,10,4,2023-10-06,App,Bengaluru,Delivered,UPI,Late Night 8-11 PM,,0.0,1340.41,1340.41
ORD000458,CUST00097,2023-07-17,7,3,2023-07-18,Web,Bengaluru,Delivered,COD,Late Night 8-11 PM,,0.0,1655.79,1655.79
ORD000459,CUST00097,2023-10-23,10,4,2023-10-25,App,Bengaluru,Delivered,UPI,Afternoon 10-2 PM,,0.0,2286.52,2286.52
ORD000460,CUST00097,2023-12-07,12,4,2023-12-09,App,Bengaluru,Delivered,UPI,Morning 6-10 AM,,0.0,828.88,828.88
ORD000461,CUST00097,2023-07-18,7,3,2023-07-19,App,Bengaluru,Delivered,Debit Card,Late Night 8-11 PM,,0.0,2551.04,2551.04
ORD000462,CUST00097,2023-12-25,12,4,2023-12-27,App,Bengaluru,Delivered,UPI,Evening 4-8 PM,XMAS23,90.73,1056.8,966.07
ORD000463,CUST00097,2023-05-25,5,2,2023-05-28,Web,Bengaluru,Delivered,UPI,Late Night 8-11 PM,,0.0,283.69,283.69
ORD000464,CUST00097,2023-12-29,12,4,2023-12-30,Kiosk,Bengaluru,Delivered,UPI,Late Night 8-11 PM,XMAS23,233.06,2781.88,2548.82
ORD000465,CUST00097,2023-07-18,7,3,2023-07-21,Web,Bengaluru,Delivered,UPI,Late Night 8-11 PM,,0.0,647.0,647.0
ORD000466,CUST00097,2023-05-21,5,2,2023-05-23,App,Bengaluru,Delivered,UPI,Evening 4-8 PM,,0.0,1472.95,1472.95
ORD000467,CUST00097,2023-08-21,8,3,2023-08-23,Kiosk,Bengaluru,Delivered,Wallet,Morning 6-10 AM,,0.0,1259.98,1259.98
ORD000468,CUST00098,2023-02-23,2,1,2023-02-25,App,Bengaluru,Delivered,Credit Card,Morning 6-10 AM,,0.0,387.06,387.06
ORD000469,CUST00098,2023-01-23,1,1,,Web,Bengaluru,Cancelled,UPI,Afternoon 10-2 PM,,0.0,2928.97,0.0
ORD000470,CUST00098,2023-08-03,8,3,2023-08-06,Web,Bengaluru,Delivered,UPI,Evening 4-8 PM,,0.0,167.79,167.79
ORD000471,CUST00098,2023-11-21,11,4,2023-11-22,Web,Bengaluru,Delivered,Debit Card,Evening 4-8 PM,BIGSALE23,10.86,137.0,126.14
ORD000472,CUST00098,2023-01-13,1,1,2023-01-14,Web,Bengaluru,Delivered,Credit Card,Morning 6-10 AM,,0.0,2211.95,2211.95
ORD000473,CUST00098,2023-08-09,8,3,2023-08-12,Web,Bengaluru,Delivered,COD,Morning 6-10 AM,,0.0,802.2,802.2
ORD000474,CUST00098,2023-10-20,10,4,2023-10-23,App,Bengaluru,Delivered,UPI,Evening 4-8 PM,,0.0,145.51,145.51
ORD000475,CUST00098,2023-01-08,1,1,2023-01-11,Web,Bengaluru,Delivered,Credit Card,Afternoon 10-2 PM,,0.0,924.41,924.41
ORD000476,CUST00099,2023-12-04,12,4,2023-12-06,App,Delhi,Delivered,Wallet,Morning 6-10 AM,,0.0,407.19,407.19
ORD000477,CUST00099,2023-02-18,2,1,2023-02-20,App,Delhi,Delivered,Wallet,Evening 4-8 PM,,0.0,441.52,441.52
ORD000478,CUST00099,2023-02-11,2,1,2023-02-14,App,Delhi,Delivered,UPI,Morning 6-10 AM,,0.0,2217.01,2217.01
ORD000479,CUST00101,2023-12-22,12,4,2023-12-23,Web,Hyderabad,Delivered,Credit Card,Morning 6-10 AM,,0.0,1941.35,1941.35
ORD000480,CUST00101,2023-10-09,10,4,2023-10-12,Web,Hyderabad,Delivered,UPI,Afternoon 10-2 PM,,0.0,922.52,922.52
ORD000481,CUST00101,2023-07-01,7,3,2023-07-02,Web,Hyderabad,Returned,COD,Afternoon 10-2 PM,,0.0,1581.12,419.58
ORD000482,CUST00101,2023-08-02,8,3,2023-08-04,App,Hyderabad,Delivered,Wallet,Evening 4-8 PM,,0.0,758.1,758.1
ORD000483,CUST00101,2023-03-11,3,1,2023-03-12,Web,Hyderabad,Delivered,UPI,Evening 4-8 PM,,0.0,1000.62,1000.62
ORD000484,CUST00101,2023-05-07,5,2,2023-05-09,Web,Hyderabad,Delivered,UPI,Morning 6-10 AM,,0.0,2022.15,2022.15
ORD000485,CUST00101,2023-05-09,5,2,2023-05-11,Web,Hyderabad,Delivered,Debit Card,Morning 6-10 AM,,0.0,1712.42,1712.42
ORD000486,CUST00101,2023-06-01,6,2,2023-06-03,Web,Hyderabad,Delivered,Wallet,Late Night 8-11 PM,,0.0,2724.23,2724.23
ORD000487,CUST00101,2023-11-25,11,4,2023-11-27,App,Hyderabad,Delivered,Credit Card,Afternoon 10-2 PM,BIGSALE23,269.9,3526.94,3257.04
ORD000488,CUST00101,2023-09-26,9,3,2023-09-27,App,Hyderabad,Delivered,UPI,Afternoon 10-2 PM,,0.0,920.86,920.86
ORD000489,CUST00101,2023-05-28,5,2,,Web,Hyderabad,Cancelled,COD,Afternoon 10-2 PM,,0.0,699.15,0.0
ORD000490,CUST00101,2023-12-05,12,4,2023-12-06,App,Hyderabad,Returned,COD,Morning 6-10 AM,,0.0,1301.1,480.18
ORD000491,CUST00101,2023-08-27,8,3,2023-08-29,App,Hyderabad,Delivered,Credit Card,Afternoon 10-2 PM,,0.0,792.83,792.83
ORD000492,CUST00101,2023-10-21,10,4,2023-10-24,App,Hyderabad,Delivered,Debit Card,Afternoon 10-2 PM,,0.0,1919.54,1919.54
ORD000493,CUST00101,2023-01-06,1,1,2023-01-09,Web,Hyderabad,Delivered,UPI,Afternoon 10-2 PM,,0.0,558.23,558.23
ORD000494,CUST00101,2023-05-22,5,2,2023-05-24,App,Hyderabad,Delivered,UPI,Late Night 8-11 PM,,0.0,3642.36,3642.36
ORD000495,CUST00101,2023-05-31,5,2,2023-06-01,App,Hyderabad,Delivered,UPI,Late Night 8-11 PM,,0.0,2277.93,2277.93
ORD000496,CUST00101,2023-07-21,7,3,2023-07-22,App,Hyderabad,Delivered,UPI,Evening 4-8 PM,,0.0,900.24,900.24
ORD000497,CUST00102,2023-03-17,3,1,2023-03-20,App,Delhi,Delivered,UPI,Afternoon 10-2 PM,,0.0,1038.63,1038.63
ORD000498,CUST00102,2023-11-24,11,4,2023-11-25,Web,Delhi,Delivered,UPI,Afternoon 10-2 PM,,0.0,2216.75,2216.75
ORD000499,CUST00102,2023-06-06,6,2,2023-06-09,App,Delhi,Delivered,UPI,Afternoon 10-2 PM,,0.0,205.16,205.16
ORD000500,CUST00102,2023-12-29,12,4,2024-01-01,Kiosk,Delhi,Delivered,UPI,Evening 4-8 PM,,0.0,1288.01,1288.01
ORD000501,CUST00103,2023-01-27,1,1,2023-01-29,Web,Bengaluru,Delivered,UPI,Afternoon 10-2 PM,,0.0,1892.57,1892.57
ORD000502,CUST00103,2023-06-11,6,2,2023-06-13,Web,Bengaluru,Delivered,Credit Card,Morning 6-10 AM,,0.0,1443.53,1443.53
ORD000503,CUST00103,2023-05-18,5,2,2023-05-19,Web,Bengaluru,Delivered,Wallet,Morning 6-10 AM,,0.0,773.23,773.23
ORD000504,CUST00103,2023-07-03,7,3,2023-07-06,App,Bengaluru,Delivered,Debit Card,Evening 4-8 PM,,0.0,1254.96,1254.96
ORD000505,CUST00103,2023-12-01,12,4,2023-12-02,App,Bengaluru,Delivered,UPI,Evening 4-8 PM,,0.0,783.27,783.27
ORD000506,CUST00103,2023-05-29,5,2,2023-06-01,App,Bengaluru,Delivered,UPI,Evening 4-8 PM,,0.0,350.8,350.8
ORD000507,CUST00103,2023-06-05,6,2,2023-06-07,App,Bengaluru,Delivered,Debit Card,Morning 6-10 AM,,0.0,292.76,292.76
ORD000508,CUST00103,2023-08-26,8,3,2023-08-28,Web,Bengaluru,Delivered,Wallet,Morning 6-10 AM,,0.0,1865.72,1865.72
ORD000509,CUST00103,2023-10-01,10,4,2023-10-04,App,Bengaluru,Delivered,COD,Afternoon 10-2 PM,,0.0,1841.24,1841.24
ORD000510,CUST00103,2023-04-30,4,2,2023-05-02,App,Bengaluru,Delivered,Wallet,Evening 4-8 PM,,0.0,980.86,980.86
ORD000511,CUST00106,2023-01-11,1,1,2023-01-14,App,Bengaluru,Delivered,COD,Afternoon 10-2 PM,,0.0,229.36,229.36
ORD000512,CUST00108,2023-01-11,1,1,2023-01-14,App,Delhi,Delivered,Debit Card,Late Night 8-11 PM,,0.0,1917.89,1917.89
ORD000513,CUST00108,2023-11-24,11,4,2023-11-26,App,Delhi,Returned,Credit Card,Evening 4-8 PM,BIGSALE23,294.85,2116.5,796.3
ORD000514,CUST00108,2023-12-05,12,4,2023-12-06,App,Delhi,Delivered,Debit Card,Late Night 8-11 PM,,0.0,1123.93,1123.93
ORD000515,CUST00108,2023-07-18,7,3,2023-07-19,App,Delhi,Delivered,UPI,Morning 6-10 AM,,0.0,2787.04,2787.04
ORD000516,CUST00108,2023-01-17,1,1,2023-01-19,Web,Delhi,Delivered,UPI,Afternoon 10-2 PM,,0.0,1597.86,1597.86
ORD000517,CUST00108,2023-07-17,7,3,2023-07-18,App,Delhi,Delivered,UPI,Evening 4-8 PM,,0.0,714.84,714.84
ORD000518,CUST00108,2023-10-28,10,4,2023-10-31,App,Delhi,Delivered,Credit Card,Afternoon 10-2 PM,,0.0,1880.07,1880.07
ORD000519,CUST00110,2023-09-18,9,3,2023-09-21,Web,Bengaluru,Delivered,UPI,Late Night 8-11 PM,,0.0,1098.66,1098.66
ORD000520,CUST00110,2023-07-27,7,3,2023-07-30,App,Bengaluru,Delivered,UPI,Evening 4-8 PM,,0.0,1177.77,1177.77
ORD000521,CUST00110,2023-04-09,4,2,2023-04-11,App,Bengaluru,Delivered,Debit Card,Morning 6-10 AM,,0.0,669.62,669.62
ORD000522,CUST00110,2023-04-15,4,2,,App,Bengaluru,Cancelled,Credit Card,Late Night 8-11 PM,,0.0,5220.27,0.0
ORD000523,CUST00110,2023-03-05,3,1,2023-03-06,Web,Bengaluru,Delivered,UPI,Afternoon 10-2 PM,,0.0,4288.1,4288.1
ORD000524,CUST00110,2023-05-19,5,2,,App,Bengaluru,Cancelled,UPI,Evening 4-8 PM,,0.0,1057.51,0.0
ORD000525,CUST00110,2023-08-16,8,3,2023-08-18,App,Bengaluru,Delivered,UPI,Evening 4-8 PM,FREEDOM23,61.05,481.21,420.16
ORD000526,CUST00110,2023-01-21,1,1,2023-01-22,Kiosk,Bengaluru,Delivered,Credit Card,Afternoon 10-2 PM,,0.0,193.21,193.21
ORD000527,CUST00110,2023-04-01,4,2,2023-04-03,App,Bengaluru,Delivered,COD,Evening 4-8 PM,,0.0,1900.82,1900.82
ORD000528,CUST00110,2023-04-16,4,2,2023-04-19,App,Bengaluru,Delivered,Credit Card,Afternoon 10-2 PM,,0.0,669.59,669.59
ORD000529,CUST00110,2023-07-11,7,3,2023-07-13,Web,Bengaluru,Delivered,COD,Afternoon 10-2 PM,,0.0,178.65,178.65
ORD000530,CUST00110,2023-07-28,7,3,2023-07-31,Web,Bengaluru,Delivered,Wallet,Afternoon 10-2 PM,,0.0,3203.39,3203.39
ORD000531,CUST00110,2023-01-31,1,1,2023-02-03,App,Bengaluru,Delivered,Wallet,Evening 4-8 PM,,0.0,1583.18,1583.18
ORD000532,CUST00112,2023-10-30,10,4,2023-10-31,App,Delhi,Delivered,COD,Afternoon 10-2 PM,,0.0,3223.82,3223.82
ORD000533,CUST00112,2023-07-25,7,3,2023-07-27,Web,Delhi,Delivered,Credit Card,Late Night 8-11 PM,,0.0,541.48,541.48
ORD000534,CUST00112,2023-03-22,3,1,2023-03-23,Kiosk,Delhi,Delivered,UPI,Morning 6-10 AM,,0.0,2346.28,2346.28
ORD000535,CUST00112,2023-07-29,7,3,2023-07-30,Web,Delhi,Delivered,Credit Card,Morning 6-10 AM,,0.0,1152.31,1152.31
ORD000536,CUST00112,2023-08-13,8,3,2023-08-15,App,Delhi,Delivered,UPI,Late Night 8-11 PM,,0.0,780.93,780.93
ORD000537,CUST00112,2023-08-09,8,3,2023-08-10,Kiosk,Delhi,Delivered,UPI,Evening 4-8 PM,,0.0,1640.77,1640.77
ORD000538,CUST00112,2023-12-23,12,4,2023-12-26,App,Delhi,Delivered,Credit Card,Morning 6-10 AM,,0.0,284.98,284.98
ORD000539,CUST00112,2023-10-08,10,4,2023-10-09,App,Delhi,Delivered,Debit Card,Afternoon 10-2 PM,,0.0,74.65,74.65
ORD000540,CUST00113,2023-08-13,8,3,2023-08-14,Web,Mumbai,Delivered,UPI,Late Night 8-11 PM,,0.0,520.76,520.76
ORD000541,CUST00113,2023-10-22,10,4,2023-10-23,App,Mumbai,Delivered,Wallet,Morning 6-10 AM,,0.0,2368.43,2368.43
ORD000542,CUST00113,2023-05-25,5,2,2023-05-28,App,Mumbai,Delivered,COD,Morning 6-10 AM,,0.0,479.15,479.15
ORD000543,CUST00113,2023-04-15,4,2,2023-04-18,App,Mumbai,Delivered,Debit Card,Morning 6-10 AM,,0.0,2600.46,2600.46
ORD000544,CUST00113,2023-06-29,6,2,2023-07-02,Web,Mumbai,Delivered,UPI,Morning 6-10 AM,,0.0,574.71,574.71
ORD000545,CUST00113,2023-11-16,11,4,2023-11-19,App,Mumbai,Delivered,UPI,Morning 6-10 AM,,0.0,1041.01,1041.01
ORD000546,CUST00113,2023-01-29,1,1,2023-01-31,Web,Mumbai,Delivered,UPI,Afternoon 10-2 PM,,0.0,3551.61,3551.61
ORD000547,CUST00113,2023-12-02,12,4,2023-12-05,App,Mumbai,Delivered,Credit Card,Morning 6-10 AM,,0.0,644.05,644.05
ORD000548,CUST00113,2023-02-28,2,1,2023-03-01,App,Mumbai,Delivered,Credit Card,Morning 6-10 AM,,0.0,649.26,649.26
ORD000549,CUST00113,2023-09-14,9,3,2023-09-15,Web,Mumbai,Delivered,Credit Card,Evening 4-8 PM,,0.0,1021.36,1021.36
ORD000550,CUST00113,2023-09-23,9,3,2023-09-25,App,Mumbai,Delivered,UPI,Morning 6-10 AM,,0.0,2071.57,2071.57
ORD000551,CUST00113,2023-10-13,10,4,2023-10-15,Web,Mumbai,Delivered,Credit Card,Morning 6-10 AM,,0.0,2270.64,2270.64
ORD000552,CUST00113,2023-03-10,3,1,2023-03-13,App,Mumbai,Delivered,UPI,Morning 6-10 AM,,0.0,3096.58,3096.58
ORD000553,CUST00113,2023-01-05,1,1,2023-01-08,Kiosk,Mumbai,Delivered,Credit Card,Afternoon 10-2 PM,,0.0,1337.57,1337.57
ORD000554,CUST00113,2023-05-17,5,2,2023-05-20,App,Mumbai,Delivered,UPI,Late Night 8-11 PM,,0.0,1875.25,1875.25
ORD000555,CUST00114,2023-10-07,10,4,2023-10-08,Web,Bengaluru,Delivered,Wallet,Morning 6-10 AM,,0.0,1467.01,1467.01
ORD000556,CUST00114,2023-07-24,7,3,2023-07-26,App,Bengaluru,Delivered,UPI,Evening 4-8 PM,,0.0,1352.8,1352.8
ORD000557,CUST00114,2023-02-02,2,1,2023-02-05,App,Bengaluru,Delivered,Debit Card,Afternoon 10-2 PM,,0.0,1347.63,1347.63
ORD000558,CUST00114,2023-07-05,7,3,2023-07-06,App,Bengaluru,Delivered,Credit Card,Afternoon 10-2 PM,,0.0,565.26,565.26
ORD000559,CUST00114,2023-03-30,3,1,2023-04-02,App,Bengaluru,Delivered,Debit Card,Morning 6-10 AM,,0.0,2840.06,2840.06
ORD000560,CUST00114,2023-11-27,11,4,2023-11-28,App,Bengaluru,Delivered,Wallet,Afternoon 10-2 PM,,0.0,1144.27,1144.27
ORD000561,CUST00114,2023-05-18,5,2,2023-05-21,App,Bengaluru,Delivered,UPI,Afternoon 10-2 PM,,0.0,2681.6,2681.6
ORD000562,CUST00114,2023-05-08,5,2,2023-05-10,App,Bengaluru,Delivered,COD,Evening 4-8 PM,,0.0,1543.54,1543.54
ORD000563,CUST00114,2023-01-21,1,1,2023-01-24,App,Bengaluru,Delivered,Wallet,Morning 6-10 AM,,0.0,1621.85,1621.85
ORD000564,CUST00114,2023-02-25,2,1,2023-02-28,Web,Bengaluru,Delivered,UPI,Afternoon 10-2 PM,,0.0,1579.49,1579.49
ORD000565,CUST00114,2023-11-04,11,4,2023-11-07,Web,Bengaluru,Delivered,UPI,Evening 4-8 PM,,0.0,1625.12,1625.12
ORD000566,CUST00114,2023-12-08,12,4,2023-12-09,Web,Bengaluru,Returned,Debit Card,Evening 4-8 PM,,0.0,1451.98,670.18
ORD000567,CUST00114,2023-07-25,7,3,2023-07-28,App,Bengaluru,Delivered,Wallet,Morning 6-10 AM,,0.0,877.52,877.52
ORD000568,CUST00114,2023-01-10,1,1,2023-01-13,App,Bengaluru,Delivered,Credit Card,Evening 4-8 PM,,0.0,164.08,164.08
ORD000569,CUST00114,2023-09-18,9,3,2023-09-19,App,Bengaluru,Delivered,UPI,Morning 6-10 AM,,0.0,766.1,766.1
ORD000570,CUST00114,2023-10-11,10,4,2023-10-14,App,Bengaluru,Delivered,Debit Card,Morning 6-10 AM,,0.0,1700.32,1700.32
ORD000571,CUST00116,2023-04-24,4,2,2023-04-27,Web,Mumbai,Delivered,Debit Card,Evening 4-8 PM,,0.0,853.58,853.58
ORD000572,CUST00117,2023-10-30,10,4,,App,Delhi,Cancelled,UPI,Morning 6-10 AM,,0.0,968.46,0.0
ORD000573,CUST00117,2023-07-30,7,3,2023-07-31,App,Delhi,Delivered,UPI,Evening 4-8 PM,,0.0,972.54,972.54
ORD000574,CUST00117,2023-05-29,5,2,2023-05-30,Kiosk,Delhi,Returned,COD,Evening 4-8 PM,,0.0,317.33,244.78
ORD000575,CUST00117,2023-03-18,3,1,2023-03-19,Web,Delhi,Delivered,UPI,Afternoon 10-2 PM,,0.0,2556.31,2556.31
ORD000576,CUST00117,2023-01-27,1,1,2023-01-29,Web,Delhi,Delivered,Credit Card,Evening 4-8 PM,,0.0,4310.44,4310.44
ORD000577,CUST00117,2023-10-27,10,4,2023-10-30,Web,Delhi,Delivered,Credit Card,Evening 4-8 PM,,0.0,3164.18,3164.18
ORD000578,CUST00117,2023-03-18,3,1,2023-03-20,App,Delhi,Delivered,Debit Card,Morning 6-10 AM,,0.0,997.4,997.4
ORD000579,CUST00117,2023-12-18,12,4,2023-12-20,Web,Delhi,Delivered,COD,Evening 4-8 PM,,0.0,633.67,633.67
ORD000580,CUST00117,2023-09-20,9,3,2023-09-21,App,Delhi,Delivered,UPI,Afternoon 10-2 PM,,0.0,708.05,708.05
ORD000581,CUST00117,2023-06-05,6,2,2023-06-07,App,Delhi,Delivered,Debit Card,Afternoon 10-2 PM,,0.0,1274.57,1274.57
ORD000582,CUST00117,2023-05-19,5,2,2023-05-21,App,Delhi,Delivered,UPI,Evening 4-8 PM,,0.0,542.55,542.55
ORD000583,CUST00117,2023-04-08,4,2,2023-04-09,App,Delhi,Delivered,UPI,Morning 6-10 AM,,0.0,931.28,931.28
ORD000584,CUST00117,2023-05-19,5,2,2023-05-20,Kiosk,Delhi,Delivered,Credit Card,Afternoon 10-2 PM,,0.0,490.62,490.62
ORD000585,CUST00117,2023-07-31,7,3,2023-08-02,App,Delhi,Delivered,COD,Afternoon 10-2 PM,,0.0,1149.45,1149.45
ORD000586,CUST00117,2023-09-08,9,3,2023-09-11,App,Delhi,Delivered,UPI,Evening 4-8 PM,,0.0,3067.53,3067.53
ORD000587,CUST00117,2023-04-13,4,2,2023-04-16,App,Delhi,Delivered,Wallet,Afternoon 10-2 PM,,0.0,1023.0,1023.0
ORD000588,CUST00117,2023-05-23,5,2,2023-05-26,Web,Delhi,Delivered,Credit Card,Afternoon 10-2 PM,,0.0,2683.87,2683.87
ORD000589,CUST00117,2023-03-05,3,1,2023-03-06,App,Delhi,Delivered,Credit Card,Afternoon 10-2 PM,,0.0,495.71,495.71
ORD000590,CUST00117,2023-07-09,7,3,2023-07-10,App,Delhi,Delivered,COD,Late Night 8-11 PM,,0.0,305.19,305.19
ORD000591,CUST00117,2023-03-13,3,1,2023-03-15,App,Delhi,Delivered,UPI,Morning 6-10 AM,,0.0,621.96,621.96
ORD000592,CUST00117,2023-03-04,3,1,2023-03-06,App,Delhi,Delivered,Credit Card,Evening 4-8 PM,,0.0,1285.44,1285.44
ORD000593,CUST00117,2023-11-22,11,4,2023-11-23,Web,Delhi,Delivered,COD,Evening 4-8 PM,BIGSALE23,247.95,1414.31,1166.36
ORD000594,CUST00118,2023-09-21,9,3,,Web,Bengaluru,Cancelled,Credit Card,Evening 4-8 PM,,0.0,4700.66,0.0
ORD000595,CUST00118,2023-03-08,3,1,2023-03-10,App,Bengaluru,Delivered,COD,Morning 6-10 AM,,0.0,3331.07,3331.07
ORD000596,CUST00118,2023-05-17,5,2,2023-05-20,Web,Bengaluru,Delivered,Debit Card,Morning 6-10 AM,,0.0,1499.43,1499.43
ORD000597,CUST00118,2023-05-25,5,2,2023-05-28,Web,Bengaluru,Delivered,UPI,Morning 6-10 AM,,0.0,848.83,848.83
ORD000598,CUST00118,2023-12-25,12,4,2023-12-28,App,Bengaluru,Delivered,COD,Evening 4-8 PM,,0.0,3477.34,3477.34
ORD000599,CUST00118,2023-08-05,8,3,2023-08-06,Kiosk,Bengaluru,Delivered,UPI,Afternoon 10-2 PM,,0.0,1668.05,1668.05
ORD000600,CUST00118,2023-02-10,2,1,2023-02-13,App,Bengaluru,Delivered,UPI,Morning 6-10 AM,LOVEFEB,57.2,810.18,752.98
ORD000601,CUST00118,2023-03-30,3,1,2023-04-02,Web,Bengaluru,Delivered,Credit Card,Afternoon 10-2 PM,,0.0,1514.19,1514.19
ORD000602,CUST00118,2023-06-27,6,2,2023-06-29,App,Bengaluru,Delivered,Wallet,Late Night 8-11 PM,,0.0,1196.22,1196.22
ORD000603,CUST00118,2023-04-19,4,2,2023-04-21,Kiosk,Bengaluru,Delivered,UPI,Morning 6-10 AM,,0.0,3296.81,3296.81
ORD000604,CUST00118,2023-09-02,9,3,2023-09-03,App,Bengaluru,Delivered,Credit Card,Afternoon 10-2 PM,,0.0,694.22,694.22
ORD000605,CUST00118,2023-12-04,12,4,2023-12-06,App,Bengaluru,Delivered,UPI,Morning 6-10 AM,,0.0,1856.33,1856.33
ORD000606,CUST00119,2023-09-27,9,3,2023-09-30,Kiosk,Pune,Delivered,UPI,Afternoon 10-2 PM,,0.0,212.91,212.91
ORD000607,CUST00119,2023-10-01,10,4,2023-10-04,Web,Pune,Delivered,COD,Morning 6-10 AM,,0.0,671.56,671.56
ORD000608,CUST00119,2023-12-08,12,4,2023-12-11,App,Pune,Delivered,Debit Card,Evening 4-8 PM,,0.0,704.47,704.47
ORD000609,CUST00119,2023-05-07,5,2,2023-05-09,App,Pune,Delivered,Credit Card,Afternoon 10-2 PM,,0.0,153.36,153.36
ORD000610,CUST00119,2023-10-23,10,4,2023-10-26,Web,Pune,Delivered,UPI,Afternoon 10-2 PM,,0.0,507.22,507.22
ORD000611,CUST00119,2023-11-24,11,4,2023-11-27,Kiosk,Pune,Delivered,Wallet,Morning 6-10 AM,BIGSALE23,28.68,354.91,326.23
ORD000612,CUST00119,2023-12-27,12,4,2023-12-30,App,Pune,Delivered,UPI,Evening 4-8 PM,,0.0,991.56,991.56
ORD000613,CUST00119,2023-02-04,2,1,2023-02-07,Web,Pune,Delivered,Credit Card,Afternoon 10-2 PM,,0.0,1211.57,1211.57
ORD000614,CUST00119,2023-10-21,10,4,2023-10-22,Web,Pune,Delivered,Debit Card,Morning 6-10 AM,,0.0,183.45,183.45
ORD000615,CUST00124,2023-02-28,2,1,2023-03-03,App,Hyderabad,Delivered,UPI,Morning 6-10 AM,,0.0,3126.78,3126.78
ORD000616,CUST00124,2023-01-27,1,1,2023-01-29,App,Hyderabad,Delivered,UPI,Afternoon 10-2 PM,,0.0,211.38,211.38
ORD000617,CUST00125,2023-12-12,12,4,2023-12-15,Web,Bengaluru,Delivered,Credit Card,Evening 4-8 PM,,0.0,2913.38,2913.38
ORD000618,CUST00125,2023-11-15,11,4,2023-11-16,Web,Bengaluru,Delivered,Credit Card,Evening 4-8 PM,,0.0,549.9,549.9
ORD000619,CUST00125,2023-01-11,1,1,2023-01-13,Web,Bengaluru,Returned,UPI,Evening 4-8 PM,,0.0,3458.83,709.8
ORD000620,CUST00125,2023-04-02,4,2,2023-04-03,App,Bengaluru,Delivered,UPI,Morning 6-10 AM,,0.0,1057.19,1057.19
ORD000621,CUST00125,2023-06-14,6,2,2023-06-15,App,Bengaluru,Delivered,UPI,Evening 4-8 PM,,0.0,1431.53,1431.53
ORD000622,CUST00125,2023-10-17,10,4,2023-10-18,App,Bengaluru,Delivered,Credit Card,Evening 4-8 PM,,0.0,5249.23,5249.23
ORD000623,CUST00125,2023-12-06,12,4,2023-12-08,App,Bengaluru,Delivered,UPI,Late Night 8-11 PM,,0.0,1584.97,1584.97
ORD000624,CUST00125,2023-04-04,4,2,2023-04-07,Web,Bengaluru,Delivered,Credit Card,Evening 4-8 PM,,0.0,5368.17,5368.17
ORD000625,CUST00125,2023-12-21,12,4,2023-12-24,App,Bengaluru,Delivered,UPI,Evening 4-8 PM,,0.0,1549.19,1549.19
ORD000626,CUST00125,2023-04-12,4,2,2023-04-13,Kiosk,Bengaluru,Delivered,UPI,Afternoon 10-2 PM,,0.0,453.85,453.85
ORD000627,CUST00125,2023-06-19,6,2,2023-06-20,Web,Bengaluru,Delivered,COD,Morning 6-10 AM,,0.0,1742.69,1742.69
ORD000628,CUST00125,2023-06-17,6,2,2023-06-19,App,Bengaluru,Delivered,UPI,Afternoon 10-2 PM,,0.0,303.73,303.73
ORD000629,CUST00125,2023-04-19,4,2,2023-04-21,Web,Bengaluru,Delivered,COD,Afternoon 10-2 PM,,0.0,329.08,329.08
ORD000630,CUST00125,2023-06-15,6,2,2023-06-18,Web,Bengaluru,Delivered,UPI,Evening 4-8 PM,,0.0,749.02,749.02
ORD000631,CUST00125,2023-02-17,2,1,2023-02-18,App,Bengaluru,Delivered,Credit Card,Evening 4-8 PM,,0.0,865.2,865.2
ORD000632,CUST00125,2023-09-19,9,3,2023-09-20,Web,Bengaluru,Delivered,UPI,Evening 4-8 PM,,0.0,872.78,872.78
ORD000633,CUST00125,2023-07-21,7,3,2023-07-23,Web,Bengaluru,Delivered,UPI,Evening 4-8 PM,,0.0,238.31,238.31
ORD000634,CUST00125,2023-08-31,8,3,2023-09-01,Web,Bengaluru,Returned,COD,Morning 6-10 AM,,0.0,758.16,19.55
ORD000635,CUST00125,2023-05-29,5,2,2023-06-01,App,Bengaluru,Delivered,UPI,,,0.0,242.07,242.07
ORD000636,CUST00125,2023-01-26,1,1,2023-01-29,App,Bengaluru,Delivered,UPI,Late Night 8-11 PM,,0.0,1690.06,1690.06
ORD000637,CUST00125,2023-07-05,7,3,2023-07-08,App,Bengaluru,Delivered,Debit Card,Afternoon 10-2 PM,,0.0,1797.43,1797.43
ORD000638,CUST00126,2023-01-06,1,1,2023-01-09,App,Ahmedabad,Delivered,UPI,Morning 6-10 AM,,0.0,255.35,255.35
ORD000639,CUST00126,2023-12-19,12,4,2023-12-22,App,Ahmedabad,Delivered,COD,,,0.0,1225.07,1225.07
ORD000640,CUST00126,2023-02-06,2,1,2023-02-07,App,Ahmedabad,Delivered,UPI,Evening 4-8 PM,,0.0,2040.48,2040.48
ORD000641,CUST00126,2023-12-03,12,4,2023-12-05,Kiosk,Ahmedabad,Returned,UPI,Afternoon 10-2 PM,,0.0,770.78,666.8
ORD000642,CUST00126,2023-06-20,6,2,,App,Ahmedabad,Cancelled,UPI,Evening 4-8 PM,,0.0,2912.07,0.0
ORD000643,CUST00126,2023-06-13,6,2,2023-06-14,App,Ahmedabad,Delivered,UPI,Evening 4-8 PM,,0.0,647.56,647.56
ORD000644,CUST00126,2023-02-01,2,1,2023-02-02,App,Ahmedabad,Delivered,UPI,Late Night 8-11 PM,,0.0,1469.8,1469.8
ORD000645,CUST00126,2023-07-03,7,3,2023-07-06,App,Ahmedabad,Delivered,UPI,Afternoon 10-2 PM,,0.0,657.08,657.08
ORD000646,CUST00126,2023-11-28,11,4,2023-12-01,App,Ahmedabad,Delivered,COD,Morning 6-10 AM,,0.0,892.37,892.37
ORD000647,CUST00131,2023-04-11,4,2,2023-04-12,Web,Mumbai,Delivered,Credit Card,Evening 4-8 PM,,0.0,2051.66,2051.66
ORD000648,CUST00131,2023-11-06,11,4,2023-11-09,Kiosk,Mumbai,Delivered,Credit Card,Evening 4-8 PM,,0.0,1766.76,1766.76
ORD000649,CUST00131,2023-06-12,6,2,,App,Mumbai,Cancelled,UPI,Afternoon 10-2 PM,,0.0,1412.09,0.0
ORD000650,CUST00131,2023-07-04,7,3,2023-07-05,App,Mumbai,Returned,Debit Card,Morning 6-10 AM,,0.0,1053.18,152.67
ORD000651,CUST00131,2023-12-22,12,4,2023-12-24,App,Mumbai,Returned,Credit Card,Evening 4-8 PM,,0.0,3375.57,570.54
ORD000652,CUST00131,2023-12-27,12,4,2023-12-28,Kiosk,Mumbai,Delivered,Wallet,Morning 6-10 AM,,0.0,3870.87,3870.87
ORD000653,CUST00131,2023-12-23,12,4,2023-12-25,App,Mumbai,Delivered,UPI,Afternoon 10-2 PM,,0.0,1434.88,1434.88
ORD000654,CUST00131,2023-08-04,8,3,2023-08-05,App,Mumbai,Delivered,UPI,Afternoon 10-2 PM,,0.0,1863.82,1863.82
ORD000655,CUST00131,2023-07-04,7,3,,App,Mumbai,Cancelled,UPI,Evening 4-8 PM,,0.0,2573.52,0.0
ORD000656,CUST00131,2023-05-17,5,2,2023-05-19,Web,Mumbai,Delivered,UPI,Evening 4-8 PM,,0.0,1049.21,1049.21
ORD000657,CUST00131,2023-02-13,2,1,2023-02-15,Web,Mumbai,Returned,COD,Morning 6-10 AM,,0.0,841.29,687.79
ORD000658,CUST00131,2023-12-20,12,4,2023-12-21,App,Mumbai,Delivered,Debit Card,Evening 4-8 PM,,0.0,1300.62,1300.62
ORD000659,CUST00131,2023-01-03,1,1,2023-01-04,App,Mumbai,Delivered,UPI,Evening 4-8 PM,,0.0,1748.11,1748.11
ORD000660,CUST00131,2023-05-01,5,2,2023-05-03,App,Mumbai,Delivered,COD,Afternoon 10-2 PM,,0.0,689.0,689.0
ORD000661,CUST00131,2023-04-10,4,2,2023-04-12,Web,Mumbai,Delivered,Credit Card,Morning 6-10 AM,,0.0,1352.59,1352.59
ORD000662,CUST00131,2023-09-27,9,3,2023-09-29,Web,Mumbai,Delivered,Credit Card,Afternoon 10-2 PM,,0.0,1007.14,1007.14
ORD000663,CUST00131,2023-01-18,1,1,,App,Mumbai,Cancelled,Credit Card,Morning 6-10 AM,,0.0,485.53,0.0
ORD000664,CUST00131,2023-01-26,1,1,2023-01-28,App,Mumbai,Delivered,Credit Card,Morning 6-10 AM,,0.0,6636.51,6636.51
ORD000665,CUST00131,2023-01-14,1,1,2023-01-15,App,Mumbai,Delivered,UPI,Morning 6-10 AM,,0.0,2328.09,2328.09
ORD000666,CUST00131,2023-01-01,1,1,2023-01-03,Web,Mumbai,Delivered,COD,Evening 4-8 PM,,0.0,2110.95,2110.95
ORD000667,CUST00131,2023-05-10,5,2,2023-05-13,App,Mumbai,Delivered,UPI,Afternoon 10-2 PM,,0.0,2687.89,2687.89
ORD000668,CUST00131,2023-08-07,8,3,2023-08-08,Web,Mumbai,Delivered,Debit Card,Morning 6-10 AM,,0.0,1204.19,1204.19
ORD000669,CUST00131,2023-04-23,4,2,2023-04-24,Web,Mumbai,Delivered,UPI,Evening 4-8 PM,,0.0,240.68,240.68
ORD000670,CUST00131,2023-10-23,10,4,2023-10-26,App,Mumbai,Delivered,Debit Card,Late Night 8-11 PM,,0.0,1282.15,1282.15
ORD000671,CUST00131,2023-02-28,2,1,2023-03-03,App,Mumbai,Delivered,UPI,Morning 6-10 AM,,0.0,2340.69,2340.69
ORD000672,CUST00131,2023-11-24,11,4,2023-11-25,App,Mumbai,Delivered,UPI,Morning 6-10 AM,BIGSALE23,220.37,3168.82,2948.45
ORD000673,CUST00131,2023-01-02,1,1,2023-01-04,App,Mumbai,Delivered,UPI,Evening 4-8 PM,,0.0,2196.17,2196.17
ORD000674,CUST00131,2023-03-25,3,1,2023-03-27,App,Mumbai,Delivered,Wallet,Afternoon 10-2 PM,,0.0,815.46,815.46
ORD000675,CUST00131,2023-07-13,7,3,2023-07-14,App,Mumbai,Returned,Debit Card,Morning 6-10 AM,,0.0,3145.83,2892.28
ORD000676,CUST00132,2023-04-29,4,2,2023-05-02,App,Bengaluru,Delivered,Credit Card,Evening 4-8 PM,,0.0,2095.5,2095.5
ORD000677,CUST00132,2023-09-17,9,3,2023-09-18,Web,Bengaluru,Delivered,UPI,Evening 4-8 PM,,0.0,524.7,524.7
ORD000678,CUST00132,2023-05-06,5,2,2023-05-09,Web,Bengaluru,Delivered,Credit Card,Late Night 8-11 PM,,0.0,251.63,251.63
ORD000679,CUST00133,2023-11-04,11,4,2023-11-06,App,Jaipur,Delivered,UPI,Evening 4-8 PM,,0.0,2217.35,2217.35
ORD000680,CUST00133,2023-09-03,9,3,2023-09-04,App,Jaipur,Returned,UPI,Afternoon 10-2 PM,,0.0,484.95,484.95
ORD000681,CUST00133,2023-04-24,4,2,2023-04-27,App,Jaipur,Delivered,UPI,Afternoon 10-2 PM,,0.0,137.85,137.85
ORD000682,CUST00134,2023-10-16,10,4,2023-10-17,App,Delhi,Delivered,UPI,Afternoon 10-2 PM,,0.0,678.42,678.42
ORD000683,CUST00134,2023-03-06,3,1,2023-03-08,Web,Delhi,Delivered,UPI,Evening 4-8 PM,,0.0,110.28,110.28
ORD000684,CUST00134,2023-10-29,10,4,2023-11-01,App,Delhi,Delivered,Debit Card,Afternoon 10-2 PM,,0.0,1126.87,1126.87
ORD000685,CUST00134,2023-07-06,7,3,2023-07-07,App,Delhi,Delivered,Credit Card,Afternoon 10-2 PM,,0.0,1199.64,1199.64
ORD000686,CUST00134,2023-05-29,5,2,2023-05-30,Web,Delhi,Delivered,Debit Card,Afternoon 10-2 PM,,0.0,3546.37,3546.37
ORD000687,CUST00134,2023-11-09,11,4,2023-11-11,Kiosk,Delhi,Delivered,COD,Evening 4-8 PM,,0.0,799.62,799.62
ORD000688,CUST00134,2023-05-02,5,2,2023-05-04,Web,Delhi,Delivered,UPI,Evening 4-8 PM,,0.0,1868.49,1868.49
ORD000689,CUST00134,2023-10-27,10,4,2023-10-30,App,Delhi,Delivered,UPI,Evening 4-8 PM,,0.0,2379.55,2379.55
ORD000690,CUST00134,2023-12-27,12,4,2023-12-30,App,Delhi,Delivered,UPI,Afternoon 10-2 PM,,0.0,554.0,554.0
ORD000691,CUST00134,2023-08-29,8,3,2023-08-30,Web,Delhi,Delivered,UPI,Evening 4-8 PM,,0.0,1755.12,1755.12
ORD000692,CUST00134,2023-08-06,8,3,2023-08-09,App,Delhi,Delivered,Credit Card,Morning 6-10 AM,,0.0,758.36,758.36
ORD000693,CUST00134,2023-05-07,5,2,2023-05-09,Web,Delhi,Delivered,UPI,Afternoon 10-2 PM,,0.0,1365.1,1365.1
ORD000694,CUST00134,2023-09-15,9,3,2023-09-18,Kiosk,Delhi,Delivered,Wallet,Evening 4-8 PM,,0.0,1340.97,1340.97
ORD000695,CUST00134,2023-11-26,11,4,2023-11-28,Kiosk,Delhi,Delivered,Debit Card,,,0.0,1620.4,1620.4
ORD000696,CUST00134,2023-01-14,1,1,2023-01-15,App,Delhi,Delivered,UPI,Morning 6-10 AM,,0.0,1154.71,1154.71
ORD000697,CUST00138,2023-07-27,7,3,2023-07-29,App,Bengaluru,Delivered,UPI,Morning 6-10 AM,,0.0,203.22,203.22
ORD000698,CUST00138,2023-11-15,11,4,2023-11-16,App,Bengaluru,Delivered,UPI,Afternoon 10-2 PM,DIWALI23SUPER,175.65,1109.75,934.1
ORD000699,CUST00138,2023-10-27,10,4,2023-10-30,Web,Bengaluru,Delivered,Debit Card,Evening 4-8 PM,,0.0,1806.86,1806.86
ORD000700,CUST00138,2023-06-11,6,2,2023-06-14,Web,Bengaluru,Delivered,Credit Card,Evening 4-8 PM,,0.0,359.27,359.27
ORD000701,CUST00138,2023-12-10,12,4,2023-12-13,App,Bengaluru,Delivered,UPI,Morning 6-10 AM,,0.0,596.81,596.81
ORD000702,CUST00138,2023-01-02,1,1,2023-01-05,Web,Bengaluru,Delivered,UPI,Evening 4-8 PM,NY2023,53.4,319.84,266.44
ORD000703,CUST00138,2023-07-09,7,3,2023-07-10,App,Bengaluru,Returned,Debit Card,Morning 6-10 AM,,0.0,1546.37,644.93
ORD000704,CUST00141,2023-01-24,1,1,2023-01-26,App,Bengaluru,Delivered,UPI,Evening 4-8 PM,,0.0,298.98,298.98
ORD000705,CUST00141,2023-07-18,7,3,2023-07-21,App,Bengaluru,Delivered,Debit Card,Evening 4-8 PM,,0.0,268.74,268.74
ORD000706,CUST00143,2023-06-20,6,2,,App,Hyderabad,Cancelled,COD,Evening 4-8 PM,,0.0,788.54,0.0
ORD000707,CUST00144,2023-10-21,10,4,2023-10-24,App,Delhi,Delivered,Credit Card,Afternoon 10-2 PM,DUSSEHRA23,114.52,853.44,738.92
ORD000708,CUST00144,2023-04-09,4,2,,Web,Delhi,Cancelled,Credit Card,,,0.0,205.87,0.0
ORD000709,CUST00144,2023-10-14,10,4,2023-10-17,Kiosk,Delhi,Delivered,UPI,Evening 4-8 PM,,0.0,323.22,323.22
ORD000710,CUST00144,2023-03-05,3,1,2023-03-06,App,Delhi,Delivered,Credit Card,Afternoon 10-2 PM,,0.0,265.29,265.29
ORD000711,CUST00145,2023-07-24,7,3,2023-07-25,App,Delhi,Delivered,Wallet,Afternoon 10-2 PM,,0.0,236.27,236.27
ORD000712,CUST00147,2023-06-17,6,2,2023-06-19,Web,Bengaluru,Delivered,UPI,Evening 4-8 PM,,0.0,2426.72,2426.72
ORD000713,CUST00147,2023-03-08,3,1,2023-03-11,App,Bengaluru,Delivered,UPI,Morning 6-10 AM,,0.0,662.96,662.96
ORD000714,CUST00147,2023-11-11,11,4,2023-11-13,App,Bengaluru,Delivered,UPI,Afternoon 10-2 PM,DIWALI23SUPER,191.56,1929.31,1737.75
ORD000715,CUST00147,2023-03-19,3,1,2023-03-20,App,Bengaluru,Delivered,UPI,Afternoon 10-2 PM,,0.0,2509.8,2509.8
ORD000716,CUST00147,2023-01-24,1,1,2023-01-26,App,Bengaluru,Delivered,Wallet,Morning 6-10 AM,,0.0,691.86,691.86
ORD000717,CUST00147,2023-01-31,1,1,2023-02-02,Web,Bengaluru,Delivered,Wallet,Morning 6-10 AM,,0.0,1571.38,1571.38
ORD000718,CUST00147,2023-07-14,7,3,2023-07-16,Web,Bengaluru,Returned,UPI,Evening 4-8 PM,,0.0,1375.86,73.94
ORD000719,CUST00147,2023-11-22,11,4,2023-11-24,App,Bengaluru,Delivered,UPI,Morning 6-10 AM,BIGSALE23,104.21,825.79,721.58
ORD000720,CUST00147,2023-12-06,12,4,2023-12-08,App,Bengaluru,Delivered,UPI,,,0.0,886.52,886.52
ORD000721,CUST00147,2023-10-11,10,4,2023-10-14,App,Bengaluru,Delivered,Credit Card,Afternoon 10-2 PM,,0.0,497.47,497.47
ORD000722,CUST00147,2023-12-16,12,4,2023-12-18,Web,Bengaluru,Delivered,UPI,Evening 4-8 PM,,0.0,1026.45,1026.45
ORD000723,CUST00147,2023-08-12,8,3,,Web,Bengaluru,Cancelled,COD,Evening 4-8 PM,,0.0,684.42,0.0
ORD000724,CUST00147,2023-12-14,12,4,2023-12-15,Web,Bengaluru,Delivered,UPI,Morning 6-10 AM,,0.0,2603.8,2603.8
ORD000725,CUST00147,2023-03-26,3,1,2023-03-29,App,Bengaluru,Delivered,Credit Card,Evening 4-8 PM,,0.0,1240.12,1240.12
ORD000726,CUST00147,2023-04-24,4,2,2023-04-25,App,Bengaluru,Delivered,Debit Card,Morning 6-10 AM,,0.0,572.16,572.16
ORD000727,CUST00147,2023-05-14,5,2,2023-05-16,Web,Bengaluru,Delivered,Debit Card,Evening 4-8 PM,,0.0,1192.57,1192.57
ORD000728,CUST00147,2023-12-26,12,4,2023-12-29,App,Bengaluru,Delivered,Debit Card,Evening 4-8 PM,XMAS23,246.87,2467.36,2220.49
ORD000729,CUST00147,2023-10-08,10,4,2023-10-11,Web,Bengaluru,Delivered,COD,Evening 4-8 PM,,0.0,1473.54,1473.54
ORD000730,CUST00147,2023-08-02,8,3,2023-08-04,App,Bengaluru,Delivered,UPI,Morning 6-10 AM,,0.0,1192.58,1192.58
ORD000731,CUST00147,2023-02-26,2,1,2023-02-28,App,Bengaluru,Delivered,Credit Card,Late Night 8-11 PM,,0.0,663.23,663.23
ORD000732,CUST00148,2023-10-01,10,4,2023-10-03,App,Pune,Delivered,COD,Morning 6-10 AM,,0.0,563.65,563.65
ORD000733,CUST00148,2023-07-14,7,3,2023-07-16,Web,Pune,Returned,Credit Card,Afternoon 10-2 PM,,0.0,634.88,469.86
ORD000734,CUST00148,2023-06-16,6,2,2023-06-17,App,Pune,Delivered,Wallet,Afternoon 10-2 PM,,0.0,3310.42,3310.42
ORD000735,CUST00148,2023-06-28,6,2,2023-06-29,App,Pune,Delivered,UPI,Afternoon 10-2 PM,,0.0,1704.57,1704.57
ORD000736,CUST00150,2023-03-24,3,1,2023-03-27,Kiosk,Ahmedabad,Delivered,Credit Card,Late Night 8-11 PM,,0.0,663.56,663.56
ORD000737,CUST00150,2023-10-27,10,4,2023-10-30,App,Ahmedabad,Delivered,UPI,Afternoon 10-2 PM,,0.0,1290.56,1290.56
ORD000738,CUST00150,2023-09-16,9,3,2023-09-18,App,Ahmedabad,Delivered,Credit Card,Morning 6-10 AM,,0.0,715.93,715.93
ORD000739,CUST00150,2023-09-11,9,3,2023-09-12,App,Ahmedabad,Delivered,COD,Morning 6-10 AM,,0.0,759.03,759.03
ORD000740,CUST00150,2023-05-16,5,2,2023-05-18,Web,Ahmedabad,Delivered,UPI,Evening 4-8 PM,,0.0,800.98,800.98
ORD000741,CUST00151,2023-05-15,5,2,2023-05-18,App,Bengaluru,Delivered,UPI,,,0.0,645.42,645.42
ORD000742,CUST00153,2023-09-14,9,3,2023-09-17,App,Delhi,Delivered,COD,Afternoon 10-2 PM,,0.0,1467.03,1467.03
ORD000743,CUST00153,2023-07-08,7,3,2023-07-09,Web,Delhi,Returned,COD,Evening 4-8 PM,,0.0,1136.45,428.3
ORD000744,CUST00153,2023-08-26,8,3,2023-08-29,App,Delhi,Delivered,Credit Card,,,0.0,2714.24,2714.24
ORD000745,CUST00153,2023-04-07,4,2,2023-04-10,Web,Delhi,Delivered,UPI,Afternoon 10-2 PM,,0.0,1624.98,1624.98
ORD000746,CUST00153,2023-03-26,3,1,2023-03-28,App,Delhi,Delivered,Credit Card,Afternoon 10-2 PM,,0.0,2118.0,2118.0
ORD000747,CUST00153,2023-05-25,5,2,2023-05-26,App,Delhi,Delivered,UPI,Evening 4-8 PM,,0.0,2214.02,2214.02
ORD000748,CUST00153,2023-03-29,3,1,2023-03-31,App,Delhi,Delivered,UPI,Morning 6-10 AM,,0.0,1475.22,1475.22
ORD000749,CUST00153,2023-07-17,7,3,2023-07-18,App,Delhi,Returned,COD,Afternoon 10-2 PM,,0.0,1242.32,966.84
ORD000750,CUST00153,2023-04-17,4,2,,Kiosk,Delhi,Cancelled,COD,Afternoon 10-2 PM,,0.0,1931.34,0.0
ORD000751,CUST00153,2023-01-05,1,1,2023-01-06,App,Delhi,Delivered,Wallet,Evening 4-8 PM,,0.0,1830.02,1830.02
ORD000752,CUST00153,2023-09-04,9,3,,App,Delhi,Cancelled,COD,Afternoon 10-2 PM,,0.0,561.18,0.0
ORD000753,CUST00153,2023-05-21,5,2,2023-05-22,App,Delhi,Delivered,UPI,Morning 6-10 AM,,0.0,1009.62,1009.62
ORD000754,CUST00153,2023-03-19,3,1,2023-03-20,App,Delhi,Delivered,UPI,Evening 4-8 PM,,0.0,2809.23,2809.23
ORD000755,CUST00153,2023-09-08,9,3,2023-09-10,App,Delhi,Delivered,Debit Card,Morning 6-10 AM,,0.0,1711.83,1711.83
ORD000756,CUST00153,2023-05-07,5,2,2023-05-09,Web,Delhi,Delivered,UPI,Afternoon 10-2 PM,,0.0,1150.87,1150.87
ORD000757,CUST00153,2023-05-30,5,2,2023-06-02,App,Delhi,Delivered,COD,Evening 4-8 PM,,0.0,1313.84,1313.84
ORD000758,CUST00153,2023-11-21,11,4,2023-11-24,Web,Delhi,Delivered,Credit Card,Afternoon 10-2 PM,,0.0,2437.84,2437.84
ORD000759,CUST00153,2023-12-18,12,4,2023-12-19,App,Delhi,Delivered,UPI,Evening 4-8 PM,,0.0,768.5,768.5
ORD000760,CUST00153,2023-08-02,8,3,2023-08-04,Web,Delhi,Delivered,Credit Card,Late Night 8-11 PM,,0.0,701.33,701.33
ORD000761,CUST00153,2023-07-29,7,3,2023-07-31,Web,Delhi,Delivered,Credit Card,Evening 4-8 PM,,0.0,1375.99,1375.99
ORD000762,CUST00153,2023-04-28,4,2,2023-04-29,App,Delhi,Delivered,UPI,Afternoon 10-2 PM,,0.0,1965.48,1965.48
ORD000763,CUST00153,2023-04-08,4,2,2023-04-10,App,Delhi,Delivered,Debit Card,Evening 4-8 PM,,0.0,834.18,834.18
ORD000764,CUST00153,2023-08-19,8,3,2023-08-22,App,Delhi,Delivered,UPI,Late Night 8-11 PM,,0.0,1112.79,1112.79
ORD000765,CUST00153,2023-04-24,4,2,2023-04-27,App,Delhi,Delivered,UPI,Late Night 8-11 PM,,0.0,985.46,985.46
ORD000766,CUST00153,2023-02-19,2,1,,App,Delhi,Cancelled,UPI,Afternoon 10-2 PM,,0.0,2491.07,0.0
ORD000767,CUST00155,2023-05-08,5,2,2023-05-11,App,Mumbai,Delivered,COD,Evening 4-8 PM,,0.0,602.95,602.95
ORD000768,CUST00155,2023-12-21,12,4,,App,Mumbai,Cancelled,COD,,,0.0,399.12,0.0
ORD000769,CUST00155,2023-07-01,7,3,2023-07-02,Web,Mumbai,Delivered,COD,Afternoon 10-2 PM,,0.0,499.04,499.04
ORD000770,CUST00156,2023-07-04,7,3,2023-07-05,App,Hyderabad,Delivered,UPI,Morning 6-10 AM,,0.0,222.36,222.36
ORD000771,CUST00156,2023-12-11,12,4,2023-12-13,App,Hyderabad,Delivered,Credit Card,Evening 4-8 PM,,0.0,260.04,260.04
ORD000772,CUST00158,2023-06-30,6,2,2023-07-01,App,Pune,Delivered,Wallet,Afternoon 10-2 PM,,0.0,1045.52,1045.52
ORD000773,CUST00159,2023-03-15,3,1,2023-03-17,Kiosk,Bengaluru,Delivered,Credit Card,Evening 4-8 PM,,0.0,1352.71,1352.71
ORD000774,CUST00159,2023-02-23,2,1,2023-02-26,App,Bengaluru,Delivered,Debit Card,Evening 4-8 PM,,0.0,2112.62,2112.62
ORD000775,CUST00159,2023-05-06,5,2,2023-05-07,Kiosk,Bengaluru,Delivered,UPI,Morning 6-10 AM,,0.0,1519.19,1519.19
ORD000776,CUST00159,2023-11-11,11,4,2023-11-12,App,Bengaluru,Delivered,Debit Card,Afternoon 10-2 PM,,0.0,516.54,516.54
ORD000777,CUST00159,2023-01-20,1,1,2023-01-23,App,Bengaluru,Delivered,Credit Card,Morning 6-10 AM,,0.0,7203.47,7203.47
ORD000778,CUST00159,2023-07-22,7,3,2023-07-24,App,Bengaluru,Delivered,Wallet,Morning 6-10 AM,,0.0,1741.36,1741.36
ORD000779,CUST00159,2023-10-13,10,4,2023-10-14,Web,Bengaluru,Delivered,UPI,Morning 6-10 AM,,0.0,1175.43,1175.43
ORD000780,CUST00159,2023-01-28,1,1,2023-01-29,Kiosk,Bengaluru,Delivered,UPI,Morning 6-10 AM,,0.0,1813.71,1813.71
ORD000781,CUST00159,2023-04-10,4,2,,App,Bengaluru,Cancelled,Wallet,Morning 6-10 AM,,0.0,3585.24,0.0
ORD000782,CUST00159,2023-12-07,12,4,2023-12-10,App,Bengaluru,Delivered,UPI,Morning 6-10 AM,,0.0,1665.45,1665.45
ORD000783,CUST00159,2023-05-26,5,2,2023-05-29,App,Bengaluru,Delivered,UPI,Evening 4-8 PM,,0.0,305.35,305.35
ORD000784,CUST00159,2023-10-01,10,4,2023-10-02,App,Bengaluru,Delivered,UPI,Morning 6-10 AM,,0.0,439.09,439.09
ORD000785,CUST00159,2023-03-20,3,1,2023-03-21,Web,Bengaluru,Delivered,UPI,Afternoon 10-2 PM,,0.0,2227.83,2227.83
ORD000786,CUST00159,2023-06-17,6,2,2023-06-20,App,Bengaluru,Delivered,Credit Card,Evening 4-8 PM,,0.0,2437.69,2437.69
ORD000787,CUST00159,2023-06-01,6,2,2023-06-03,Web,Bengaluru,Delivered,UPI,Evening 4-8 PM,,0.0,2576.61,2576.61
ORD000788,CUST00159,2023-06-09,6,2,2023-06-12,App,Bengaluru,Delivered,Credit Card,Morning 6-10 AM,,0.0,950.66,950.66
ORD000789,CUST00159,2023-03-30,3,1,2023-04-02,App,Bengaluru,Delivered,UPI,Afternoon 10-2 PM,,0.0,1637.96,1637.96
ORD000790,CUST00159,2023-05-04,5,2,2023-05-06,App,Bengaluru,Delivered,Wallet,Evening 4-8 PM,,0.0,658.03,658.03
ORD000791,CUST00159,2023-06-22,6,2,2023-06-25,App,Bengaluru,Delivered,UPI,Morning 6-10 AM,,0.0,2977.01,2977.01
ORD000792,CUST00159,2023-11-12,11,4,2023-11-13,Web,Bengaluru,Delivered,UPI,Evening 4-8 PM,DIWALI23SUPER,157.11,1496.98,1339.87
ORD000793,CUST00159,2023-12-28,12,4,2023-12-31,App,Bengaluru,Delivered,UPI,Morning 6-10 AM,,0.0,943.76,943.76
ORD000794,CUST00159,2023-08-04,8,3,2023-08-05,App,Bengaluru,Returned,UPI,Afternoon 10-2 PM,,0.0,1375.18,266.58
ORD000795,CUST00159,2023-04-17,4,2,2023-04-19,App,Bengaluru,Delivered,Wallet,Morning 6-10 AM,,0.0,497.02,497.02
ORD000796,CUST00159,2023-01-28,1,1,2023-01-30,App,Bengaluru,Delivered,Wallet,Evening 4-8 PM,,0.0,958.62,958.62
ORD000797,CUST00159,2023-04-27,4,2,2023-04-28,App,Bengaluru,Delivered,UPI,Late Night 8-11 PM,,0.0,819.25,819.25
ORD000798,CUST00159,2023-02-23,2,1,2023-02-25,App,Bengaluru,Delivered,Debit Card,Morning 6-10 AM,,0.0,3200.79,3200.79
ORD000799,CUST00159,2023-06-12,6,2,2023-06-15,Web,Bengaluru,Delivered,UPI,,,0.0,2626.05,2626.05
ORD000800,CUST00160,2023-10-21,10,4,2023-10-23,App,Delhi,Delivered,Credit Card,,DUSSEHRA23,161.6,1453.12,1291.52
ORD000801,CUST00160,2023-04-30,4,2,2023-05-01,App,Delhi,Delivered,UPI,Morning 6-10 AM,,0.0,143.92,143.92
ORD000802,CUST00160,2023-05-03,5,2,2023-05-04,App,Delhi,Delivered,UPI,Late Night 8-11 PM,,0.0,1252.16,1252.16
ORD000803,CUST00160,2023-09-27,9,3,2023-09-30,App,Delhi,Delivered,Wallet,Morning 6-10 AM,,0.0,1557.48,1557.48
ORD000804,CUST00160,2023-08-05,8,3,2023-08-07,App,Delhi,Delivered,UPI,Morning 6-10 AM,,0.0,893.06,893.06
ORD000805,CUST00160,2023-08-16,8,3,2023-08-17,Web,Delhi,Delivered,Credit Card,Afternoon 10-2 PM,FREEDOM23,93.87,755.66,661.79
ORD000806,CUST00160,2023-03-07,3,1,2023-03-10,Web,Delhi,Delivered,Credit Card,Evening 4-8 PM,,0.0,1294.76,1294.76
ORD000807,CUST00160,2023-06-28,6,2,2023-07-01,Kiosk,Delhi,Delivered,UPI,Afternoon 10-2 PM,,0.0,921.58,921.58
ORD000808,CUST00160,2023-12-27,12,4,2023-12-28,Kiosk,Delhi,Delivered,Credit Card,Evening 4-8 PM,,0.0,862.57,862.57
ORD000809,CUST00160,2023-02-20,2,1,,App,Delhi,Cancelled,COD,Morning 6-10 AM,,0.0,877.15,0.0
ORD000810,CUST00160,2023-03-25,3,1,2023-03-27,App,Delhi,Delivered,UPI,Evening 4-8 PM,,0.0,833.78,833.78
ORD000811,CUST00160,2023-08-14,8,3,2023-08-17,Web,Delhi,Delivered,Wallet,Afternoon 10-2 PM,,0.0,471.47,471.47
ORD000812,CUST00160,2023-05-16,5,2,2023-05-18,Web,Delhi,Delivered,UPI,Afternoon 10-2 PM,,0.0,1460.87,1460.87
ORD000813,CUST00160,2023-06-12,6,2,2023-06-13,App,Delhi,Delivered,Credit Card,Evening 4-8 PM,,0.0,290.84,290.84
ORD000814,CUST00160,2023-03-04,3,1,2023-03-06,Web,Delhi,Delivered,Wallet,Afternoon 10-2 PM,,0.0,1327.78,1327.78
ORD000815,CUST00160,2023-01-15,1,1,2023-01-17,App,Delhi,Delivered,COD,Morning 6-10 AM,,0.0,990.04,990.04
ORD000816,CUST00160,2023-04-20,4,2,2023-04-21,Web,Delhi,Delivered,Debit Card,Afternoon 10-2 PM,,0.0,993.82,993.82
ORD000817,CUST00160,2023-08-21,8,3,2023-08-23,Kiosk,Delhi,Delivered,Wallet,Afternoon 10-2 PM,,0.0,957.25,957.25
ORD000818,CUST00160,2023-05-13,5,2,2023-05-16,App,Delhi,Delivered,UPI,Evening 4-8 PM,,0.0,1998.8,1998.8
ORD000819,CUST00160,2023-06-12,6,2,2023-06-14,App,Delhi,Delivered,UPI,Morning 6-10 AM,,0.0,611.23,611.23
ORD000820,CUST00160,2023-10-11,10,4,2023-10-12,App,Delhi,Delivered,UPI,Morning 6-10 AM,,0.0,382.04,382.04
ORD000821,CUST00160,2023-05-19,5,2,2023-05-20,App,Delhi,Delivered,Wallet,Evening 4-8 PM,,0.0,1538.99,1538.99
ORD000822,CUST00160,2023-05-10,5,2,2023-05-11,App,Delhi,Delivered,COD,Evening 4-8 PM,,0.0,680.87,680.87
ORD000823,CUST00160,2023-05-21,5,2,,App,Delhi,Cancelled,UPI,Late Night 8-11 PM,,0.0,487.07,0.0
ORD000824,CUST00160,2023-05-31,5,2,2023-06-01,App,Delhi,Delivered,UPI,Late Night 8-11 PM,,0.0,194.61,194.61
ORD000825,CUST00160,2023-04-25,4,2,2023-04-27,Kiosk,Delhi,Delivered,Credit Card,Morning 6-10 AM,,0.0,1202.95,1202.95
ORD000826,CUST00160,2023-11-11,11,4,2023-11-13,App,Delhi,Delivered,Debit Card,Afternoon 10-2 PM,DIWALI23SUPER,190.89,2143.24,1952.35
ORD000827,CUST00160,2023-05-27,5,2,2023-05-29,App,Delhi,Delivered,Debit Card,Morning 6-10 AM,,0.0,5564.17,5564.17
ORD000828,CUST00160,2023-10-25,10,4,2023-10-26,App,Delhi,Delivered,UPI,Morning 6-10 AM,,0.0,1346.23,1346.23
ORD000829,CUST00163,2023-02-19,2,1,2023-02-20,App,Delhi,Returned,Wallet,Late Night 8-11 PM,,0.0,514.75,11.98
ORD000830,CUST00163,2023-11-25,11,4,2023-11-26,Web,Delhi,Delivered,Debit Card,Evening 4-8 PM,,0.0,529.27,529.27
ORD000831,CUST00163,2023-09-12,9,3,2023-09-15,Web,Delhi,Delivered,UPI,Afternoon 10-2 PM,,0.0,4131.61,4131.61
ORD000832,CUST00163,2023-06-14,6,2,2023-06-15,App,Delhi,Delivered,UPI,Evening 4-8 PM,,0.0,188.92,188.92
ORD000833,CUST00163,2023-05-21,5,2,2023-05-23,Web,Delhi,Delivered,Credit Card,Late Night 8-11 PM,,0.0,2512.72,2512.72
ORD000834,CUST00163,2023-05-04,5,2,2023-05-07,Web,Delhi,Delivered,UPI,Evening 4-8 PM,,0.0,805.21,805.21
ORD000835,CUST00163,2023-08-29,8,3,2023-08-31,Web,Delhi,Delivered,Credit Card,Morning 6-10 AM,,0.0,428.28,428.28
ORD000836,CUST00164,2023-02-09,2,1,,Web,Delhi,Cancelled,Credit Card,Evening 4-8 PM,,0.0,288.1,0.0
ORD000837,CUST00164,2023-01-03,1,1,2023-01-05,App,Delhi,Delivered,UPI,Late Night 8-11 PM,NY2023,52.95,469.7,416.75
ORD000838,CUST00164,2023-10-13,10,4,2023-10-16,App,Delhi,Delivered,Credit Card,Evening 4-8 PM,,0.0,1139.58,1139.58
ORD000839,CUST00164,2023-01-11,1,1,2023-01-14,Web,Delhi,Delivered,Wallet,Morning 6-10 AM,,0.0,638.41,638.41
ORD000840,CUST00164,2023-03-20,3,1,2023-03-21,App,Delhi,Delivered,UPI,Morning 6-10 AM,,0.0,2253.58,2253.58
ORD000841,CUST00164,2023-11-07,11,4,2023-11-08,Web,Delhi,Delivered,UPI,Afternoon 10-2 PM,,0.0,43.95,43.95
ORD000842,CUST00164,2023-11-02,11,4,2023-11-05,App,Delhi,Delivered,COD,Evening 4-8 PM,,0.0,525.98,525.98
ORD000843,CUST00164,2023-07-15,7,3,,App,Delhi,Cancelled,Credit Card,Evening 4-8 PM,,0.0,867.86,0.0
ORD000844,CUST00165,2023-12-02,12,4,2023-12-05,App,Pune,Delivered,UPI,Evening 4-8 PM,,0.0,860.29,860.29
ORD000845,CUST00165,2023-03-02,3,1,2023-03-03,App,Pune,Delivered,Credit Card,Evening 4-8 PM,,0.0,97.78,97.78
ORD000846,CUST00165,2023-04-18,4,2,2023-04-19,App,Pune,Delivered,UPI,Afternoon 10-2 PM,,0.0,1928.81,1928.81
ORD000847,CUST00165,2023-12-20,12,4,2023-12-21,App,Pune,Delivered,COD,Late Night 8-11 PM,,0.0,505.7,505.7
ORD000848,CUST00165,2023-08-06,8,3,2023-08-08,App,Pune,Returned,UPI,Late Night 8-11 PM,,0.0,486.47,364.38
ORD000849,CUST00165,2023-03-31,3,1,2023-04-01,Web,Pune,Delivered,UPI,Morning 6-10 AM,,0.0,355.64,355.64
ORD000850,CUST00165,2023-12-25,12,4,2023-12-26,App,Pune,Delivered,COD,Morning 6-10 AM,,0.0,459.94,459.94
ORD000851,CUST00165,2023-11-08,11,4,2023-11-10,App,Pune,Delivered,Credit Card,Evening 4-8 PM,,0.0,877.18,877.18
ORD000852,CUST00165,2023-11-29,11,4,2023-12-02,App,Pune,Delivered,Debit Card,Morning 6-10 AM,,0.0,272.59,272.59
ORD000853,CUST00165,2023-03-11,3,1,2023-03-12,Web,Pune,Delivered,UPI,Late Night 8-11 PM,,0.0,671.29,671.29
ORD000854,CUST00165,2023-10-22,10,4,2023-10-25,Web,Pune,Delivered,Debit Card,Afternoon 10-2 PM,,0.0,468.66,468.66
ORD000855,CUST00166,2023-11-07,11,4,2023-11-09,App,Hyderabad,Delivered,Debit Card,Afternoon 10-2 PM,,0.0,789.25,789.25
ORD000856,CUST00166,2023-08-21,8,3,2023-08-22,App,Hyderabad,Delivered,Credit Card,Afternoon 10-2 PM,,0.0,1036.6,1036.6
ORD000857,CUST00166,2023-03-07,3,1,2023-03-08,App,Hyderabad,Returned,UPI,Morning 6-10 AM,,0.0,955.12,33.9
ORD000858,CUST00166,2023-01-26,1,1,2023-01-27,App,Hyderabad,Delivered,UPI,Late Night 8-11 PM,,0.0,1385.27,1385.27
ORD000859,CUST00166,2023-05-14,5,2,2023-05-17,App,Hyderabad,Delivered,Wallet,Evening 4-8 PM,,0.0,1651.41,1651.41
ORD000860,CUST00166,2023-02-23,2,1,2023-02-24,App,Hyderabad,Delivered,Debit Card,Morning 6-10 AM,,0.0,1268.32,1268.32
ORD000861,CUST00166,2023-10-13,10,4,2023-10-15,App,Hyderabad,Delivered,Debit Card,Evening 4-8 PM,,0.0,1344.49,1344.49
ORD000862,CUST00166,2023-10-22,10,4,2023-10-24,App,Hyderabad,Delivered,COD,Morning 6-10 AM,DUSSEHRA23,100.61,1061.96,961.35
ORD000863,CUST00166,2023-10-15,10,4,2023-10-16,Kiosk,Hyderabad,Returned,UPI,Evening 4-8 PM,,0.0,547.08,19.97
ORD000864,CUST00166,2023-10-11,10,4,2023-10-14,App,Hyderabad,Delivered,UPI,Morning 6-10 AM,,0.0,432.62,432.62
ORD000865,CUST00166,2023-04-18,4,2,2023-04-21,App,Hyderabad,Delivered,Credit Card,Morning 6-10 AM,,0.0,327.95,327.95
ORD000866,CUST00166,2023-06-04,6,2,2023-06-05,App,Hyderabad,Delivered,Credit Card,Evening 4-8 PM,,0.0,1218.58,1218.58
ORD000867,CUST00167,2023-04-12,4,2,2023-04-15,App,Ahmedabad,Delivered,Debit Card,Evening 4-8 PM,,0.0,1189.12,1189.12
ORD000868,CUST00169,2023-03-05,3,1,2023-03-07,Web,Delhi,Delivered,UPI,Evening 4-8 PM,,0.0,496.62,496.62
ORD000869,CUST00169,2023-03-28,3,1,2023-03-29,App,Delhi,Delivered,UPI,Afternoon 10-2 PM,,0.0,559.06,559.06
ORD000870,CUST00169,2023-01-08,1,1,2023-01-09,App,Delhi,Delivered,UPI,Evening 4-8 PM,,0.0,739.14,739.14
ORD000871,CUST00169,2023-10-10,10,4,2023-10-11,Web,Delhi,Delivered,Debit Card,Morning 6-10 AM,,0.0,924.93,924.93
ORD000872,CUST00169,2023-10-17,10,4,2023-10-20,App,Delhi,Delivered,Wallet,Morning 6-10 AM,,0.0,262.07,262.07
ORD000873,CUST00171,2023-10-01,10,4,2023-10-04,App,Ahmedabad,Delivered,Wallet,Evening 4-8 PM,,0.0,318.93,318.93
ORD000874,CUST00171,2023-09-06,9,3,2023-09-07,App,Ahmedabad,Delivered,UPI,Afternoon 10-2 PM,,0.0,1044.77,1044.77
ORD000875,CUST00172,2023-05-01,5,2,2023-05-03,App,Delhi,Delivered,Debit Card,Afternoon 10-2 PM,,0.0,147.62,147.62
ORD000876,CUST00172,2023-02-01,2,1,2023-02-02,Web,Delhi,Delivered,UPI,Evening 4-8 PM,,0.0,91.78,91.78
ORD000877,CUST00172,2023-10-21,10,4,2023-10-23,App,Delhi,Delivered,UPI,Morning 6-10 AM,DUSSEHRA23,279.98,2232.72,1952.74
ORD000878,CUST00173,2023-01-14,1,1,2023-01-15,App,Bengaluru,Delivered,Debit Card,Evening 4-8 PM,,0.0,220.85,220.85
ORD000879,CUST00173,2023-04-28,4,2,2023-04-30,Web,Bengaluru,Delivered,Wallet,Morning 6-10 AM,,0.0,1748.96,1748.96
ORD000880,CUST00173,2023-10-20,10,4,2023-10-21,App,Bengaluru,Delivered,UPI,Evening 4-8 PM,,0.0,342.63,342.63
ORD000881,CUST00174,2023-07-09,7,3,2023-07-11,App,Pune,Delivered,UPI,Morning 6-10 AM,,0.0,788.3,788.3
ORD000882,CUST00176,2023-06-02,6,2,2023-06-04,App,Hyderabad,Delivered,UPI,Afternoon 10-2 PM,,0.0,867.59,867.59
ORD000883,CUST00176,2023-10-22,10,4,2023-10-25,App,Hyderabad,Delivered,Debit Card,Morning 6-10 AM,,0.0,1323.81,1323.81
ORD000884,CUST00176,2023-11-22,11,4,2023-11-25,App,Hyderabad,Delivered,Credit Card,Morning 6-10 AM,,0.0,882.27,882.27
ORD000885,CUST00176,2023-06-26,6,2,2023-06-29,Web,Hyderabad,Delivered,Wallet,Morning 6-10 AM,,0.0,3444.24,3444.24
ORD000886,CUST00176,2023-12-26,12,4,2023-12-28,Kiosk,Hyderabad,Delivered,Credit Card,Afternoon 10-2 PM,,0.0,233.16,233.16
ORD000887,CUST00176,2023-10-04,10,4,2023-10-07,Kiosk,Hyderabad,Delivered,Debit Card,Morning 6-10 AM,,0.0,848.13,848.13
ORD000888,CUST00176,2023-12-23,12,4,2023-12-24,Web,Hyderabad,Delivered,COD,Afternoon 10-2 PM,,0.0,2637.82,2637.82
ORD000889,CUST00176,2023-05-14,5,2,2023-05-16,Kiosk,Hyderabad,Delivered,UPI,Morning 6-10 AM,,0.0,655.17,655.17
ORD000890,CUST00177,2023-12-20,12,4,2023-12-21,App,Bengaluru,Delivered,Debit Card,Morning 6-10 AM,,0.0,1550.35,1550.35
ORD000891,CUST00177,2023-01-25,1,1,2023-01-28,App,Bengaluru,Delivered,Credit Card,Morning 6-10 AM,,0.0,1770.89,1770.89
ORD000892,CUST00177,2023-05-05,5,2,2023-05-06,Kiosk,Bengaluru,Delivered,UPI,Evening 4-8 PM,,0.0,856.81,856.81
ORD000893,CUST00177,2023-10-03,10,4,2023-10-05,Web,Bengaluru,Delivered,UPI,Morning 6-10 AM,,0.0,1366.28,1366.28
ORD000894,CUST00177,2023-08-10,8,3,,App,Bengaluru,Cancelled,UPI,Morning 6-10 AM,,0.0,3185.17,0.0
ORD000895,CUST00177,2023-05-31,5,2,2023-06-02,App,Bengaluru,Delivered,UPI,Evening 4-8 PM,,0.0,2340.68,2340.68
ORD000896,CUST00177,2023-07-17,7,3,2023-07-18,App,Bengaluru,Delivered,Debit Card,Afternoon 10-2 PM,,0.0,1150.17,1150.17
ORD000897,CUST00177,2023-07-04,7,3,2023-07-06,App,Bengaluru,Returned,COD,,,0.0,522.64,22.25
ORD000898,CUST00177,2023-07-22,7,3,2023-07-23,App,Bengaluru,Delivered,UPI,Morning 6-10 AM,,0.0,880.0,880.0
ORD000899,CUST00177,2023-12-23,12,4,2023-12-24,App,Bengaluru,Returned,UPI,Late Night 8-11 PM,,0.0,1211.03,991.1
ORD000900,CUST00177,2023-07-16,7,3,2023-07-18,Web,Bengaluru,Returned,UPI,Afternoon 10-2 PM,,0.0,1542.42,418.24
ORD000901,CUST00177,2023-11-05,11,4,2023-11-06,App,Bengaluru,Delivered,UPI,Morning 6-10 AM,,0.0,2183.11,2183.11
ORD000902,CUST00177,2023-09-12,9,3,2023-09-15,Web,Bengaluru,Delivered,Debit Card,Afternoon 10-2 PM,,0.0,1150.21,1150.21
ORD000903,CUST00177,2023-12-05,12,4,2023-12-08,App,Bengaluru,Delivered,Debit Card,Evening 4-8 PM,,0.0,1965.69,1965.69
ORD000904,CUST00177,2023-04-28,4,2,2023-04-29,App,Bengaluru,Delivered,UPI,Afternoon 10-2 PM,,0.0,888.62,888.62
ORD000905,CUST00177,2023-03-25,3,1,2023-03-27,Kiosk,Bengaluru,Delivered,UPI,Afternoon 10-2 PM,,0.0,3322.35,3322.35
ORD000906,CUST00177,2023-07-14,7,3,2023-07-15,App,Bengaluru,Delivered,Debit Card,Evening 4-8 PM,,0.0,1924.83,1924.83
ORD000907,CUST00177,2023-05-09,5,2,2023-05-10,App,Bengaluru,Delivered,Debit Card,Morning 6-10 AM,,0.0,710.12,710.12
ORD000908,CUST00177,2023-05-04,5,2,2023-05-06,Web,Bengaluru,Delivered,UPI,Evening 4-8 PM,,0.0,2063.14,2063.14
ORD000909,CUST00177,2023-12-31,12,4,2024-01-01,Web,Bengaluru,Delivered,Debit Card,Afternoon 10-2 PM,,0.0,2911.94,2911.94
ORD000910,CUST00177,2023-05-17,5,2,2023-05-18,App,Bengaluru,Delivered,Credit Card,Late Night 8-11 PM,,0.0,1555.77,1555.77
ORD000911,CUST00180,2023-01-03,1,1,2023-01-04,App,Lucknow,Delivered,UPI,Evening 4-8 PM,,0.0,632.75,632.75
ORD000912,CUST00180,2023-10-24,10,4,2023-10-27,Web,Lucknow,Delivered,Credit Card,Evening 4-8 PM,,0.0,4201.84,4201.84
ORD000913,CUST00180,2023-09-02,9,3,2023-09-04,App,Lucknow,Delivered,Debit Card,Evening 4-8 PM,,0.0,49.57,49.57
ORD000914,CUST00180,2023-10-20,10,4,2023-10-21,App,Lucknow,Returned,Credit Card,Morning 6-10 AM,DUSSEHRA23,313.99,2449.83,378.35
ORD000915,CUST00180,2023-10-16,10,4,2023-10-18,App,Lucknow,Delivered,UPI,Morning 6-10 AM,,0.0,323.88,323.88
ORD000916,CUST00181,2023-06-06,6,2,2023-06-07,Web,Delhi,Delivered,UPI,Evening 4-8 PM,,0.0,220.78,220.78
ORD000917,CUST00181,2023-12-21,12,4,2023-12-23,App,Delhi,Delivered,Credit Card,Evening 4-8 PM,,0.0,1972.33,1972.33
ORD000918,CUST00183,2023-03-06,3,1,2023-03-09,Web,Bengaluru,Delivered,Credit Card,Morning 6-10 AM,,0.0,972.39,972.39
ORD000919,CUST00183,2023-01-08,1,1,2023-01-09,App,Bengaluru,Delivered,Debit Card,Afternoon 10-2 PM,,0.0,349.89,349.89
ORD000920,CUST00185,2023-11-18,11,4,2023-11-21,Web,Delhi,Delivered,Debit Card,Morning 6-10 AM,,0.0,460.16,460.16
ORD000921,CUST00187,2023-11-30,11,4,2023-12-02,Kiosk,Ahmedabad,Delivered,Credit Card,Evening 4-8 PM,,0.0,975.04,975.04
ORD000922,CUST00190,2023-02-26,2,1,2023-02-27,App,Mumbai,Delivered,Credit Card,Evening 4-8 PM,,0.0,255.33,255.33
ORD000923,CUST00190,2023-01-10,1,1,2023-01-13,App,Mumbai,Delivered,Wallet,Morning 6-10 AM,,0.0,64.19,64.19
ORD000924,CUST00190,2023-11-14,11,4,2023-11-17,Web,Mumbai,Delivered,UPI,,DIWALI23SUPER,23.38,220.24,196.86
ORD000925,CUST00191,2023-04-21,4,2,2023-04-23,Kiosk,Jaipur,Delivered,UPI,Evening 4-8 PM,,0.0,488.1,488.1
ORD000926,CUST00191,2023-06-22,6,2,2023-06-24,Web,Jaipur,Delivered,UPI,Evening 4-8 PM,,0.0,1940.17,1940.17
ORD000927,CUST00192,2023-04-18,4,2,2023-04-20,App,Ahmedabad,Delivered,UPI,,,0.0,2057.23,2057.23
ORD000928,CUST00192,2023-01-06,1,1,2023-01-09,App,Ahmedabad,Delivered,Wallet,Afternoon 10-2 PM,,0.0,277.32,277.32
ORD000929,CUST00193,2023-12-23,12,4,2023-12-25,App,Delhi,Delivered,Credit Card,Evening 4-8 PM,,0.0,653.87,653.87
ORD000930,CUST00194,2023-10-12,10,4,2023-10-14,App,Delhi,Delivered,Wallet,Morning 6-10 AM,,0.0,10.24,10.24
ORD000931,CUST00194,2023-07-26,7,3,,App,Delhi,Cancelled,UPI,Evening 4-8 PM,,0.0,222.56,0.0
ORD000932,CUST00194,2023-11-22,11,4,2023-11-25,App,Delhi,Delivered,Debit Card,Morning 6-10 AM,,0.0,659.35,659.35
ORD000933,CUST00194,2023-05-27,5,2,2023-05-28,App,Delhi,Delivered,UPI,Afternoon 10-2 PM,,0.0,346.62,346.62
ORD000934,CUST00197,2023-08-10,8,3,2023-08-11,App,Bengaluru,Delivered,COD,Afternoon 10-2 PM,,0.0,125.28,125.28
ORD000935,CUST00197,2023-05-23,5,2,2023-05-25,App,Bengaluru,Delivered,UPI,Late Night 8-11 PM,,0.0,563.9,563.9
ORD000936,CUST00198,2023-08-08,8,3,2023-08-09,App,Jaipur,Returned,COD,Afternoon 10-2 PM,,0.0,1047.68,15.06
ORD000937,CUST00200,2023-06-26,6,2,2023-06-27,App,Bengaluru,Delivered,UPI,Afternoon 10-2 PM,,0.0,230.4,230.4
ORD000938,CUST00200,2023-09-03,9,3,,App,Bengaluru,Cancelled,UPI,Evening 4-8 PM,,0.0,796.69,0.0
ORD000939,CUST00200,2023-02-02,2,1,2023-02-03,Web,Bengaluru,Delivered,Debit Card,Evening 4-8 PM,,0.0,248.8,248.8
ORD000940,CUST00205,2023-09-03,9,3,2023-09-05,App,Mumbai,Delivered,Wallet,Afternoon 10-2 PM,,0.0,1299.79,1299.79
ORD000941,CUST00205,2023-11-16,11,4,2023-11-18,App,Mumbai,Delivered,UPI,Afternoon 10-2 PM,,0.0,867.83,867.83
ORD000942,CUST00205,2023-11-09,11,4,2023-11-11,App,Mumbai,Delivered,Debit Card,Afternoon 10-2 PM,,0.0,937.44,937.44
ORD000943,CUST00207,2023-01-21,1,1,2023-01-22,Kiosk,Delhi,Delivered,Credit Card,Afternoon 10-2 PM,,0.0,862.88,862.88
ORD000944,CUST00207,2023-05-15,5,2,2023-05-16,App,Delhi,Delivered,UPI,Late Night 8-11 PM,,0.0,1543.73,1543.73
ORD000945,CUST00207,2023-04-07,4,2,2023-04-10,App,Delhi,Delivered,COD,Late Night 8-11 PM,,0.0,1204.34,1204.34
ORD000946,CUST00207,2023-12-15,12,4,2023-12-16,App,Delhi,Delivered,UPI,Afternoon 10-2 PM,,0.0,1638.49,1638.49
ORD000947,CUST00207,2023-10-13,10,4,2023-10-15,Web,Delhi,Delivered,UPI,Evening 4-8 PM,,0.0,3744.04,3744.04
ORD000948,CUST00207,2023-03-23,3,1,2023-03-26,App,Delhi,Delivered,UPI,Evening 4-8 PM,,0.0,1408.88,1408.88
ORD000949,CUST00207,2023-10-09,10,4,2023-10-10,App,Delhi,Delivered,Debit Card,Morning 6-10 AM,,0.0,1245.23,1245.23
ORD000950,CUST00207,2023-08-18,8,3,2023-08-19,App,Delhi,Delivered,Debit Card,Late Night 8-11 PM,,0.0,1844.55,1844.55
ORD000951,CUST00207,2023-07-25,7,3,2023-07-27,App,Delhi,Returned,COD,Afternoon 10-2 PM,,0.0,716.26,34.75
ORD000952,CUST00207,2023-11-13,11,4,2023-11-14,App,Delhi,Delivered,COD,Evening 4-8 PM,,0.0,1312.59,1312.59
ORD000953,CUST00207,2023-12-20,12,4,2023-12-23,App,Delhi,Delivered,Credit Card,Afternoon 10-2 PM,,0.0,1732.04,1732.04
ORD000954,CUST00207,2023-05-04,5,2,2023-05-05,Web,Delhi,Delivered,Credit Card,Evening 4-8 PM,,0.0,896.3,896.3
ORD000955,CUST00207,2023-08-12,8,3,2023-08-13,App,Delhi,Delivered,Credit Card,Afternoon 10-2 PM,,0.0,805.7,805.7
ORD000956,CUST00208,2023-01-27,1,1,2023-01-29,App,Jaipur,Delivered,Debit Card,Evening 4-8 PM,,0.0,606.81,606.81
ORD000957,CUST00208,2023-11-14,11,4,2023-11-15,App,Jaipur,Delivered,UPI,Evening 4-8 PM,DIWALI23SUPER,216.78,1253.18,1036.4
ORD000958,CUST00210,2023-02-08,2,1,2023-02-09,App,Delhi,Returned,UPI,Morning 6-10 AM,,0.0,491.74,114.22
ORD000959,CUST00210,2023-10-18,10,4,2023-10-20,App,Delhi,Delivered,COD,Morning 6-10 AM,,0.0,1732.92,1732.92
ORD000960,CUST00210,2023-04-03,4,2,2023-04-05,App,Delhi,Delivered,Wallet,Morning 6-10 AM,,0.0,190.04,190.04
ORD000961,CUST00210,2023-06-12,6,2,2023-06-13,App,Delhi,Delivered,UPI,Late Night 8-11 PM,,0.0,226.8,226.8
ORD000962,CUST00210,2023-02-28,2,1,2023-03-01,App,Delhi,Delivered,UPI,Afternoon 10-2 PM,,0.0,793.94,793.94
ORD000963,CUST00210,2023-04-23,4,2,2023-04-26,Web,Delhi,Delivered,Debit Card,Evening 4-8 PM,,0.0,935.21,935.21
ORD000964,CUST00211,2023-08-25,8,3,2023-08-26,App,Bengaluru,Delivered,COD,Afternoon 10-2 PM,,0.0,437.2,437.2
ORD000965,CUST00211,2023-01-04,1,1,2023-01-06,App,Bengaluru,Delivered,Wallet,Late Night 8-11 PM,,0.0,1902.92,1902.92
ORD000966,CUST00211,2023-04-20,4,2,,App,Bengaluru,Cancelled,COD,Evening 4-8 PM,,0.0,265.69,0.0
ORD000967,CUST00211,2023-01-03,1,1,2023-01-06,Web,Bengaluru,Delivered,UPI,Morning 6-10 AM,NY2023,134.19,1527.6,1393.41
ORD000968,CUST00211,2023-11-12,11,4,,Web,Bengaluru,Cancelled,UPI,Evening 4-8 PM,,0.0,444.1,0.0
ORD000969,CUST00211,2023-01-01,1,1,2023-01-03,App,Bengaluru,Delivered,UPI,,,0.0,1199.26,1199.26
ORD000970,CUST00211,2023-01-28,1,1,2023-01-30,Web,Bengaluru,Delivered,COD,Late Night 8-11 PM,,0.0,1432.1,1432.1
ORD000971,CUST00211,2023-10-05,10,4,2023-10-08,Web,Bengaluru,Delivered,COD,Morning 6-10 AM,,0.0,1957.61,1957.61
ORD000972,CUST00211,2023-06-23,6,2,2023-06-26,Web,Bengaluru,Delivered,Debit Card,Late Night 8-11 PM,,0.0,3334.84,3334.84
ORD000973,CUST00211,2023-06-17,6,2,2023-06-18,Web,Bengaluru,Delivered,Wallet,Evening 4-8 PM,,0.0,1302.05,1302.05
ORD000974,CUST00211,2023-09-04,9,3,2023-09-06,Web,Bengaluru,Delivered,Debit Card,Evening 4-8 PM,,0.0,568.22,568.22
ORD000975,CUST00211,2023-09-06,9,3,2023-09-08,App,Bengaluru,Delivered,COD,Morning 6-10 AM,,0.0,969.51,969.51
ORD000976,CUST00211,2023-07-12,7,3,2023-07-14,App,Bengaluru,Delivered,UPI,Morning 6-10 AM,,0.0,2197.71,2197.71
ORD000977,CUST00211,2023-05-14,5,2,2023-05-16,App,Bengaluru,Delivered,COD,Evening 4-8 PM,,0.0,2050.87,2050.87
ORD000978,CUST00211,2023-09-09,9,3,2023-09-11,App,Bengaluru,Delivered,UPI,Afternoon 10-2 PM,,0.0,1328.43,1328.43
ORD000979,CUST00212,2023-06-03,6,2,2023-06-04,Web,Bengaluru,Delivered,UPI,Morning 6-10 AM,,0.0,1822.43,1822.43
ORD000980,CUST00212,2023-02-08,2,1,2023-02-11,Web,Bengaluru,Delivered,COD,Afternoon 10-2 PM,,0.0,2142.06,2142.06
ORD000981,CUST00212,2023-03-29,3,1,2023-03-31,Web,Bengaluru,Delivered,UPI,Late Night 8-11 PM,,0.0,3225.61,3225.61
ORD000982,CUST00212,2023-05-19,5,2,2023-05-22,App,Bengaluru,Delivered,UPI,Late Night 8-11 PM,,0.0,701.54,701.54
ORD000983,CUST00212,2023-05-14,5,2,2023-05-15,Web,Bengaluru,Delivered,Credit Card,Evening 4-8 PM,,0.0,3160.35,3160.35
ORD000984,CUST00212,2023-12-25,12,4,2023-12-27,App,Bengaluru,Delivered,UPI,Morning 6-10 AM,,0.0,2739.13,2739.13
ORD000985,CUST00212,2023-04-01,4,2,,App,Bengaluru,Cancelled,Credit Card,Late Night 8-11 PM,,0.0,458.23,0.0
ORD000986,CUST00212,2023-03-15,3,1,2023-03-16,App,Bengaluru,Delivered,Credit Card,Afternoon 10-2 PM,,0.0,2272.56,2272.56
ORD000987,CUST00212,2023-12-04,12,4,2023-12-06,App,Bengaluru,Returned,UPI,Afternoon 10-2 PM,,0.0,337.51,163.92
ORD000988,CUST00212,2023-04-23,4,2,2023-04-26,App,Bengaluru,Delivered,UPI,Late Night 8-11 PM,,0.0,3899.74,3899.74
ORD000989,CUST00212,2023-08-28,8,3,2023-08-30,Web,Bengaluru,Delivered,Debit Card,Morning 6-10 AM,,0.0,1543.76,1543.76
ORD000990,CUST00212,2023-02-12,2,1,2023-02-14,App,Bengaluru,Delivered,Credit Card,Morning 6-10 AM,,0.0,1573.5,1573.5
ORD000991,CUST00214,2023-02-26,2,1,2023-03-01,App,Mumbai,Delivered,UPI,Evening 4-8 PM,,0.0,723.96,723.96
ORD000992,CUST00216,2023-05-09,5,2,2023-05-11,App,Bengaluru,Returned,UPI,Afternoon 10-2 PM,,0.0,457.43,78.4
ORD000993,CUST00216,2023-09-05,9,3,,App,Bengaluru,Cancelled,UPI,Morning 6-10 AM,,0.0,616.3,0.0
ORD000994,CUST00216,2023-03-23,3,1,2023-03-25,App,Bengaluru,Delivered,Debit Card,Morning 6-10 AM,,0.0,858.37,858.37
ORD000995,CUST00216,2023-04-16,4,2,2023-04-17,Web,Bengaluru,Delivered,Debit Card,Morning 6-10 AM,,0.0,2855.97,2855.97
ORD000996,CUST00217,2023-07-06,7,3,2023-07-08,App,Mumbai,Delivered,UPI,Late Night 8-11 PM,,0.0,2932.35,2932.35
ORD000997,CUST00218,2023-12-19,12,4,2023-12-21,App,Delhi,Delivered,Credit Card,Morning 6-10 AM,,0.0,1388.93,1388.93
ORD000998,CUST00218,2023-10-31,10,4,2023-11-02,App,Delhi,Delivered,UPI,Afternoon 10-2 PM,,0.0,402.2,402.2
ORD000999,CUST00219,2023-10-30,10,4,2023-10-31,App,Hyderabad,Delivered,COD,Morning 6-10 AM,,0.0,1788.31,1788.31
ORD001000,CUST00219,2023-03-08,3,1,,App,Hyderabad,Cancelled,UPI,Morning 6-10 AM,,0.0,4185.96,0.0
ORD001001,CUST00219,2023-07-03,7,3,2023-07-04,Web,Hyderabad,Delivered,Debit Card,Evening 4-8 PM,,0.0,1197.81,1197.81
ORD001002,CUST00219,2023-01-25,1,1,2023-01-27,App,Hyderabad,Delivered,UPI,Morning 6-10 AM,,0.0,1411.34,1411.34
ORD001003,CUST00219,2023-11-13,11,4,2023-11-14,Web,Hyderabad,Delivered,UPI,Morning 6-10 AM,,0.0,853.18,853.18
ORD001004,CUST00219,2023-08-12,8,3,2023-08-14,App,Hyderabad,Delivered,Credit Card,Evening 4-8 PM,,0.0,869.02,869.02
ORD001005,CUST00219,2023-04-09,4,2,2023-04-11,Kiosk,Hyderabad,Delivered,UPI,Afternoon 10-2 PM,,0.0,906.78,906.78
ORD001006,CUST00219,2023-09-20,9,3,2023-09-22,Kiosk,Hyderabad,Returned,COD,Evening 4-8 PM,,0.0,3355.53,567.73
ORD001007,CUST00219,2023-07-04,7,3,2023-07-05,App,Hyderabad,Delivered,Wallet,Morning 6-10 AM,,0.0,590.14,590.14
ORD001008,CUST00219,2023-11-10,11,4,2023-11-13,Web,Hyderabad,Delivered,Credit Card,Morning 6-10 AM,,0.0,336.86,336.86
ORD001009,CUST00219,2023-10-02,10,4,,Web,Hyderabad,Cancelled,UPI,Morning 6-10 AM,,0.0,677.26,0.0
ORD001010,CUST00219,2023-01-27,1,1,2023-01-28,App,Hyderabad,Delivered,UPI,Morning 6-10 AM,,0.0,954.3,954.3
ORD001011,CUST00219,2023-12-31,12,4,2024-01-01,Web,Hyderabad,Delivered,UPI,Morning 6-10 AM,XMAS23,263.38,2536.18,2272.8
ORD001012,CUST00219,2023-12-26,12,4,2023-12-29,Web,Hyderabad,Delivered,Debit Card,Morning 6-10 AM,,0.0,1248.02,1248.02
ORD001013,CUST00219,2023-07-16,7,3,2023-07-17,Web,Hyderabad,Delivered,Debit Card,Afternoon 10-2 PM,,0.0,1025.3,1025.3
ORD001014,CUST00219,2023-05-26,5,2,2023-05-29,Web,Hyderabad,Delivered,Wallet,Evening 4-8 PM,,0.0,239.98,239.98
ORD001015,CUST00219,2023-10-11,10,4,2023-10-14,App,Hyderabad,Delivered,Credit Card,Morning 6-10 AM,,0.0,752.59,752.59
ORD001016,CUST00219,2023-01-13,1,1,2023-01-16,App,Hyderabad,Delivered,UPI,Morning 6-10 AM,,0.0,489.36,489.36
ORD001017,CUST00219,2023-01-25,1,1,2023-01-28,Web,Hyderabad,Delivered,UPI,Evening 4-8 PM,,0.0,1568.87,1568.87
ORD001018,CUST00219,2023-06-18,6,2,2023-06-19,App,Hyderabad,Delivered,Credit Card,Evening 4-8 PM,,0.0,2215.33,2215.33
ORD001019,CUST00219,2023-09-06,9,3,2023-09-08,App,Hyderabad,Delivered,Credit Card,Afternoon 10-2 PM,,0.0,1115.17,1115.17
ORD001020,CUST00219,2023-03-25,3,1,2023-03-27,App,Hyderabad,Delivered,UPI,Evening 4-8 PM,,0.0,2051.98,2051.98
ORD001021,CUST00219,2023-02-07,2,1,2023-02-09,App,Hyderabad,Delivered,UPI,Morning 6-10 AM,,0.0,1173.55,1173.55
ORD001022,CUST00219,2023-02-11,2,1,2023-02-14,App,Hyderabad,Delivered,Credit Card,Evening 4-8 PM,,0.0,195.18,195.18
ORD001023,CUST00219,2023-07-05,7,3,2023-07-08,Kiosk,Hyderabad,Delivered,Credit Card,Evening 4-8 PM,,0.0,580.42,580.42
ORD001024,CUST00219,2023-05-17,5,2,2023-05-18,App,Hyderabad,Returned,Debit Card,Evening 4-8 PM,,0.0,1423.64,336.45
ORD001025,CUST00219,2023-01-02,1,1,,Web,Hyderabad,Cancelled,UPI,Morning 6-10 AM,,0.0,1395.23,0.0
ORD001026,CUST00219,2023-08-08,8,3,2023-08-10,Web,Hyderabad,Delivered,UPI,Evening 4-8 PM,,0.0,7508.73,7508.73
ORD001027,CUST00222,2023-12-25,12,4,2023-12-26,Web,Delhi,Delivered,UPI,Afternoon 10-2 PM,,0.0,697.96,697.96
ORD001028,CUST00222,2023-09-19,9,3,2023-09-20,App,Delhi,Delivered,UPI,Late Night 8-11 PM,,0.0,1776.52,1776.52
ORD001029,CUST00222,2023-04-15,4,2,2023-04-16,App,Delhi,Delivered,UPI,Afternoon 10-2 PM,,0.0,1384.52,1384.52
ORD001030,CUST00222,2023-08-13,8,3,2023-08-15,App,Delhi,Delivered,COD,Morning 6-10 AM,,0.0,241.93,241.93
ORD001031,CUST00223,2023-11-12,11,4,2023-11-14,Web,Delhi,Delivered,Credit Card,Evening 4-8 PM,,0.0,2605.75,2605.75
ORD001032,CUST00223,2023-10-24,10,4,2023-10-25,App,Delhi,Delivered,UPI,Late Night 8-11 PM,DUSSEHRA23,270.38,3297.11,3026.73
ORD001033,CUST00223,2023-12-03,12,4,2023-12-05,Web,Delhi,Delivered,UPI,Late Night 8-11 PM,,0.0,1177.24,1177.24
ORD001034,CUST00223,2023-10-10,10,4,2023-10-12,App,Delhi,Delivered,Debit Card,Afternoon 10-2 PM,,0.0,3289.81,3289.81
ORD001035,CUST00223,2023-07-15,7,3,2023-07-18,Web,Delhi,Delivered,Wallet,Morning 6-10 AM,,0.0,1257.17,1257.17
ORD001036,CUST00223,2023-10-24,10,4,2023-10-25,App,Delhi,Delivered,UPI,Late Night 8-11 PM,,0.0,4416.94,4416.94
ORD001037,CUST00223,2023-05-24,5,2,2023-05-27,Web,Delhi,Delivered,UPI,Morning 6-10 AM,,0.0,620.28,620.28
ORD001038,CUST00223,2023-05-03,5,2,,App,Delhi,Cancelled,UPI,Morning 6-10 AM,,0.0,198.15,0.0
ORD001039,CUST00223,2023-12-04,12,4,2023-12-07,App,Delhi,Delivered,UPI,Evening 4-8 PM,,0.0,1315.51,1315.51
ORD001040,CUST00223,2023-08-08,8,3,2023-08-11,App,Delhi,Delivered,COD,Evening 4-8 PM,,0.0,1629.55,1629.55
ORD001041,CUST00223,2023-03-24,3,1,2023-03-26,App,Delhi,Delivered,Credit Card,Afternoon 10-2 PM,,0.0,1449.34,1449.34
ORD001042,CUST00223,2023-09-15,9,3,,App,Delhi,Cancelled,Wallet,Morning 6-10 AM,,0.0,1272.75,0.0
ORD001043,CUST00223,2023-10-12,10,4,2023-10-15,Kiosk,Delhi,Delivered,UPI,Morning 6-10 AM,,0.0,3184.21,3184.21
ORD001044,CUST00223,2023-08-24,8,3,2023-08-26,App,Delhi,Delivered,Wallet,Afternoon 10-2 PM,,0.0,1433.86,1433.86
ORD001045,CUST00223,2023-01-26,1,1,2023-01-27,App,Delhi,Delivered,UPI,Evening 4-8 PM,,0.0,2753.52,2753.52
ORD001046,CUST00223,2023-01-02,1,1,2023-01-04,Web,Delhi,Delivered,COD,Evening 4-8 PM,,0.0,598.72,598.72
ORD001047,CUST00223,2023-08-24,8,3,,Kiosk,Delhi,Cancelled,UPI,Evening 4-8 PM,,0.0,1970.48,0.0
ORD001048,CUST00224,2023-08-05,8,3,2023-08-07,App,Jaipur,Delivered,UPI,Afternoon 10-2 PM,,0.0,618.83,618.83
ORD001049,CUST00224,2023-09-16,9,3,2023-09-18,App,Jaipur,Delivered,COD,Morning 6-10 AM,,0.0,2941.53,2941.53
ORD001050,CUST00224,2023-03-25,3,1,2023-03-27,App,Jaipur,Delivered,UPI,Morning 6-10 AM,,0.0,2443.68,2443.68
ORD001051,CUST00224,2023-10-07,10,4,2023-10-10,Web,Jaipur,Delivered,Credit Card,Morning 6-10 AM,,0.0,880.82,880.82
ORD001052,CUST00224,2023-11-09,11,4,2023-11-10,App,Jaipur,Returned,Credit Card,Morning 6-10 AM,,0.0,3667.32,3459.49
ORD001053,CUST00224,2023-09-29,9,3,2023-10-02,App,Jaipur,Delivered,UPI,Afternoon 10-2 PM,,0.0,955.7,955.7
ORD001054,CUST00224,2023-05-13,5,2,2023-05-15,App,Jaipur,Delivered,Credit Card,Afternoon 10-2 PM,,0.0,2132.78,2132.78
ORD001055,CUST00224,2023-10-01,10,4,2023-10-04,App,Jaipur,Delivered,COD,Morning 6-10 AM,,0.0,3358.27,3358.27
ORD001056,CUST00224,2023-11-21,11,4,2023-11-23,App,Jaipur,Delivered,UPI,Morning 6-10 AM,,0.0,243.03,243.03
ORD001057,CUST00224,2023-12-27,12,4,2023-12-29,Web,Jaipur,Delivered,UPI,Morning 6-10 AM,,0.0,1139.67,1139.67
ORD001058,CUST00224,2023-11-22,11,4,2023-11-23,App,Jaipur,Delivered,UPI,,,0.0,1645.35,1645.35
ORD001059,CUST00224,2023-08-16,8,3,2023-08-17,Kiosk,Jaipur,Delivered,Credit Card,Morning 6-10 AM,,0.0,692.31,692.31
ORD001060,CUST00224,2023-03-06,3,1,2023-03-07,Web,Jaipur,Delivered,Credit Card,Afternoon 10-2 PM,,0.0,1838.99,1838.99
ORD001061,CUST00224,2023-06-13,6,2,2023-06-16,Kiosk,Jaipur,Delivered,UPI,Evening 4-8 PM,,0.0,2039.87,2039.87
ORD001062,CUST00224,2023-02-09,2,1,2023-02-11,App,Jaipur,Delivered,Wallet,Evening 4-8 PM,,0.0,628.15,628.15
ORD001063,CUST00224,2023-03-12,3,1,2023-03-13,App,Jaipur,Delivered,UPI,Evening 4-8 PM,,0.0,468.2,468.2
ORD001064,CUST00224,2023-03-23,3,1,2023-03-25,Web,Jaipur,Delivered,UPI,Evening 4-8 PM,,0.0,1219.55,1219.55
ORD001065,CUST00224,2023-08-11,8,3,2023-08-13,App,Jaipur,Delivered,COD,Late Night 8-11 PM,,0.0,3032.95,3032.95
ORD001066,CUST00224,2023-07-25,7,3,2023-07-27,App,Jaipur,Delivered,UPI,Afternoon 10-2 PM,,0.0,1402.72,1402.72
ORD001067,CUST00224,2023-03-13,3,1,2023-03-15,App,Jaipur,Delivered,Credit Card,Evening 4-8 PM,,0.0,1889.59,1889.59
ORD001068,CUST00224,2023-11-20,11,4,2023-11-22,Web,Jaipur,Delivered,Debit Card,Morning 6-10 AM,BIGSALE23,35.59,583.03,547.44
ORD001069,CUST00224,2023-07-25,7,3,2023-07-26,App,Jaipur,Delivered,Credit Card,Morning 6-10 AM,,0.0,1823.61,1823.61
ORD001070,CUST00224,2023-08-04,8,3,2023-08-06,App,Jaipur,Delivered,UPI,Morning 6-10 AM,,0.0,3160.6,3160.6
ORD001071,CUST00224,2023-02-23,2,1,2023-02-26,App,Jaipur,Delivered,Debit Card,Late Night 8-11 PM,,0.0,1448.99,1448.99
ORD001072,CUST00226,2023-10-03,10,4,2023-10-06,Kiosk,Bengaluru,Delivered,Credit Card,Evening 4-8 PM,,0.0,551.47,551.47
ORD001073,CUST00228,2023-11-07,11,4,2023-11-10,App,Hyderabad,Delivered,UPI,Evening 4-8 PM,,0.0,491.81,491.81
ORD001074,CUST00228,2023-08-04,8,3,2023-08-06,App,Hyderabad,Delivered,UPI,Morning 6-10 AM,,0.0,453.42,453.42
ORD001075,CUST00228,2023-07-10,7,3,2023-07-13,Web,Hyderabad,Delivered,UPI,Late Night 8-11 PM,,0.0,1505.62,1505.62
ORD001076,CUST00228,2023-02-10,2,1,2023-02-11,Web,Hyderabad,Delivered,Credit Card,Afternoon 10-2 PM,,0.0,1006.86,1006.86
ORD001077,CUST00228,2023-11-28,11,4,2023-11-30,App,Hyderabad,Delivered,UPI,Evening 4-8 PM,,0.0,4613.8,4613.8
ORD001078,CUST00228,2023-07-19,7,3,2023-07-20,App,Hyderabad,Delivered,Debit Card,Morning 6-10 AM,,0.0,3025.44,3025.44
ORD001079,CUST00228,2023-10-18,10,4,2023-10-21,App,Hyderabad,Delivered,UPI,Morning 6-10 AM,,0.0,4864.45,4864.45
ORD001080,CUST00228,2023-10-31,10,4,2023-11-01,App,Hyderabad,Delivered,Wallet,Late Night 8-11 PM,,0.0,2840.88,2840.88
ORD001081,CUST00228,2023-02-19,2,1,2023-02-21,App,Hyderabad,Delivered,UPI,Afternoon 10-2 PM,,0.0,886.6,886.6
ORD001082,CUST00228,2023-11-30,11,4,2023-12-03,Web,Hyderabad,Delivered,UPI,Evening 4-8 PM,,0.0,3414.44,3414.44
ORD001083,CUST00228,2023-03-08,3,1,2023-03-09,Web,Hyderabad,Delivered,Credit Card,Late Night 8-11 PM,,0.0,1855.05,1855.05
ORD001084,CUST00228,2023-01-29,1,1,2023-01-31,Kiosk,Hyderabad,Delivered,UPI,Afternoon 10-2 PM,,0.0,2087.45,2087.45
ORD001085,CUST00230,2023-10-19,10,4,2023-10-21,App,Bengaluru,Delivered,UPI,Evening 4-8 PM,,0.0,212.18,212.18
ORD001086,CUST00231,2023-09-11,9,3,2023-09-12,Web,Mumbai,Delivered,UPI,Evening 4-8 PM,,0.0,1084.84,1084.84
ORD001087,CUST00231,2023-07-28,7,3,2023-07-29,App,Mumbai,Delivered,Credit Card,Afternoon 10-2 PM,,0.0,911.72,911.72
ORD001088,CUST00231,2023-11-27,11,4,2023-11-29,Web,Mumbai,Delivered,UPI,Late Night 8-11 PM,,0.0,360.86,360.86
ORD001089,CUST00231,2023-04-09,4,2,2023-04-11,Web,Mumbai,Returned,Debit Card,Morning 6-10 AM,,0.0,742.01,233.33
ORD001090,CUST00231,2023-01-08,1,1,2023-01-11,App,Mumbai,Delivered,Credit Card,Afternoon 10-2 PM,,0.0,67.91,67.91
ORD001091,CUST00231,2023-10-03,10,4,2023-10-05,App,Mumbai,Delivered,Credit Card,Late Night 8-11 PM,,0.0,1447.07,1447.07
ORD001092,CUST00231,2023-10-16,10,4,2023-10-18,App,Mumbai,Delivered,UPI,Morning 6-10 AM,,0.0,2994.74,2994.74
ORD001093,CUST00233,2023-09-29,9,3,2023-09-30,Web,Bengaluru,Delivered,UPI,,,0.0,1660.34,1660.34
ORD001094,CUST00233,2023-05-21,5,2,2023-05-24,App,Bengaluru,Delivered,Debit Card,Evening 4-8 PM,,0.0,557.31,557.31
ORD001095,CUST00233,2023-09-11,9,3,2023-09-14,App,Bengaluru,Delivered,Credit Card,Morning 6-10 AM,,0.0,747.73,747.73
ORD001096,CUST00233,2023-03-16,3,1,2023-03-18,App,Bengaluru,Delivered,Debit Card,Afternoon 10-2 PM,,0.0,842.23,842.23
ORD001097,CUST00233,2023-12-21,12,4,2023-12-23,App,Bengaluru,Delivered,Debit Card,Morning 6-10 AM,,0.0,1450.51,1450.51
ORD001098,CUST00233,2023-08-21,8,3,2023-08-23,Web,Bengaluru,Delivered,Debit Card,Evening 4-8 PM,,0.0,1564.95,1564.95
ORD001099,CUST00233,2023-03-18,3,1,2023-03-19,Web,Bengaluru,Delivered,COD,Morning 6-10 AM,,0.0,341.58,341.58
ORD001100,CUST00233,2023-10-16,10,4,2023-10-17,App,Bengaluru,Delivered,Credit Card,Evening 4-8 PM,,0.0,1190.42,1190.42
ORD001101,CUST00234,2023-01-17,1,1,2023-01-18,App,Hyderabad,Delivered,UPI,Late Night 8-11 PM,,0.0,1043.45,1043.45
ORD001102,CUST00234,2023-10-24,10,4,2023-10-26,App,Hyderabad,Delivered,Credit Card,Morning 6-10 AM,DUSSEHRA23,63.26,381.76,318.5
ORD001103,CUST00234,2023-09-17,9,3,2023-09-18,App,Hyderabad,Delivered,Wallet,Morning 6-10 AM,,0.0,1647.78,1647.78
ORD001104,CUST00234,2023-05-26,5,2,2023-05-29,App,Hyderabad,Delivered,UPI,Afternoon 10-2 PM,,0.0,1201.09,1201.09
ORD001105,CUST00234,2023-02-15,2,1,2023-02-17,Web,Hyderabad,Delivered,Credit Card,Morning 6-10 AM,,0.0,649.67,649.67
ORD001106,CUST00234,2023-07-13,7,3,2023-07-15,App,Hyderabad,Delivered,UPI,Evening 4-8 PM,,0.0,663.94,663.94
ORD001107,CUST00234,2023-05-21,5,2,,Web,Hyderabad,Cancelled,Debit Card,Afternoon 10-2 PM,,0.0,1357.25,0.0
ORD001108,CUST00234,2023-11-30,11,4,2023-12-01,Kiosk,Hyderabad,Delivered,UPI,Morning 6-10 AM,,0.0,1719.23,1719.23
ORD001109,CUST00234,2023-10-04,10,4,,Web,Hyderabad,Cancelled,UPI,Morning 6-10 AM,,0.0,780.56,0.0
ORD001110,CUST00234,2023-08-30,8,3,2023-09-02,Web,Hyderabad,Delivered,COD,Morning 6-10 AM,,0.0,1113.53,1113.53
ORD001111,CUST00234,2023-04-04,4,2,2023-04-06,Web,Hyderabad,Returned,UPI,Evening 4-8 PM,,0.0,1580.6,75.45
ORD001112,CUST00234,2023-05-15,5,2,2023-05-17,Kiosk,Hyderabad,Delivered,Credit Card,Morning 6-10 AM,,0.0,2582.27,2582.27
ORD001113,CUST00234,2023-01-27,1,1,2023-01-30,App,Hyderabad,Delivered,UPI,Morning 6-10 AM,,0.0,2527.29,2527.29
ORD001114,CUST00237,2023-01-11,1,1,2023-01-12,Kiosk,Mumbai,Delivered,UPI,Morning 6-10 AM,,0.0,350.01,350.01
ORD001115,CUST00239,2023-05-11,5,2,2023-05-13,Web,Bengaluru,Delivered,COD,Morning 6-10 AM,,0.0,904.98,904.98
ORD001116,CUST00239,2023-03-20,3,1,2023-03-21,Web,Bengaluru,Delivered,Credit Card,Morning 6-10 AM,,0.0,1904.27,1904.27
ORD001117,CUST00239,2023-09-04,9,3,2023-09-07,Kiosk,Bengaluru,Delivered,Debit Card,Evening 4-8 PM,,0.0,1332.75,1332.75
ORD001118,CUST00239,2023-09-13,9,3,2023-09-16,App,Bengaluru,Delivered,Debit Card,Evening 4-8 PM,,0.0,1612.9,1612.9
ORD001119,CUST00239,2023-04-10,4,2,2023-04-11,Web,Bengaluru,Delivered,COD,Morning 6-10 AM,,0.0,817.64,817.64
ORD001120,CUST00239,2023-12-14,12,4,2023-12-17,App,Bengaluru,Delivered,UPI,Afternoon 10-2 PM,,0.0,476.72,476.72
ORD001121,CUST00239,2023-10-19,10,4,,App,Bengaluru,Cancelled,COD,Evening 4-8 PM,,0.0,690.44,0.0
ORD001122,CUST00239,2023-06-30,6,2,2023-07-02,App,Bengaluru,Delivered,Credit Card,Morning 6-10 AM,,0.0,738.3,738.3
ORD001123,CUST00239,2023-10-06,10,4,2023-10-07,Kiosk,Bengaluru,Delivered,Wallet,Afternoon 10-2 PM,,0.0,38.72,38.72
ORD001124,CUST00240,2023-08-17,8,3,2023-08-19,Web,Hyderabad,Delivered,UPI,Evening 4-8 PM,,0.0,848.24,848.24
ORD001125,CUST00240,2023-02-02,2,1,2023-02-03,App,Hyderabad,Delivered,UPI,Afternoon 10-2 PM,,0.0,473.16,473.16
ORD001126,CUST00241,2023-03-14,3,1,2023-03-16,App,Delhi,Delivered,UPI,Morning 6-10 AM,,0.0,2378.83,2378.83
ORD001127,CUST00241,2023-06-07,6,2,2023-06-09,Web,Delhi,Delivered,UPI,Evening 4-8 PM,,0.0,1570.3,1570.3
ORD001128,CUST00241,2023-01-29,1,1,2023-02-01,App,Delhi,Delivered,Credit Card,Late Night 8-11 PM,,0.0,2071.44,2071.44
ORD001129,CUST00241,2023-08-04,8,3,2023-08-06,App,Delhi,Delivered,UPI,Late Night 8-11 PM,,0.0,756.55,756.55
ORD001130,CUST00241,2023-11-03,11,4,2023-11-04,Web,Delhi,Delivered,Credit Card,Afternoon 10-2 PM,,0.0,1210.77,1210.77
ORD001131,CUST00241,2023-12-29,12,4,2023-12-31,Kiosk,Delhi,Delivered,UPI,,,0.0,1576.67,1576.67
ORD001132,CUST00241,2023-09-21,9,3,2023-09-22,App,Delhi,Delivered,UPI,Morning 6-10 AM,,0.0,108.79,108.79
ORD001133,CUST00241,2023-12-09,12,4,2023-12-11,Web,Delhi,Delivered,Credit Card,Morning 6-10 AM,,0.0,2015.17,2015.17
ORD001134,CUST00241,2023-06-16,6,2,2023-06-19,App,Delhi,Delivered,UPI,Evening 4-8 PM,,0.0,1570.89,1570.89
ORD001135,CUST00241,2023-11-08,11,4,2023-11-10,Web,Delhi,Delivered,UPI,Evening 4-8 PM,,0.0,901.59,901.59
ORD001136,CUST00241,2023-11-30,11,4,,Web,Delhi,Cancelled,Debit Card,Afternoon 10-2 PM,,0.0,91.26,0.0
ORD001137,CUST00241,2023-10-22,10,4,2023-10-24,Web,Delhi,Returned,UPI,Afternoon 10-2 PM,,0.0,1042.27,186.51
ORD001138,CUST00241,2023-04-28,4,2,,App,Delhi,Cancelled,UPI,Evening 4-8 PM,,0.0,210.7,0.0
ORD001139,CUST00241,2023-12-12,12,4,2023-12-13,App,Delhi,Returned,UPI,Evening 4-8 PM,,0.0,3554.85,290.34
ORD001140,CUST00241,2023-04-09,4,2,2023-04-12,App,Delhi,Delivered,Credit Card,Late Night 8-11 PM,,0.0,3582.12,3582.12
ORD001141,CUST00241,2023-02-23,2,1,2023-02-26,Web,Delhi,Delivered,UPI,Afternoon 10-2 PM,,0.0,875.63,875.63
ORD001142,CUST00241,2023-08-24,8,3,,Web,Delhi,Cancelled,Wallet,Evening 4-8 PM,,0.0,5276.73,0.0
ORD001143,CUST00241,2023-05-19,5,2,2023-05-22,Kiosk,Delhi,Delivered,Debit Card,Morning 6-10 AM,,0.0,56.05,56.05
ORD001144,CUST00241,2023-07-10,7,3,2023-07-12,App,Delhi,Delivered,UPI,Afternoon 10-2 PM,,0.0,958.79,958.79
ORD001145,CUST00241,2023-04-09,4,2,2023-04-10,App,Delhi,Returned,Credit Card,Late Night 8-11 PM,,0.0,344.38,23.48
ORD001146,CUST00241,2023-06-22,6,2,2023-06-23,App,Delhi,Delivered,Credit Card,Evening 4-8 PM,,0.0,1085.6,1085.6
ORD001147,CUST00241,2023-05-04,5,2,2023-05-05,App,Delhi,Delivered,UPI,Evening 4-8 PM,,0.0,1109.6,1109.6
ORD001148,CUST00241,2023-03-02,3,1,2023-03-04,App,Delhi,Returned,UPI,Afternoon 10-2 PM,,0.0,1531.68,243.44
ORD001149,CUST00243,2023-06-21,6,2,2023-06-23,Web,Pune,Delivered,Credit Card,Evening 4-8 PM,,0.0,156.95,156.95
ORD001150,CUST00245,2023-04-15,4,2,2023-04-18,Web,Bengaluru,Delivered,UPI,Afternoon 10-2 PM,,0.0,686.43,686.43
ORD001151,CUST00245,2023-09-28,9,3,,Web,Bengaluru,Cancelled,UPI,Afternoon 10-2 PM,,0.0,372.24,0.0
ORD001152,CUST00245,2023-10-22,10,4,2023-10-24,App,Bengaluru,Delivered,UPI,Morning 6-10 AM,DUSSEHRA23,118.25,690.29,572.04
ORD001153,CUST00245,2023-07-23,7,3,2023-07-25,App,Bengaluru,Delivered,UPI,Evening 4-8 PM,,0.0,125.6,125.6
ORD001154,CUST00245,2023-10-23,10,4,2023-10-25,App,Bengaluru,Delivered,Credit Card,Evening 4-8 PM,,0.0,214.32,214.32
ORD001155,CUST00245,2023-11-08,11,4,2023-11-09,App,Bengaluru,Delivered,Credit Card,Late Night 8-11 PM,,0.0,659.12,659.12
ORD001156,CUST00245,2023-10-18,10,4,2023-10-19,App,Bengaluru,Delivered,UPI,Afternoon 10-2 PM,,0.0,661.64,661.64
ORD001157,CUST00246,2023-03-18,3,1,2023-03-20,Web,Mumbai,Delivered,Credit Card,Morning 6-10 AM,,0.0,636.24,636.24
ORD001158,CUST00246,2023-10-05,10,4,2023-10-08,Web,Mumbai,Delivered,Credit Card,Afternoon 10-2 PM,,0.0,1075.29,1075.29
ORD001159,CUST00246,2023-03-20,3,1,2023-03-22,App,Mumbai,Delivered,UPI,Afternoon 10-2 PM,,0.0,180.82,180.82
ORD001160,CUST00246,2023-10-03,10,4,2023-10-06,Kiosk,Mumbai,Delivered,UPI,Morning 6-10 AM,,0.0,102.96,102.96
ORD001161,CUST00247,2023-04-30,4,2,,Web,Bengaluru,Cancelled,UPI,Evening 4-8 PM,,0.0,224.7,0.0
ORD001162,CUST00247,2023-06-16,6,2,2023-06-17,Web,Bengaluru,Returned,Credit Card,Afternoon 10-2 PM,,0.0,367.8,114.22
ORD001163,CUST00247,2023-04-21,4,2,2023-04-23,Web,Bengaluru,Delivered,Debit Card,Morning 6-10 AM,,0.0,495.34,495.34
ORD001164,CUST00249,2023-05-22,5,2,2023-05-24,App,Mumbai,Delivered,Credit Card,Late Night 8-11 PM,,0.0,2549.24,2549.24
ORD001165,CUST00249,2023-11-25,11,4,2023-11-27,Web,Mumbai,Delivered,COD,Evening 4-8 PM,,0.0,1260.76,1260.76
ORD001166,CUST00249,2023-01-29,1,1,2023-01-30,Web,Mumbai,Delivered,UPI,Evening 4-8 PM,,0.0,1342.82,1342.82
ORD001167,CUST00249,2023-07-29,7,3,2023-07-30,App,Mumbai,Returned,Credit Card,Evening 4-8 PM,,0.0,1083.57,580.27
ORD001168,CUST00251,2023-07-06,7,3,2023-07-07,Web,Hyderabad,Delivered,Debit Card,Afternoon 10-2 PM,,0.0,2833.06,2833.06
ORD001169,CUST00251,2023-01-14,1,1,2023-01-17,App,Hyderabad,Delivered,UPI,Afternoon 10-2 PM,,0.0,2756.58,2756.58
ORD001170,CUST00251,2023-05-15,5,2,,App,Hyderabad,Cancelled,COD,Morning 6-10 AM,,0.0,230.25,0.0
ORD001171,CUST00251,2023-04-25,4,2,2023-04-26,Web,Hyderabad,Returned,Credit Card,Afternoon 10-2 PM,,0.0,1930.53,695.52
ORD001172,CUST00251,2023-11-15,11,4,2023-11-17,App,Hyderabad,Delivered,Debit Card,Afternoon 10-2 PM,DIWALI23SUPER,135.8,755.02,619.22
ORD001173,CUST00251,2023-12-14,12,4,2023-12-16,App,Hyderabad,Delivered,Wallet,Morning 6-10 AM,,0.0,1371.19,1371.19
ORD001174,CUST00254,2023-07-19,7,3,2023-07-20,App,Mumbai,Delivered,Credit Card,Morning 6-10 AM,,0.0,742.68,742.68
ORD001175,CUST00255,2023-01-02,1,1,2023-01-04,Web,Hyderabad,Delivered,UPI,Late Night 8-11 PM,NY2023,55.14,451.5,396.36
ORD001176,CUST00255,2023-10-11,10,4,2023-10-14,Kiosk,Hyderabad,Delivered,UPI,Evening 4-8 PM,,0.0,454.89,454.89
ORD001177,CUST00255,2023-12-17,12,4,2023-12-18,Web,Hyderabad,Delivered,Debit Card,Morning 6-10 AM,,0.0,1837.41,1837.41
ORD001178,CUST00257,2023-04-29,4,2,2023-04-30,App,Mumbai,Delivered,UPI,Evening 4-8 PM,,0.0,1695.27,1695.27
ORD001179,CUST00257,2023-08-18,8,3,2023-08-21,App,Mumbai,Delivered,UPI,Evening 4-8 PM,,0.0,627.92,627.92
ORD001180,CUST00257,2023-06-05,6,2,2023-06-08,App,Mumbai,Delivered,UPI,Late Night 8-11 PM,,0.0,2151.14,2151.14
ORD001181,CUST00257,2023-04-19,4,2,,App,Mumbai,Cancelled,Credit Card,Morning 6-10 AM,,0.0,1399.24,0.0
ORD001182,CUST00257,2023-07-26,7,3,2023-07-28,App,Mumbai,Delivered,Credit Card,Morning 6-10 AM,,0.0,1681.42,1681.42
ORD001183,CUST00257,2023-12-24,12,4,2023-12-25,App,Mumbai,Delivered,UPI,Morning 6-10 AM,,0.0,685.45,685.45
ORD001184,CUST00257,2023-05-01,5,2,2023-05-03,Web,Mumbai,Delivered,Debit Card,Morning 6-10 AM,,0.0,2346.84,2346.84
ORD001185,CUST00257,2023-10-03,10,4,2023-10-06,App,Mumbai,Delivered,Credit Card,Morning 6-10 AM,,0.0,4070.16,4070.16
ORD001186,CUST00257,2023-06-23,6,2,2023-06-24,App,Mumbai,Delivered,Debit Card,Evening 4-8 PM,,0.0,3199.0,3199.0
ORD001187,CUST00257,2023-04-18,4,2,2023-04-19,Web,Mumbai,Delivered,UPI,Afternoon 10-2 PM,,0.0,1503.67,1503.67
ORD001188,CUST00257,2023-04-15,4,2,2023-04-17,App,Mumbai,Delivered,Debit Card,Evening 4-8 PM,,0.0,2212.22,2212.22
ORD001189,CUST00257,2023-06-13,6,2,2023-06-14,Kiosk,Mumbai,Delivered,UPI,Morning 6-10 AM,,0.0,574.81,574.81
ORD001190,CUST00257,2023-02-19,2,1,2023-02-21,App,Mumbai,Delivered,Debit Card,Afternoon 10-2 PM,,0.0,1846.68,1846.68
ORD001191,CUST00257,2023-03-26,3,1,,App,Mumbai,Cancelled,COD,Afternoon 10-2 PM,,0.0,1851.92,0.0
ORD001192,CUST00257,2023-12-30,12,4,2024-01-02,Web,Mumbai,Delivered,Debit Card,Evening 4-8 PM,XMAS23,145.49,889.15,743.66
ORD001193,CUST00257,2023-03-29,3,1,2023-03-31,App,Mumbai,Delivered,Credit Card,Evening 4-8 PM,,0.0,2809.49,2809.49
ORD001194,CUST00257,2023-04-06,4,2,2023-04-09,App,Mumbai,Delivered,UPI,Morning 6-10 AM,,0.0,1116.2,1116.2
ORD001195,CUST00258,2023-08-20,8,3,2023-08-23,App,Pune,Delivered,Debit Card,Evening 4-8 PM,,0.0,68.78,68.78
ORD001196,CUST00258,2023-08-26,8,3,2023-08-29,App,Pune,Delivered,Credit Card,Afternoon 10-2 PM,,0.0,382.55,382.55
ORD001197,CUST00262,2023-03-11,3,1,2023-03-13,Web,Delhi,Delivered,Wallet,Evening 4-8 PM,,0.0,3666.8,3666.8
ORD001198,CUST00262,2023-02-02,2,1,2023-02-03,App,Delhi,Delivered,UPI,Late Night 8-11 PM,,0.0,2101.27,2101.27
ORD001199,CUST00262,2023-08-16,8,3,2023-08-17,App,Delhi,Delivered,UPI,Evening 4-8 PM,,0.0,1011.22,1011.22
ORD001200,CUST00262,2023-09-07,9,3,2023-09-10,Kiosk,Delhi,Delivered,Wallet,Afternoon 10-2 PM,,0.0,1904.6,1904.6
ORD001201,CUST00262,2023-06-20,6,2,2023-06-21,App,Delhi,Delivered,Wallet,Afternoon 10-2 PM,,0.0,186.37,186.37
ORD001202,CUST00262,2023-12-27,12,4,2023-12-29,Web,Delhi,Delivered,UPI,Evening 4-8 PM,,0.0,669.44,669.44
ORD001203,CUST00262,2023-08-20,8,3,2023-08-22,App,Delhi,Delivered,UPI,Evening 4-8 PM,,0.0,513.47,513.47
ORD001204,CUST00263,2023-05-19,5,2,2023-05-20,App,Mumbai,Delivered,UPI,Morning 6-10 AM,,0.0,309.12,309.12
ORD001205,CUST00263,2023-03-20,3,1,2023-03-22,Kiosk,Mumbai,Delivered,Debit Card,Evening 4-8 PM,,0.0,1032.62,1032.62
ORD001206,CUST00263,2023-12-13,12,4,2023-12-14,Kiosk,Mumbai,Delivered,Credit Card,Evening 4-8 PM,,0.0,242.21,242.21
ORD001207,CUST00263,2023-09-23,9,3,,App,Mumbai,Cancelled,Debit Card,Late Night 8-11 PM,,0.0,2134.22,0.0
ORD001208,CUST00264,2023-08-10,8,3,2023-08-11,Web,Mumbai,Delivered,UPI,Afternoon 10-2 PM,,0.0,1204.62,1204.62
ORD001209,CUST00264,2023-07-16,7,3,2023-07-18,App,Mumbai,Delivered,Credit Card,Morning 6-10 AM,,0.0,1571.32,1571.32
ORD001210,CUST00264,2023-07-13,7,3,2023-07-14,Web,Mumbai,Delivered,Credit Card,Afternoon 10-2 PM,,0.0,1318.85,1318.85
ORD001211,CUST00264,2023-01-30,1,1,2023-02-02,Web,Mumbai,Delivered,Credit Card,Afternoon 10-2 PM,,0.0,2185.65,2185.65
ORD001212,CUST00264,2023-11-30,11,4,2023-12-03,Web,Mumbai,Delivered,UPI,Morning 6-10 AM,,0.0,180.81,180.81
ORD001213,CUST00264,2023-06-03,6,2,2023-06-06,App,Mumbai,Delivered,UPI,Afternoon 10-2 PM,,0.0,1303.04,1303.04
ORD001214,CUST00264,2023-01-01,1,1,2023-01-02,Kiosk,Mumbai,Delivered,COD,Evening 4-8 PM,,0.0,1301.99,1301.99
ORD001215,CUST00264,2023-09-26,9,3,2023-09-27,Web,Mumbai,Delivered,UPI,Morning 6-10 AM,,0.0,1691.95,1691.95
ORD001216,CUST00264,2023-04-15,4,2,,App,Mumbai,Cancelled,Debit Card,Afternoon 10-2 PM,,0.0,1602.88,0.0
ORD001217,CUST00264,2023-11-29,11,4,2023-11-30,App,Mumbai,Delivered,Credit Card,Morning 6-10 AM,,0.0,1219.56,1219.56
ORD001218,CUST00264,2023-09-07,9,3,2023-09-10,App,Mumbai,Delivered,UPI,Afternoon 10-2 PM,,0.0,1885.41,1885.41
ORD001219,CUST00264,2023-08-02,8,3,2023-08-03,App,Mumbai,Returned,Wallet,Evening 4-8 PM,,0.0,2565.2,1710.03
ORD001220,CUST00264,2023-01-29,1,1,,App,Mumbai,Cancelled,COD,Evening 4-8 PM,,0.0,1709.34,0.0
ORD001221,CUST00264,2023-07-12,7,3,2023-07-13,Web,Mumbai,Delivered,UPI,Afternoon 10-2 PM,,0.0,572.38,572.38
ORD001222,CUST00264,2023-08-30,8,3,2023-08-31,App,Mumbai,Delivered,UPI,Late Night 8-11 PM,,0.0,1145.27,1145.27
ORD001223,CUST00264,2023-03-04,3,1,2023-03-05,App,Mumbai,Delivered,Credit Card,Afternoon 10-2 PM,,0.0,2606.41,2606.41
ORD001224,CUST00265,2023-01-30,1,1,2023-01-31,App,Hyderabad,Returned,UPI,Afternoon 10-2 PM,,0.0,1273.76,1095.63
ORD001225,CUST00269,2023-06-07,6,2,2023-06-10,App,Ahmedabad,Delivered,UPI,Evening 4-8 PM,,0.0,616.58,616.58
ORD001226,CUST00269,2023-09-30,9,3,2023-10-01,Web,Ahmedabad,Delivered,UPI,Morning 6-10 AM,,0.0,1118.36,1118.36
ORD001227,CUST00269,2023-07-15,7,3,2023-07-18,Web,Ahmedabad,Delivered,UPI,Afternoon 10-2 PM,,0.0,1382.55,1382.55
ORD001228,CUST00269,2023-02-22,2,1,2023-02-23,App,Ahmedabad,Delivered,UPI,Morning 6-10 AM,,0.0,767.67,767.67
ORD001229,CUST00269,2023-08-24,8,3,2023-08-27,Web,Ahmedabad,Delivered,Debit Card,Morning 6-10 AM,,0.0,385.74,385.74
ORD001230,CUST00269,2023-03-28,3,1,2023-03-29,App,Ahmedabad,Delivered,UPI,Morning 6-10 AM,,0.0,1056.39,1056.39
ORD001231,CUST00269,2023-04-01,4,2,,App,Ahmedabad,Cancelled,COD,Evening 4-8 PM,,0.0,780.04,0.0
ORD001232,CUST00269,2023-11-02,11,4,2023-11-03,App,Ahmedabad,Delivered,COD,Morning 6-10 AM,,0.0,1094.01,1094.01
ORD001233,CUST00269,2023-12-27,12,4,2023-12-29,App,Ahmedabad,Returned,Wallet,Afternoon 10-2 PM,,0.0,1134.87,287.52
ORD001234,CUST00269,2023-07-06,7,3,2023-07-07,Web,Ahmedabad,Delivered,Wallet,Morning 6-10 AM,,0.0,918.67,918.67
ORD001235,CUST00269,2023-12-20,12,4,2023-12-21,Web,Ahmedabad,Delivered,UPI,Late Night 8-11 PM,,0.0,1239.46,1239.46
ORD001236,CUST00269,2023-08-04,8,3,2023-08-06,Kiosk,Ahmedabad,Delivered,UPI,Evening 4-8 PM,,0.0,1297.51,1297.51
ORD001237,CUST00269,2023-03-03,3,1,2023-03-05,App,Ahmedabad,Delivered,COD,Evening 4-8 PM,,0.0,179.27,179.27
ORD001238,CUST00269,2023-02-21,2,1,2023-02-24,Web,Ahmedabad,Delivered,UPI,Afternoon 10-2 PM,,0.0,900.38,900.38
ORD001239,CUST00269,2023-03-18,3,1,2023-03-21,App,Ahmedabad,Delivered,UPI,Evening 4-8 PM,,0.0,249.81,249.81
ORD001240,CUST00269,2023-11-20,11,4,2023-11-23,App,Ahmedabad,Delivered,UPI,Afternoon 10-2 PM,BIGSALE23,28.88,337.83,308.95
ORD001241,CUST00269,2023-07-05,7,3,2023-07-06,App,Ahmedabad,Delivered,Credit Card,Afternoon 10-2 PM,,0.0,1537.62,1537.62
ORD001242,CUST00270,2023-12-26,12,4,2023-12-27,Web,Ahmedabad,Delivered,UPI,Afternoon 10-2 PM,,0.0,788.55,788.55
ORD001243,CUST00272,2023-02-17,2,1,2023-02-18,App,Mumbai,Delivered,UPI,Morning 6-10 AM,,0.0,214.73,214.73
ORD001244,CUST00272,2023-01-10,1,1,2023-01-12,App,Mumbai,Delivered,Credit Card,Late Night 8-11 PM,,0.0,1166.03,1166.03
ORD001245,CUST00272,2023-09-19,9,3,2023-09-22,Web,Mumbai,Delivered,Wallet,Afternoon 10-2 PM,,0.0,451.75,451.75
ORD001246,CUST00272,2023-03-24,3,1,,App,Mumbai,Cancelled,Debit Card,Late Night 8-11 PM,,0.0,1308.03,0.0
ORD001247,CUST00272,2023-04-20,4,2,2023-04-23,App,Mumbai,Delivered,Wallet,Morning 6-10 AM,,0.0,581.65,581.65
ORD001248,CUST00272,2023-01-04,1,1,,App,Mumbai,Cancelled,Credit Card,Evening 4-8 PM,,0.0,161.04,0.0
ORD001249,CUST00272,2023-06-25,6,2,2023-06-27,Kiosk,Mumbai,Delivered,Credit Card,Morning 6-10 AM,,0.0,377.8,377.8
ORD001250,CUST00272,2023-08-31,8,3,2023-09-01,Web,Mumbai,Delivered,UPI,Morning 6-10 AM,,0.0,2256.86,2256.86
ORD001251,CUST00273,2023-12-05,12,4,2023-12-08,Web,Bengaluru,Delivered,Credit Card,Late Night 8-11 PM,,0.0,891.78,891.78
ORD001252,CUST00274,2023-11-06,11,4,2023-11-09,App,Jaipur,Delivered,Credit Card,Evening 4-8 PM,,0.0,158.49,158.49
ORD001253,CUST00277,2023-09-13,9,3,2023-09-16,App,Pune,Delivered,UPI,Morning 6-10 AM,,0.0,311.12,311.12
ORD001254,CUST00277,2023-09-06,9,3,2023-09-08,App,Pune,Delivered,UPI,Evening 4-8 PM,,0.0,391.25,391.25
ORD001255,CUST00277,2023-09-07,9,3,2023-09-10,App,Pune,Delivered,UPI,Evening 4-8 PM,,0.0,143.5,143.5
ORD001256,CUST00277,2023-08-29,8,3,2023-08-30,Web,Pune,Delivered,Wallet,Late Night 8-11 PM,,0.0,694.54,694.54
ORD001257,CUST00277,2023-06-01,6,2,,App,Pune,Cancelled,UPI,Afternoon 10-2 PM,,0.0,1920.74,0.0
ORD001258,CUST00279,2023-03-16,3,1,2023-03-18,Web,Bengaluru,Delivered,Wallet,Evening 4-8 PM,,0.0,277.13,277.13
ORD001259,CUST00282,2023-05-11,5,2,2023-05-12,App,Mumbai,Delivered,UPI,Morning 6-10 AM,,0.0,1020.25,1020.25
ORD001260,CUST00283,2023-11-09,11,4,2023-11-10,App,Delhi,Delivered,UPI,Morning 6-10 AM,,0.0,356.67,356.67
ORD001261,CUST00283,2023-05-16,5,2,2023-05-17,Web,Delhi,Delivered,UPI,Morning 6-10 AM,,0.0,1330.43,1330.43
ORD001262,CUST00283,2023-08-14,8,3,2023-08-16,App,Delhi,Delivered,Debit Card,Morning 6-10 AM,FREEDOM23,556.89,4107.54,3550.65
ORD001263,CUST00283,2023-04-14,4,2,2023-04-15,App,Delhi,Delivered,UPI,Morning 6-10 AM,,0.0,236.39,236.39
ORD001264,CUST00286,2023-10-07,10,4,2023-10-10,App,Delhi,Delivered,UPI,Morning 6-10 AM,,0.0,136.43,136.43
ORD001265,CUST00286,2023-01-17,1,1,2023-01-20,App,Delhi,Delivered,Wallet,Evening 4-8 PM,,0.0,2611.84,2611.84
ORD001266,CUST00286,2023-05-18,5,2,2023-05-21,App,Delhi,Delivered,UPI,Evening 4-8 PM,,0.0,216.94,216.94
ORD001267,CUST00287,2023-07-27,7,3,2023-07-30,Web,Mumbai,Delivered,UPI,Late Night 8-11 PM,,0.0,2303.76,2303.76
ORD001268,CUST00287,2023-08-05,8,3,2023-08-07,Kiosk,Mumbai,Delivered,UPI,Morning 6-10 AM,,0.0,920.41,920.41
ORD001269,CUST00287,2023-05-26,5,2,2023-05-28,Web,Mumbai,Delivered,COD,Late Night 8-11 PM,,0.0,2171.25,2171.25
ORD001270,CUST00287,2023-10-12,10,4,2023-10-14,App,Mumbai,Delivered,UPI,Morning 6-10 AM,,0.0,1291.81,1291.81
ORD001271,CUST00287,2023-01-30,1,1,2023-02-02,App,Mumbai,Delivered,COD,Evening 4-8 PM,,0.0,742.18,742.18
ORD001272,CUST00287,2023-10-25,10,4,2023-10-26,App,Mumbai,Delivered,COD,Evening 4-8 PM,,0.0,1009.89,1009.89
ORD001273,CUST00287,2023-09-21,9,3,2023-09-22,App,Mumbai,Delivered,Credit Card,Evening 4-8 PM,,0.0,950.78,950.78
ORD001274,CUST00287,2023-05-09,5,2,2023-05-10,Web,Mumbai,Delivered,UPI,Evening 4-8 PM,,0.0,3191.74,3191.74
ORD001275,CUST00288,2023-12-11,12,4,2023-12-12,App,Bengaluru,Returned,UPI,Evening 4-8 PM,,0.0,1123.74,99.95
ORD001276,CUST00288,2023-10-16,10,4,2023-10-19,App,Bengaluru,Delivered,Debit Card,Morning 6-10 AM,,0.0,1895.69,1895.69
ORD001277,CUST00288,2023-06-23,6,2,2023-06-26,Kiosk,Bengaluru,Delivered,Credit Card,Evening 4-8 PM,,0.0,1004.04,1004.04
ORD001278,CUST00288,2023-04-26,4,2,,App,Bengaluru,Cancelled,COD,Morning 6-10 AM,,0.0,1929.71,0.0
ORD001279,CUST00288,2023-08-09,8,3,2023-08-10,App,Bengaluru,Delivered,UPI,Morning 6-10 AM,,0.0,662.87,662.87
ORD001280,CUST00289,2023-10-25,10,4,2023-10-26,App,Lucknow,Delivered,UPI,Morning 6-10 AM,,0.0,1775.25,1775.25
ORD001281,CUST00289,2023-10-24,10,4,2023-10-27,App,Lucknow,Delivered,Wallet,Morning 6-10 AM,,0.0,1063.98,1063.98
ORD001282,CUST00290,2023-05-23,5,2,2023-05-24,App,Ahmedabad,Delivered,Wallet,Late Night 8-11 PM,,0.0,161.53,161.53
ORD001283,CUST00296,2023-09-19,9,3,2023-09-22,App,Mumbai,Delivered,UPI,Evening 4-8 PM,,0.0,1278.72,1278.72
ORD001284,CUST00296,2023-11-21,11,4,2023-11-24,Web,Mumbai,Delivered,UPI,Afternoon 10-2 PM,BIGSALE23,93.89,888.32,794.43
ORD001285,CUST00296,2023-03-25,3,1,2023-03-26,App,Mumbai,Delivered,UPI,Morning 6-10 AM,,0.0,409.46,409.46
ORD001286,CUST00298,2023-09-08,9,3,2023-09-09,App,Ahmedabad,Delivered,COD,Evening 4-8 PM,,0.0,2027.37,2027.37
ORD001287,CUST00298,2023-06-17,6,2,2023-06-19,Web,Ahmedabad,Delivered,Debit Card,Late Night 8-11 PM,,0.0,965.34,965.34
ORD001288,CUST00298,2023-02-02,2,1,2023-02-03,App,Ahmedabad,Delivered,UPI,Afternoon 10-2 PM,,0.0,2226.27,2226.27
ORD001289,CUST00298,2023-09-17,9,3,2023-09-18,Web,Ahmedabad,Delivered,Credit Card,Evening 4-8 PM,,0.0,163.76,163.76
ORD001290,CUST00298,2023-11-18,11,4,2023-11-19,App,Ahmedabad,Delivered,Debit Card,Morning 6-10 AM,,0.0,1161.58,1161.58
ORD001291,CUST00298,2023-08-15,8,3,2023-08-18,Web,Ahmedabad,Delivered,Credit Card,Afternoon 10-2 PM,FREEDOM23,112.25,827.47,715.22
ORD001292,CUST00298,2023-05-15,5,2,2023-05-17,App,Ahmedabad,Delivered,UPI,Evening 4-8 PM,,0.0,1995.39,1995.39
ORD001293,CUST00298,2023-10-15,10,4,2023-10-16,App,Ahmedabad,Delivered,UPI,Late Night 8-11 PM,,0.0,360.45,360.45
ORD001294,CUST00299,2023-01-13,1,1,2023-01-16,App,Bengaluru,Delivered,Credit Card,Evening 4-8 PM,,0.0,127.06,127.06
ORD001295,CUST00301,2023-06-26,6,2,2023-06-28,App,Mumbai,Delivered,Wallet,Late Night 8-11 PM,,0.0,599.56,599.56
ORD001296,CUST00301,2023-06-06,6,2,2023-06-09,Kiosk,Mumbai,Delivered,UPI,Evening 4-8 PM,,0.0,2627.06,2627.06
ORD001297,CUST00301,2023-10-01,10,4,2023-10-02,App,Mumbai,Delivered,UPI,Afternoon 10-2 PM,,0.0,554.89,554.89
ORD001298,CUST00301,2023-10-07,10,4,2023-10-08,App,Mumbai,Delivered,Credit Card,Morning 6-10 AM,,0.0,1807.27,1807.27
ORD001299,CUST00301,2023-06-02,6,2,2023-06-04,App,Mumbai,Returned,Credit Card,Late Night 8-11 PM,,0.0,393.49,15.43
ORD001300,CUST00301,2023-08-10,8,3,2023-08-11,App,Mumbai,Delivered,UPI,Evening 4-8 PM,,0.0,938.9,938.9
ORD001301,CUST00301,2023-09-18,9,3,2023-09-20,App,Mumbai,Delivered,Wallet,Morning 6-10 AM,,0.0,411.79,411.79
ORD001302,CUST00301,2023-04-05,4,2,2023-04-07,Web,Mumbai,Delivered,UPI,Afternoon 10-2 PM,,0.0,394.52,394.52
ORD001303,CUST00301,2023-10-07,10,4,2023-10-08,Web,Mumbai,Delivered,UPI,Morning 6-10 AM,,0.0,2931.84,2931.84
ORD001304,CUST00301,2023-12-20,12,4,2023-12-23,App,Mumbai,Delivered,Credit Card,Morning 6-10 AM,,0.0,867.95,867.95
ORD001305,CUST00303,2023-04-14,4,2,2023-04-17,Kiosk,Pune,Delivered,UPI,Morning 6-10 AM,,0.0,51.11,51.11
ORD001306,CUST00303,2023-09-26,9,3,2023-09-28,App,Pune,Delivered,Credit Card,Evening 4-8 PM,,0.0,251.34,251.34
ORD001307,CUST00303,2023-07-31,7,3,2023-08-03,App,Pune,Delivered,Credit Card,Afternoon 10-2 PM,,0.0,2265.24,2265.24
ORD001308,CUST00303,2023-02-19,2,1,2023-02-20,App,Pune,Delivered,Debit Card,Evening 4-8 PM,,0.0,1068.32,1068.32
ORD001309,CUST00303,2023-11-22,11,4,2023-11-25,Web,Pune,Delivered,Credit Card,Afternoon 10-2 PM,,0.0,2380.31,2380.31
ORD001310,CUST00303,2023-10-24,10,4,2023-10-26,Web,Pune,Delivered,Credit Card,Morning 6-10 AM,DUSSEHRA23,53.41,794.74,741.33
ORD001311,CUST00303,2023-02-02,2,1,2023-02-04,Web,Pune,Delivered,UPI,Morning 6-10 AM,,0.0,1340.29,1340.29
ORD001312,CUST00303,2023-09-24,9,3,2023-09-26,App,Pune,Delivered,Credit Card,Morning 6-10 AM,,0.0,392.33,392.33
ORD001313,CUST00303,2023-03-23,3,1,,Web,Pune,Cancelled,UPI,Afternoon 10-2 PM,,0.0,2532.84,0.0
ORD001314,CUST00305,2023-12-22,12,4,2023-12-25,App,Bengaluru,Delivered,UPI,Afternoon 10-2 PM,,0.0,354.69,354.69
ORD001315,CUST00305,2023-12-09,12,4,2023-12-12,App,Bengaluru,Delivered,UPI,Evening 4-8 PM,,0.0,1940.19,1940.19
ORD001316,CUST00305,2023-10-18,10,4,2023-10-19,Web,Bengaluru,Delivered,UPI,Afternoon 10-2 PM,,0.0,1629.4,1629.4
ORD001317,CUST00305,2023-08-18,8,3,2023-08-20,App,Bengaluru,Delivered,UPI,Afternoon 10-2 PM,,0.0,1158.21,1158.21
ORD001318,CUST00305,2023-05-06,5,2,2023-05-07,App,Bengaluru,Delivered,Credit Card,Morning 6-10 AM,,0.0,99.82,99.82
ORD001319,CUST00305,2023-01-22,1,1,2023-01-23,Web,Bengaluru,Delivered,COD,Afternoon 10-2 PM,,0.0,1996.0,1996.0
ORD001320,CUST00305,2023-06-24,6,2,2023-06-25,Web,Bengaluru,Returned,COD,Evening 4-8 PM,,0.0,2763.82,1555.83
ORD001321,CUST00305,2023-12-22,12,4,2023-12-23,App,Bengaluru,Delivered,UPI,Afternoon 10-2 PM,,0.0,2790.85,2790.85
ORD001322,CUST00305,2023-02-13,2,1,2023-02-15,Kiosk,Bengaluru,Delivered,COD,Afternoon 10-2 PM,,0.0,4833.92,4833.92
ORD001323,CUST00305,2023-03-23,3,1,2023-03-25,App,Bengaluru,Delivered,Debit Card,Morning 6-10 AM,,0.0,2337.29,2337.29
ORD001324,CUST00306,2023-09-15,9,3,2023-09-17,App,Delhi,Delivered,COD,Afternoon 10-2 PM,,0.0,849.28,849.28
ORD001325,CUST00306,2023-12-26,12,4,2023-12-27,Kiosk,Delhi,Delivered,COD,Morning 6-10 AM,,0.0,750.0,750.0
ORD001326,CUST00306,2023-12-27,12,4,,Web,Delhi,Cancelled,Credit Card,Evening 4-8 PM,XMAS23,0.0,835.73,0.0
ORD001327,CUST00306,2023-05-03,5,2,2023-05-05,App,Delhi,Delivered,Credit Card,Afternoon 10-2 PM,,0.0,566.41,566.41
ORD001328,CUST00306,2023-02-08,2,1,2023-02-10,App,Delhi,Delivered,UPI,Morning 6-10 AM,,0.0,688.92,688.92
ORD001329,CUST00306,2023-12-29,12,4,2023-12-31,App,Delhi,Returned,Debit Card,Evening 4-8 PM,,0.0,572.2,123.88
ORD001330,CUST00308,2023-07-01,7,3,2023-07-04,App,Mumbai,Delivered,Credit Card,,,0.0,1719.36,1719.36
ORD001331,CUST00311,2023-03-12,3,1,2023-03-13,App,Delhi,Returned,UPI,Morning 6-10 AM,,0.0,336.38,24.61
ORD001332,CUST00311,2023-08-14,8,3,2023-08-16,App,Delhi,Delivered,Credit Card,Morning 6-10 AM,,0.0,1070.35,1070.35
ORD001333,CUST00311,2023-01-20,1,1,2023-01-22,App,Delhi,Delivered,UPI,Morning 6-10 AM,,0.0,933.73,933.73
ORD001334,CUST00311,2023-09-12,9,3,2023-09-14,App,Delhi,Delivered,Wallet,Evening 4-8 PM,,0.0,123.54,123.54
ORD001335,CUST00311,2023-10-28,10,4,2023-10-29,Web,Delhi,Delivered,COD,Evening 4-8 PM,,0.0,977.16,977.16
ORD001336,CUST00311,2023-08-13,8,3,2023-08-16,App,Delhi,Delivered,UPI,Morning 6-10 AM,FREEDOM23,123.98,827.29,703.31
ORD001337,CUST00312,2023-01-16,1,1,2023-01-19,App,Lucknow,Delivered,UPI,Morning 6-10 AM,,0.0,869.87,869.87
ORD001338,CUST00313,2023-01-05,1,1,2023-01-06,App,Delhi,Delivered,UPI,Morning 6-10 AM,,0.0,465.81,465.81
ORD001339,CUST00313,2023-11-11,11,4,2023-11-12,App,Delhi,Delivered,Wallet,Evening 4-8 PM,,0.0,1134.9,1134.9
ORD001340,CUST00313,2023-11-16,11,4,,Web,Delhi,Cancelled,UPI,Evening 4-8 PM,,0.0,812.7,0.0
ORD001341,CUST00313,2023-12-13,12,4,,App,Delhi,Cancelled,UPI,Afternoon 10-2 PM,,0.0,1625.97,0.0
ORD001342,CUST00313,2023-07-26,7,3,2023-07-29,App,Delhi,Delivered,UPI,Morning 6-10 AM,,0.0,1340.95,1340.95
ORD001343,CUST00313,2023-03-18,3,1,2023-03-19,Kiosk,Delhi,Delivered,Debit Card,Evening 4-8 PM,,0.0,2788.79,2788.79
ORD001344,CUST00314,2023-06-24,6,2,2023-06-27,Web,Hyderabad,Delivered,UPI,Morning 6-10 AM,,0.0,957.61,957.61
ORD001345,CUST00314,2023-11-17,11,4,,Web,Hyderabad,Cancelled,UPI,Afternoon 10-2 PM,,0.0,805.55,0.0
ORD001346,CUST00314,2023-01-15,1,1,2023-01-18,Kiosk,Hyderabad,Delivered,COD,Afternoon 10-2 PM,,0.0,22.14,22.14
ORD001347,CUST00314,2023-02-04,2,1,,App,Hyderabad,Cancelled,UPI,Afternoon 10-2 PM,,0.0,2388.93,0.0
ORD001348,CUST00314,2023-12-21,12,4,2023-12-22,App,Hyderabad,Delivered,UPI,Evening 4-8 PM,,0.0,2193.76,2193.76
ORD001349,CUST00314,2023-09-19,9,3,2023-09-22,App,Hyderabad,Delivered,Debit Card,Evening 4-8 PM,,0.0,2006.49,2006.49
ORD001350,CUST00314,2023-08-20,8,3,2023-08-22,App,Hyderabad,Delivered,Debit Card,Morning 6-10 AM,,0.0,517.23,517.23
ORD001351,CUST00314,2023-10-12,10,4,2023-10-15,Web,Hyderabad,Delivered,UPI,Morning 6-10 AM,,0.0,470.17,470.17
ORD001352,CUST00314,2023-10-07,10,4,2023-10-09,Web,Hyderabad,Delivered,Credit Card,Afternoon 10-2 PM,,0.0,5053.01,5053.01
ORD001353,CUST00315,2023-10-07,10,4,2023-10-09,Web,Hyderabad,Delivered,Debit Card,Evening 4-8 PM,,0.0,152.55,152.55
ORD001354,CUST00316,2023-09-22,9,3,2023-09-23,App,Mumbai,Delivered,UPI,Morning 6-10 AM,,0.0,418.56,418.56
ORD001355,CUST00317,2023-06-06,6,2,2023-06-09,App,Mumbai,Delivered,UPI,Evening 4-8 PM,,0.0,561.85,561.85
ORD001356,CUST00317,2023-05-04,5,2,2023-05-07,App,Mumbai,Delivered,COD,Morning 6-10 AM,,0.0,101.43,101.43
ORD001357,CUST00317,2023-04-17,4,2,2023-04-18,App,Mumbai,Delivered,Debit Card,Morning 6-10 AM,,0.0,1065.9,1065.9
ORD001358,CUST00317,2023-12-18,12,4,2023-12-20,Web,Mumbai,Delivered,UPI,Evening 4-8 PM,,0.0,1557.63,1557.63
ORD001359,CUST00317,2023-11-07,11,4,2023-11-10,App,Mumbai,Delivered,UPI,Morning 6-10 AM,,0.0,245.42,245.42
ORD001360,CUST00317,2023-09-06,9,3,2023-09-08,App,Mumbai,Delivered,UPI,Morning 6-10 AM,,0.0,19.73,19.73
ORD001361,CUST00318,2023-08-15,8,3,2023-08-17,Web,Hyderabad,Returned,UPI,Late Night 8-11 PM,FREEDOM23,142.64,795.96,310.29
ORD001362,CUST00318,2023-09-06,9,3,2023-09-09,Kiosk,Hyderabad,Delivered,Wallet,Evening 4-8 PM,,0.0,2899.2,2899.2
ORD001363,CUST00318,2023-12-21,12,4,2023-12-23,Web,Hyderabad,Delivered,Debit Card,Morning 6-10 AM,,0.0,565.96,565.96
ORD001364,CUST00318,2023-09-03,9,3,2023-09-06,App,Hyderabad,Delivered,UPI,Morning 6-10 AM,,0.0,774.53,774.53
ORD001365,CUST00318,2023-01-16,1,1,2023-01-19,App,Hyderabad,Delivered,UPI,Morning 6-10 AM,,0.0,2285.05,2285.05
ORD001366,CUST00318,2023-11-16,11,4,2023-11-17,App,Hyderabad,Delivered,UPI,Afternoon 10-2 PM,,0.0,2692.92,2692.92
ORD001367,CUST00318,2023-08-17,8,3,2023-08-19,App,Hyderabad,Delivered,UPI,Evening 4-8 PM,,0.0,1945.71,1945.71
ORD001368,CUST00318,2023-10-07,10,4,2023-10-08,Web,Hyderabad,Delivered,Credit Card,Afternoon 10-2 PM,,0.0,3659.73,3659.73
ORD001369,CUST00318,2023-09-23,9,3,2023-09-25,App,Hyderabad,Delivered,UPI,Late Night 8-11 PM,,0.0,2580.51,2580.51
ORD001370,CUST00318,2023-03-04,3,1,2023-03-06,App,Hyderabad,Delivered,Credit Card,Evening 4-8 PM,,0.0,2013.23,2013.23
ORD001371,CUST00319,2023-11-09,11,4,2023-11-10,App,Mumbai,Delivered,UPI,Afternoon 10-2 PM,,0.0,960.11,960.11
ORD001372,CUST00319,2023-08-20,8,3,2023-08-21,App,Mumbai,Delivered,UPI,Morning 6-10 AM,,0.0,1802.55,1802.55
ORD001373,CUST00319,2023-02-01,2,1,2023-02-02,App,Mumbai,Delivered,COD,Morning 6-10 AM,,0.0,1144.25,1144.25
ORD001374,CUST00319,2023-08-22,8,3,2023-08-24,App,Mumbai,Delivered,Credit Card,Evening 4-8 PM,,0.0,1123.04,1123.04
ORD001375,CUST00319,2023-01-04,1,1,2023-01-07,App,Mumbai,Delivered,Wallet,Late Night 8-11 PM,NY2023,135.92,962.6,826.68
ORD001376,CUST00319,2023-11-03,11,4,2023-11-06,App,Mumbai,Delivered,COD,Afternoon 10-2 PM,,0.0,2712.15,2712.15
ORD001377,CUST00319,2023-09-11,9,3,2023-09-12,App,Mumbai,Returned,Debit Card,Afternoon 10-2 PM,,0.0,1703.51,792.68
ORD001378,CUST00319,2023-11-04,11,4,2023-11-06,Kiosk,Mumbai,Delivered,UPI,Late Night 8-11 PM,,0.0,1556.81,1556.81
ORD001379,CUST00319,2023-12-21,12,4,,Web,Mumbai,Cancelled,COD,Evening 4-8 PM,,0.0,966.03,0.0
ORD001380,CUST00319,2023-09-03,9,3,2023-09-06,App,Mumbai,Delivered,UPI,Afternoon 10-2 PM,,0.0,1327.59,1327.59
ORD001381,CUST00323,2023-09-28,9,3,2023-09-29,App,Lucknow,Delivered,UPI,Morning 6-10 AM,,0.0,1645.72,1645.72
ORD001382,CUST00323,2023-10-01,10,4,2023-10-03,App,Lucknow,Delivered,UPI,Evening 4-8 PM,,0.0,1467.02,1467.02
ORD001383,CUST00323,2023-12-17,12,4,2023-12-19,App,Lucknow,Delivered,UPI,Evening 4-8 PM,,0.0,1743.31,1743.31
ORD001384,CUST00323,2023-05-22,5,2,2023-05-23,App,Lucknow,Delivered,Debit Card,Morning 6-10 AM,,0.0,286.3,286.3
ORD001385,CUST00323,2023-11-29,11,4,2023-12-02,App,Lucknow,Delivered,UPI,Afternoon 10-2 PM,,0.0,2268.83,2268.83
ORD001386,CUST00323,2023-11-30,11,4,2023-12-02,App,Lucknow,Delivered,UPI,Afternoon 10-2 PM,,0.0,713.31,713.31
ORD001387,CUST00323,2023-09-17,9,3,2023-09-18,App,Lucknow,Delivered,UPI,Evening 4-8 PM,,0.0,5414.5,5414.5
ORD001388,CUST00323,2023-07-01,7,3,2023-07-03,App,Lucknow,Delivered,UPI,Evening 4-8 PM,,0.0,1590.23,1590.23
ORD001389,CUST00323,2023-11-13,11,4,2023-11-15,App,Lucknow,Delivered,Wallet,Evening 4-8 PM,,0.0,785.16,785.16
ORD001390,CUST00325,2023-11-23,11,4,2023-11-24,App,Pune,Delivered,UPI,Evening 4-8 PM,,0.0,4156.93,4156.93
ORD001391,CUST00325,2023-11-30,11,4,2023-12-03,App,Pune,Delivered,COD,Evening 4-8 PM,,0.0,1234.7,1234.7
ORD001392,CUST00325,2023-04-12,4,2,2023-04-14,App,Pune,Delivered,COD,Afternoon 10-2 PM,,0.0,1105.14,1105.14
ORD001393,CUST00325,2023-03-21,3,1,2023-03-23,App,Pune,Delivered,UPI,Morning 6-10 AM,,0.0,219.52,219.52
ORD001394,CUST00325,2023-02-12,2,1,2023-02-15,Web,Pune,Delivered,Debit Card,Morning 6-10 AM,,0.0,2051.72,2051.72
ORD001395,CUST00325,2023-07-06,7,3,2023-07-07,App,Pune,Delivered,UPI,Morning 6-10 AM,,0.0,316.1,316.1
ORD001396,CUST00325,2023-11-22,11,4,2023-11-23,Web,Pune,Delivered,Credit Card,Morning 6-10 AM,BIGSALE23,87.18,791.65,704.47
ORD001397,CUST00325,2023-04-19,4,2,2023-04-21,Kiosk,Pune,Delivered,UPI,Evening 4-8 PM,,0.0,254.43,254.43
ORD001398,CUST00325,2023-02-02,2,1,2023-02-05,Web,Pune,Delivered,UPI,Evening 4-8 PM,,0.0,1191.24,1191.24
ORD001399,CUST00325,2023-07-30,7,3,2023-07-31,App,Pune,Returned,UPI,Evening 4-8 PM,,0.0,417.56,176.56
ORD001400,CUST00325,2023-11-05,11,4,2023-11-08,App,Pune,Delivered,UPI,Morning 6-10 AM,,0.0,969.33,969.33
ORD001401,CUST00325,2023-05-15,5,2,2023-05-18,App,Pune,Delivered,Debit Card,Evening 4-8 PM,,0.0,1796.49,1796.49
ORD001402,CUST00325,2023-12-09,12,4,2023-12-10,Web,Pune,Delivered,Credit Card,Afternoon 10-2 PM,,0.0,4579.64,4579.64
ORD001403,CUST00325,2023-05-08,5,2,2023-05-09,Kiosk,Pune,Delivered,UPI,Evening 4-8 PM,,0.0,798.49,798.49
ORD001404,CUST00325,2023-05-06,5,2,2023-05-09,App,Pune,Delivered,UPI,Evening 4-8 PM,,0.0,5236.81,5236.81
ORD001405,CUST00325,2023-06-12,6,2,2023-06-13,Web,Pune,Delivered,Credit Card,Late Night 8-11 PM,,0.0,1596.62,1596.62
ORD001406,CUST00325,2023-06-27,6,2,2023-06-28,App,Pune,Returned,UPI,Evening 4-8 PM,,0.0,1708.35,241.35
ORD001407,CUST00325,2023-07-25,7,3,2023-07-28,Web,Pune,Delivered,Credit Card,Morning 6-10 AM,,0.0,830.18,830.18
ORD001408,CUST00325,2023-08-21,8,3,2023-08-23,App,Pune,Delivered,UPI,Evening 4-8 PM,,0.0,851.66,851.66
ORD001409,CUST00326,2023-10-01,10,4,2023-10-02,App,Pune,Delivered,Wallet,Afternoon 10-2 PM,,0.0,19.51,19.51
ORD001410,CUST00327,2023-10-08,10,4,2023-10-11,App,Bengaluru,Delivered,Debit Card,Morning 6-10 AM,,0.0,2687.54,2687.54
ORD001411,CUST00327,2023-04-18,4,2,2023-04-19,App,Bengaluru,Delivered,Wallet,Late Night 8-11 PM,,0.0,1849.47,1849.47
ORD001412,CUST00327,2023-06-25,6,2,2023-06-28,App,Bengaluru,Delivered,COD,Morning 6-10 AM,,0.0,4719.61,4719.61
ORD001413,CUST00327,2023-11-20,11,4,2023-11-23,App,Bengaluru,Delivered,Credit Card,Evening 4-8 PM,BIGSALE23,293.22,1927.06,1633.84
ORD001414,CUST00327,2023-09-16,9,3,2023-09-19,App,Bengaluru,Delivered,UPI,Morning 6-10 AM,,0.0,505.41,505.41
ORD001415,CUST00328,2023-12-21,12,4,2023-12-23,Kiosk,Delhi,Delivered,UPI,Morning 6-10 AM,,0.0,210.31,210.31
ORD001416,CUST00328,2023-04-17,4,2,2023-04-19,App,Delhi,Delivered,UPI,Late Night 8-11 PM,,0.0,1832.61,1832.61
ORD001417,CUST00328,2023-08-16,8,3,,App,Delhi,Cancelled,UPI,Evening 4-8 PM,,0.0,2440.25,0.0
ORD001418,CUST00328,2023-10-17,10,4,2023-10-20,App,Delhi,Delivered,COD,Afternoon 10-2 PM,,0.0,125.45,125.45
ORD001419,CUST00328,2023-04-12,4,2,2023-04-15,Web,Delhi,Delivered,Credit Card,Afternoon 10-2 PM,,0.0,1833.2,1833.2
ORD001420,CUST00328,2023-11-26,11,4,2023-11-29,Web,Delhi,Delivered,Credit Card,Afternoon 10-2 PM,,0.0,2551.13,2551.13
ORD001421,CUST00328,2023-01-10,1,1,2023-01-13,Web,Delhi,Delivered,UPI,Afternoon 10-2 PM,,0.0,897.11,897.11
ORD001422,CUST00328,2023-07-13,7,3,2023-07-15,App,Delhi,Returned,UPI,Morning 6-10 AM,,0.0,1548.51,112.08
ORD001423,CUST00328,2023-07-02,7,3,2023-07-05,Web,Delhi,Delivered,UPI,Afternoon 10-2 PM,,0.0,1700.79,1700.79
ORD001424,CUST00328,2023-03-09,3,1,2023-03-12,App,Delhi,Delivered,Wallet,Late Night 8-11 PM,HOLI23,247.96,1510.54,1262.58
ORD001425,CUST00328,2023-05-28,5,2,2023-05-30,App,Delhi,Delivered,UPI,Morning 6-10 AM,,0.0,885.83,885.83
ORD001426,CUST00328,2023-09-11,9,3,2023-09-13,App,Delhi,Delivered,UPI,Evening 4-8 PM,,0.0,2559.52,2559.52
ORD001427,CUST00328,2023-01-07,1,1,2023-01-10,App,Delhi,Delivered,UPI,Afternoon 10-2 PM,,0.0,1065.46,1065.46
ORD001428,CUST00328,2023-11-16,11,4,2023-11-18,App,Delhi,Delivered,UPI,Morning 6-10 AM,,0.0,1818.15,1818.15
ORD001429,CUST00328,2023-11-09,11,4,2023-11-10,Web,Delhi,Delivered,Debit Card,Evening 4-8 PM,,0.0,1299.7,1299.7
ORD001430,CUST00328,2023-08-10,8,3,2023-08-12,Web,Delhi,Delivered,Wallet,Afternoon 10-2 PM,,0.0,1772.5,1772.5
ORD001431,CUST00334,2023-09-08,9,3,2023-09-11,App,Pune,Delivered,UPI,Morning 6-10 AM,,0.0,386.54,386.54
ORD001432,CUST00334,2023-12-29,12,4,2024-01-01,App,Pune,Delivered,Wallet,Late Night 8-11 PM,,0.0,53.63,53.63
ORD001433,CUST00334,2023-01-03,1,1,2023-01-06,App,Pune,Delivered,Credit Card,Afternoon 10-2 PM,NY2023,10.56,88.5,77.94
ORD001434,CUST00334,2023-01-24,1,1,2023-01-26,Kiosk,Pune,Delivered,UPI,Evening 4-8 PM,,0.0,362.06,362.06
ORD001435,CUST00334,2023-12-31,12,4,2024-01-03,App,Pune,Delivered,UPI,Afternoon 10-2 PM,,0.0,2159.69,2159.69
ORD001436,CUST00339,2023-05-01,5,2,2023-05-04,App,Delhi,Delivered,UPI,Evening 4-8 PM,,0.0,2167.29,2167.29
ORD001437,CUST00339,2023-08-31,8,3,2023-09-03,App,Delhi,Delivered,Debit Card,Morning 6-10 AM,,0.0,1095.07,1095.07
ORD001438,CUST00339,2023-05-02,5,2,2023-05-03,App,Delhi,Returned,Credit Card,Evening 4-8 PM,,0.0,1367.94,669.01
ORD001439,CUST00339,2023-10-06,10,4,2023-10-08,App,Delhi,Delivered,UPI,Evening 4-8 PM,,0.0,2862.63,2862.63
ORD001440,CUST00339,2023-08-30,8,3,2023-08-31,Kiosk,Delhi,Returned,Credit Card,Morning 6-10 AM,,0.0,1243.94,732.0
ORD001441,CUST00339,2023-08-22,8,3,2023-08-24,App,Delhi,Delivered,UPI,Afternoon 10-2 PM,,0.0,29.26,29.26
ORD001442,CUST00339,2023-06-19,6,2,,App,Delhi,Cancelled,Debit Card,Afternoon 10-2 PM,,0.0,1427.83,0.0
ORD001443,CUST00339,2023-04-26,4,2,2023-04-29,App,Delhi,Delivered,Credit Card,Evening 4-8 PM,,0.0,910.2,910.2
ORD001444,CUST00339,2023-05-24,5,2,,Kiosk,Delhi,Cancelled,Wallet,Evening 4-8 PM,,0.0,1347.0,0.0
ORD001445,CUST00339,2023-10-26,10,4,2023-10-28,Web,Delhi,Delivered,Credit Card,Evening 4-8 PM,,0.0,967.2,967.2
ORD001446,CUST00339,2023-09-28,9,3,2023-10-01,Web,Delhi,Delivered,UPI,Morning 6-10 AM,,0.0,2467.07,2467.07
ORD001447,CUST00339,2023-01-03,1,1,2023-01-06,Web,Delhi,Delivered,UPI,Evening 4-8 PM,NY2023,277.75,5461.13,5183.38
ORD001448,CUST00339,2023-03-31,3,1,2023-04-02,App,Delhi,Delivered,UPI,Morning 6-10 AM,,0.0,691.65,691.65
ORD001449,CUST00339,2023-06-28,6,2,2023-06-30,App,Delhi,Delivered,UPI,Evening 4-8 PM,,0.0,2927.65,2927.65
ORD001450,CUST00339,2023-12-31,12,4,2024-01-01,App,Delhi,Delivered,Credit Card,Morning 6-10 AM,XMAS23,241.9,2647.25,2405.35
ORD001451,CUST00339,2023-11-21,11,4,2023-11-22,App,Delhi,Delivered,COD,Afternoon 10-2 PM,BIGSALE23,152.35,1643.48,1491.13
ORD001452,CUST00339,2023-12-17,12,4,2023-12-19,App,Delhi,Delivered,Debit Card,Morning 6-10 AM,,0.0,3125.11,3125.11
ORD001453,CUST00339,2023-10-11,10,4,2023-10-14,Web,Delhi,Delivered,Credit Card,Evening 4-8 PM,,0.0,503.5,503.5
ORD001454,CUST00339,2023-09-21,9,3,2023-09-22,Web,Delhi,Delivered,UPI,Morning 6-10 AM,,0.0,3093.41,3093.41
ORD001455,CUST00340,2023-06-04,6,2,2023-06-06,Web,Mumbai,Delivered,UPI,,,0.0,36.62,36.62
ORD001456,CUST00340,2023-09-05,9,3,2023-09-06,App,Mumbai,Delivered,UPI,Evening 4-8 PM,,0.0,2421.81,2421.81
ORD001457,CUST00340,2023-10-17,10,4,2023-10-19,App,Mumbai,Delivered,Wallet,Evening 4-8 PM,,0.0,1113.84,1113.84
ORD001458,CUST00340,2023-07-08,7,3,2023-07-10,App,Mumbai,Delivered,Wallet,Afternoon 10-2 PM,,0.0,2274.28,2274.28
ORD001459,CUST00340,2023-02-28,2,1,2023-03-03,App,Mumbai,Delivered,UPI,Afternoon 10-2 PM,,0.0,2728.7,2728.7
ORD001460,CUST00340,2023-08-10,8,3,2023-08-11,Kiosk,Mumbai,Delivered,COD,Morning 6-10 AM,,0.0,412.63,412.63
ORD001461,CUST00340,2023-06-09,6,2,2023-06-11,App,Mumbai,Delivered,UPI,Afternoon 10-2 PM,,0.0,1132.21,1132.21
ORD001462,CUST00340,2023-03-30,3,1,2023-04-02,App,Mumbai,Delivered,UPI,Afternoon 10-2 PM,,0.0,497.19,497.19
ORD001463,CUST00340,2023-09-09,9,3,2023-09-11,Web,Mumbai,Delivered,UPI,Evening 4-8 PM,,0.0,2111.05,2111.05
ORD001464,CUST00340,2023-11-17,11,4,2023-11-20,App,Mumbai,Delivered,Debit Card,Late Night 8-11 PM,,0.0,836.65,836.65
ORD001465,CUST00340,2023-09-03,9,3,2023-09-05,App,Mumbai,Delivered,UPI,Evening 4-8 PM,,0.0,661.53,661.53
ORD001466,CUST00340,2023-12-31,12,4,2024-01-01,App,Mumbai,Delivered,UPI,Evening 4-8 PM,XMAS23,119.35,1156.11,1036.76
ORD001467,CUST00340,2023-11-14,11,4,,App,Mumbai,Cancelled,Debit Card,Evening 4-8 PM,DIWALI23SUPER,0.0,1100.16,0.0
ORD001468,CUST00340,2023-06-07,6,2,2023-06-08,App,Mumbai,Returned,UPI,Afternoon 10-2 PM,,0.0,1676.07,167.62
ORD001469,CUST00340,2023-07-05,7,3,2023-07-06,Web,Mumbai,Delivered,Wallet,Morning 6-10 AM,,0.0,1180.08,1180.08
ORD001470,CUST00340,2023-04-28,4,2,2023-05-01,App,Mumbai,Delivered,UPI,Afternoon 10-2 PM,,0.0,1654.16,1654.16
ORD001471,CUST00340,2023-10-24,10,4,2023-10-25,Web,Mumbai,Delivered,Debit Card,Afternoon 10-2 PM,,0.0,1236.21,1236.21
ORD001472,CUST00342,2023-06-14,6,2,2023-06-15,Web,Delhi,Delivered,UPI,Evening 4-8 PM,,0.0,918.26,918.26
ORD001473,CUST00342,2023-10-22,10,4,2023-10-25,App,Delhi,Delivered,UPI,Afternoon 10-2 PM,DUSSEHRA23,126.21,1512.98,1386.77
ORD001474,CUST00342,2023-04-15,4,2,2023-04-17,App,Delhi,Delivered,Credit Card,Evening 4-8 PM,,0.0,1320.16,1320.16
ORD001475,CUST00342,2023-08-15,8,3,2023-08-18,Web,Delhi,Delivered,Wallet,Morning 6-10 AM,,0.0,1306.07,1306.07
ORD001476,CUST00342,2023-05-14,5,2,2023-05-17,App,Delhi,Delivered,UPI,Morning 6-10 AM,,0.0,304.28,304.28
ORD001477,CUST00342,2023-05-29,5,2,2023-05-30,App,Delhi,Delivered,UPI,Morning 6-10 AM,,0.0,2921.5,2921.5
ORD001478,CUST00342,2023-03-13,3,1,2023-03-16,App,Delhi,Delivered,UPI,Afternoon 10-2 PM,,0.0,1235.29,1235.29
ORD001479,CUST00342,2023-03-30,3,1,2023-03-31,App,Delhi,Delivered,UPI,Morning 6-10 AM,,0.0,497.25,497.25
ORD001480,CUST00342,2023-10-12,10,4,2023-10-13,App,Delhi,Delivered,Debit Card,Afternoon 10-2 PM,,0.0,1303.89,1303.89
ORD001481,CUST00342,2023-04-25,4,2,2023-04-28,Kiosk,Delhi,Delivered,UPI,Morning 6-10 AM,,0.0,4579.18,4579.18
ORD001482,CUST00342,2023-08-27,8,3,2023-08-29,App,Delhi,Returned,UPI,Morning 6-10 AM,,0.0,2102.08,195.78
ORD001483,CUST00342,2023-05-10,5,2,2023-05-11,Kiosk,Delhi,Delivered,UPI,Evening 4-8 PM,,0.0,286.51,286.51
ORD001484,CUST00342,2023-06-05,6,2,2023-06-07,App,Delhi,Delivered,Credit Card,Morning 6-10 AM,,0.0,2555.33,2555.33
ORD001485,CUST00342,2023-10-31,10,4,2023-11-03,App,Delhi,Delivered,UPI,Morning 6-10 AM,,0.0,2062.62,2062.62
ORD001486,CUST00342,2023-03-15,3,1,2023-03-17,App,Delhi,Delivered,UPI,Afternoon 10-2 PM,,0.0,1047.5,1047.5
ORD001487,CUST00342,2023-01-04,1,1,2023-01-05,App,Delhi,Delivered,COD,Morning 6-10 AM,NY2023,175.53,1096.08,920.55
ORD001488,CUST00342,2023-09-06,9,3,2023-09-09,App,Delhi,Delivered,Credit Card,Morning 6-10 AM,,0.0,1426.62,1426.62
ORD001489,CUST00342,2023-05-08,5,2,2023-05-10,App,Delhi,Delivered,UPI,Afternoon 10-2 PM,,0.0,2673.0,2673.0
ORD001490,CUST00342,2023-11-07,11,4,2023-11-09,App,Delhi,Delivered,COD,Evening 4-8 PM,,0.0,308.05,308.05
ORD001491,CUST00342,2023-03-06,3,1,2023-03-07,Kiosk,Delhi,Delivered,Debit Card,Afternoon 10-2 PM,,0.0,2206.08,2206.08
ORD001492,CUST00342,2023-12-06,12,4,2023-12-08,App,Delhi,Delivered,UPI,Morning 6-10 AM,,0.0,2048.67,2048.67
ORD001493,CUST00342,2023-06-09,6,2,2023-06-10,Web,Delhi,Delivered,UPI,Evening 4-8 PM,,0.0,1259.18,1259.18
ORD001494,CUST00342,2023-01-17,1,1,2023-01-20,App,Delhi,Delivered,Debit Card,Evening 4-8 PM,,0.0,1673.9,1673.9
ORD001495,CUST00342,2023-12-15,12,4,2023-12-17,Web,Delhi,Delivered,COD,Afternoon 10-2 PM,,0.0,1769.73,1769.73
ORD001496,CUST00342,2023-09-24,9,3,,App,Delhi,Cancelled,COD,Morning 6-10 AM,,0.0,1886.4,0.0
ORD001497,CUST00342,2023-08-23,8,3,2023-08-25,App,Delhi,Returned,UPI,Afternoon 10-2 PM,,0.0,853.01,76.97
ORD001498,CUST00342,2023-07-17,7,3,,Kiosk,Delhi,Cancelled,UPI,Evening 4-8 PM,,0.0,1527.76,0.0
ORD001499,CUST00342,2023-10-30,10,4,2023-10-31,App,Delhi,Delivered,UPI,,,0.0,2180.13,2180.13
ORD001500,CUST00342,2023-09-27,9,3,2023-09-30,App,Delhi,Delivered,Debit Card,Late Night 8-11 PM,,0.0,1811.51,1811.51
ORD001501,CUST00342,2023-03-23,3,1,,Web,Delhi,Cancelled,COD,Morning 6-10 AM,,0.0,184.42,0.0
ORD001502,CUST00342,2023-11-13,11,4,2023-11-15,App,Delhi,Delivered,Debit Card,Morning 6-10 AM,,0.0,488.23,488.23
ORD001503,CUST00342,2023-05-09,5,2,2023-05-12,Web,Delhi,Delivered,Credit Card,Afternoon 10-2 PM,,0.0,706.07,706.07
ORD001504,CUST00342,2023-05-02,5,2,,App,Delhi,Cancelled,UPI,Late Night 8-11 PM,,0.0,1260.12,0.0
ORD001505,CUST00342,2023-01-07,1,1,2023-01-10,App,Delhi,Delivered,Credit Card,Evening 4-8 PM,,0.0,2280.33,2280.33
ORD001506,CUST00342,2023-10-10,10,4,2023-10-12,App,Delhi,Delivered,UPI,Morning 6-10 AM,,0.0,2275.72,2275.72
ORD001507,CUST00343,2023-10-03,10,4,2023-10-06,Kiosk,Delhi,Delivered,COD,Evening 4-8 PM,,0.0,1573.41,1573.41
ORD001508,CUST00343,2023-12-02,12,4,,App,Delhi,Cancelled,COD,Late Night 8-11 PM,,0.0,405.35,0.0
ORD001509,CUST00343,2023-02-06,2,1,2023-02-07,Web,Delhi,Delivered,UPI,Evening 4-8 PM,,0.0,1301.6,1301.6
ORD001510,CUST00343,2023-03-27,3,1,2023-03-28,Web,Delhi,Delivered,Credit Card,Late Night 8-11 PM,,0.0,464.19,464.19
ORD001511,CUST00343,2023-07-07,7,3,2023-07-10,App,Delhi,Delivered,Wallet,Morning 6-10 AM,,0.0,1363.0,1363.0
ORD001512,CUST00343,2023-01-31,1,1,2023-02-03,Web,Delhi,Delivered,Debit Card,Morning 6-10 AM,,0.0,2627.96,2627.96
ORD001513,CUST00343,2023-12-06,12,4,2023-12-09,Web,Delhi,Delivered,Credit Card,Evening 4-8 PM,,0.0,173.7,173.7
ORD001514,CUST00343,2023-10-14,10,4,2023-10-17,App,Delhi,Delivered,Debit Card,Morning 6-10 AM,,0.0,1483.91,1483.91
ORD001515,CUST00343,2023-07-19,7,3,2023-07-22,App,Delhi,Delivered,COD,Evening 4-8 PM,,0.0,1397.42,1397.42
ORD001516,CUST00343,2023-05-18,5,2,2023-05-21,App,Delhi,Delivered,UPI,Evening 4-8 PM,,0.0,71.23,71.23
ORD001517,CUST00343,2023-07-04,7,3,2023-07-07,App,Delhi,Delivered,UPI,Evening 4-8 PM,,0.0,1927.65,1927.65
ORD001518,CUST00343,2023-11-29,11,4,2023-12-01,App,Delhi,Delivered,UPI,Afternoon 10-2 PM,,0.0,1064.4,1064.4
ORD001519,CUST00343,2023-02-11,2,1,2023-02-14,App,Delhi,Delivered,UPI,Late Night 8-11 PM,,0.0,2019.46,2019.46
ORD001520,CUST00345,2023-11-22,11,4,,App,Bengaluru,Cancelled,UPI,Afternoon 10-2 PM,,0.0,110.44,0.0
ORD001521,CUST00345,2023-12-13,12,4,2023-12-16,Kiosk,Bengaluru,Delivered,UPI,Afternoon 10-2 PM,,0.0,1855.97,1855.97
ORD001522,CUST00348,2023-12-04,12,4,2023-12-07,App,Delhi,Delivered,Credit Card,Evening 4-8 PM,,0.0,1086.76,1086.76
ORD001523,CUST00348,2023-12-20,12,4,2023-12-23,App,Delhi,Delivered,UPI,Afternoon 10-2 PM,,0.0,509.58,509.58
ORD001524,CUST00348,2023-11-12,11,4,2023-11-15,App,Delhi,Delivered,UPI,Morning 6-10 AM,,0.0,1036.48,1036.48
ORD001525,CUST00349,2023-09-05,9,3,2023-09-06,App,Delhi,Delivered,COD,Afternoon 10-2 PM,,0.0,126.44,126.44
ORD001526,CUST00349,2023-10-10,10,4,2023-10-12,App,Delhi,Delivered,UPI,Evening 4-8 PM,,0.0,957.55,957.55
ORD001527,CUST00349,2023-12-03,12,4,,App,Delhi,Cancelled,UPI,Evening 4-8 PM,,0.0,1431.74,0.0
ORD001528,CUST00349,2023-02-11,2,1,2023-02-13,App,Delhi,Delivered,COD,Late Night 8-11 PM,,0.0,753.36,753.36
ORD001529,CUST00349,2023-06-14,6,2,2023-06-17,Web,Delhi,Delivered,Credit Card,Morning 6-10 AM,,0.0,514.67,514.67
ORD001530,CUST00350,2023-08-04,8,3,2023-08-05,Web,Mumbai,Delivered,Credit Card,Afternoon 10-2 PM,,0.0,1279.52,1279.52
ORD001531,CUST00350,2023-01-01,1,1,2023-01-03,Web,Mumbai,Delivered,Credit Card,Morning 6-10 AM,NY2023,75.6,530.81,455.21
ORD001532,CUST00350,2023-12-27,12,4,,Web,Mumbai,Cancelled,Wallet,Morning 6-10 AM,,0.0,1560.16,0.0
ORD001533,CUST00350,2023-06-26,6,2,2023-06-28,Web,Mumbai,Delivered,UPI,Evening 4-8 PM,,0.0,1033.8,1033.8
ORD001534,CUST00350,2023-12-22,12,4,2023-12-25,App,Mumbai,Delivered,Credit Card,Afternoon 10-2 PM,,0.0,251.74,251.74
ORD001535,CUST00351,2023-05-28,5,2,2023-05-29,App,Mumbai,Delivered,Credit Card,Morning 6-10 AM,,0.0,10.25,10.25
ORD001536,CUST00351,2023-12-18,12,4,,App,Mumbai,Cancelled,UPI,Afternoon 10-2 PM,,0.0,1048.82,0.0
ORD001537,CUST00351,2023-11-13,11,4,2023-11-16,Web,Mumbai,Delivered,UPI,Evening 4-8 PM,,0.0,946.45,946.45
ORD001538,CUST00353,2023-08-24,8,3,2023-08-25,Web,Hyderabad,Delivered,UPI,Morning 6-10 AM,,0.0,58.07,58.07
ORD001539,CUST00354,2023-01-24,1,1,2023-01-26,App,Delhi,Delivered,UPI,Evening 4-8 PM,,0.0,209.56,209.56
ORD001540,CUST00354,2023-08-22,8,3,2023-08-23,Kiosk,Delhi,Delivered,COD,Late Night 8-11 PM,,0.0,601.75,601.75
ORD001541,CUST00354,2023-07-13,7,3,2023-07-15,App,Delhi,Delivered,Debit Card,Morning 6-10 AM,,0.0,1374.2,1374.2
ORD001542,CUST00354,2023-10-13,10,4,2023-10-15,App,Delhi,Delivered,Credit Card,Morning 6-10 AM,,0.0,505.13,505.13
ORD001543,CUST00355,2023-09-14,9,3,2023-09-15,App,Lucknow,Delivered,UPI,Evening 4-8 PM,,0.0,354.93,354.93
ORD001544,CUST00357,2023-04-25,4,2,2023-04-27,App,Mumbai,Delivered,UPI,Morning 6-10 AM,,0.0,341.64,341.64
ORD001545,CUST00357,2023-05-08,5,2,2023-05-11,App,Mumbai,Delivered,Credit Card,Morning 6-10 AM,,0.0,2851.21,2851.21
ORD001546,CUST00357,2023-09-18,9,3,2023-09-20,App,Mumbai,Delivered,UPI,Morning 6-10 AM,,0.0,457.3,457.3
ORD001547,CUST00357,2023-01-19,1,1,,Web,Mumbai,Cancelled,UPI,Morning 6-10 AM,,0.0,1300.38,0.0
ORD001548,CUST00357,2023-11-05,11,4,2023-11-08,Web,Mumbai,Delivered,COD,Afternoon 10-2 PM,,0.0,531.99,531.99
ORD001549,CUST00359,2023-03-03,3,1,2023-03-05,Web,Mumbai,Delivered,COD,Afternoon 10-2 PM,,0.0,1757.46,1757.46
ORD001550,CUST00359,2023-10-16,10,4,2023-10-19,App,Mumbai,Delivered,Credit Card,Morning 6-10 AM,,0.0,1947.61,1947.61
ORD001551,CUST00359,2023-03-19,3,1,2023-03-22,App,Mumbai,Delivered,Credit Card,Evening 4-8 PM,,0.0,553.23,553.23
ORD001552,CUST00359,2023-02-14,2,1,2023-02-16,App,Mumbai,Delivered,UPI,Evening 4-8 PM,,0.0,2030.27,2030.27
ORD001553,CUST00359,2023-04-10,4,2,2023-04-13,Web,Mumbai,Delivered,Credit Card,Late Night 8-11 PM,,0.0,904.97,904.97
ORD001554,CUST00359,2023-06-19,6,2,2023-06-21,App,Mumbai,Delivered,Wallet,Morning 6-10 AM,,0.0,1266.52,1266.52
ORD001555,CUST00359,2023-08-29,8,3,2023-09-01,App,Mumbai,Delivered,Wallet,Morning 6-10 AM,,0.0,1023.7,1023.7
ORD001556,CUST00359,2023-09-22,9,3,2023-09-23,App,Mumbai,Delivered,Credit Card,Morning 6-10 AM,,0.0,894.86,894.86
ORD001557,CUST00362,2023-12-07,12,4,2023-12-08,App,Hyderabad,Delivered,UPI,Evening 4-8 PM,,0.0,1847.52,1847.52
ORD001558,CUST00362,2023-10-04,10,4,2023-10-05,App,Hyderabad,Delivered,Credit Card,Evening 4-8 PM,,0.0,4053.45,4053.45
ORD001559,CUST00362,2023-12-22,12,4,2023-12-23,App,Hyderabad,Delivered,UPI,Evening 4-8 PM,,0.0,485.52,485.52
ORD001560,CUST00362,2023-12-06,12,4,2023-12-08,Kiosk,Hyderabad,Delivered,UPI,Morning 6-10 AM,,0.0,445.88,445.88
ORD001561,CUST00362,2023-02-01,2,1,2023-02-03,Web,Hyderabad,Delivered,Debit Card,Evening 4-8 PM,,0.0,2358.26,2358.26
ORD001562,CUST00362,2023-11-15,11,4,2023-11-16,Web,Hyderabad,Delivered,Wallet,Afternoon 10-2 PM,DIWALI23SUPER,126.0,1385.28,1259.28
ORD001563,CUST00362,2023-11-24,11,4,2023-11-25,App,Hyderabad,Delivered,UPI,Afternoon 10-2 PM,BIGSALE23,112.45,850.44,737.99
ORD001564,CUST00362,2023-09-24,9,3,2023-09-25,App,Hyderabad,Delivered,Credit Card,Morning 6-10 AM,,0.0,1100.15,1100.15
ORD001565,CUST00362,2023-05-14,5,2,2023-05-15,Web,Hyderabad,Delivered,UPI,Evening 4-8 PM,,0.0,629.66,629.66
ORD001566,CUST00362,2023-04-03,4,2,2023-04-04,App,Hyderabad,Delivered,Credit Card,Late Night 8-11 PM,,0.0,822.44,822.44
ORD001567,CUST00362,2023-12-25,12,4,2023-12-27,Web,Hyderabad,Delivered,UPI,Late Night 8-11 PM,XMAS23,44.36,535.54,491.18
ORD001568,CUST00362,2023-04-13,4,2,2023-04-14,Web,Hyderabad,Delivered,UPI,,,0.0,1160.03,1160.03
ORD001569,CUST00362,2023-03-08,3,1,2023-03-09,App,Hyderabad,Delivered,Wallet,Morning 6-10 AM,,0.0,752.32,752.32
ORD001570,CUST00366,2023-06-01,6,2,2023-06-04,App,Lucknow,Delivered,Debit Card,Morning 6-10 AM,,0.0,668.52,668.52
ORD001571,CUST00367,2023-04-17,4,2,2023-04-20,App,Hyderabad,Delivered,UPI,Evening 4-8 PM,,0.0,337.53,337.53
ORD001572,CUST00367,2023-10-08,10,4,,App,Hyderabad,Cancelled,COD,Morning 6-10 AM,,0.0,693.96,0.0
ORD001573,CUST00367,2023-02-15,2,1,2023-02-16,Web,Hyderabad,Delivered,Debit Card,Late Night 8-11 PM,,0.0,672.82,672.82
ORD001574,CUST00367,2023-09-01,9,3,,App,Hyderabad,Cancelled,UPI,Afternoon 10-2 PM,,0.0,4093.73,0.0
ORD001575,CUST00367,2023-12-04,12,4,2023-12-07,App,Hyderabad,Delivered,UPI,Evening 4-8 PM,,0.0,2606.5,2606.5
ORD001576,CUST00367,2023-05-06,5,2,,Web,Hyderabad,Cancelled,UPI,Morning 6-10 AM,,0.0,594.64,0.0
ORD001577,CUST00367,2023-05-02,5,2,2023-05-03,App,Hyderabad,Delivered,UPI,Morning 6-10 AM,,0.0,2730.8,2730.8
ORD001578,CUST00368,2023-01-03,1,1,2023-01-04,Web,Mumbai,Delivered,COD,Morning 6-10 AM,,0.0,519.59,519.59
ORD001579,CUST00368,2023-05-18,5,2,2023-05-21,App,Mumbai,Delivered,Debit Card,Afternoon 10-2 PM,,0.0,512.88,512.88
ORD001580,CUST00368,2023-04-26,4,2,2023-04-29,App,Mumbai,Delivered,UPI,Morning 6-10 AM,,0.0,204.84,204.84
ORD001581,CUST00368,2023-02-02,2,1,2023-02-04,App,Mumbai,Delivered,UPI,Morning 6-10 AM,,0.0,3860.98,3860.98
ORD001582,CUST00369,2023-06-02,6,2,2023-06-04,App,Bengaluru,Delivered,Credit Card,Morning 6-10 AM,,0.0,1242.19,1242.19
ORD001583,CUST00370,2023-09-08,9,3,2023-09-10,App,Mumbai,Delivered,COD,Morning 6-10 AM,,0.0,3349.21,3349.21
ORD001584,CUST00370,2023-11-16,11,4,2023-11-18,Kiosk,Mumbai,Delivered,UPI,Afternoon 10-2 PM,,0.0,795.94,795.94
ORD001585,CUST00371,2023-01-06,1,1,2023-01-08,App,Bengaluru,Delivered,COD,Morning 6-10 AM,,0.0,843.97,843.97
ORD001586,CUST00371,2023-01-08,1,1,2023-01-11,Web,Bengaluru,Delivered,UPI,Evening 4-8 PM,,0.0,1755.76,1755.76
ORD001587,CUST00371,2023-11-21,11,4,2023-11-24,App,Bengaluru,Delivered,UPI,Afternoon 10-2 PM,,0.0,2564.2,2564.2
ORD001588,CUST00371,2023-12-31,12,4,,App,Bengaluru,Cancelled,UPI,Morning 6-10 AM,XMAS23,0.0,1835.63,0.0
ORD001589,CUST00371,2023-07-24,7,3,2023-07-27,App,Bengaluru,Delivered,UPI,Morning 6-10 AM,,0.0,3317.63,3317.63
ORD001590,CUST00371,2023-02-21,2,1,2023-02-22,App,Bengaluru,Returned,Debit Card,Morning 6-10 AM,,0.0,634.74,446.06
ORD001591,CUST00371,2023-03-20,3,1,2023-03-23,App,Bengaluru,Delivered,COD,Morning 6-10 AM,,0.0,2380.63,2380.63
ORD001592,CUST00371,2023-03-03,3,1,2023-03-04,Web,Bengaluru,Delivered,UPI,Morning 6-10 AM,,0.0,651.86,651.86
ORD001593,CUST00371,2023-03-16,3,1,2023-03-19,App,Bengaluru,Delivered,UPI,Morning 6-10 AM,,0.0,937.02,937.02
ORD001594,CUST00371,2023-03-09,3,1,2023-03-10,App,Bengaluru,Delivered,UPI,Morning 6-10 AM,,0.0,708.27,708.27
ORD001595,CUST00371,2023-10-06,10,4,2023-10-08,App,Bengaluru,Delivered,Debit Card,Morning 6-10 AM,,0.0,1071.12,1071.12
ORD001596,CUST00371,2023-10-18,10,4,2023-10-20,Kiosk,Bengaluru,Delivered,UPI,Evening 4-8 PM,,0.0,982.29,982.29
ORD001597,CUST00371,2023-03-01,3,1,2023-03-04,App,Bengaluru,Delivered,UPI,Afternoon 10-2 PM,,0.0,2610.6,2610.6
ORD001598,CUST00371,2023-09-23,9,3,2023-09-26,Web,Bengaluru,Delivered,Debit Card,Morning 6-10 AM,,0.0,2098.88,2098.88
ORD001599,CUST00371,2023-11-02,11,4,,App,Bengaluru,Cancelled,Wallet,Morning 6-10 AM,,0.0,2620.61,0.0
ORD001600,CUST00371,2023-05-21,5,2,,App,Bengaluru,Cancelled,Credit Card,Morning 6-10 AM,,0.0,1189.92,0.0
ORD001601,CUST00371,2023-05-06,5,2,2023-05-07,App,Bengaluru,Delivered,UPI,Afternoon 10-2 PM,,0.0,1355.42,1355.42
ORD001602,CUST00371,2023-06-21,6,2,2023-06-22,Web,Bengaluru,Delivered,UPI,Morning 6-10 AM,,0.0,2354.25,2354.25
ORD001603,CUST00371,2023-08-08,8,3,2023-08-10,App,Bengaluru,Delivered,UPI,Afternoon 10-2 PM,,0.0,2446.49,2446.49
ORD001604,CUST00371,2023-12-29,12,4,2024-01-01,App,Bengaluru,Delivered,Credit Card,Evening 4-8 PM,,0.0,1611.28,1611.28
ORD001605,CUST00371,2023-03-21,3,1,2023-03-24,App,Bengaluru,Delivered,Credit Card,Morning 6-10 AM,,0.0,1679.67,1679.67
ORD001606,CUST00371,2023-04-25,4,2,2023-04-26,Web,Bengaluru,Delivered,UPI,Afternoon 10-2 PM,,0.0,577.93,577.93
ORD001607,CUST00371,2023-03-25,3,1,2023-03-28,App,Bengaluru,Delivered,UPI,Morning 6-10 AM,,0.0,1520.45,1520.45
ORD001608,CUST00373,2023-12-28,12,4,2023-12-30,Kiosk,Bengaluru,Delivered,COD,Evening 4-8 PM,,0.0,3100.81,3100.81
ORD001609,CUST00373,2023-02-08,2,1,2023-02-10,App,Bengaluru,Delivered,UPI,Afternoon 10-2 PM,,0.0,1090.9,1090.9
ORD001610,CUST00373,2023-07-18,7,3,2023-07-21,App,Bengaluru,Delivered,Debit Card,Evening 4-8 PM,,0.0,525.85,525.85
ORD001611,CUST00373,2023-12-24,12,4,2023-12-25,App,Bengaluru,Delivered,UPI,Morning 6-10 AM,,0.0,1704.23,1704.23
ORD001612,CUST00373,2023-11-26,11,4,2023-11-29,App,Bengaluru,Delivered,UPI,Morning 6-10 AM,,0.0,2381.59,2381.59
ORD001613,CUST00373,2023-04-30,4,2,2023-05-03,App,Bengaluru,Delivered,Credit Card,Late Night 8-11 PM,,0.0,667.11,667.11
ORD001614,CUST00374,2023-02-10,2,1,2023-02-13,Web,Mumbai,Delivered,Credit Card,Morning 6-10 AM,,0.0,974.63,974.63
ORD001615,CUST00374,2023-05-18,5,2,2023-05-19,App,Mumbai,Delivered,Credit Card,Morning 6-10 AM,,0.0,911.97,911.97
ORD001616,CUST00374,2023-09-02,9,3,,App,Mumbai,Cancelled,Debit Card,Morning 6-10 AM,,0.0,104.86,0.0
ORD001617,CUST00374,2023-01-03,1,1,2023-01-05,Web,Mumbai,Delivered,UPI,Afternoon 10-2 PM,,0.0,1130.9,1130.9
ORD001618,CUST00375,2023-07-21,7,3,2023-07-24,App,Hyderabad,Delivered,Debit Card,Evening 4-8 PM,,0.0,448.15,448.15
ORD001619,CUST00376,2023-02-20,2,1,2023-02-21,App,Hyderabad,Delivered,UPI,Evening 4-8 PM,,0.0,850.87,850.87
ORD001620,CUST00378,2023-10-12,10,4,2023-10-15,App,Mumbai,Delivered,UPI,Evening 4-8 PM,,0.0,705.48,705.48
ORD001621,CUST00379,2023-01-01,1,1,2023-01-04,App,Bengaluru,Delivered,UPI,Evening 4-8 PM,,0.0,294.66,294.66
ORD001622,CUST00381,2023-05-16,5,2,2023-05-18,App,Delhi,Delivered,UPI,Evening 4-8 PM,,0.0,3440.39,3440.39
ORD001623,CUST00381,2023-04-02,4,2,2023-04-05,Kiosk,Delhi,Delivered,UPI,Evening 4-8 PM,,0.0,437.47,437.47
ORD001624,CUST00381,2023-09-17,9,3,,Web,Delhi,Cancelled,Credit Card,Morning 6-10 AM,,0.0,1065.18,0.0
ORD001625,CUST00381,2023-06-10,6,2,2023-06-11,App,Delhi,Delivered,UPI,Morning 6-10 AM,,0.0,810.34,810.34
ORD001626,CUST00381,2023-05-28,5,2,,App,Delhi,Cancelled,UPI,Evening 4-8 PM,,0.0,589.86,0.0
ORD001627,CUST00381,2023-06-13,6,2,2023-06-15,Web,Delhi,Delivered,UPI,Late Night 8-11 PM,,0.0,1112.25,1112.25
ORD001628,CUST00381,2023-04-23,4,2,2023-04-24,App,Delhi,Delivered,Debit Card,Evening 4-8 PM,,0.0,372.68,372.68
ORD001629,CUST00381,2023-09-02,9,3,2023-09-03,App,Delhi,Delivered,COD,Morning 6-10 AM,,0.0,179.85,179.85
ORD001630,CUST00381,2023-11-08,11,4,2023-11-09,Web,Delhi,Delivered,Wallet,Afternoon 10-2 PM,,0.0,255.33,255.33
ORD001631,CUST00381,2023-11-13,11,4,2023-11-14,Web,Delhi,Delivered,UPI,Late Night 8-11 PM,DIWALI23SUPER,56.54,826.82,770.28
ORD001632,CUST00381,2023-07-06,7,3,2023-07-09,Web,Delhi,Delivered,UPI,Afternoon 10-2 PM,,0.0,212.78,212.78
ORD001633,CUST00381,2023-08-26,8,3,2023-08-29,App,Delhi,Delivered,Credit Card,Afternoon 10-2 PM,,0.0,1433.3,1433.3
ORD001634,CUST00381,2023-07-31,7,3,2023-08-02,Web,Delhi,Delivered,UPI,Late Night 8-11 PM,,0.0,1571.95,1571.95
ORD001635,CUST00381,2023-09-26,9,3,2023-09-28,App,Delhi,Delivered,UPI,Morning 6-10 AM,,0.0,480.59,480.59
ORD001636,CUST00381,2023-09-26,9,3,2023-09-27,App,Delhi,Delivered,Credit Card,,,0.0,480.44,480.44
ORD001637,CUST00381,2023-09-18,9,3,2023-09-19,Web,Delhi,Delivered,Debit Card,Morning 6-10 AM,,0.0,2333.05,2333.05
ORD001638,CUST00382,2023-01-28,1,1,2023-01-29,Web,Ahmedabad,Delivered,UPI,Morning 6-10 AM,,0.0,1248.66,1248.66
ORD001639,CUST00382,2023-05-31,5,2,2023-06-03,App,Ahmedabad,Delivered,UPI,Afternoon 10-2 PM,,0.0,327.44,327.44
ORD001640,CUST00382,2023-08-01,8,3,2023-08-04,Web,Ahmedabad,Delivered,UPI,Morning 6-10 AM,,0.0,749.79,749.79
ORD001641,CUST00382,2023-05-21,5,2,2023-05-22,App,Ahmedabad,Delivered,UPI,Morning 6-10 AM,,0.0,411.96,411.96
ORD001642,CUST00382,2023-02-15,2,1,2023-02-16,App,Ahmedabad,Delivered,Credit Card,Morning 6-10 AM,,0.0,277.75,277.75
ORD001643,CUST00382,2023-08-09,8,3,2023-08-10,Web,Ahmedabad,Delivered,Credit Card,Morning 6-10 AM,,0.0,138.65,138.65
ORD001644,CUST00385,2023-06-20,6,2,2023-06-22,App,Mumbai,Delivered,UPI,Evening 4-8 PM,,0.0,155.96,155.96
ORD001645,CUST00387,2023-01-27,1,1,2023-01-29,App,Mumbai,Returned,Debit Card,Afternoon 10-2 PM,,0.0,165.17,1.16
ORD001646,CUST00388,2023-03-04,3,1,2023-03-05,Web,Delhi,Delivered,UPI,Evening 4-8 PM,,0.0,68.18,68.18
ORD001647,CUST00388,2023-05-12,5,2,2023-05-15,App,Delhi,Delivered,UPI,Morning 6-10 AM,,0.0,846.53,846.53
ORD001648,CUST00388,2023-01-06,1,1,2023-01-07,Kiosk,Delhi,Delivered,COD,Morning 6-10 AM,,0.0,1140.26,1140.26
ORD001649,CUST00388,2023-01-19,1,1,2023-01-21,App,Delhi,Delivered,UPI,Morning 6-10 AM,,0.0,270.5,270.5
ORD001650,CUST00388,2023-01-17,1,1,2023-01-18,Kiosk,Delhi,Delivered,UPI,Evening 4-8 PM,,0.0,984.7,984.7
ORD001651,CUST00388,2023-10-08,10,4,2023-10-09,Web,Delhi,Delivered,UPI,Evening 4-8 PM,,0.0,3839.24,3839.24
ORD001652,CUST00389,2023-04-28,4,2,2023-05-01,App,Delhi,Delivered,UPI,Morning 6-10 AM,,0.0,867.73,867.73
ORD001653,CUST00389,2023-12-02,12,4,2023-12-05,App,Delhi,Delivered,UPI,Evening 4-8 PM,,0.0,192.26,192.26
ORD001654,CUST00391,2023-05-18,5,2,2023-05-20,App,Mumbai,Returned,Credit Card,Evening 4-8 PM,,0.0,744.03,744.03
ORD001655,CUST00391,2023-12-29,12,4,2024-01-01,Web,Mumbai,Delivered,UPI,Evening 4-8 PM,,0.0,929.91,929.91
ORD001656,CUST00391,2023-06-21,6,2,2023-06-24,Web,Mumbai,Delivered,UPI,Morning 6-10 AM,,0.0,1044.05,1044.05
ORD001657,CUST00391,2023-04-09,4,2,2023-04-10,App,Mumbai,Delivered,UPI,Afternoon 10-2 PM,,0.0,840.98,840.98
ORD001658,CUST00391,2023-09-03,9,3,2023-09-05,Kiosk,Mumbai,Delivered,UPI,Afternoon 10-2 PM,,0.0,2951.72,2951.72
ORD001659,CUST00391,2023-05-23,5,2,2023-05-26,Web,Mumbai,Delivered,UPI,Morning 6-10 AM,,0.0,1652.3,1652.3
ORD001660,CUST00391,2023-11-24,11,4,2023-11-26,Web,Mumbai,Delivered,Credit Card,Evening 4-8 PM,BIGSALE23,297.45,3960.8,3663.35
ORD001661,CUST00391,2023-08-30,8,3,2023-08-31,App,Mumbai,Delivered,Debit Card,Afternoon 10-2 PM,,0.0,209.62,209.62
ORD001662,CUST00391,2023-09-10,9,3,2023-09-11,Web,Mumbai,Delivered,UPI,Late Night 8-11 PM,,0.0,441.21,441.21
ORD001663,CUST00391,2023-11-21,11,4,,Web,Mumbai,Cancelled,COD,Morning 6-10 AM,,0.0,3132.78,0.0
ORD001664,CUST00391,2023-07-01,7,3,2023-07-03,App,Mumbai,Delivered,Credit Card,Evening 4-8 PM,,0.0,1813.29,1813.29
ORD001665,CUST00391,2023-07-18,7,3,2023-07-20,App,Mumbai,Delivered,UPI,Late Night 8-11 PM,,0.0,741.48,741.48
ORD001666,CUST00391,2023-03-01,3,1,2023-03-04,App,Mumbai,Delivered,COD,Afternoon 10-2 PM,,0.0,189.86,189.86
ORD001667,CUST00393,2023-01-11,1,1,2023-01-14,App,Hyderabad,Delivered,UPI,Morning 6-10 AM,,0.0,4187.57,4187.57
ORD001668,CUST00393,2023-12-02,12,4,2023-12-03,Kiosk,Hyderabad,Delivered,UPI,Afternoon 10-2 PM,,0.0,2833.71,2833.71
ORD001669,CUST00393,2023-09-28,9,3,2023-09-30,Web,Hyderabad,Delivered,UPI,Evening 4-8 PM,,0.0,1092.11,1092.11
ORD001670,CUST00393,2023-01-23,1,1,,Web,Hyderabad,Cancelled,Credit Card,Afternoon 10-2 PM,,0.0,776.53,0.0
ORD001671,CUST00393,2023-06-24,6,2,2023-06-25,App,Hyderabad,Delivered,UPI,Morning 6-10 AM,,0.0,4082.32,4082.32
ORD001672,CUST00393,2023-12-14,12,4,2023-12-15,App,Hyderabad,Delivered,UPI,Evening 4-8 PM,,0.0,5483.26,5483.26
ORD001673,CUST00393,2023-12-21,12,4,2023-12-23,Web,Hyderabad,Delivered,COD,Afternoon 10-2 PM,,0.0,572.6,572.6
ORD001674,CUST00393,2023-10-27,10,4,2023-10-28,App,Hyderabad,Delivered,UPI,Morning 6-10 AM,,0.0,1458.33,1458.33
ORD001675,CUST00393,2023-07-20,7,3,2023-07-23,App,Hyderabad,Delivered,UPI,Evening 4-8 PM,,0.0,997.36,997.36
ORD001676,CUST00393,2023-01-22,1,1,2023-01-24,App,Hyderabad,Returned,UPI,Evening 4-8 PM,,0.0,3534.94,1855.12
ORD001677,CUST00393,2023-11-09,11,4,,App,Hyderabad,Cancelled,Credit Card,Morning 6-10 AM,,0.0,1874.97,0.0
ORD001678,CUST00393,2023-02-17,2,1,2023-02-19,App,Hyderabad,Delivered,COD,Evening 4-8 PM,,0.0,1341.47,1341.47
ORD001679,CUST00393,2023-08-11,8,3,2023-08-13,App,Hyderabad,Delivered,Wallet,Late Night 8-11 PM,,0.0,1913.38,1913.38
ORD001680,CUST00393,2023-04-07,4,2,,App,Hyderabad,Cancelled,COD,Evening 4-8 PM,,0.0,377.29,0.0
ORD001681,CUST00393,2023-08-17,8,3,2023-08-18,Kiosk,Hyderabad,Delivered,COD,Evening 4-8 PM,,0.0,2096.3,2096.3
ORD001682,CUST00393,2023-10-03,10,4,2023-10-04,App,Hyderabad,Delivered,UPI,Morning 6-10 AM,,0.0,1943.96,1943.96
ORD001683,CUST00393,2023-08-06,8,3,2023-08-08,App,Hyderabad,Delivered,UPI,Afternoon 10-2 PM,,0.0,325.2,325.2
ORD001684,CUST00393,2023-04-15,4,2,2023-04-18,App,Hyderabad,Delivered,UPI,Morning 6-10 AM,,0.0,1847.46,1847.46
ORD001685,CUST00393,2023-09-10,9,3,2023-09-11,App,Hyderabad,Returned,UPI,Morning 6-10 AM,,0.0,2172.74,288.17
ORD001686,CUST00393,2023-08-23,8,3,2023-08-24,Web,Hyderabad,Delivered,Debit Card,Morning 6-10 AM,,0.0,1754.57,1754.57
ORD001687,CUST00393,2023-03-01,3,1,2023-03-02,Web,Hyderabad,Returned,COD,Morning 6-10 AM,,0.0,357.98,348.99
ORD001688,CUST00393,2023-05-12,5,2,2023-05-15,Web,Hyderabad,Delivered,UPI,Afternoon 10-2 PM,,0.0,2454.49,2454.49
ORD001689,CUST00394,2023-08-26,8,3,2023-08-28,Web,Delhi,Returned,Credit Card,Evening 4-8 PM,,0.0,3190.04,767.33
ORD001690,CUST00394,2023-07-24,7,3,2023-07-27,App,Delhi,Delivered,COD,Morning 6-10 AM,,0.0,1405.95,1405.95
ORD001691,CUST00394,2023-01-25,1,1,2023-01-27,Web,Delhi,Delivered,UPI,Evening 4-8 PM,,0.0,353.17,353.17
ORD001692,CUST00394,2023-02-08,2,1,2023-02-10,Web,Delhi,Delivered,UPI,Morning 6-10 AM,,0.0,2551.71,2551.71
ORD001693,CUST00394,2023-03-09,3,1,,App,Delhi,Cancelled,UPI,Evening 4-8 PM,,0.0,496.46,0.0
ORD001694,CUST00394,2023-07-15,7,3,2023-07-17,Web,Delhi,Delivered,Credit Card,Morning 6-10 AM,,0.0,2713.6,2713.6
ORD001695,CUST00394,2023-06-19,6,2,2023-06-22,Web,Delhi,Delivered,Debit Card,Afternoon 10-2 PM,,0.0,1689.74,1689.74
ORD001696,CUST00394,2023-11-16,11,4,2023-11-18,App,Delhi,Delivered,UPI,Afternoon 10-2 PM,,0.0,464.43,464.43
ORD001697,CUST00394,2023-04-08,4,2,2023-04-11,Kiosk,Delhi,Delivered,Credit Card,Morning 6-10 AM,,0.0,3457.75,3457.75
ORD001698,CUST00394,2023-08-14,8,3,2023-08-17,Web,Delhi,Delivered,UPI,Morning 6-10 AM,,0.0,1691.4,1691.4
ORD001699,CUST00394,2023-12-13,12,4,,Web,Delhi,Cancelled,UPI,Evening 4-8 PM,,0.0,653.14,0.0
ORD001700,CUST00394,2023-02-01,2,1,2023-02-03,App,Delhi,Delivered,UPI,Evening 4-8 PM,,0.0,1212.17,1212.17
ORD001701,CUST00394,2023-02-23,2,1,,App,Delhi,Cancelled,UPI,Evening 4-8 PM,,0.0,2533.49,0.0
ORD001702,CUST00395,2023-03-23,3,1,2023-03-24,App,Mumbai,Delivered,Credit Card,Afternoon 10-2 PM,,0.0,1207.48,1207.48
ORD001703,CUST00395,2023-04-14,4,2,2023-04-15,Web,Mumbai,Delivered,Debit Card,Morning 6-10 AM,,0.0,353.63,353.63
ORD001704,CUST00395,2023-02-27,2,1,2023-03-02,App,Mumbai,Delivered,UPI,Morning 6-10 AM,,0.0,1637.47,1637.47
ORD001705,CUST00395,2023-07-29,7,3,2023-08-01,App,Mumbai,Delivered,Wallet,Afternoon 10-2 PM,,0.0,371.76,371.76
ORD001706,CUST00395,2023-08-17,8,3,2023-08-19,App,Mumbai,Delivered,UPI,Evening 4-8 PM,,0.0,415.59,415.59
ORD001707,CUST00395,2023-10-10,10,4,2023-10-11,App,Mumbai,Delivered,Credit Card,Morning 6-10 AM,,0.0,145.58,145.58
ORD001708,CUST00395,2023-11-18,11,4,2023-11-21,Web,Mumbai,Delivered,Credit Card,Morning 6-10 AM,,0.0,2409.45,2409.45
ORD001709,CUST00395,2023-10-09,10,4,2023-10-11,App,Mumbai,Delivered,COD,Evening 4-8 PM,,0.0,1872.44,1872.44
ORD001710,CUST00395,2023-11-05,11,4,2023-11-06,App,Mumbai,Delivered,Wallet,Morning 6-10 AM,,0.0,1946.72,1946.72
ORD001711,CUST00395,2023-03-12,3,1,2023-03-15,App,Mumbai,Delivered,UPI,Morning 6-10 AM,,0.0,1504.85,1504.85
ORD001712,CUST00395,2023-04-25,4,2,,App,Mumbai,Cancelled,Wallet,Morning 6-10 AM,,0.0,2381.51,0.0
ORD001713,CUST00395,2023-11-04,11,4,2023-11-06,App,Mumbai,Delivered,UPI,Morning 6-10 AM,,0.0,1911.08,1911.08
ORD001714,CUST00395,2023-09-22,9,3,2023-09-23,App,Mumbai,Delivered,UPI,Afternoon 10-2 PM,,0.0,2594.13,2594.13
ORD001715,CUST00395,2023-05-22,5,2,2023-05-25,App,Mumbai,Delivered,Credit Card,Morning 6-10 AM,,0.0,680.68,680.68
ORD001716,CUST00395,2023-05-09,5,2,2023-05-12,Web,Mumbai,Delivered,Credit Card,Morning 6-10 AM,,0.0,2944.77,2944.77
ORD001717,CUST00395,2023-02-25,2,1,2023-02-26,App,Mumbai,Delivered,COD,Morning 6-10 AM,,0.0,1683.67,1683.67
ORD001718,CUST00395,2023-06-07,6,2,2023-06-10,Web,Mumbai,Delivered,UPI,Morning 6-10 AM,,0.0,878.79,878.79
ORD001719,CUST00397,2023-01-31,1,1,2023-02-02,Web,Delhi,Delivered,UPI,Afternoon 10-2 PM,,0.0,110.04,110.04
ORD001720,CUST00399,2023-06-21,6,2,2023-06-24,Web,Pune,Delivered,UPI,Evening 4-8 PM,,0.0,469.15,469.15
ORD001721,CUST00399,2023-11-20,11,4,2023-11-22,App,Pune,Delivered,UPI,Morning 6-10 AM,,0.0,3155.34,3155.34
ORD001722,CUST00399,2023-02-04,2,1,2023-02-05,Kiosk,Pune,Delivered,Credit Card,Morning 6-10 AM,,0.0,770.75,770.75
ORD001723,CUST00399,2023-08-11,8,3,,App,Pune,Cancelled,UPI,Afternoon 10-2 PM,,0.0,580.01,0.0
ORD001724,CUST00399,2023-05-21,5,2,2023-05-24,Web,Pune,Delivered,Debit Card,Morning 6-10 AM,,0.0,1177.31,1177.31
ORD001725,CUST00399,2023-05-04,5,2,2023-05-07,App,Pune,Delivered,UPI,Afternoon 10-2 PM,,0.0,61.39,61.39
ORD001726,CUST00399,2023-08-31,8,3,2023-09-01,Web,Pune,Delivered,UPI,Evening 4-8 PM,,0.0,99.47,99.47
ORD001727,CUST00399,2023-09-10,9,3,2023-09-11,Web,Pune,Delivered,Credit Card,Morning 6-10 AM,,0.0,598.07,598.07
ORD001728,CUST00403,2023-10-29,10,4,2023-10-31,App,Pune,Delivered,Credit Card,Morning 6-10 AM,,0.0,589.72,589.72
ORD001729,CUST00403,2023-11-04,11,4,2023-11-07,App,Pune,Delivered,UPI,Afternoon 10-2 PM,,0.0,1430.34,1430.34
ORD001730,CUST00403,2023-08-31,8,3,2023-09-02,App,Pune,Delivered,UPI,Morning 6-10 AM,,0.0,751.79,751.79
ORD001731,CUST00403,2023-03-04,3,1,2023-03-05,App,Pune,Delivered,UPI,Morning 6-10 AM,,0.0,527.57,527.57
ORD001732,CUST00403,2023-09-30,9,3,2023-10-02,App,Pune,Delivered,COD,Evening 4-8 PM,,0.0,3412.37,3412.37
ORD001733,CUST00403,2023-06-25,6,2,2023-06-27,App,Pune,Delivered,Debit Card,Afternoon 10-2 PM,,0.0,547.66,547.66
ORD001734,CUST00403,2023-06-24,6,2,2023-06-27,App,Pune,Delivered,UPI,Morning 6-10 AM,,0.0,3510.04,3510.04
ORD001735,CUST00403,2023-10-21,10,4,2023-10-22,App,Pune,Delivered,Credit Card,Morning 6-10 AM,,0.0,575.3,575.3
ORD001736,CUST00406,2023-04-03,4,2,2023-04-05,Web,Pune,Delivered,UPI,Morning 6-10 AM,,0.0,258.84,258.84
ORD001737,CUST00407,2023-07-03,7,3,2023-07-04,Web,Hyderabad,Delivered,UPI,Evening 4-8 PM,,0.0,1068.13,1068.13
ORD001738,CUST00410,2023-12-02,12,4,2023-12-04,Web,Delhi,Delivered,COD,Morning 6-10 AM,,0.0,1963.01,1963.01
ORD001739,CUST00410,2023-05-03,5,2,2023-05-04,App,Delhi,Delivered,Debit Card,Evening 4-8 PM,,0.0,2161.68,2161.68
ORD001740,CUST00410,2023-09-23,9,3,,Web,Delhi,Cancelled,Credit Card,Morning 6-10 AM,,0.0,362.02,0.0
ORD001741,CUST00411,2023-10-26,10,4,2023-10-28,Web,Delhi,Delivered,COD,Morning 6-10 AM,,0.0,542.24,542.24
ORD001742,CUST00411,2023-04-01,4,2,2023-04-04,App,Delhi,Delivered,Credit Card,Late Night 8-11 PM,,0.0,3245.44,3245.44
ORD001743,CUST00411,2023-01-04,1,1,2023-01-07,App,Delhi,Delivered,Credit Card,Evening 4-8 PM,,0.0,1079.35,1079.35
ORD001744,CUST00411,2023-11-22,11,4,2023-11-25,App,Delhi,Delivered,Credit Card,Morning 6-10 AM,,0.0,778.46,778.46
ORD001745,CUST00411,2023-03-31,3,1,2023-04-03,App,Delhi,Delivered,COD,Morning 6-10 AM,,0.0,2196.66,2196.66
ORD001746,CUST00411,2023-08-22,8,3,2023-08-24,Web,Delhi,Delivered,Credit Card,Morning 6-10 AM,,0.0,2884.16,2884.16
ORD001747,CUST00411,2023-03-22,3,1,2023-03-24,App,Delhi,Returned,UPI,Afternoon 10-2 PM,,0.0,1159.0,478.83
ORD001748,CUST00411,2023-04-12,4,2,2023-04-13,App,Delhi,Returned,Credit Card,Morning 6-10 AM,,0.0,208.15,2.48
ORD001749,CUST00411,2023-07-23,7,3,2023-07-26,Web,Delhi,Delivered,Debit Card,Afternoon 10-2 PM,,0.0,362.15,362.15
ORD001750,CUST00411,2023-12-05,12,4,2023-12-07,Web,Delhi,Delivered,Credit Card,Afternoon 10-2 PM,,0.0,1582.56,1582.56
ORD001751,CUST00411,2023-07-21,7,3,2023-07-24,Web,Delhi,Delivered,Credit Card,Morning 6-10 AM,,0.0,2079.2,2079.2
ORD001752,CUST00411,2023-11-19,11,4,2023-11-21,App,Delhi,Delivered,UPI,Late Night 8-11 PM,,0.0,2582.06,2582.06
ORD001753,CUST00413,2023-08-14,8,3,2023-08-17,Web,Mumbai,Delivered,UPI,Evening 4-8 PM,FREEDOM23,12.99,234.91,221.92
ORD001754,CUST00413,2023-10-20,10,4,2023-10-22,App,Mumbai,Delivered,UPI,Afternoon 10-2 PM,,0.0,310.32,310.32
ORD001755,CUST00413,2023-03-19,3,1,2023-03-20,App,Mumbai,Delivered,Wallet,Evening 4-8 PM,,0.0,642.59,642.59
ORD001756,CUST00414,2023-04-25,4,2,2023-04-26,App,Jaipur,Delivered,UPI,Morning 6-10 AM,,0.0,3414.74,3414.74
ORD001757,CUST00414,2023-02-03,2,1,2023-02-06,App,Jaipur,Delivered,Wallet,Evening 4-8 PM,,0.0,1914.77,1914.77
ORD001758,CUST00414,2023-06-20,6,2,2023-06-22,App,Jaipur,Delivered,Credit Card,Morning 6-10 AM,,0.0,1153.95,1153.95
ORD001759,CUST00414,2023-08-22,8,3,2023-08-23,App,Jaipur,Delivered,Debit Card,Morning 6-10 AM,,0.0,1857.31,1857.31
ORD001760,CUST00414,2023-06-02,6,2,2023-06-04,App,Jaipur,Delivered,UPI,Evening 4-8 PM,,0.0,878.05,878.05
ORD001761,CUST00414,2023-07-04,7,3,2023-07-07,Web,Jaipur,Delivered,Debit Card,Evening 4-8 PM,,0.0,1120.41,1120.41
ORD001762,CUST00414,2023-02-15,2,1,2023-02-18,App,Jaipur,Delivered,Wallet,Evening 4-8 PM,,0.0,3809.07,3809.07
ORD001763,CUST00414,2023-02-05,2,1,2023-02-07,App,Jaipur,Delivered,Credit Card,Evening 4-8 PM,,0.0,548.99,548.99
ORD001764,CUST00414,2023-08-30,8,3,2023-09-02,App,Jaipur,Delivered,COD,Morning 6-10 AM,,0.0,2933.66,2933.66
ORD001765,CUST00414,2023-03-06,3,1,2023-03-07,App,Jaipur,Delivered,UPI,Evening 4-8 PM,,0.0,1058.74,1058.74
ORD001766,CUST00414,2023-06-18,6,2,2023-06-20,App,Jaipur,Delivered,COD,Morning 6-10 AM,,0.0,1211.26,1211.26
ORD001767,CUST00414,2023-11-12,11,4,2023-11-15,Web,Jaipur,Delivered,Wallet,Morning 6-10 AM,,0.0,520.58,520.58
ORD001768,CUST00414,2023-06-09,6,2,2023-06-10,Web,Jaipur,Delivered,Credit Card,Morning 6-10 AM,,0.0,2065.8,2065.8
ORD001769,CUST00414,2023-03-09,3,1,2023-03-12,Web,Jaipur,Delivered,Debit Card,Afternoon 10-2 PM,,0.0,935.18,935.18
ORD001770,CUST00414,2023-01-12,1,1,2023-01-13,Web,Jaipur,Delivered,Credit Card,Morning 6-10 AM,,0.0,997.46,997.46
ORD001771,CUST00414,2023-02-09,2,1,2023-02-12,Web,Jaipur,Delivered,UPI,Morning 6-10 AM,,0.0,646.66,646.66
ORD001772,CUST00414,2023-06-24,6,2,,App,Jaipur,Cancelled,Credit Card,Evening 4-8 PM,,0.0,1474.84,0.0
ORD001773,CUST00415,2023-10-24,10,4,,App,Jaipur,Cancelled,UPI,Morning 6-10 AM,DUSSEHRA23,0.0,264.3,0.0
ORD001774,CUST00415,2023-09-19,9,3,2023-09-22,App,Jaipur,Delivered,Credit Card,Afternoon 10-2 PM,,0.0,105.16,105.16
ORD001775,CUST00416,2023-01-21,1,1,2023-01-23,Web,Delhi,Delivered,Debit Card,Late Night 8-11 PM,,0.0,753.51,753.51
ORD001776,CUST00418,2023-11-15,11,4,2023-11-18,App,Delhi,Delivered,Wallet,Morning 6-10 AM,,0.0,568.62,568.62
ORD001777,CUST00418,2023-11-18,11,4,2023-11-19,App,Delhi,Delivered,Wallet,Morning 6-10 AM,,0.0,1255.99,1255.99
ORD001778,CUST00418,2023-06-17,6,2,,Web,Delhi,Cancelled,COD,Afternoon 10-2 PM,,0.0,1538.98,0.0
ORD001779,CUST00418,2023-12-25,12,4,2023-12-27,App,Delhi,Delivered,COD,Morning 6-10 AM,,0.0,956.98,956.98
ORD001780,CUST00418,2023-09-10,9,3,2023-09-12,App,Delhi,Delivered,Debit Card,Morning 6-10 AM,,0.0,1526.56,1526.56
ORD001781,CUST00418,2023-05-17,5,2,2023-05-18,App,Delhi,Delivered,Debit Card,Evening 4-8 PM,,0.0,740.0,740.0
ORD001782,CUST00418,2023-12-16,12,4,2023-12-19,Web,Delhi,Delivered,UPI,Afternoon 10-2 PM,,0.0,813.8,813.8
ORD001783,CUST00418,2023-12-03,12,4,2023-12-05,Web,Delhi,Delivered,UPI,Morning 6-10 AM,,0.0,397.94,397.94
ORD001784,CUST00418,2023-10-19,10,4,2023-10-22,Web,Delhi,Delivered,COD,Late Night 8-11 PM,,0.0,1090.17,1090.17
ORD001785,CUST00418,2023-04-15,4,2,2023-04-16,App,Delhi,Delivered,Credit Card,Morning 6-10 AM,,0.0,2404.16,2404.16
ORD001786,CUST00418,2023-01-07,1,1,2023-01-10,App,Delhi,Delivered,COD,Evening 4-8 PM,,0.0,2408.59,2408.59
ORD001787,CUST00418,2023-08-02,8,3,2023-08-03,App,Delhi,Delivered,UPI,Morning 6-10 AM,,0.0,1474.49,1474.49
ORD001788,CUST00418,2023-12-02,12,4,2023-12-04,App,Delhi,Delivered,UPI,Morning 6-10 AM,,0.0,1347.58,1347.58
ORD001789,CUST00418,2023-07-10,7,3,,App,Delhi,Cancelled,Credit Card,Late Night 8-11 PM,,0.0,2136.84,0.0
ORD001790,CUST00418,2023-04-23,4,2,2023-04-26,Web,Delhi,Delivered,Wallet,Evening 4-8 PM,,0.0,1372.5,1372.5
ORD001791,CUST00418,2023-10-15,10,4,2023-10-16,Web,Delhi,Delivered,Credit Card,Evening 4-8 PM,,0.0,904.47,904.47
ORD001792,CUST00418,2023-09-11,9,3,2023-09-12,App,Delhi,Delivered,Credit Card,Evening 4-8 PM,,0.0,1800.86,1800.86
ORD001793,CUST00421,2023-12-16,12,4,2023-12-19,Web,Ahmedabad,Delivered,UPI,Morning 6-10 AM,,0.0,1502.33,1502.33
ORD001794,CUST00422,2023-05-29,5,2,2023-06-01,Web,Jaipur,Delivered,Credit Card,Afternoon 10-2 PM,,0.0,178.89,178.89
ORD001795,CUST00422,2023-01-01,1,1,2023-01-03,Web,Jaipur,Delivered,Credit Card,Evening 4-8 PM,,0.0,649.8,649.8
ORD001796,CUST00422,2023-12-18,12,4,2023-12-20,Web,Jaipur,Delivered,Wallet,Morning 6-10 AM,,0.0,1560.12,1560.12
ORD001797,CUST00424,2023-12-13,12,4,2023-12-14,Kiosk,Jaipur,Delivered,Credit Card,Evening 4-8 PM,,0.0,1635.9,1635.9
ORD001798,CUST00424,2023-11-07,11,4,2023-11-10,App,Jaipur,Delivered,UPI,Evening 4-8 PM,,0.0,289.85,289.85
ORD001799,CUST00427,2023-10-04,10,4,2023-10-07,App,Bengaluru,Delivered,Credit Card,Morning 6-10 AM,,0.0,1192.28,1192.28
ORD001800,CUST00427,2023-01-24,1,1,2023-01-25,App,Bengaluru,Returned,Credit Card,Morning 6-10 AM,,0.0,4478.51,4052.42
ORD001801,CUST00427,2023-10-12,10,4,2023-10-14,Web,Bengaluru,Delivered,UPI,Afternoon 10-2 PM,,0.0,1499.31,1499.31
ORD001802,CUST00427,2023-05-10,5,2,2023-05-13,Kiosk,Bengaluru,Delivered,UPI,Morning 6-10 AM,,0.0,545.45,545.45
ORD001803,CUST00427,2023-10-31,10,4,,Web,Bengaluru,Cancelled,Wallet,Morning 6-10 AM,,0.0,1531.18,0.0
ORD001804,CUST00427,2023-02-06,2,1,2023-02-07,App,Bengaluru,Delivered,COD,Afternoon 10-2 PM,,0.0,2015.03,2015.03
ORD001805,CUST00427,2023-01-02,1,1,2023-01-05,App,Bengaluru,Delivered,COD,Morning 6-10 AM,,0.0,1206.11,1206.11
ORD001806,CUST00427,2023-03-11,3,1,2023-03-14,Web,Bengaluru,Delivered,Credit Card,Morning 6-10 AM,,0.0,1320.29,1320.29
ORD001807,CUST00427,2023-05-26,5,2,2023-05-27,App,Bengaluru,Delivered,UPI,Morning 6-10 AM,,0.0,1533.48,1533.48
ORD001808,CUST00427,2023-08-09,8,3,2023-08-12,App,Bengaluru,Delivered,Wallet,Evening 4-8 PM,,0.0,719.15,719.15
ORD001809,CUST00427,2023-10-16,10,4,2023-10-17,App,Bengaluru,Delivered,COD,Morning 6-10 AM,,0.0,2014.51,2014.51
ORD001810,CUST00427,2023-03-04,3,1,2023-03-05,App,Bengaluru,Returned,UPI,Evening 4-8 PM,,0.0,630.4,24.49
ORD001811,CUST00427,2023-06-07,6,2,2023-06-10,App,Bengaluru,Delivered,UPI,Evening 4-8 PM,,0.0,1369.46,1369.46
ORD001812,CUST00427,2023-03-09,3,1,2023-03-10,Web,Bengaluru,Returned,UPI,Evening 4-8 PM,HOLI23,117.73,1108.31,364.15
ORD001813,CUST00429,2023-01-01,1,1,2023-01-04,App,Mumbai,Delivered,UPI,Late Night 8-11 PM,NY2023,307.93,1932.45,1624.52
ORD001814,CUST00429,2023-07-15,7,3,2023-07-16,App,Mumbai,Delivered,Wallet,Evening 4-8 PM,,0.0,1468.04,1468.04
ORD001815,CUST00429,2023-04-24,4,2,2023-04-25,Web,Mumbai,Delivered,Wallet,Morning 6-10 AM,,0.0,744.63,744.63
ORD001816,CUST00429,2023-05-31,5,2,2023-06-03,App,Mumbai,Delivered,COD,Morning 6-10 AM,,0.0,3123.79,3123.79
ORD001817,CUST00429,2023-09-07,9,3,2023-09-10,App,Mumbai,Delivered,UPI,Late Night 8-11 PM,,0.0,1958.57,1958.57
ORD001818,CUST00429,2023-10-20,10,4,2023-10-23,App,Mumbai,Delivered,Debit Card,Afternoon 10-2 PM,,0.0,4273.7,4273.7
ORD001819,CUST00429,2023-05-19,5,2,2023-05-21,Web,Mumbai,Delivered,UPI,Morning 6-10 AM,,0.0,1056.73,1056.73
ORD001820,CUST00429,2023-09-09,9,3,2023-09-10,App,Mumbai,Delivered,Credit Card,Morning 6-10 AM,,0.0,2860.64,2860.64
ORD001821,CUST00429,2023-01-26,1,1,2023-01-28,App,Mumbai,Delivered,UPI,Late Night 8-11 PM,,0.0,1191.84,1191.84
ORD001822,CUST00429,2023-10-21,10,4,2023-10-24,Web,Mumbai,Delivered,COD,Afternoon 10-2 PM,DUSSEHRA23,226.51,2750.4,2523.89
ORD001823,CUST00429,2023-07-08,7,3,2023-07-10,App,Mumbai,Delivered,UPI,Morning 6-10 AM,,0.0,1554.91,1554.91
ORD001824,CUST00429,2023-04-12,4,2,2023-04-15,App,Mumbai,Delivered,UPI,Afternoon 10-2 PM,,0.0,931.6,931.6
ORD001825,CUST00429,2023-03-29,3,1,2023-04-01,App,Mumbai,Delivered,UPI,Evening 4-8 PM,,0.0,3188.71,3188.71
ORD001826,CUST00429,2023-07-16,7,3,2023-07-18,App,Mumbai,Delivered,Credit Card,Evening 4-8 PM,,0.0,2371.4,2371.4
ORD001827,CUST00429,2023-11-17,11,4,2023-11-19,App,Mumbai,Delivered,Debit Card,Late Night 8-11 PM,,0.0,1170.23,1170.23
ORD001828,CUST00429,2023-07-14,7,3,2023-07-15,App,Mumbai,Delivered,UPI,Morning 6-10 AM,,0.0,1469.04,1469.04
ORD001829,CUST00429,2023-04-23,4,2,2023-04-25,App,Mumbai,Delivered,UPI,,,0.0,1189.77,1189.77
ORD001830,CUST00429,2023-04-05,4,2,2023-04-06,App,Mumbai,Delivered,Credit Card,Afternoon 10-2 PM,,0.0,6132.14,6132.14
ORD001831,CUST00429,2023-07-10,7,3,2023-07-12,Web,Mumbai,Delivered,UPI,Morning 6-10 AM,,0.0,1064.67,1064.67
ORD001832,CUST00429,2023-03-06,3,1,2023-03-08,Web,Mumbai,Delivered,Credit Card,Afternoon 10-2 PM,,0.0,1324.58,1324.58
ORD001833,CUST00429,2023-11-10,11,4,2023-11-12,Kiosk,Mumbai,Delivered,Wallet,Evening 4-8 PM,,0.0,1063.32,1063.32
ORD001834,CUST00429,2023-11-28,11,4,2023-11-30,App,Mumbai,Delivered,UPI,Morning 6-10 AM,,0.0,3192.18,3192.18
ORD001835,CUST00429,2023-05-29,5,2,2023-05-30,App,Mumbai,Delivered,UPI,Afternoon 10-2 PM,,0.0,842.0,842.0
ORD001836,CUST00429,2023-10-17,10,4,2023-10-19,App,Mumbai,Returned,UPI,Morning 6-10 AM,,0.0,2262.83,223.89
ORD001837,CUST00429,2023-09-13,9,3,2023-09-14,Web,Mumbai,Delivered,Debit Card,Evening 4-8 PM,,0.0,306.87,306.87
ORD001838,CUST00429,2023-02-03,2,1,2023-02-06,Web,Mumbai,Delivered,COD,Evening 4-8 PM,,0.0,1353.43,1353.43
ORD001839,CUST00429,2023-05-25,5,2,2023-05-28,Kiosk,Mumbai,Delivered,UPI,Afternoon 10-2 PM,,0.0,2704.59,2704.59
ORD001840,CUST00429,2023-03-12,3,1,2023-03-13,App,Mumbai,Returned,COD,Morning 6-10 AM,,0.0,2783.35,273.13
ORD001841,CUST00429,2023-11-15,11,4,2023-11-17,App,Mumbai,Delivered,Debit Card,Late Night 8-11 PM,,0.0,132.16,132.16
ORD001842,CUST00429,2023-02-28,2,1,2023-03-01,Kiosk,Mumbai,Delivered,COD,Afternoon 10-2 PM,,0.0,429.41,429.41
ORD001843,CUST00430,2023-03-02,3,1,,App,Bengaluru,Cancelled,Credit Card,Morning 6-10 AM,,0.0,1164.09,0.0
ORD001844,CUST00430,2023-04-11,4,2,2023-04-12,App,Bengaluru,Delivered,UPI,Late Night 8-11 PM,,0.0,1242.64,1242.64
ORD001845,CUST00430,2023-07-25,7,3,2023-07-28,App,Bengaluru,Delivered,COD,Evening 4-8 PM,,0.0,905.61,905.61
ORD001846,CUST00430,2023-10-03,10,4,2023-10-04,App,Bengaluru,Delivered,UPI,Afternoon 10-2 PM,,0.0,247.26,247.26
ORD001847,CUST00430,2023-05-24,5,2,2023-05-26,App,Bengaluru,Delivered,UPI,Morning 6-10 AM,,0.0,2391.59,2391.59
ORD001848,CUST00430,2023-11-27,11,4,2023-11-30,Web,Bengaluru,Delivered,UPI,Late Night 8-11 PM,,0.0,121.68,121.68
ORD001849,CUST00430,2023-05-13,5,2,2023-05-16,App,Bengaluru,Delivered,UPI,Evening 4-8 PM,,0.0,336.56,336.56
ORD001850,CUST00430,2023-11-05,11,4,2023-11-07,App,Bengaluru,Delivered,Wallet,,,0.0,414.15,414.15
ORD001851,CUST00430,2023-07-19,7,3,2023-07-22,App,Bengaluru,Delivered,UPI,Evening 4-8 PM,,0.0,2516.57,2516.57
ORD001852,CUST00430,2023-08-23,8,3,2023-08-25,App,Bengaluru,Delivered,UPI,Morning 6-10 AM,,0.0,1545.49,1545.49
ORD001853,CUST00430,2023-08-14,8,3,2023-08-17,App,Bengaluru,Delivered,UPI,Morning 6-10 AM,,0.0,1559.43,1559.43
ORD001854,CUST00430,2023-05-30,5,2,2023-06-02,App,Bengaluru,Delivered,COD,Evening 4-8 PM,,0.0,1090.32,1090.32
ORD001855,CUST00430,2023-11-24,11,4,2023-11-26,App,Bengaluru,Delivered,COD,Afternoon 10-2 PM,BIGSALE23,258.22,2467.26,2209.04
ORD001856,CUST00432,2023-06-21,6,2,2023-06-23,Web,Pune,Delivered,Credit Card,Morning 6-10 AM,,0.0,1110.51,1110.51
ORD001857,CUST00433,2023-11-23,11,4,2023-11-24,Web,Jaipur,Delivered,Credit Card,Evening 4-8 PM,,0.0,414.54,414.54
ORD001858,CUST00433,2023-06-08,6,2,,App,Jaipur,Cancelled,Wallet,Morning 6-10 AM,,0.0,499.72,0.0
ORD001859,CUST00433,2023-09-06,9,3,2023-09-08,Web,Jaipur,Returned,UPI,Morning 6-10 AM,,0.0,299.64,136.09
ORD001860,CUST00434,2023-10-28,10,4,2023-10-31,Web,Bengaluru,Delivered,Credit Card,Afternoon 10-2 PM,,0.0,339.6,339.6
ORD001861,CUST00434,2023-03-07,3,1,2023-03-08,App,Bengaluru,Delivered,UPI,Evening 4-8 PM,,0.0,277.14,277.14
ORD001862,CUST00434,2023-09-13,9,3,2023-09-15,Web,Bengaluru,Delivered,UPI,Morning 6-10 AM,,0.0,1012.89,1012.89
ORD001863,CUST00434,2023-05-19,5,2,2023-05-20,App,Bengaluru,Delivered,Credit Card,Morning 6-10 AM,,0.0,570.85,570.85
ORD001864,CUST00434,2023-03-07,3,1,2023-03-09,App,Bengaluru,Delivered,UPI,Late Night 8-11 PM,,0.0,1130.3,1130.3
ORD001865,CUST00434,2023-06-24,6,2,2023-06-27,App,Bengaluru,Delivered,COD,Evening 4-8 PM,,0.0,280.24,280.24
ORD001866,CUST00434,2023-08-25,8,3,2023-08-26,Web,Bengaluru,Delivered,Credit Card,Morning 6-10 AM,,0.0,3474.62,3474.62
ORD001867,CUST00434,2023-01-29,1,1,2023-02-01,Kiosk,Bengaluru,Delivered,Wallet,Evening 4-8 PM,,0.0,1430.8,1430.8
ORD001868,CUST00434,2023-11-15,11,4,,App,Bengaluru,Cancelled,UPI,Morning 6-10 AM,,0.0,2281.28,0.0
ORD001869,CUST00434,2023-10-18,10,4,2023-10-21,Web,Bengaluru,Delivered,Debit Card,Evening 4-8 PM,,0.0,634.2,634.2
ORD001870,CUST00434,2023-09-24,9,3,2023-09-26,Web,Bengaluru,Delivered,UPI,Afternoon 10-2 PM,,0.0,813.6,813.6
ORD001871,CUST00437,2023-02-06,2,1,2023-02-07,Web,Delhi,Delivered,COD,,,0.0,390.24,390.24
ORD001872,CUST00437,2023-10-03,10,4,2023-10-05,App,Delhi,Delivered,Debit Card,Morning 6-10 AM,,0.0,1201.06,1201.06
ORD001873,CUST00437,2023-03-15,3,1,2023-03-17,App,Delhi,Delivered,COD,Morning 6-10 AM,,0.0,203.75,203.75
ORD001874,CUST00437,2023-06-11,6,2,2023-06-12,App,Delhi,Delivered,Credit Card,Morning 6-10 AM,,0.0,1619.48,1619.48
ORD001875,CUST00437,2023-06-22,6,2,2023-06-24,App,Delhi,Delivered,UPI,Morning 6-10 AM,,0.0,1452.79,1452.79
ORD001876,CUST00437,2023-04-02,4,2,2023-04-03,App,Delhi,Returned,UPI,Morning 6-10 AM,,0.0,4258.63,1883.25
ORD001877,CUST00437,2023-08-22,8,3,2023-08-25,App,Delhi,Delivered,Credit Card,Morning 6-10 AM,,0.0,459.93,459.93
ORD001878,CUST00437,2023-10-18,10,4,2023-10-19,App,Delhi,Delivered,Wallet,Morning 6-10 AM,,0.0,1255.48,1255.48
ORD001879,CUST00437,2023-02-12,2,1,2023-02-13,App,Delhi,Delivered,COD,Evening 4-8 PM,,0.0,617.28,617.28
ORD001880,CUST00437,2023-09-15,9,3,2023-09-18,App,Delhi,Delivered,UPI,Morning 6-10 AM,,0.0,2173.27,2173.27
ORD001881,CUST00437,2023-06-29,6,2,2023-06-30,Kiosk,Delhi,Delivered,UPI,Morning 6-10 AM,,0.0,768.28,768.28
ORD001882,CUST00437,2023-03-17,3,1,2023-03-18,App,Delhi,Delivered,UPI,Morning 6-10 AM,,0.0,1390.86,1390.86
ORD001883,CUST00437,2023-07-23,7,3,2023-07-26,Web,Delhi,Delivered,UPI,Afternoon 10-2 PM,,0.0,551.11,551.11
ORD001884,CUST00437,2023-05-09,5,2,2023-05-10,App,Delhi,Delivered,UPI,Late Night 8-11 PM,,0.0,1734.75,1734.75
ORD001885,CUST00437,2023-07-07,7,3,2023-07-10,App,Delhi,Delivered,Credit Card,Morning 6-10 AM,,0.0,619.96,619.96
ORD001886,CUST00437,2023-08-29,8,3,,App,Delhi,Cancelled,COD,Evening 4-8 PM,,0.0,118.72,0.0
ORD001887,CUST00437,2023-07-17,7,3,2023-07-18,Web,Delhi,Delivered,UPI,Afternoon 10-2 PM,,0.0,920.39,920.39
ORD001888,CUST00437,2023-08-07,8,3,2023-08-08,Web,Delhi,Returned,Wallet,Morning 6-10 AM,,0.0,828.6,51.04
ORD001889,CUST00437,2023-05-16,5,2,2023-05-17,App,Delhi,Delivered,UPI,Evening 4-8 PM,,0.0,1359.29,1359.29
ORD001890,CUST00437,2023-06-19,6,2,2023-06-21,App,Delhi,Delivered,Debit Card,Evening 4-8 PM,,0.0,1478.99,1478.99
ORD001891,CUST00437,2023-05-21,5,2,2023-05-23,App,Delhi,Delivered,UPI,Late Night 8-11 PM,,0.0,1476.99,1476.99
ORD001892,CUST00437,2023-10-03,10,4,2023-10-05,Web,Delhi,Delivered,COD,Morning 6-10 AM,,0.0,2026.26,2026.26
ORD001893,CUST00437,2023-05-01,5,2,2023-05-02,App,Delhi,Delivered,UPI,Evening 4-8 PM,,0.0,1006.14,1006.14
ORD001894,CUST00437,2023-09-09,9,3,2023-09-10,App,Delhi,Delivered,UPI,Evening 4-8 PM,,0.0,1209.24,1209.24
ORD001895,CUST00437,2023-10-25,10,4,2023-10-28,App,Delhi,Delivered,Wallet,Evening 4-8 PM,,0.0,745.65,745.65
ORD001896,CUST00439,2023-05-07,5,2,2023-05-09,App,Delhi,Delivered,UPI,Evening 4-8 PM,,0.0,1800.34,1800.34
ORD001897,CUST00439,2023-02-14,2,1,2023-02-16,App,Delhi,Delivered,Credit Card,Morning 6-10 AM,LOVEFEB,82.72,576.87,494.15
ORD001898,CUST00439,2023-05-01,5,2,2023-05-03,App,Delhi,Delivered,Credit Card,,,0.0,1820.08,1820.08
ORD001899,CUST00441,2023-01-25,1,1,2023-01-26,Web,Jaipur,Returned,COD,Afternoon 10-2 PM,,0.0,752.0,752.0
ORD001900,CUST00442,2023-10-23,10,4,2023-10-24,App,Mumbai,Delivered,Credit Card,Afternoon 10-2 PM,,0.0,996.53,996.53
ORD001901,CUST00442,2023-09-04,9,3,2023-09-05,App,Mumbai,Delivered,UPI,Morning 6-10 AM,,0.0,3271.48,3271.48
ORD001902,CUST00445,2023-01-07,1,1,2023-01-08,Web,Delhi,Delivered,Debit Card,Morning 6-10 AM,,0.0,115.54,115.54
ORD001903,CUST00445,2023-11-13,11,4,2023-11-14,App,Delhi,Returned,COD,Afternoon 10-2 PM,DIWALI23SUPER,145.52,1256.37,30.61
ORD001904,CUST00445,2023-04-21,4,2,2023-04-24,App,Delhi,Delivered,COD,Afternoon 10-2 PM,,0.0,920.75,920.75
ORD001905,CUST00445,2023-03-31,3,1,2023-04-03,Web,Delhi,Delivered,Wallet,Evening 4-8 PM,,0.0,2141.83,2141.83
ORD001906,CUST00445,2023-06-17,6,2,2023-06-20,App,Delhi,Delivered,UPI,Evening 4-8 PM,,0.0,1185.3,1185.3
ORD001907,CUST00445,2023-10-21,10,4,2023-10-24,App,Delhi,Delivered,UPI,Morning 6-10 AM,,0.0,1153.57,1153.57
ORD001908,CUST00445,2023-11-12,11,4,2023-11-13,App,Delhi,Returned,UPI,Late Night 8-11 PM,,0.0,5870.53,407.65
ORD001909,CUST00445,2023-10-29,10,4,2023-10-31,Web,Delhi,Delivered,UPI,Afternoon 10-2 PM,,0.0,2304.3,2304.3
ORD001910,CUST00445,2023-01-10,1,1,2023-01-12,App,Delhi,Delivered,Debit Card,Afternoon 10-2 PM,,0.0,1802.96,1802.96
ORD001911,CUST00445,2023-04-06,4,2,2023-04-09,App,Delhi,Delivered,UPI,Afternoon 10-2 PM,,0.0,2464.87,2464.87
ORD001912,CUST00445,2023-12-27,12,4,2023-12-28,App,Delhi,Delivered,UPI,Morning 6-10 AM,,0.0,1529.97,1529.97
ORD001913,CUST00445,2023-03-16,3,1,2023-03-17,Web,Delhi,Delivered,UPI,Evening 4-8 PM,,0.0,1783.59,1783.59
ORD001914,CUST00445,2023-10-18,10,4,2023-10-20,App,Delhi,Delivered,UPI,Morning 6-10 AM,,0.0,1287.15,1287.15
ORD001915,CUST00445,2023-02-05,2,1,2023-02-07,App,Delhi,Delivered,UPI,Late Night 8-11 PM,,0.0,496.33,496.33
ORD001916,CUST00445,2023-02-24,2,1,2023-02-26,App,Delhi,Delivered,UPI,Evening 4-8 PM,,0.0,661.46,661.46
ORD001917,CUST00445,2023-08-26,8,3,2023-08-28,App,Delhi,Delivered,Credit Card,Afternoon 10-2 PM,,0.0,1091.57,1091.57
ORD001918,CUST00445,2023-02-17,2,1,2023-02-18,App,Delhi,Delivered,COD,Evening 4-8 PM,,0.0,1744.36,1744.36
ORD001919,CUST00445,2023-10-21,10,4,2023-10-22,Web,Delhi,Delivered,Credit Card,Late Night 8-11 PM,DUSSEHRA23,354.6,1995.17,1640.57
ORD001920,CUST00448,2023-08-10,8,3,2023-08-12,Web,Mumbai,Delivered,Credit Card,Late Night 8-11 PM,,0.0,1969.39,1969.39
ORD001921,CUST00448,2023-08-04,8,3,2023-08-07,App,Mumbai,Delivered,Credit Card,Late Night 8-11 PM,,0.0,413.93,413.93
ORD001922,CUST00448,2023-07-31,7,3,2023-08-02,App,Mumbai,Delivered,Debit Card,Morning 6-10 AM,,0.0,2217.97,2217.97
ORD001923,CUST00448,2023-10-20,10,4,2023-10-21,Web,Mumbai,Delivered,UPI,Morning 6-10 AM,DUSSEHRA23,90.17,716.1,625.93
ORD001924,CUST00448,2023-05-18,5,2,2023-05-20,Web,Mumbai,Returned,Wallet,Morning 6-10 AM,,0.0,3079.31,75.98
ORD001925,CUST00448,2023-03-21,3,1,2023-03-23,App,Mumbai,Delivered,Credit Card,Evening 4-8 PM,,0.0,656.36,656.36
ORD001926,CUST00448,2023-03-17,3,1,2023-03-18,App,Mumbai,Delivered,UPI,Morning 6-10 AM,,0.0,3498.69,3498.69
ORD001927,CUST00449,2023-10-30,10,4,2023-11-02,App,Delhi,Delivered,Credit Card,Evening 4-8 PM,,0.0,724.58,724.58
ORD001928,CUST00449,2023-10-23,10,4,,App,Delhi,Cancelled,UPI,Morning 6-10 AM,DUSSEHRA23,0.0,164.15,0.0
ORD001929,CUST00449,2023-04-01,4,2,,App,Delhi,Cancelled,UPI,Afternoon 10-2 PM,,0.0,339.98,0.0
ORD001930,CUST00449,2023-04-16,4,2,2023-04-18,App,Delhi,Delivered,UPI,Morning 6-10 AM,,0.0,461.98,461.98
ORD001931,CUST00450,2023-06-12,6,2,2023-06-13,Web,Hyderabad,Delivered,Wallet,Evening 4-8 PM,,0.0,2313.26,2313.26
ORD001932,CUST00450,2023-12-23,12,4,,App,Hyderabad,Cancelled,Debit Card,Evening 4-8 PM,,0.0,759.58,0.0
ORD001933,CUST00450,2023-07-14,7,3,2023-07-17,Web,Hyderabad,Delivered,Debit Card,Morning 6-10 AM,,0.0,1496.21,1496.21
ORD001934,CUST00450,2023-04-19,4,2,2023-04-20,Web,Hyderabad,Delivered,Credit Card,Evening 4-8 PM,,0.0,3984.88,3984.88
ORD001935,CUST00450,2023-09-06,9,3,2023-09-08,App,Hyderabad,Delivered,Wallet,Evening 4-8 PM,,0.0,783.25,783.25
ORD001936,CUST00450,2023-10-04,10,4,2023-10-07,Kiosk,Hyderabad,Delivered,Credit Card,Evening 4-8 PM,,0.0,839.56,839.56
ORD001937,CUST00450,2023-12-19,12,4,2023-12-21,Kiosk,Hyderabad,Returned,Wallet,Morning 6-10 AM,,0.0,1587.41,94.45
ORD001938,CUST00451,2023-10-21,10,4,,Kiosk,Pune,Cancelled,Debit Card,Evening 4-8 PM,,0.0,652.95,0.0
ORD001939,CUST00453,2023-04-01,4,2,2023-04-02,App,Pune,Delivered,Credit Card,Morning 6-10 AM,,0.0,158.84,158.84
ORD001940,CUST00453,2023-08-03,8,3,2023-08-04,App,Pune,Returned,Wallet,Late Night 8-11 PM,,0.0,914.13,4.1
ORD001941,CUST00455,2023-08-01,8,3,2023-08-02,App,Bengaluru,Delivered,UPI,Afternoon 10-2 PM,,0.0,1350.07,1350.07
ORD001942,CUST00455,2023-06-13,6,2,2023-06-16,App,Bengaluru,Delivered,Debit Card,Afternoon 10-2 PM,,0.0,462.45,462.45
ORD001943,CUST00455,2023-05-02,5,2,,App,Bengaluru,Cancelled,Credit Card,Morning 6-10 AM,,0.0,2648.64,0.0
ORD001944,CUST00455,2023-11-07,11,4,2023-11-09,Web,Bengaluru,Delivered,Wallet,Evening 4-8 PM,,0.0,116.45,116.45
ORD001945,CUST00456,2023-09-28,9,3,2023-09-30,App,Mumbai,Delivered,COD,Evening 4-8 PM,,0.0,1745.5,1745.5
ORD001946,CUST00456,2023-08-07,8,3,2023-08-10,App,Mumbai,Delivered,UPI,Morning 6-10 AM,,0.0,2124.92,2124.92
ORD001947,CUST00456,2023-04-11,4,2,2023-04-14,Web,Mumbai,Delivered,UPI,Afternoon 10-2 PM,,0.0,677.17,677.17
ORD001948,CUST00456,2023-08-20,8,3,2023-08-22,Web,Mumbai,Delivered,Credit Card,Evening 4-8 PM,,0.0,1026.8,1026.8
ORD001949,CUST00456,2023-03-01,3,1,2023-03-03,App,Mumbai,Delivered,UPI,Morning 6-10 AM,,0.0,98.13,98.13
ORD001950,CUST00457,2023-05-14,5,2,2023-05-17,App,Mumbai,Delivered,UPI,Evening 4-8 PM,,0.0,1778.52,1778.52
ORD001951,CUST00457,2023-05-20,5,2,2023-05-22,App,Mumbai,Delivered,Credit Card,Evening 4-8 PM,,0.0,2486.92,2486.92
ORD001952,CUST00457,2023-06-26,6,2,2023-06-27,Web,Mumbai,Returned,Credit Card,Afternoon 10-2 PM,,0.0,596.57,503.48
ORD001953,CUST00457,2023-02-01,2,1,2023-02-03,App,Mumbai,Delivered,UPI,Evening 4-8 PM,,0.0,698.42,698.42
ORD001954,CUST00457,2023-11-27,11,4,2023-11-28,App,Mumbai,Delivered,Credit Card,,,0.0,498.3,498.3
ORD001955,CUST00457,2023-11-13,11,4,2023-11-15,App,Mumbai,Delivered,Credit Card,Evening 4-8 PM,,0.0,807.04,807.04
ORD001956,CUST00457,2023-10-02,10,4,2023-10-04,Web,Mumbai,Delivered,Credit Card,Morning 6-10 AM,,0.0,1299.13,1299.13
ORD001957,CUST00460,2023-07-29,7,3,2023-07-30,App,Mumbai,Delivered,Wallet,Evening 4-8 PM,,0.0,941.78,941.78
ORD001958,CUST00462,2023-03-14,3,1,2023-03-15,Web,Delhi,Delivered,Wallet,Morning 6-10 AM,,0.0,3319.06,3319.06
ORD001959,CUST00462,2023-08-04,8,3,2023-08-06,App,Delhi,Returned,UPI,Afternoon 10-2 PM,,0.0,1159.3,52.17
ORD001960,CUST00462,2023-11-23,11,4,2023-11-24,Web,Delhi,Delivered,UPI,Morning 6-10 AM,BIGSALE23,28.06,427.75,399.69
ORD001961,CUST00462,2023-08-06,8,3,2023-08-08,App,Delhi,Delivered,UPI,Evening 4-8 PM,,0.0,728.99,728.99
ORD001962,CUST00462,2023-10-03,10,4,2023-10-04,Web,Delhi,Delivered,UPI,Afternoon 10-2 PM,,0.0,524.7,524.7
ORD001963,CUST00462,2023-09-24,9,3,2023-09-27,Web,Delhi,Delivered,UPI,Afternoon 10-2 PM,,0.0,1559.48,1559.48
ORD001964,CUST00462,2023-02-13,2,1,2023-02-16,App,Delhi,Delivered,UPI,Morning 6-10 AM,LOVEFEB,156.09,1694.84,1538.75
ORD001965,CUST00462,2023-01-17,1,1,2023-01-19,App,Delhi,Delivered,UPI,Morning 6-10 AM,,0.0,957.64,957.64
ORD001966,CUST00462,2023-09-11,9,3,2023-09-14,App,Delhi,Delivered,Wallet,Afternoon 10-2 PM,,0.0,634.26,634.26
ORD001967,CUST00462,2023-09-06,9,3,2023-09-08,App,Delhi,Delivered,Wallet,,,0.0,4224.33,4224.33
ORD001968,CUST00462,2023-08-09,8,3,2023-08-12,Web,Delhi,Delivered,COD,Morning 6-10 AM,,0.0,4259.82,4259.82
ORD001969,CUST00462,2023-08-15,8,3,,App,Delhi,Cancelled,UPI,Evening 4-8 PM,FREEDOM23,0.0,1405.26,0.0
ORD001970,CUST00463,2023-12-27,12,4,,Web,Mumbai,Cancelled,Wallet,Morning 6-10 AM,,0.0,650.57,0.0
ORD001971,CUST00464,2023-04-27,4,2,2023-04-30,Web,Mumbai,Delivered,UPI,Evening 4-8 PM,,0.0,1901.74,1901.74
ORD001972,CUST00464,2023-02-02,2,1,2023-02-04,App,Mumbai,Delivered,Credit Card,Morning 6-10 AM,,0.0,1323.47,1323.47
ORD001973,CUST00466,2023-02-15,2,1,2023-02-16,App,Pune,Delivered,UPI,Morning 6-10 AM,,0.0,307.93,307.93
ORD001974,CUST00467,2023-02-17,2,1,2023-02-20,App,Pune,Delivered,Debit Card,Evening 4-8 PM,,0.0,1918.31,1918.31
ORD001975,CUST00467,2023-01-29,1,1,2023-02-01,Kiosk,Pune,Delivered,UPI,Morning 6-10 AM,,0.0,1622.33,1622.33
ORD001976,CUST00468,2023-11-13,11,4,2023-11-15,App,Bengaluru,Delivered,COD,Morning 6-10 AM,,0.0,1117.35,1117.35
ORD001977,CUST00468,2023-10-06,10,4,2023-10-07,App,Bengaluru,Delivered,UPI,Morning 6-10 AM,,0.0,2434.99,2434.99
ORD001978,CUST00468,2023-11-21,11,4,2023-11-22,Web,Bengaluru,Delivered,COD,,BIGSALE23,206.77,1719.79,1513.02
ORD001979,CUST00468,2023-04-17,4,2,2023-04-18,App,Bengaluru,Delivered,Debit Card,Afternoon 10-2 PM,,0.0,3046.9,3046.9
ORD001980,CUST00468,2023-01-22,1,1,2023-01-25,Web,Bengaluru,Delivered,UPI,Evening 4-8 PM,,0.0,1212.75,1212.75
ORD001981,CUST00468,2023-05-15,5,2,2023-05-17,App,Bengaluru,Delivered,UPI,Evening 4-8 PM,,0.0,2650.91,2650.91
ORD001982,CUST00468,2023-12-16,12,4,2023-12-19,Web,Bengaluru,Delivered,Wallet,Morning 6-10 AM,,0.0,1482.2,1482.2
ORD001983,CUST00468,2023-12-29,12,4,2023-12-30,Kiosk,Bengaluru,Delivered,Debit Card,Late Night 8-11 PM,,0.0,673.55,673.55
ORD001984,CUST00468,2023-02-21,2,1,,App,Bengaluru,Cancelled,UPI,Afternoon 10-2 PM,,0.0,912.88,0.0
ORD001985,CUST00468,2023-08-11,8,3,2023-08-13,App,Bengaluru,Delivered,Wallet,Morning 6-10 AM,,0.0,3567.59,3567.59
ORD001986,CUST00468,2023-11-22,11,4,2023-11-23,App,Bengaluru,Delivered,UPI,Evening 4-8 PM,BIGSALE23,84.95,817.12,732.17
ORD001987,CUST00468,2023-05-01,5,2,2023-05-02,App,Bengaluru,Delivered,COD,Late Night 8-11 PM,,0.0,514.54,514.54
ORD001988,CUST00472,2023-12-12,12,4,2023-12-13,Web,Bengaluru,Delivered,Debit Card,Afternoon 10-2 PM,,0.0,771.04,771.04
ORD001989,CUST00472,2023-07-03,7,3,2023-07-04,App,Bengaluru,Delivered,UPI,Morning 6-10 AM,,0.0,353.08,353.08
ORD001990,CUST00472,2023-06-28,6,2,2023-07-01,Web,Bengaluru,Delivered,Debit Card,Afternoon 10-2 PM,,0.0,807.96,807.96
ORD001991,CUST00472,2023-12-26,12,4,2023-12-29,App,Bengaluru,Delivered,UPI,Morning 6-10 AM,,0.0,2835.69,2835.69
ORD001992,CUST00472,2023-03-15,3,1,2023-03-16,App,Bengaluru,Delivered,Credit Card,Evening 4-8 PM,,0.0,2761.97,2761.97
ORD001993,CUST00472,2023-11-07,11,4,2023-11-09,Web,Bengaluru,Delivered,Debit Card,Evening 4-8 PM,,0.0,8370.66,8370.66
ORD001994,CUST00472,2023-03-12,3,1,2023-03-15,App,Bengaluru,Delivered,UPI,Morning 6-10 AM,,0.0,136.13,136.13
ORD001995,CUST00472,2023-02-15,2,1,2023-02-16,Web,Bengaluru,Delivered,Credit Card,Morning 6-10 AM,,0.0,1109.85,1109.85
ORD001996,CUST00472,2023-08-16,8,3,2023-08-17,Kiosk,Bengaluru,Delivered,COD,Late Night 8-11 PM,FREEDOM23,157.5,1861.25,1703.75
ORD001997,CUST00472,2023-12-21,12,4,2023-12-24,App,Bengaluru,Delivered,Credit Card,Afternoon 10-2 PM,,0.0,1494.89,1494.89
ORD001998,CUST00472,2023-07-05,7,3,,Web,Bengaluru,Cancelled,Debit Card,Morning 6-10 AM,,0.0,97.83,0.0
ORD001999,CUST00476,2023-12-15,12,4,2023-12-18,App,Delhi,Delivered,Debit Card,Afternoon 10-2 PM,,0.0,425.28,425.28
ORD002000,CUST00476,2023-03-14,3,1,2023-03-17,App,Delhi,Delivered,UPI,Evening 4-8 PM,,0.0,1963.56,1963.56
ORD002001,CUST00476,2023-08-27,8,3,2023-08-29,App,Delhi,Delivered,UPI,Morning 6-10 AM,,0.0,3163.75,3163.75
ORD002002,CUST00476,2023-06-18,6,2,2023-06-21,App,Delhi,Delivered,UPI,Morning 6-10 AM,,0.0,1440.8,1440.8
ORD002003,CUST00476,2023-09-29,9,3,,App,Delhi,Cancelled,Wallet,Morning 6-10 AM,,0.0,1905.62,0.0
ORD002004,CUST00476,2023-05-21,5,2,2023-05-22,App,Delhi,Delivered,Credit Card,Morning 6-10 AM,,0.0,240.8,240.8
ORD002005,CUST00476,2023-11-02,11,4,2023-11-03,App,Delhi,Delivered,COD,Afternoon 10-2 PM,,0.0,532.71,532.71
ORD002006,CUST00476,2023-03-21,3,1,2023-03-24,App,Delhi,Delivered,Credit Card,Afternoon 10-2 PM,,0.0,986.76,986.76
ORD002007,CUST00476,2023-04-19,4,2,2023-04-21,App,Delhi,Delivered,UPI,Morning 6-10 AM,,0.0,445.75,445.75
ORD002008,CUST00476,2023-11-15,11,4,2023-11-16,App,Delhi,Delivered,UPI,Morning 6-10 AM,DIWALI23SUPER,80.31,1571.46,1491.15
ORD002009,CUST00476,2023-06-05,6,2,2023-06-07,Web,Delhi,Delivered,UPI,Morning 6-10 AM,,0.0,783.41,783.41
ORD002010,CUST00476,2023-07-23,7,3,2023-07-26,App,Delhi,Delivered,UPI,Late Night 8-11 PM,,0.0,400.38,400.38
ORD002011,CUST00476,2023-01-17,1,1,2023-01-19,Web,Delhi,Delivered,UPI,Morning 6-10 AM,,0.0,3485.9,3485.9
ORD002012,CUST00477,2023-08-13,8,3,2023-08-15,App,Mumbai,Delivered,Credit Card,Afternoon 10-2 PM,,0.0,1707.78,1707.78
ORD002013,CUST00477,2023-09-18,9,3,2023-09-20,App,Mumbai,Delivered,UPI,Afternoon 10-2 PM,,0.0,810.68,810.68
ORD002014,CUST00477,2023-12-06,12,4,2023-12-08,App,Mumbai,Delivered,Debit Card,Morning 6-10 AM,,0.0,1038.61,1038.61
ORD002015,CUST00477,2023-01-27,1,1,2023-01-29,App,Mumbai,Delivered,Debit Card,Afternoon 10-2 PM,,0.0,1805.13,1805.13
ORD002016,CUST00477,2023-02-04,2,1,2023-02-06,App,Mumbai,Delivered,UPI,Evening 4-8 PM,,0.0,474.05,474.05
ORD002017,CUST00477,2023-07-31,7,3,2023-08-03,App,Mumbai,Delivered,COD,Afternoon 10-2 PM,,0.0,2364.14,2364.14
ORD002018,CUST00477,2023-09-13,9,3,2023-09-16,App,Mumbai,Delivered,Debit Card,Morning 6-10 AM,,0.0,302.31,302.31
ORD002019,CUST00477,2023-07-23,7,3,2023-07-24,App,Mumbai,Delivered,Wallet,Afternoon 10-2 PM,,0.0,703.86,703.86
ORD002020,CUST00477,2023-09-16,9,3,2023-09-17,Web,Mumbai,Delivered,UPI,Morning 6-10 AM,,0.0,1150.49,1150.49
ORD002021,CUST00477,2023-11-19,11,4,2023-11-20,App,Mumbai,Delivered,Credit Card,Morning 6-10 AM,,0.0,426.83,426.83
ORD002022,CUST00478,2023-04-25,4,2,2023-04-27,App,Ahmedabad,Delivered,COD,Evening 4-8 PM,,0.0,522.21,522.21
ORD002023,CUST00479,2023-07-13,7,3,2023-07-15,Kiosk,Mumbai,Delivered,UPI,Evening 4-8 PM,,0.0,114.7,114.7
ORD002024,CUST00480,2023-10-30,10,4,2023-11-01,Web,Bengaluru,Delivered,UPI,Morning 6-10 AM,,0.0,3118.23,3118.23
ORD002025,CUST00480,2023-05-22,5,2,2023-05-23,Web,Bengaluru,Delivered,Credit Card,Evening 4-8 PM,,0.0,1371.61,1371.61
ORD002026,CUST00480,2023-11-20,11,4,2023-11-23,App,Bengaluru,Delivered,Credit Card,Evening 4-8 PM,,0.0,1703.7,1703.7
ORD002027,CUST00480,2023-12-16,12,4,2023-12-19,Web,Bengaluru,Delivered,UPI,Morning 6-10 AM,,0.0,4197.3,4197.3
ORD002028,CUST00480,2023-11-28,11,4,2023-11-30,App,Bengaluru,Delivered,UPI,Evening 4-8 PM,,0.0,290.09,290.09
ORD002029,CUST00480,2023-02-10,2,1,2023-02-13,App,Bengaluru,Delivered,Debit Card,Morning 6-10 AM,LOVEFEB,27.73,238.42,210.69
ORD002030,CUST00480,2023-08-23,8,3,2023-08-24,App,Bengaluru,Delivered,UPI,Evening 4-8 PM,,0.0,967.66,967.66
ORD002031,CUST00480,2023-10-17,10,4,2023-10-19,Web,Bengaluru,Delivered,Wallet,Morning 6-10 AM,,0.0,1898.02,1898.02
ORD002032,CUST00481,2023-06-14,6,2,2023-06-17,App,Bengaluru,Delivered,COD,Evening 4-8 PM,,0.0,666.16,666.16
ORD002033,CUST00481,2023-05-18,5,2,2023-05-19,Web,Bengaluru,Delivered,UPI,Afternoon 10-2 PM,,0.0,667.78,667.78
ORD002034,CUST00481,2023-05-15,5,2,2023-05-16,Kiosk,Bengaluru,Delivered,UPI,,,0.0,1664.83,1664.83
ORD002035,CUST00481,2023-06-03,6,2,2023-06-04,Web,Bengaluru,Delivered,COD,Evening 4-8 PM,,0.0,563.87,563.87
ORD002036,CUST00481,2023-10-07,10,4,2023-10-10,Kiosk,Bengaluru,Delivered,UPI,Afternoon 10-2 PM,,0.0,1675.27,1675.27
ORD002037,CUST00481,2023-08-15,8,3,2023-08-18,App,Bengaluru,Delivered,Debit Card,Morning 6-10 AM,FREEDOM23,166.1,2129.0,1962.9
ORD002038,CUST00481,2023-01-25,1,1,2023-01-27,App,Bengaluru,Delivered,COD,Evening 4-8 PM,,0.0,1869.5,1869.5
ORD002039,CUST00481,2023-12-03,12,4,2023-12-06,Kiosk,Bengaluru,Delivered,Debit Card,Morning 6-10 AM,,0.0,1715.22,1715.22
ORD002040,CUST00481,2023-05-22,5,2,2023-05-25,Web,Bengaluru,Delivered,COD,Morning 6-10 AM,,0.0,1495.13,1495.13
ORD002041,CUST00482,2023-04-15,4,2,2023-04-17,App,Hyderabad,Delivered,Wallet,Evening 4-8 PM,,0.0,1058.78,1058.78
ORD002042,CUST00482,2023-09-06,9,3,2023-09-07,App,Hyderabad,Delivered,UPI,Evening 4-8 PM,,0.0,250.26,250.26
ORD002043,CUST00482,2023-08-01,8,3,2023-08-03,Web,Hyderabad,Delivered,COD,Afternoon 10-2 PM,,0.0,1253.42,1253.42
ORD002044,CUST00482,2023-11-03,11,4,2023-11-04,Web,Hyderabad,Delivered,COD,Evening 4-8 PM,,0.0,2810.95,2810.95
ORD002045,CUST00482,2023-01-10,1,1,2023-01-13,Web,Hyderabad,Delivered,UPI,Morning 6-10 AM,,0.0,1008.02,1008.02
ORD002046,CUST00482,2023-05-13,5,2,2023-05-15,App,Hyderabad,Delivered,Debit Card,Afternoon 10-2 PM,,0.0,1628.08,1628.08
ORD002047,CUST00482,2023-04-16,4,2,2023-04-19,App,Hyderabad,Delivered,COD,Afternoon 10-2 PM,,0.0,494.85,494.85
ORD002048,CUST00482,2023-08-05,8,3,2023-08-08,App,Hyderabad,Delivered,Credit Card,Afternoon 10-2 PM,,0.0,2656.39,2656.39
ORD002049,CUST00482,2023-12-21,12,4,2023-12-22,Web,Hyderabad,Delivered,Debit Card,Evening 4-8 PM,,0.0,372.11,372.11
ORD002050,CUST00482,2023-02-27,2,1,2023-02-28,App,Hyderabad,Delivered,Debit Card,Evening 4-8 PM,,0.0,2613.03,2613.03
ORD002051,CUST00482,2023-03-03,3,1,2023-03-04,App,Hyderabad,Delivered,Credit Card,Morning 6-10 AM,,0.0,2535.2,2535.2
ORD002052,CUST00482,2023-04-17,4,2,2023-04-18,App,Hyderabad,Delivered,UPI,Morning 6-10 AM,,0.0,221.91,221.91
ORD002053,CUST00482,2023-12-09,12,4,2023-12-12,Web,Hyderabad,Delivered,UPI,Afternoon 10-2 PM,,0.0,456.11,456.11
ORD002054,CUST00482,2023-08-02,8,3,2023-08-05,Web,Hyderabad,Delivered,Credit Card,Evening 4-8 PM,,0.0,712.89,712.89
ORD002055,CUST00482,2023-02-05,2,1,2023-02-06,Kiosk,Hyderabad,Delivered,UPI,Morning 6-10 AM,,0.0,1441.48,1441.48
ORD002056,CUST00482,2023-04-03,4,2,2023-04-05,App,Hyderabad,Delivered,Credit Card,Evening 4-8 PM,,0.0,642.21,642.21
ORD002057,CUST00482,2023-02-27,2,1,2023-03-01,App,Hyderabad,Delivered,COD,Afternoon 10-2 PM,,0.0,3689.4,3689.4
ORD002058,CUST00482,2023-10-28,10,4,2023-10-31,App,Hyderabad,Delivered,Debit Card,Evening 4-8 PM,,0.0,2945.54,2945.54
ORD002059,CUST00482,2023-10-30,10,4,2023-10-31,Web,Hyderabad,Delivered,COD,Morning 6-10 AM,,0.0,1728.13,1728.13
ORD002060,CUST00482,2023-05-21,5,2,2023-05-22,App,Hyderabad,Delivered,Debit Card,Afternoon 10-2 PM,,0.0,714.06,714.06
ORD002061,CUST00482,2023-11-17,11,4,2023-11-18,App,Hyderabad,Delivered,Credit Card,Morning 6-10 AM,,0.0,835.97,835.97
ORD002062,CUST00482,2023-01-31,1,1,2023-02-03,Web,Hyderabad,Delivered,Credit Card,Morning 6-10 AM,,0.0,1683.7,1683.7
ORD002063,CUST00482,2023-02-16,2,1,2023-02-19,App,Hyderabad,Delivered,Wallet,Afternoon 10-2 PM,,0.0,1274.48,1274.48
ORD002064,CUST00484,2023-03-25,3,1,2023-03-27,App,Ahmedabad,Returned,Credit Card,Morning 6-10 AM,,0.0,2240.02,703.52
ORD002065,CUST00484,2023-11-12,11,4,2023-11-13,App,Ahmedabad,Delivered,UPI,Morning 6-10 AM,DIWALI23SUPER,169.48,1806.02,1636.54
ORD002066,CUST00484,2023-11-21,11,4,2023-11-23,App,Ahmedabad,Delivered,Credit Card,Late Night 8-11 PM,,0.0,2142.12,2142.12
ORD002067,CUST00484,2023-12-03,12,4,2023-12-05,App,Ahmedabad,Delivered,Credit Card,Morning 6-10 AM,,0.0,888.67,888.67
ORD002068,CUST00484,2023-03-07,3,1,,Web,Ahmedabad,Cancelled,COD,Morning 6-10 AM,,0.0,1565.26,0.0
ORD002069,CUST00484,2023-05-03,5,2,2023-05-06,Kiosk,Ahmedabad,Delivered,UPI,Late Night 8-11 PM,,0.0,3005.28,3005.28
ORD002070,CUST00484,2023-06-17,6,2,2023-06-20,App,Ahmedabad,Delivered,Credit Card,,,0.0,827.04,827.04
ORD002071,CUST00484,2023-10-27,10,4,2023-10-30,App,Ahmedabad,Delivered,UPI,Late Night 8-11 PM,,0.0,3003.46,3003.46
ORD002072,CUST00484,2023-11-01,11,4,2023-11-02,App,Ahmedabad,Delivered,Credit Card,Morning 6-10 AM,,0.0,300.84,300.84
ORD002073,CUST00484,2023-05-28,5,2,2023-05-30,Web,Ahmedabad,Returned,UPI,Morning 6-10 AM,,0.0,896.29,208.46
ORD002074,CUST00484,2023-07-30,7,3,2023-07-31,App,Ahmedabad,Delivered,UPI,Morning 6-10 AM,,0.0,1035.28,1035.28
ORD002075,CUST00484,2023-05-26,5,2,2023-05-27,App,Ahmedabad,Delivered,Debit Card,Afternoon 10-2 PM,,0.0,570.65,570.65
ORD002076,CUST00484,2023-05-30,5,2,2023-06-02,App,Ahmedabad,Delivered,UPI,Evening 4-8 PM,,0.0,1459.19,1459.19
ORD002077,CUST00484,2023-12-08,12,4,2023-12-09,App,Ahmedabad,Delivered,UPI,Morning 6-10 AM,,0.0,2163.25,2163.25
ORD002078,CUST00484,2023-01-13,1,1,2023-01-14,Kiosk,Ahmedabad,Returned,Credit Card,Afternoon 10-2 PM,,0.0,1125.5,1014.21
ORD002079,CUST00484,2023-11-02,11,4,2023-11-04,Web,Ahmedabad,Delivered,Debit Card,Evening 4-8 PM,,0.0,534.26,534.26
ORD002080,CUST00484,2023-09-27,9,3,2023-09-29,App,Ahmedabad,Returned,Credit Card,Evening 4-8 PM,,0.0,1696.27,187.05
ORD002081,CUST00484,2023-05-09,5,2,2023-05-10,App,Ahmedabad,Delivered,UPI,Late Night 8-11 PM,,0.0,1844.77,1844.77
ORD002082,CUST00484,2023-04-15,4,2,2023-04-16,Web,Ahmedabad,Delivered,UPI,Morning 6-10 AM,,0.0,6194.07,6194.07
ORD002083,CUST00484,2023-04-03,4,2,2023-04-04,Web,Ahmedabad,Delivered,Credit Card,Morning 6-10 AM,,0.0,2308.6,2308.6
ORD002084,CUST00484,2023-11-03,11,4,,App,Ahmedabad,Cancelled,Credit Card,Late Night 8-11 PM,,0.0,160.58,0.0
ORD002085,CUST00484,2023-08-08,8,3,2023-08-11,App,Ahmedabad,Delivered,COD,Evening 4-8 PM,,0.0,1697.04,1697.04
ORD002086,CUST00484,2023-04-18,4,2,2023-04-21,App,Ahmedabad,Delivered,UPI,Morning 6-10 AM,,0.0,5929.04,5929.04
ORD002087,CUST00484,2023-08-24,8,3,2023-08-26,Web,Ahmedabad,Delivered,Credit Card,Evening 4-8 PM,,0.0,4759.25,4759.25
ORD002088,CUST00484,2023-04-26,4,2,2023-04-28,App,Ahmedabad,Delivered,Credit Card,Evening 4-8 PM,,0.0,978.71,978.71
ORD002089,CUST00484,2023-02-21,2,1,2023-02-24,App,Ahmedabad,Delivered,UPI,Afternoon 10-2 PM,,0.0,1634.74,1634.74
ORD002090,CUST00484,2023-12-09,12,4,2023-12-10,App,Ahmedabad,Delivered,UPI,Late Night 8-11 PM,,0.0,1323.44,1323.44
ORD002091,CUST00484,2023-10-15,10,4,2023-10-16,Web,Ahmedabad,Returned,Debit Card,Morning 6-10 AM,,0.0,398.97,369.86
ORD002092,CUST00484,2023-07-30,7,3,2023-08-01,App,Ahmedabad,Delivered,COD,Evening 4-8 PM,,0.0,947.73,947.73
ORD002093,CUST00484,2023-06-23,6,2,2023-06-24,App,Ahmedabad,Delivered,UPI,Afternoon 10-2 PM,,0.0,1366.71,1366.71
ORD002094,CUST00484,2023-11-02,11,4,2023-11-05,Web,Ahmedabad,Delivered,UPI,Evening 4-8 PM,,0.0,2055.86,2055.86
ORD002095,CUST00484,2023-04-21,4,2,2023-04-22,App,Ahmedabad,Delivered,Debit Card,Evening 4-8 PM,,0.0,811.69,811.69
ORD002096,CUST00486,2023-01-13,1,1,2023-01-15,App,Jaipur,Delivered,Debit Card,Evening 4-8 PM,,0.0,582.08,582.08
ORD002097,CUST00487,2023-04-09,4,2,2023-04-12,App,Bengaluru,Delivered,UPI,Evening 4-8 PM,,0.0,97.83,97.83
ORD002098,CUST00492,2023-09-12,9,3,2023-09-15,App,Bengaluru,Delivered,UPI,Afternoon 10-2 PM,,0.0,1119.38,1119.38
ORD002099,CUST00492,2023-03-27,3,1,2023-03-28,App,Bengaluru,Delivered,Credit Card,Afternoon 10-2 PM,,0.0,761.95,761.95
ORD002100,CUST00492,2023-01-26,1,1,2023-01-27,Web,Bengaluru,Delivered,Credit Card,Afternoon 10-2 PM,,0.0,1659.8,1659.8
ORD002101,CUST00492,2023-05-24,5,2,2023-05-27,Web,Bengaluru,Delivered,UPI,Morning 6-10 AM,,0.0,558.55,558.55
ORD002102,CUST00492,2023-11-18,11,4,,App,Bengaluru,Cancelled,COD,Afternoon 10-2 PM,,0.0,357.43,0.0
ORD002103,CUST00492,2023-10-17,10,4,2023-10-18,App,Bengaluru,Delivered,UPI,Afternoon 10-2 PM,,0.0,2618.59,2618.59
ORD002104,CUST00492,2023-01-25,1,1,2023-01-27,App,Bengaluru,Delivered,Wallet,Evening 4-8 PM,,0.0,2402.53,2402.53
ORD002105,CUST00492,2023-01-31,1,1,2023-02-02,Web,Bengaluru,Delivered,UPI,Afternoon 10-2 PM,,0.0,1036.39,1036.39
ORD002106,CUST00492,2023-07-08,7,3,2023-07-11,Kiosk,Bengaluru,Delivered,UPI,Afternoon 10-2 PM,,0.0,1698.72,1698.72
ORD002107,CUST00492,2023-06-28,6,2,2023-07-01,App,Bengaluru,Delivered,Credit Card,Late Night 8-11 PM,,0.0,1245.63,1245.63
ORD002108,CUST00492,2023-05-02,5,2,2023-05-05,Web,Bengaluru,Delivered,Credit Card,Evening 4-8 PM,,0.0,2496.16,2496.16
ORD002109,CUST00492,2023-12-21,12,4,2023-12-22,Web,Bengaluru,Delivered,UPI,Morning 6-10 AM,,0.0,130.56,130.56
ORD002110,CUST00492,2023-04-01,4,2,2023-04-03,App,Bengaluru,Delivered,UPI,Morning 6-10 AM,,0.0,534.75,534.75
ORD002111,CUST00492,2023-03-10,3,1,2023-03-13,App,Bengaluru,Delivered,UPI,Evening 4-8 PM,,0.0,1514.71,1514.71
ORD002112,CUST00492,2023-02-14,2,1,2023-02-17,App,Bengaluru,Delivered,UPI,Morning 6-10 AM,LOVEFEB,67.46,883.82,816.36
ORD002113,CUST00492,2023-05-31,5,2,2023-06-03,Kiosk,Bengaluru,Delivered,Debit Card,Morning 6-10 AM,,0.0,1724.68,1724.68
ORD002114,CUST00492,2023-03-23,3,1,2023-03-26,Web,Bengaluru,Delivered,COD,Morning 6-10 AM,,0.0,718.76,718.76
ORD002115,CUST00492,2023-12-11,12,4,,App,Bengaluru,Cancelled,COD,Afternoon 10-2 PM,,0.0,569.3,0.0
ORD002116,CUST00492,2023-07-09,7,3,2023-07-11,App,Bengaluru,Delivered,COD,Morning 6-10 AM,,0.0,1349.33,1349.33
ORD002117,CUST00492,2023-05-25,5,2,2023-05-27,Kiosk,Bengaluru,Delivered,UPI,Late Night 8-11 PM,,0.0,2078.36,2078.36
ORD002118,CUST00495,2023-03-06,3,1,2023-03-08,Web,Hyderabad,Delivered,Credit Card,Morning 6-10 AM,,0.0,1710.82,1710.82
ORD002119,CUST00497,2023-10-29,10,4,2023-10-30,Web,Mumbai,Delivered,Wallet,Morning 6-10 AM,,0.0,2113.58,2113.58
ORD002120,CUST00497,2023-05-31,5,2,2023-06-01,App,Mumbai,Delivered,UPI,Afternoon 10-2 PM,,0.0,1873.94,1873.94
ORD002121,CUST00497,2023-07-07,7,3,2023-07-10,App,Mumbai,Delivered,UPI,Morning 6-10 AM,,0.0,2580.46,2580.46
ORD002122,CUST00497,2023-01-21,1,1,2023-01-22,App,Mumbai,Delivered,COD,Evening 4-8 PM,,0.0,1767.29,1767.29
ORD002123,CUST00497,2023-02-05,2,1,2023-02-08,App,Mumbai,Delivered,UPI,Evening 4-8 PM,,0.0,1220.08,1220.08
ORD002124,CUST00497,2023-11-05,11,4,2023-11-08,Kiosk,Mumbai,Delivered,UPI,Evening 4-8 PM,,0.0,2331.39,2331.39
ORD002125,CUST00497,2023-06-12,6,2,2023-06-14,App,Mumbai,Delivered,UPI,Morning 6-10 AM,,0.0,488.02,488.02
ORD002126,CUST00497,2023-04-20,4,2,2023-04-23,App,Mumbai,Delivered,Wallet,Morning 6-10 AM,,0.0,470.02,470.02
ORD002127,CUST00497,2023-01-14,1,1,2023-01-16,App,Mumbai,Delivered,UPI,Evening 4-8 PM,,0.0,424.56,424.56
ORD002128,CUST00497,2023-09-15,9,3,2023-09-17,Kiosk,Mumbai,Delivered,UPI,Morning 6-10 AM,,0.0,4458.9,4458.9
ORD002129,CUST00497,2023-08-18,8,3,2023-08-20,Web,Mumbai,Delivered,Debit Card,Morning 6-10 AM,,0.0,172.6,172.6
ORD002130,CUST00497,2023-03-24,3,1,2023-03-26,Web,Mumbai,Delivered,UPI,Evening 4-8 PM,,0.0,2186.56,2186.56
ORD002131,CUST00497,2023-09-29,9,3,2023-10-02,App,Mumbai,Delivered,UPI,Morning 6-10 AM,,0.0,1229.99,1229.99
ORD002132,CUST00497,2023-09-28,9,3,2023-09-30,Web,Mumbai,Delivered,COD,Afternoon 10-2 PM,,0.0,2447.06,2447.06
ORD002133,CUST00497,2023-06-12,6,2,2023-06-14,Web,Mumbai,Delivered,UPI,Afternoon 10-2 PM,,0.0,1609.97,1609.97
ORD002134,CUST00499,2023-08-13,8,3,2023-08-16,Web,Delhi,Delivered,COD,Morning 6-10 AM,FREEDOM23,57.63,585.3,527.67
ORD002135,CUST00500,2023-04-24,4,2,,Web,Mumbai,Cancelled,COD,Afternoon 10-2 PM,,0.0,409.05,0.0
ORD002136,CUST00500,2023-11-25,11,4,2023-11-26,App,Mumbai,Returned,Credit Card,Morning 6-10 AM,,0.0,2628.68,126.57
ORD002137,CUST00500,2023-03-17,3,1,2023-03-18,Web,Mumbai,Delivered,Debit Card,,,0.0,845.26,845.26
ORD002138,CUST00500,2023-06-12,6,2,,Web,Mumbai,Cancelled,COD,Afternoon 10-2 PM,,0.0,1402.32,0.0
ORD002139,CUST00500,2023-04-15,4,2,2023-04-18,App,Mumbai,Delivered,Debit Card,Afternoon 10-2 PM,,0.0,53.32,53.32
ORD002140,CUST00500,2023-01-11,1,1,2023-01-13,App,Mumbai,Returned,UPI,Evening 4-8 PM,,0.0,463.32,142.32
ORD002141,CUST00500,2023-03-22,3,1,,Web,Mumbai,Cancelled,Debit Card,Morning 6-10 AM,,0.0,1231.48,0.0
ORD002142,CUST00500,2023-08-07,8,3,2023-08-08,App,Mumbai,Delivered,UPI,Afternoon 10-2 PM,,0.0,883.56,883.56
ORD002143,CUST00500,2023-12-30,12,4,2024-01-01,Web,Mumbai,Delivered,Credit Card,Afternoon 10-2 PM,XMAS23,100.05,1821.26,1721.21
ORD002144,CUST00503,2023-01-18,1,1,,Kiosk,Delhi,Cancelled,Credit Card,Evening 4-8 PM,,0.0,137.48,0.0
ORD002145,CUST00506,2023-05-16,5,2,2023-05-17,App,Bengaluru,Delivered,UPI,Afternoon 10-2 PM,,0.0,732.05,732.05
ORD002146,CUST00509,2023-09-01,9,3,2023-09-03,Web,Bengaluru,Delivered,Wallet,Evening 4-8 PM,,0.0,254.38,254.38
ORD002147,CUST00510,2023-06-26,6,2,,App,Delhi,Cancelled,UPI,Morning 6-10 AM,,0.0,3696.77,0.0
ORD002148,CUST00510,2023-07-24,7,3,,Web,Delhi,Cancelled,COD,Afternoon 10-2 PM,,0.0,104.7,0.0
ORD002149,CUST00510,2023-11-01,11,4,2023-11-04,App,Delhi,Delivered,Credit Card,Morning 6-10 AM,,0.0,3078.04,3078.04
ORD002150,CUST00510,2023-07-23,7,3,,Web,Delhi,Cancelled,Credit Card,Afternoon 10-2 PM,,0.0,709.57,0.0
ORD002151,CUST00510,2023-08-21,8,3,2023-08-22,App,Delhi,Delivered,COD,Morning 6-10 AM,,0.0,2450.3,2450.3
ORD002152,CUST00510,2023-03-09,3,1,2023-03-10,App,Delhi,Delivered,UPI,Evening 4-8 PM,,0.0,885.65,885.65
ORD002153,CUST00510,2023-06-13,6,2,2023-06-14,Web,Delhi,Returned,UPI,Late Night 8-11 PM,,0.0,1197.82,81.03
ORD002154,CUST00510,2023-07-13,7,3,2023-07-15,Web,Delhi,Delivered,Debit Card,Morning 6-10 AM,,0.0,541.45,541.45
ORD002155,CUST00510,2023-08-12,8,3,2023-08-14,Web,Delhi,Delivered,COD,Morning 6-10 AM,,0.0,3615.85,3615.85
ORD002156,CUST00510,2023-02-10,2,1,2023-02-13,Web,Delhi,Delivered,Debit Card,Afternoon 10-2 PM,,0.0,705.76,705.76
ORD002157,CUST00510,2023-03-19,3,1,2023-03-22,App,Delhi,Delivered,UPI,Morning 6-10 AM,,0.0,1077.42,1077.42
ORD002158,CUST00510,2023-06-18,6,2,,App,Delhi,Cancelled,UPI,Morning 6-10 AM,,0.0,526.13,0.0
ORD002159,CUST00510,2023-09-06,9,3,2023-09-09,Web,Delhi,Delivered,COD,Morning 6-10 AM,,0.0,3076.86,3076.86
ORD002160,CUST00510,2023-07-19,7,3,2023-07-22,App,Delhi,Delivered,UPI,Morning 6-10 AM,,0.0,1850.55,1850.55
ORD002161,CUST00512,2023-05-15,5,2,2023-05-17,App,Mumbai,Delivered,Debit Card,Late Night 8-11 PM,,0.0,336.41,336.41
ORD002162,CUST00512,2023-03-29,3,1,2023-03-31,Kiosk,Mumbai,Delivered,Debit Card,Morning 6-10 AM,,0.0,726.36,726.36
ORD002163,CUST00512,2023-04-02,4,2,2023-04-03,Web,Mumbai,Delivered,Credit Card,Morning 6-10 AM,,0.0,53.87,53.87
ORD002164,CUST00512,2023-03-20,3,1,2023-03-21,App,Mumbai,Delivered,UPI,Morning 6-10 AM,,0.0,1321.59,1321.59
ORD002165,CUST00512,2023-01-08,1,1,2023-01-10,Web,Mumbai,Delivered,UPI,Afternoon 10-2 PM,,0.0,2195.61,2195.61
ORD002166,CUST00512,2023-05-24,5,2,2023-05-26,Web,Mumbai,Delivered,UPI,Evening 4-8 PM,,0.0,979.3,979.3
ORD002167,CUST00512,2023-04-10,4,2,2023-04-11,App,Mumbai,Delivered,COD,Morning 6-10 AM,,0.0,796.77,796.77
ORD002168,CUST00512,2023-12-24,12,4,2023-12-26,App,Mumbai,Delivered,UPI,Afternoon 10-2 PM,,0.0,1072.51,1072.51
ORD002169,CUST00513,2023-01-17,1,1,2023-01-19,Kiosk,Bengaluru,Delivered,Debit Card,Evening 4-8 PM,,0.0,498.26,498.26
ORD002170,CUST00514,2023-11-09,11,4,2023-11-10,Web,Pune,Delivered,Credit Card,Morning 6-10 AM,,0.0,2254.1,2254.1
ORD002171,CUST00514,2023-08-01,8,3,2023-08-03,Kiosk,Pune,Delivered,UPI,Morning 6-10 AM,,0.0,788.84,788.84
ORD002172,CUST00514,2023-11-23,11,4,2023-11-24,App,Pune,Delivered,UPI,Afternoon 10-2 PM,,0.0,260.5,260.5
ORD002173,CUST00515,2023-05-06,5,2,2023-05-08,Web,Lucknow,Delivered,Credit Card,Morning 6-10 AM,,0.0,277.22,277.22
ORD002174,CUST00515,2023-09-15,9,3,2023-09-16,App,Lucknow,Delivered,COD,Afternoon 10-2 PM,,0.0,1026.88,1026.88
ORD002175,CUST00515,2023-07-13,7,3,2023-07-15,App,Lucknow,Delivered,Debit Card,,,0.0,1812.07,1812.07
ORD002176,CUST00515,2023-12-19,12,4,2023-12-22,Web,Lucknow,Delivered,Credit Card,Morning 6-10 AM,,0.0,413.4,413.4
ORD002177,CUST00515,2023-01-15,1,1,2023-01-18,App,Lucknow,Delivered,UPI,Afternoon 10-2 PM,,0.0,1387.16,1387.16
ORD002178,CUST00516,2023-05-31,5,2,2023-06-01,Web,Hyderabad,Delivered,Credit Card,Afternoon 10-2 PM,,0.0,821.75,821.75
ORD002179,CUST00516,2023-04-22,4,2,2023-04-25,App,Hyderabad,Delivered,COD,Late Night 8-11 PM,,0.0,1117.11,1117.11
ORD002180,CUST00517,2023-11-03,11,4,2023-11-05,Web,Ahmedabad,Delivered,COD,Evening 4-8 PM,,0.0,1129.61,1129.61
ORD002181,CUST00517,2023-11-06,11,4,2023-11-09,App,Ahmedabad,Delivered,UPI,Evening 4-8 PM,,0.0,876.56,876.56
ORD002182,CUST00517,2023-11-11,11,4,,App,Ahmedabad,Cancelled,UPI,Evening 4-8 PM,,0.0,2065.2,0.0
ORD002183,CUST00517,2023-11-10,11,4,2023-11-11,App,Ahmedabad,Delivered,Credit Card,Late Night 8-11 PM,DIWALI23SUPER,104.91,832.86,727.95
ORD002184,CUST00517,2023-09-28,9,3,2023-09-30,App,Ahmedabad,Delivered,UPI,Morning 6-10 AM,,0.0,617.62,617.62
ORD002185,CUST00517,2023-03-24,3,1,2023-03-26,App,Ahmedabad,Delivered,Credit Card,Evening 4-8 PM,,0.0,98.79,98.79
ORD002186,CUST00517,2023-01-20,1,1,2023-01-22,App,Ahmedabad,Delivered,UPI,Evening 4-8 PM,,0.0,368.24,368.24
ORD002187,CUST00517,2023-01-12,1,1,2023-01-13,App,Ahmedabad,Delivered,Debit Card,Evening 4-8 PM,,0.0,1366.07,1366.07
ORD002188,CUST00517,2023-07-09,7,3,,Web,Ahmedabad,Cancelled,Credit Card,Evening 4-8 PM,,0.0,1365.21,0.0
ORD002189,CUST00517,2023-11-26,11,4,2023-11-27,App,Ahmedabad,Delivered,UPI,Morning 6-10 AM,,0.0,1289.83,1289.83
ORD002190,CUST00517,2023-03-12,3,1,2023-03-14,Web,Ahmedabad,Returned,UPI,Afternoon 10-2 PM,,0.0,1546.97,99.9
ORD002191,CUST00517,2023-11-18,11,4,2023-11-19,App,Ahmedabad,Delivered,Credit Card,Morning 6-10 AM,,0.0,934.41,934.41
ORD002192,CUST00517,2023-12-22,12,4,2023-12-23,App,Ahmedabad,Delivered,UPI,Evening 4-8 PM,,0.0,1020.67,1020.67
ORD002193,CUST00517,2023-11-02,11,4,2023-11-04,Web,Ahmedabad,Delivered,COD,Late Night 8-11 PM,,0.0,1194.25,1194.25
ORD002194,CUST00517,2023-04-06,4,2,2023-04-09,Web,Ahmedabad,Delivered,UPI,Morning 6-10 AM,,0.0,391.11,391.11
ORD002195,CUST00519,2023-05-12,5,2,2023-05-15,Web,Bengaluru,Delivered,UPI,Morning 6-10 AM,,0.0,393.85,393.85
ORD002196,CUST00521,2023-02-02,2,1,2023-02-04,App,Mumbai,Delivered,Debit Card,Evening 4-8 PM,,0.0,1378.03,1378.03
ORD002197,CUST00522,2023-07-02,7,3,2023-07-04,Web,Delhi,Delivered,UPI,Afternoon 10-2 PM,,0.0,1412.1,1412.1
ORD002198,CUST00522,2023-06-22,6,2,2023-06-24,App,Delhi,Delivered,Credit Card,Evening 4-8 PM,,0.0,1008.27,1008.27
ORD002199,CUST00528,2023-10-12,10,4,2023-10-15,App,Mumbai,Delivered,UPI,Evening 4-8 PM,,0.0,1990.71,1990.71
ORD002200,CUST00528,2023-06-01,6,2,,Web,Mumbai,Cancelled,UPI,Morning 6-10 AM,,0.0,625.02,0.0
ORD002201,CUST00528,2023-06-03,6,2,2023-06-05,App,Mumbai,Delivered,UPI,Evening 4-8 PM,,0.0,189.02,189.02
ORD002202,CUST00528,2023-09-27,9,3,2023-09-30,App,Mumbai,Delivered,UPI,Evening 4-8 PM,,0.0,617.39,617.39
ORD002203,CUST00528,2023-06-27,6,2,2023-06-29,App,Mumbai,Delivered,UPI,Late Night 8-11 PM,,0.0,3412.41,3412.41
ORD002204,CUST00528,2023-11-01,11,4,2023-11-04,Web,Mumbai,Delivered,UPI,Morning 6-10 AM,,0.0,3475.98,3475.98
ORD002205,CUST00529,2023-01-05,1,1,2023-01-06,Web,Jaipur,Delivered,COD,,,0.0,1123.16,1123.16
ORD002206,CUST00529,2023-11-01,11,4,2023-11-03,Web,Jaipur,Delivered,COD,Afternoon 10-2 PM,,0.0,507.21,507.21
ORD002207,CUST00529,2023-09-07,9,3,2023-09-10,App,Jaipur,Delivered,UPI,Afternoon 10-2 PM,,0.0,1119.59,1119.59
ORD002208,CUST00529,2023-09-08,9,3,,App,Jaipur,Cancelled,Wallet,Evening 4-8 PM,,0.0,1054.38,0.0
ORD002209,CUST00529,2023-08-16,8,3,2023-08-18,App,Jaipur,Returned,Debit Card,Afternoon 10-2 PM,FREEDOM23,46.8,264.94,0.0
ORD002210,CUST00529,2023-10-16,10,4,2023-10-17,App,Jaipur,Delivered,UPI,Afternoon 10-2 PM,,0.0,118.3,118.3
ORD002211,CUST00529,2023-10-11,10,4,2023-10-14,App,Jaipur,Delivered,UPI,Late Night 8-11 PM,,0.0,560.17,560.17
ORD002212,CUST00530,2023-11-08,11,4,,Web,Hyderabad,Cancelled,Debit Card,,,0.0,128.14,0.0
ORD002213,CUST00532,2023-05-23,5,2,2023-05-25,Web,Mumbai,Delivered,Wallet,Morning 6-10 AM,,0.0,1018.98,1018.98
ORD002214,CUST00532,2023-04-20,4,2,2023-04-22,Web,Mumbai,Delivered,UPI,Evening 4-8 PM,,0.0,642.96,642.96
ORD002215,CUST00532,2023-01-01,1,1,2023-01-03,App,Mumbai,Delivered,Wallet,Afternoon 10-2 PM,,0.0,2531.69,2531.69
ORD002216,CUST00532,2023-10-13,10,4,2023-10-15,Web,Mumbai,Delivered,Credit Card,Morning 6-10 AM,,0.0,5247.18,5247.18
ORD002217,CUST00532,2023-12-03,12,4,2023-12-05,App,Mumbai,Delivered,Debit Card,Afternoon 10-2 PM,,0.0,1155.3,1155.3
ORD002218,CUST00532,2023-01-19,1,1,2023-01-22,App,Mumbai,Delivered,Credit Card,Evening 4-8 PM,,0.0,1852.08,1852.08
ORD002219,CUST00532,2023-10-07,10,4,2023-10-09,Web,Mumbai,Delivered,UPI,Morning 6-10 AM,,0.0,2152.12,2152.12
ORD002220,CUST00532,2023-02-10,2,1,2023-02-12,Web,Mumbai,Returned,UPI,Morning 6-10 AM,,0.0,3657.35,897.77
ORD002221,CUST00532,2023-11-23,11,4,2023-11-26,App,Mumbai,Delivered,Wallet,Morning 6-10 AM,,0.0,1568.91,1568.91
ORD002222,CUST00532,2023-01-22,1,1,2023-01-24,Web,Mumbai,Delivered,Debit Card,Evening 4-8 PM,,0.0,4076.73,4076.73
ORD002223,CUST00532,2023-05-08,5,2,2023-05-09,Web,Mumbai,Delivered,Debit Card,Afternoon 10-2 PM,,0.0,1743.72,1743.72
ORD002224,CUST00532,2023-11-01,11,4,2023-11-02,App,Mumbai,Delivered,UPI,Morning 6-10 AM,,0.0,1583.88,1583.88
ORD002225,CUST00532,2023-08-14,8,3,2023-08-17,App,Mumbai,Delivered,Credit Card,Late Night 8-11 PM,FREEDOM23,103.07,1401.87,1298.8
ORD002226,CUST00532,2023-05-29,5,2,,Kiosk,Mumbai,Cancelled,UPI,Evening 4-8 PM,,0.0,3947.27,0.0
ORD002227,CUST00533,2023-08-26,8,3,2023-08-29,Web,Hyderabad,Delivered,COD,Evening 4-8 PM,,0.0,882.41,882.41
ORD002228,CUST00533,2023-09-08,9,3,2023-09-11,App,Hyderabad,Delivered,Credit Card,Morning 6-10 AM,,0.0,1497.51,1497.51
ORD002229,CUST00533,2023-09-14,9,3,2023-09-15,App,Hyderabad,Delivered,UPI,Morning 6-10 AM,,0.0,171.06,171.06
ORD002230,CUST00533,2023-12-28,12,4,2023-12-30,App,Hyderabad,Delivered,Credit Card,Afternoon 10-2 PM,,0.0,659.55,659.55
ORD002231,CUST00533,2023-01-29,1,1,,App,Hyderabad,Cancelled,COD,,,0.0,965.02,0.0
ORD002232,CUST00533,2023-07-15,7,3,2023-07-18,App,Hyderabad,Delivered,UPI,Evening 4-8 PM,,0.0,1245.68,1245.68
ORD002233,CUST00533,2023-08-07,8,3,2023-08-10,App,Hyderabad,Delivered,Credit Card,Afternoon 10-2 PM,,0.0,1839.06,1839.06
ORD002234,CUST00541,2023-04-18,4,2,2023-04-20,Web,Delhi,Returned,UPI,Morning 6-10 AM,,0.0,465.05,465.05
ORD002235,CUST00541,2023-02-02,2,1,2023-02-04,App,Delhi,Delivered,Debit Card,Evening 4-8 PM,,0.0,3684.87,3684.87
ORD002236,CUST00541,2023-09-24,9,3,2023-09-25,Web,Delhi,Delivered,UPI,Evening 4-8 PM,,0.0,2335.46,2335.46
ORD002237,CUST00541,2023-10-10,10,4,2023-10-11,App,Delhi,Delivered,COD,Afternoon 10-2 PM,,0.0,2587.48,2587.48
ORD002238,CUST00541,2023-03-04,3,1,2023-03-07,Web,Delhi,Delivered,Credit Card,Evening 4-8 PM,,0.0,105.8,105.8
ORD002239,CUST00541,2023-02-18,2,1,2023-02-20,App,Delhi,Returned,UPI,Evening 4-8 PM,,0.0,455.2,180.02
ORD002240,CUST00541,2023-11-06,11,4,2023-11-08,App,Delhi,Delivered,UPI,Evening 4-8 PM,,0.0,887.16,887.16
ORD002241,CUST00541,2023-07-05,7,3,2023-07-08,Web,Delhi,Delivered,UPI,Morning 6-10 AM,,0.0,158.64,158.64
ORD002242,CUST00541,2023-08-14,8,3,2023-08-16,App,Delhi,Delivered,UPI,Afternoon 10-2 PM,FREEDOM23,91.11,664.71,573.6
ORD002243,CUST00544,2023-03-07,3,1,2023-03-09,App,Mumbai,Delivered,UPI,Morning 6-10 AM,,0.0,1630.22,1630.22
ORD002244,CUST00544,2023-02-11,2,1,2023-02-13,App,Mumbai,Delivered,UPI,Morning 6-10 AM,,0.0,73.7,73.7
ORD002245,CUST00544,2023-10-19,10,4,2023-10-22,App,Mumbai,Delivered,UPI,Late Night 8-11 PM,,0.0,327.77,327.77
ORD002246,CUST00546,2023-06-26,6,2,,App,Bengaluru,Cancelled,Credit Card,Evening 4-8 PM,,0.0,291.66,0.0
ORD002247,CUST00548,2023-06-14,6,2,2023-06-17,Web,Bengaluru,Delivered,Credit Card,Morning 6-10 AM,,0.0,346.91,346.91
ORD002248,CUST00549,2023-02-26,2,1,2023-02-28,App,Delhi,Delivered,Debit Card,Morning 6-10 AM,,0.0,891.55,891.55
ORD002249,CUST00549,2023-03-30,3,1,2023-04-01,Web,Delhi,Delivered,Wallet,Morning 6-10 AM,,0.0,1101.24,1101.24
ORD002250,CUST00549,2023-01-13,1,1,2023-01-15,App,Delhi,Delivered,UPI,Afternoon 10-2 PM,,0.0,1209.97,1209.97
ORD002251,CUST00549,2023-11-21,11,4,2023-11-23,App,Delhi,Delivered,UPI,Evening 4-8 PM,BIGSALE23,92.13,520.65,428.52
ORD002252,CUST00549,2023-12-29,12,4,2024-01-01,App,Delhi,Delivered,Credit Card,Evening 4-8 PM,,0.0,333.71,333.71
ORD002253,CUST00549,2023-12-04,12,4,2023-12-06,Web,Delhi,Delivered,COD,Late Night 8-11 PM,,0.0,1028.5,1028.5
ORD002254,CUST00550,2023-08-30,8,3,2023-09-01,App,Hyderabad,Delivered,Debit Card,Morning 6-10 AM,,0.0,409.8,409.8
ORD002255,CUST00554,2023-02-03,2,1,2023-02-05,Web,Lucknow,Delivered,UPI,,,0.0,372.59,372.59
ORD002256,CUST00554,2023-06-15,6,2,2023-06-17,App,Lucknow,Delivered,COD,Evening 4-8 PM,,0.0,4063.04,4063.04
ORD002257,CUST00554,2023-05-17,5,2,2023-05-20,Web,Lucknow,Delivered,UPI,Morning 6-10 AM,,0.0,1175.04,1175.04
ORD002258,CUST00556,2023-05-03,5,2,2023-05-05,App,Pune,Delivered,Debit Card,Late Night 8-11 PM,,0.0,1220.1,1220.1
ORD002259,CUST00556,2023-02-14,2,1,2023-02-17,App,Pune,Delivered,Credit Card,Evening 4-8 PM,,0.0,1802.68,1802.68
ORD002260,CUST00556,2023-08-17,8,3,2023-08-18,App,Pune,Delivered,UPI,Morning 6-10 AM,,0.0,1431.48,1431.48
ORD002261,CUST00558,2023-11-20,11,4,2023-11-22,App,Jaipur,Delivered,Credit Card,Morning 6-10 AM,,0.0,572.34,572.34
ORD002262,CUST00558,2023-08-21,8,3,2023-08-24,Web,Jaipur,Delivered,UPI,Evening 4-8 PM,,0.0,526.3,526.3
ORD002263,CUST00558,2023-05-09,5,2,2023-05-10,App,Jaipur,Returned,UPI,Evening 4-8 PM,,0.0,1856.04,112.61
ORD002264,CUST00558,2023-12-27,12,4,2023-12-29,App,Jaipur,Delivered,Debit Card,Late Night 8-11 PM,XMAS23,47.62,313.18,265.56
ORD002265,CUST00558,2023-09-19,9,3,2023-09-22,Web,Jaipur,Delivered,UPI,Evening 4-8 PM,,0.0,858.26,858.26
ORD002266,CUST00560,2023-01-28,1,1,2023-01-31,Web,Bengaluru,Delivered,UPI,Afternoon 10-2 PM,,0.0,123.06,123.06
ORD002267,CUST00560,2023-07-04,7,3,2023-07-06,Kiosk,Bengaluru,Delivered,Wallet,Afternoon 10-2 PM,,0.0,670.71,670.71
ORD002268,CUST00561,2023-11-25,11,4,2023-11-28,App,Mumbai,Delivered,Credit Card,Morning 6-10 AM,,0.0,2988.38,2988.38
ORD002269,CUST00561,2023-09-09,9,3,2023-09-11,Web,Mumbai,Returned,Credit Card,Afternoon 10-2 PM,,0.0,1916.84,762.2
ORD002270,CUST00561,2023-11-03,11,4,,Web,Mumbai,Cancelled,Credit Card,Morning 6-10 AM,,0.0,1479.54,0.0
ORD002271,CUST00561,2023-11-10,11,4,2023-11-13,App,Mumbai,Delivered,Debit Card,Late Night 8-11 PM,,0.0,719.84,719.84
ORD002272,CUST00561,2023-07-01,7,3,2023-07-02,App,Mumbai,Delivered,Credit Card,Evening 4-8 PM,,0.0,2666.65,2666.65
ORD002273,CUST00561,2023-03-10,3,1,2023-03-13,Web,Mumbai,Delivered,Wallet,Afternoon 10-2 PM,,0.0,274.3,274.3
ORD002274,CUST00563,2023-10-20,10,4,2023-10-21,App,Jaipur,Delivered,UPI,Morning 6-10 AM,,0.0,1217.13,1217.13
ORD002275,CUST00563,2023-11-25,11,4,2023-11-26,App,Jaipur,Delivered,UPI,Morning 6-10 AM,BIGSALE23,12.88,237.93,225.05
ORD002276,CUST00565,2023-01-21,1,1,2023-01-22,Kiosk,Mumbai,Delivered,UPI,Morning 6-10 AM,,0.0,1716.05,1716.05
ORD002277,CUST00565,2023-06-22,6,2,,App,Mumbai,Cancelled,Credit Card,Afternoon 10-2 PM,,0.0,821.57,0.0
ORD002278,CUST00565,2023-10-19,10,4,2023-10-22,Web,Mumbai,Delivered,Wallet,Afternoon 10-2 PM,,0.0,849.29,849.29
ORD002279,CUST00565,2023-12-15,12,4,2023-12-16,Web,Mumbai,Delivered,Credit Card,,,0.0,2241.53,2241.53
ORD002280,CUST00565,2023-10-05,10,4,2023-10-07,App,Mumbai,Delivered,Debit Card,Afternoon 10-2 PM,,0.0,1612.34,1612.34
ORD002281,CUST00565,2023-03-19,3,1,2023-03-21,Web,Mumbai,Delivered,COD,Morning 6-10 AM,,0.0,759.75,759.75
ORD002282,CUST00565,2023-03-03,3,1,2023-03-05,App,Mumbai,Delivered,Debit Card,Afternoon 10-2 PM,,0.0,1927.55,1927.55
ORD002283,CUST00565,2023-10-13,10,4,2023-10-14,Web,Mumbai,Delivered,COD,Evening 4-8 PM,,0.0,2014.0,2014.0
ORD002284,CUST00565,2023-04-02,4,2,2023-04-03,Web,Mumbai,Delivered,UPI,Evening 4-8 PM,,0.0,588.76,588.76
ORD002285,CUST00565,2023-06-09,6,2,2023-06-11,Web,Mumbai,Delivered,COD,Morning 6-10 AM,,0.0,94.65,94.65
ORD002286,CUST00565,2023-01-17,1,1,2023-01-18,Web,Mumbai,Delivered,UPI,Morning 6-10 AM,,0.0,2674.1,2674.1
ORD002287,CUST00565,2023-04-22,4,2,2023-04-25,App,Mumbai,Delivered,Credit Card,Morning 6-10 AM,,0.0,195.1,195.1
ORD002288,CUST00565,2023-08-14,8,3,2023-08-16,App,Mumbai,Delivered,COD,Evening 4-8 PM,,0.0,1445.14,1445.14
ORD002289,CUST00565,2023-08-29,8,3,2023-08-30,Kiosk,Mumbai,Delivered,COD,Evening 4-8 PM,,0.0,467.65,467.65
ORD002290,CUST00565,2023-11-25,11,4,2023-11-26,App,Mumbai,Delivered,COD,Afternoon 10-2 PM,,0.0,2169.86,2169.86
ORD002291,CUST00565,2023-02-11,2,1,2023-02-13,Web,Mumbai,Delivered,COD,Evening 4-8 PM,,0.0,2217.12,2217.12
ORD002292,CUST00565,2023-12-17,12,4,,App,Mumbai,Cancelled,UPI,Morning 6-10 AM,,0.0,2612.12,0.0
ORD002293,CUST00565,2023-05-21,5,2,2023-05-24,Web,Mumbai,Delivered,Credit Card,Afternoon 10-2 PM,,0.0,1690.28,1690.28
ORD002294,CUST00565,2023-06-13,6,2,2023-06-14,App,Mumbai,Delivered,UPI,Morning 6-10 AM,,0.0,1318.66,1318.66
ORD002295,CUST00565,2023-08-06,8,3,2023-08-07,Web,Mumbai,Delivered,COD,Afternoon 10-2 PM,,0.0,593.48,593.48
ORD002296,CUST00565,2023-04-20,4,2,2023-04-22,App,Mumbai,Delivered,Debit Card,Afternoon 10-2 PM,,0.0,999.93,999.93
ORD002297,CUST00565,2023-03-04,3,1,2023-03-07,App,Mumbai,Delivered,Credit Card,Morning 6-10 AM,,0.0,388.12,388.12
ORD002298,CUST00567,2023-02-14,2,1,2023-02-15,Web,Mumbai,Delivered,Credit Card,Evening 4-8 PM,,0.0,279.73,279.73
ORD002299,CUST00567,2023-01-01,1,1,2023-01-03,Web,Mumbai,Delivered,Credit Card,Afternoon 10-2 PM,NY2023,20.84,331.09,310.25
ORD002300,CUST00567,2023-04-04,4,2,2023-04-05,Kiosk,Mumbai,Delivered,UPI,Morning 6-10 AM,,0.0,21.16,21.16
ORD002301,CUST00568,2023-04-23,4,2,2023-04-25,App,Mumbai,Delivered,Credit Card,Morning 6-10 AM,,0.0,236.89,236.89
ORD002302,CUST00568,2023-02-14,2,1,2023-02-17,Web,Mumbai,Delivered,UPI,Evening 4-8 PM,,0.0,755.48,755.48
ORD002303,CUST00568,2023-09-19,9,3,,App,Mumbai,Cancelled,Debit Card,Evening 4-8 PM,,0.0,2168.86,0.0
ORD002304,CUST00568,2023-10-25,10,4,2023-10-28,App,Mumbai,Delivered,COD,Afternoon 10-2 PM,,0.0,2158.21,2158.21
ORD002305,CUST00569,2023-12-17,12,4,2023-12-19,App,Delhi,Delivered,Wallet,Evening 4-8 PM,,0.0,487.69,487.69
ORD002306,CUST00569,2023-05-27,5,2,2023-05-30,Web,Delhi,Delivered,COD,Evening 4-8 PM,,0.0,1865.62,1865.62
ORD002307,CUST00569,2023-03-15,3,1,2023-03-16,Kiosk,Delhi,Delivered,UPI,,,0.0,467.94,467.94
ORD002308,CUST00570,2023-03-08,3,1,2023-03-10,App,Bengaluru,Delivered,Credit Card,Morning 6-10 AM,HOLI23,160.87,975.33,814.46
ORD002309,CUST00570,2023-12-21,12,4,2023-12-23,Web,Bengaluru,Delivered,UPI,Morning 6-10 AM,,0.0,160.59,160.59
ORD002310,CUST00570,2023-11-28,11,4,2023-11-30,App,Bengaluru,Delivered,UPI,Afternoon 10-2 PM,,0.0,540.67,540.67
ORD002311,CUST00571,2023-08-05,8,3,,Web,Bengaluru,Cancelled,UPI,Afternoon 10-2 PM,,0.0,1795.16,0.0
ORD002312,CUST00573,2023-10-12,10,4,2023-10-13,Web,Mumbai,Returned,Credit Card,Afternoon 10-2 PM,,0.0,265.77,3.31
ORD002313,CUST00573,2023-03-15,3,1,2023-03-17,App,Mumbai,Delivered,COD,Afternoon 10-2 PM,,0.0,371.57,371.57
ORD002314,CUST00573,2023-02-27,2,1,2023-03-01,Web,Mumbai,Delivered,UPI,Evening 4-8 PM,,0.0,111.47,111.47
ORD002315,CUST00573,2023-11-05,11,4,2023-11-08,Web,Mumbai,Delivered,Debit Card,Evening 4-8 PM,,0.0,1627.96,1627.96
ORD002316,CUST00573,2023-04-14,4,2,2023-04-17,App,Mumbai,Delivered,UPI,Afternoon 10-2 PM,,0.0,216.64,216.64
ORD002317,CUST00573,2023-04-18,4,2,2023-04-21,Web,Mumbai,Delivered,Credit Card,Evening 4-8 PM,,0.0,267.48,267.48
ORD002318,CUST00573,2023-04-18,4,2,2023-04-20,Web,Mumbai,Delivered,Wallet,Morning 6-10 AM,,0.0,176.41,176.41
ORD002319,CUST00574,2023-04-03,4,2,2023-04-06,App,Mumbai,Delivered,UPI,Evening 4-8 PM,,0.0,1148.2,1148.2
ORD002320,CUST00574,2023-11-20,11,4,2023-11-23,App,Mumbai,Delivered,Wallet,Morning 6-10 AM,,0.0,1083.13,1083.13
ORD002321,CUST00574,2023-11-06,11,4,2023-11-07,App,Mumbai,Delivered,Credit Card,Late Night 8-11 PM,,0.0,1218.85,1218.85
ORD002322,CUST00575,2023-12-08,12,4,2023-12-11,App,Bengaluru,Delivered,UPI,Afternoon 10-2 PM,,0.0,638.44,638.44
ORD002323,CUST00575,2023-06-29,6,2,2023-07-02,App,Bengaluru,Delivered,UPI,Evening 4-8 PM,,0.0,796.7,796.7
ORD002324,CUST00575,2023-08-11,8,3,2023-08-13,App,Bengaluru,Delivered,UPI,Afternoon 10-2 PM,,0.0,1293.29,1293.29
ORD002325,CUST00575,2023-10-03,10,4,2023-10-04,Kiosk,Bengaluru,Delivered,Debit Card,Morning 6-10 AM,,0.0,564.76,564.76
ORD002326,CUST00575,2023-11-08,11,4,2023-11-11,Web,Bengaluru,Delivered,UPI,Late Night 8-11 PM,,0.0,1610.77,1610.77
ORD002327,CUST00578,2023-10-19,10,4,,App,Hyderabad,Cancelled,UPI,Afternoon 10-2 PM,,0.0,923.66,0.0
ORD002328,CUST00579,2023-08-06,8,3,2023-08-07,App,Delhi,Delivered,UPI,Morning 6-10 AM,,0.0,700.19,700.19
ORD002329,CUST00580,2023-12-21,12,4,2023-12-24,App,Jaipur,Delivered,UPI,Afternoon 10-2 PM,,0.0,1729.16,1729.16
ORD002330,CUST00580,2023-02-26,2,1,2023-02-28,Web,Jaipur,Returned,Debit Card,Morning 6-10 AM,,0.0,954.31,538.93
ORD002331,CUST00582,2023-01-11,1,1,2023-01-12,Kiosk,Bengaluru,Delivered,Wallet,Morning 6-10 AM,,0.0,79.8,79.8
ORD002332,CUST00585,2023-11-03,11,4,2023-11-05,App,Delhi,Delivered,UPI,Afternoon 10-2 PM,,0.0,489.8,489.8
ORD002333,CUST00585,2023-01-18,1,1,2023-01-21,App,Delhi,Delivered,Wallet,Evening 4-8 PM,,0.0,473.74,473.74
ORD002334,CUST00585,2023-11-28,11,4,,App,Delhi,Cancelled,Debit Card,Evening 4-8 PM,,0.0,1095.55,0.0
ORD002335,CUST00585,2023-11-15,11,4,2023-11-18,Web,Delhi,Delivered,UPI,Evening 4-8 PM,,0.0,1970.92,1970.92
ORD002336,CUST00585,2023-05-18,5,2,2023-05-20,Web,Delhi,Delivered,UPI,Morning 6-10 AM,,0.0,2085.72,2085.72
ORD002337,CUST00585,2023-11-12,11,4,2023-11-14,App,Delhi,Delivered,Credit Card,Morning 6-10 AM,,0.0,971.34,971.34
ORD002338,CUST00585,2023-04-26,4,2,2023-04-29,Kiosk,Delhi,Delivered,UPI,Late Night 8-11 PM,,0.0,2173.43,2173.43
ORD002339,CUST00587,2023-10-17,10,4,2023-10-20,Web,Mumbai,Delivered,Credit Card,Evening 4-8 PM,,0.0,1547.36,1547.36
ORD002340,CUST00587,2023-08-16,8,3,2023-08-19,App,Mumbai,Delivered,UPI,Afternoon 10-2 PM,,0.0,214.26,214.26
ORD002341,CUST00587,2023-02-13,2,1,2023-02-14,App,Mumbai,Delivered,UPI,Late Night 8-11 PM,LOVEFEB,55.04,323.07,268.03
ORD002342,CUST00587,2023-11-10,11,4,2023-11-12,Web,Mumbai,Delivered,UPI,Afternoon 10-2 PM,,0.0,558.4,558.4
ORD002343,CUST00587,2023-02-25,2,1,2023-02-26,App,Mumbai,Delivered,Credit Card,Evening 4-8 PM,,0.0,620.43,620.43
ORD002344,CUST00587,2023-08-11,8,3,,Web,Mumbai,Cancelled,UPI,Late Night 8-11 PM,,0.0,2856.86,0.0
ORD002345,CUST00587,2023-01-28,1,1,2023-01-30,App,Mumbai,Returned,Debit Card,Evening 4-8 PM,,0.0,1126.17,766.37
ORD002346,CUST00587,2023-07-07,7,3,2023-07-10,Kiosk,Mumbai,Delivered,Wallet,Morning 6-10 AM,,0.0,2026.53,2026.53
ORD002347,CUST00590,2023-05-13,5,2,2023-05-14,App,Mumbai,Delivered,UPI,Morning 6-10 AM,,0.0,1432.14,1432.14
ORD002348,CUST00590,2023-06-08,6,2,2023-06-11,App,Mumbai,Delivered,Credit Card,Evening 4-8 PM,,0.0,281.64,281.64
ORD002349,CUST00590,2023-07-25,7,3,2023-07-27,App,Mumbai,Returned,Wallet,Morning 6-10 AM,,0.0,454.86,97.9
ORD002350,CUST00593,2023-10-26,10,4,2023-10-28,Web,Delhi,Delivered,Credit Card,Morning 6-10 AM,,0.0,497.76,497.76
ORD002351,CUST00593,2023-11-03,11,4,2023-11-04,App,Delhi,Delivered,COD,Evening 4-8 PM,,0.0,380.73,380.73
ORD002352,CUST00594,2023-11-30,11,4,,Web,Hyderabad,Cancelled,Credit Card,Afternoon 10-2 PM,,0.0,288.69,0.0
ORD002353,CUST00595,2023-09-15,9,3,2023-09-18,App,Delhi,Delivered,COD,Late Night 8-11 PM,,0.0,381.34,381.34
ORD002354,CUST00595,2023-11-04,11,4,2023-11-07,App,Delhi,Delivered,UPI,Morning 6-10 AM,,0.0,447.12,447.12
ORD002355,CUST00595,2023-10-26,10,4,2023-10-27,App,Delhi,Delivered,Credit Card,Morning 6-10 AM,,0.0,974.6,974.6
ORD002356,CUST00595,2023-01-04,1,1,2023-01-06,App,Delhi,Delivered,UPI,Afternoon 10-2 PM,NY2023,241.77,1456.38,1214.61
ORD002357,CUST00595,2023-10-14,10,4,2023-10-16,Web,Delhi,Delivered,Credit Card,Morning 6-10 AM,,0.0,3093.37,3093.37
ORD002358,CUST00595,2023-12-26,12,4,2023-12-29,App,Delhi,Delivered,Wallet,Afternoon 10-2 PM,XMAS23,28.82,469.08,440.26
ORD002359,CUST00595,2023-02-04,2,1,2023-02-06,App,Delhi,Delivered,Wallet,Afternoon 10-2 PM,,0.0,948.56,948.56
ORD002360,CUST00596,2023-08-24,8,3,2023-08-27,Web,Delhi,Delivered,COD,Evening 4-8 PM,,0.0,778.59,778.59
ORD002361,CUST00596,2023-07-10,7,3,2023-07-11,App,Delhi,Delivered,Credit Card,Morning 6-10 AM,,0.0,1774.76,1774.76
ORD002362,CUST00596,2023-04-26,4,2,2023-04-27,Web,Delhi,Delivered,Debit Card,Evening 4-8 PM,,0.0,297.93,297.93
ORD002363,CUST00596,2023-10-27,10,4,2023-10-28,App,Delhi,Delivered,Credit Card,Evening 4-8 PM,,0.0,1356.02,1356.02
ORD002364,CUST00596,2023-12-11,12,4,2023-12-13,App,Delhi,Delivered,UPI,Afternoon 10-2 PM,,0.0,1123.85,1123.85
ORD002365,CUST00596,2023-07-04,7,3,2023-07-06,App,Delhi,Delivered,UPI,Afternoon 10-2 PM,,0.0,1260.57,1260.57
ORD002366,CUST00596,2023-12-23,12,4,2023-12-25,App,Delhi,Delivered,Credit Card,Afternoon 10-2 PM,,0.0,1642.65,1642.65
ORD002367,CUST00596,2023-10-21,10,4,2023-10-22,App,Delhi,Delivered,UPI,Evening 4-8 PM,,0.0,1892.12,1892.12
ORD002368,CUST00596,2023-10-18,10,4,2023-10-20,App,Delhi,Returned,UPI,Evening 4-8 PM,,0.0,565.45,27.76
ORD002369,CUST00596,2023-01-10,1,1,2023-01-11,App,Delhi,Delivered,Credit Card,Late Night 8-11 PM,,0.0,244.23,244.23
ORD002370,CUST00596,2023-06-07,6,2,2023-06-08,Web,Delhi,Returned,UPI,Morning 6-10 AM,,0.0,1480.9,43.27
ORD002371,CUST00598,2023-03-08,3,1,2023-03-11,App,Bengaluru,Delivered,Debit Card,Morning 6-10 AM,,0.0,636.24,636.24
ORD002372,CUST00598,2023-05-08,5,2,2023-05-09,Web,Bengaluru,Delivered,Credit Card,Morning 6-10 AM,,0.0,1267.78,1267.78
ORD002373,CUST00598,2023-05-08,5,2,2023-05-09,Kiosk,Bengaluru,Delivered,Debit Card,Morning 6-10 AM,,0.0,1976.59,1976.59
ORD002374,CUST00598,2023-04-03,4,2,2023-04-06,App,Bengaluru,Delivered,UPI,Afternoon 10-2 PM,,0.0,1438.59,1438.59
ORD002375,CUST00598,2023-07-21,7,3,2023-07-22,App,Bengaluru,Delivered,Debit Card,Late Night 8-11 PM,,0.0,2705.76,2705.76
ORD002376,CUST00599,2023-01-17,1,1,2023-01-20,App,Bengaluru,Delivered,Credit Card,Evening 4-8 PM,,0.0,764.46,764.46
ORD002377,CUST00599,2023-04-21,4,2,,App,Bengaluru,Cancelled,COD,Evening 4-8 PM,,0.0,313.05,0.0
ORD002378,CUST00599,2023-05-19,5,2,2023-05-22,App,Bengaluru,Delivered,Debit Card,Evening 4-8 PM,,0.0,2005.49,2005.49
ORD002379,CUST00599,2023-02-24,2,1,2023-02-26,App,Bengaluru,Delivered,Credit Card,Evening 4-8 PM,,0.0,2212.55,2212.55
ORD002380,CUST00599,2023-11-14,11,4,2023-11-15,Web,Bengaluru,Delivered,Debit Card,Evening 4-8 PM,,0.0,599.04,599.04
ORD002381,CUST00600,2023-06-27,6,2,2023-06-29,Web,Hyderabad,Delivered,Wallet,Evening 4-8 PM,,0.0,64.05,64.05
ORD002382,CUST00601,2023-08-07,8,3,2023-08-08,Web,Hyderabad,Returned,Debit Card,Morning 6-10 AM,,0.0,1876.22,729.87
ORD002383,CUST00601,2023-01-19,1,1,2023-01-21,Web,Hyderabad,Returned,COD,Afternoon 10-2 PM,,0.0,240.6,4.02
ORD002384,CUST00604,2023-07-20,7,3,2023-07-21,App,Mumbai,Delivered,UPI,Evening 4-8 PM,,0.0,637.8,637.8
ORD002385,CUST00604,2023-11-21,11,4,2023-11-23,App,Mumbai,Delivered,Wallet,Afternoon 10-2 PM,,0.0,1689.69,1689.69
ORD002386,CUST00604,2023-11-13,11,4,2023-11-16,App,Mumbai,Delivered,UPI,Morning 6-10 AM,,0.0,289.72,289.72
ORD002387,CUST00604,2023-04-03,4,2,2023-04-04,App,Mumbai,Delivered,UPI,Evening 4-8 PM,,0.0,489.4,489.4
ORD002388,CUST00604,2023-09-27,9,3,2023-09-29,App,Mumbai,Delivered,UPI,Morning 6-10 AM,,0.0,611.8,611.8
ORD002389,CUST00604,2023-04-22,4,2,2023-04-23,App,Mumbai,Delivered,UPI,Afternoon 10-2 PM,,0.0,1160.24,1160.24
ORD002390,CUST00604,2023-12-04,12,4,2023-12-05,Web,Mumbai,Delivered,UPI,Late Night 8-11 PM,,0.0,760.98,760.98
ORD002391,CUST00605,2023-01-03,1,1,2023-01-04,App,Delhi,Delivered,Credit Card,Morning 6-10 AM,,0.0,835.31,835.31
ORD002392,CUST00605,2023-08-17,8,3,2023-08-19,App,Delhi,Delivered,Debit Card,Evening 4-8 PM,,0.0,781.19,781.19
ORD002393,CUST00605,2023-07-14,7,3,2023-07-16,Web,Delhi,Delivered,COD,Afternoon 10-2 PM,,0.0,2840.64,2840.64
ORD002394,CUST00605,2023-09-25,9,3,2023-09-28,Web,Delhi,Delivered,Credit Card,Late Night 8-11 PM,,0.0,1512.26,1512.26
ORD002395,CUST00605,2023-04-11,4,2,2023-04-13,Web,Delhi,Delivered,Debit Card,Evening 4-8 PM,,0.0,547.66,547.66
ORD002396,CUST00606,2023-01-08,1,1,2023-01-10,App,Bengaluru,Delivered,UPI,Evening 4-8 PM,,0.0,2604.68,2604.68
ORD002397,CUST00606,2023-03-19,3,1,2023-03-21,App,Bengaluru,Delivered,Debit Card,Morning 6-10 AM,,0.0,1376.86,1376.86
ORD002398,CUST00606,2023-10-29,10,4,2023-10-31,Web,Bengaluru,Delivered,UPI,Afternoon 10-2 PM,,0.0,764.24,764.24
ORD002399,CUST00606,2023-05-15,5,2,2023-05-17,App,Bengaluru,Delivered,Credit Card,Afternoon 10-2 PM,,0.0,5149.88,5149.88
ORD002400,CUST00606,2023-02-09,2,1,2023-02-12,Kiosk,Bengaluru,Delivered,UPI,Morning 6-10 AM,,0.0,1570.74,1570.74
ORD002401,CUST00606,2023-08-10,8,3,2023-08-11,App,Bengaluru,Delivered,UPI,Late Night 8-11 PM,,0.0,2060.26,2060.26
ORD002402,CUST00606,2023-12-10,12,4,2023-12-11,Web,Bengaluru,Delivered,Debit Card,Afternoon 10-2 PM,,0.0,1923.45,1923.45
ORD002403,CUST00606,2023-06-05,6,2,2023-06-06,App,Bengaluru,Delivered,UPI,,,0.0,753.47,753.47
ORD002404,CUST00606,2023-01-11,1,1,2023-01-12,App,Bengaluru,Delivered,Credit Card,Morning 6-10 AM,,0.0,1247.12,1247.12
ORD002405,CUST00606,2023-07-14,7,3,2023-07-16,App,Bengaluru,Delivered,UPI,,,0.0,1925.27,1925.27
ORD002406,CUST00606,2023-09-23,9,3,2023-09-26,Web,Bengaluru,Delivered,UPI,Morning 6-10 AM,,0.0,2498.21,2498.21
ORD002407,CUST00606,2023-02-05,2,1,2023-02-08,App,Bengaluru,Delivered,UPI,Afternoon 10-2 PM,,0.0,110.49,110.49
ORD002408,CUST00606,2023-02-22,2,1,2023-02-24,App,Bengaluru,Delivered,UPI,Evening 4-8 PM,,0.0,1565.59,1565.59
ORD002409,CUST00606,2023-09-30,9,3,,App,Bengaluru,Cancelled,COD,Afternoon 10-2 PM,,0.0,2258.09,0.0
ORD002410,CUST00606,2023-08-28,8,3,2023-08-31,App,Bengaluru,Delivered,Debit Card,Evening 4-8 PM,,0.0,1483.0,1483.0
ORD002411,CUST00608,2023-05-12,5,2,2023-05-15,App,Lucknow,Delivered,COD,Afternoon 10-2 PM,,0.0,874.54,874.54
ORD002412,CUST00608,2023-11-30,11,4,,Web,Lucknow,Cancelled,Credit Card,Afternoon 10-2 PM,,0.0,336.53,0.0
ORD002413,CUST00608,2023-07-17,7,3,2023-07-18,App,Lucknow,Delivered,UPI,Evening 4-8 PM,,0.0,322.24,322.24
ORD002414,CUST00608,2023-05-14,5,2,2023-05-17,Web,Lucknow,Delivered,Debit Card,Evening 4-8 PM,,0.0,723.88,723.88
ORD002415,CUST00608,2023-09-03,9,3,2023-09-06,App,Lucknow,Delivered,UPI,Evening 4-8 PM,,0.0,1307.91,1307.91
ORD002416,CUST00608,2023-08-22,8,3,2023-08-24,App,Lucknow,Delivered,Credit Card,Evening 4-8 PM,,0.0,863.98,863.98
ORD002417,CUST00609,2023-01-31,1,1,,App,Mumbai,Cancelled,COD,Afternoon 10-2 PM,,0.0,920.65,0.0
ORD002418,CUST00609,2023-10-27,10,4,2023-10-29,App,Mumbai,Delivered,UPI,Morning 6-10 AM,,0.0,1276.79,1276.79
ORD002419,CUST00609,2023-12-03,12,4,2023-12-05,App,Mumbai,Delivered,UPI,Late Night 8-11 PM,,0.0,1429.62,1429.62
ORD002420,CUST00609,2023-10-16,10,4,2023-10-19,App,Mumbai,Delivered,UPI,Afternoon 10-2 PM,,0.0,196.08,196.08
ORD002421,CUST00609,2023-10-28,10,4,,App,Mumbai,Cancelled,UPI,Afternoon 10-2 PM,,0.0,2069.46,0.0
ORD002422,CUST00609,2023-01-14,1,1,2023-01-17,Web,Mumbai,Delivered,Credit Card,Afternoon 10-2 PM,,0.0,2657.43,2657.43
ORD002423,CUST00609,2023-06-10,6,2,2023-06-11,Web,Mumbai,Delivered,UPI,Late Night 8-11 PM,,0.0,476.93,476.93
ORD002424,CUST00609,2023-02-05,2,1,2023-02-08,Web,Mumbai,Delivered,Debit Card,Afternoon 10-2 PM,,0.0,1109.62,1109.62
ORD002425,CUST00609,2023-03-22,3,1,,Kiosk,Mumbai,Cancelled,COD,Morning 6-10 AM,,0.0,814.11,0.0
ORD002426,CUST00609,2023-07-31,7,3,2023-08-02,Web,Mumbai,Delivered,Credit Card,Morning 6-10 AM,,0.0,1124.89,1124.89
ORD002427,CUST00609,2023-04-15,4,2,2023-04-17,App,Mumbai,Delivered,COD,Morning 6-10 AM,,0.0,1893.18,1893.18
ORD002428,CUST00609,2023-10-21,10,4,2023-10-23,Web,Mumbai,Delivered,Credit Card,Morning 6-10 AM,DUSSEHRA23,418.93,2452.49,2033.56
ORD002429,CUST00611,2023-09-06,9,3,2023-09-08,App,Bengaluru,Delivered,Credit Card,Afternoon 10-2 PM,,0.0,1326.46,1326.46
ORD002430,CUST00611,2023-02-22,2,1,2023-02-24,Web,Bengaluru,Delivered,COD,Evening 4-8 PM,,0.0,630.08,630.08
ORD002431,CUST00611,2023-08-12,8,3,,App,Bengaluru,Cancelled,Credit Card,Afternoon 10-2 PM,,0.0,2278.12,0.0
ORD002432,CUST00611,2023-02-11,2,1,2023-02-14,App,Bengaluru,Delivered,UPI,Morning 6-10 AM,LOVEFEB,47.57,445.77,398.2
ORD002433,CUST00611,2023-09-22,9,3,2023-09-23,Web,Bengaluru,Delivered,Credit Card,Evening 4-8 PM,,0.0,1465.91,1465.91
ORD002434,CUST00611,2023-06-04,6,2,2023-06-06,App,Bengaluru,Delivered,COD,Morning 6-10 AM,,0.0,3194.73,3194.73
ORD002435,CUST00611,2023-08-21,8,3,2023-08-24,App,Bengaluru,Delivered,Debit Card,Morning 6-10 AM,,0.0,1178.71,1178.71
ORD002436,CUST00611,2023-04-13,4,2,2023-04-16,App,Bengaluru,Delivered,UPI,Evening 4-8 PM,,0.0,1987.4,1987.4
ORD002437,CUST00611,2023-12-19,12,4,,Web,Bengaluru,Cancelled,UPI,Morning 6-10 AM,,0.0,2604.35,0.0
ORD002438,CUST00611,2023-04-11,4,2,,App,Bengaluru,Cancelled,UPI,Late Night 8-11 PM,,0.0,2161.54,0.0
ORD002439,CUST00611,2023-10-21,10,4,2023-10-23,Web,Bengaluru,Delivered,Debit Card,Morning 6-10 AM,,0.0,993.93,993.93
ORD002440,CUST00611,2023-09-01,9,3,2023-09-02,App,Bengaluru,Delivered,UPI,Afternoon 10-2 PM,,0.0,3862.49,3862.49
ORD002441,CUST00611,2023-01-20,1,1,2023-01-21,Web,Bengaluru,Delivered,UPI,Evening 4-8 PM,,0.0,1152.79,1152.79
ORD002442,CUST00611,2023-10-26,10,4,2023-10-29,App,Bengaluru,Delivered,UPI,Evening 4-8 PM,,0.0,2704.09,2704.09
ORD002443,CUST00611,2023-04-25,4,2,2023-04-26,App,Bengaluru,Delivered,UPI,Morning 6-10 AM,,0.0,1421.84,1421.84
ORD002444,CUST00611,2023-03-26,3,1,2023-03-27,App,Bengaluru,Delivered,UPI,Evening 4-8 PM,,0.0,1872.78,1872.78
ORD002445,CUST00612,2023-06-01,6,2,,App,Bengaluru,Cancelled,Credit Card,Morning 6-10 AM,,0.0,597.87,0.0
ORD002446,CUST00612,2023-06-14,6,2,2023-06-17,App,Bengaluru,Delivered,Credit Card,Evening 4-8 PM,,0.0,234.78,234.78
ORD002447,CUST00615,2023-01-17,1,1,2023-01-18,Kiosk,Hyderabad,Delivered,Debit Card,Evening 4-8 PM,,0.0,662.08,662.08
ORD002448,CUST00615,2023-04-17,4,2,2023-04-19,App,Hyderabad,Delivered,UPI,Late Night 8-11 PM,,0.0,798.38,798.38
ORD002449,CUST00615,2023-04-08,4,2,2023-04-11,Web,Hyderabad,Delivered,UPI,Evening 4-8 PM,,0.0,907.36,907.36
ORD002450,CUST00615,2023-10-16,10,4,2023-10-19,App,Hyderabad,Delivered,COD,Evening 4-8 PM,,0.0,167.46,167.46
ORD002451,CUST00616,2023-08-21,8,3,2023-08-22,App,Delhi,Delivered,Credit Card,Afternoon 10-2 PM,,0.0,304.93,304.93
ORD002452,CUST00616,2023-10-14,10,4,,App,Delhi,Cancelled,Debit Card,Evening 4-8 PM,,0.0,1077.11,0.0
ORD002453,CUST00616,2023-04-04,4,2,2023-04-05,App,Delhi,Delivered,UPI,Late Night 8-11 PM,,0.0,840.95,840.95
ORD002454,CUST00616,2023-11-15,11,4,2023-11-16,App,Delhi,Delivered,UPI,Evening 4-8 PM,DIWALI23SUPER,46.43,363.32,316.89
ORD002455,CUST00616,2023-09-04,9,3,2023-09-07,App,Delhi,Delivered,Wallet,Late Night 8-11 PM,,0.0,1832.07,1832.07
ORD002456,CUST00616,2023-10-17,10,4,2023-10-20,App,Delhi,Delivered,UPI,Afternoon 10-2 PM,,0.0,781.94,781.94
ORD002457,CUST00616,2023-10-18,10,4,2023-10-19,Kiosk,Delhi,Delivered,COD,Afternoon 10-2 PM,,0.0,123.52,123.52
ORD002458,CUST00617,2023-02-12,2,1,2023-02-14,Web,Pune,Returned,UPI,Morning 6-10 AM,,0.0,3066.82,1761.43
ORD002459,CUST00618,2023-09-24,9,3,2023-09-25,Web,Jaipur,Delivered,COD,Late Night 8-11 PM,,0.0,637.25,637.25
ORD002460,CUST00618,2023-04-14,4,2,2023-04-16,App,Jaipur,Delivered,UPI,Evening 4-8 PM,,0.0,749.21,749.21
ORD002461,CUST00618,2023-09-14,9,3,2023-09-16,Web,Jaipur,Delivered,Credit Card,Evening 4-8 PM,,0.0,1567.82,1567.82
ORD002462,CUST00618,2023-04-19,4,2,2023-04-21,App,Jaipur,Delivered,COD,Morning 6-10 AM,,0.0,1032.92,1032.92
ORD002463,CUST00618,2023-02-13,2,1,2023-02-15,App,Jaipur,Delivered,COD,Morning 6-10 AM,,0.0,187.93,187.93
ORD002464,CUST00619,2023-12-17,12,4,2023-12-18,Web,Delhi,Delivered,UPI,Morning 6-10 AM,,0.0,625.16,625.16
ORD002465,CUST00619,2023-12-06,12,4,2023-12-08,App,Delhi,Returned,UPI,Evening 4-8 PM,,0.0,1048.85,4.33
ORD002466,CUST00619,2023-10-21,10,4,2023-10-24,App,Delhi,Delivered,Credit Card,Late Night 8-11 PM,,0.0,382.62,382.62
ORD002467,CUST00619,2023-08-20,8,3,2023-08-21,Kiosk,Delhi,Delivered,COD,Morning 6-10 AM,,0.0,160.18,160.18
ORD002468,CUST00620,2023-04-07,4,2,2023-04-09,App,Delhi,Returned,Debit Card,Morning 6-10 AM,,0.0,2632.88,0.47
ORD002469,CUST00620,2023-12-29,12,4,2024-01-01,Kiosk,Delhi,Delivered,UPI,Afternoon 10-2 PM,,0.0,1975.92,1975.92
ORD002470,CUST00620,2023-09-20,9,3,2023-09-23,App,Delhi,Delivered,UPI,Evening 4-8 PM,,0.0,1251.67,1251.67
ORD002471,CUST00620,2023-11-13,11,4,,App,Delhi,Cancelled,Debit Card,Morning 6-10 AM,DIWALI23SUPER,0.0,612.98,0.0
ORD002472,CUST00620,2023-01-31,1,1,2023-02-03,App,Delhi,Delivered,UPI,Morning 6-10 AM,,0.0,802.74,802.74
ORD002473,CUST00620,2023-05-20,5,2,2023-05-22,Kiosk,Delhi,Delivered,Debit Card,Late Night 8-11 PM,,0.0,1574.85,1574.85
ORD002474,CUST00622,2023-06-05,6,2,2023-06-06,App,Bengaluru,Delivered,UPI,Morning 6-10 AM,,0.0,2567.92,2567.92
ORD002475,CUST00622,2023-05-27,5,2,2023-05-29,App,Bengaluru,Delivered,Debit Card,Morning 6-10 AM,,0.0,535.9,535.9
ORD002476,CUST00622,2023-01-14,1,1,2023-01-17,App,Bengaluru,Delivered,UPI,Evening 4-8 PM,,0.0,221.54,221.54
ORD002477,CUST00622,2023-12-25,12,4,2023-12-27,Web,Bengaluru,Delivered,COD,Afternoon 10-2 PM,XMAS23,195.35,1935.87,1740.52
ORD002478,CUST00622,2023-08-10,8,3,2023-08-11,App,Bengaluru,Delivered,Credit Card,Afternoon 10-2 PM,,0.0,1108.35,1108.35
ORD002479,CUST00622,2023-03-20,3,1,2023-03-21,Kiosk,Bengaluru,Delivered,UPI,Morning 6-10 AM,,0.0,238.26,238.26
ORD002480,CUST00622,2023-10-02,10,4,2023-10-04,Web,Bengaluru,Delivered,UPI,Morning 6-10 AM,,0.0,3469.14,3469.14
ORD002481,CUST00622,2023-10-28,10,4,2023-10-31,App,Bengaluru,Delivered,Debit Card,Afternoon 10-2 PM,,0.0,689.31,689.31
ORD002482,CUST00623,2023-06-12,6,2,2023-06-13,App,Mumbai,Returned,UPI,Morning 6-10 AM,,0.0,873.33,4.26
ORD002483,CUST00625,2023-03-11,3,1,2023-03-14,App,Mumbai,Delivered,UPI,Afternoon 10-2 PM,,0.0,653.74,653.74
ORD002484,CUST00625,2023-07-19,7,3,2023-07-22,Web,Mumbai,Delivered,UPI,Evening 4-8 PM,,0.0,234.07,234.07
ORD002485,CUST00627,2023-08-24,8,3,,App,Bengaluru,Cancelled,Credit Card,Afternoon 10-2 PM,,0.0,2102.51,0.0
ORD002486,CUST00627,2023-02-28,2,1,2023-03-02,App,Bengaluru,Delivered,UPI,Morning 6-10 AM,,0.0,1018.35,1018.35
ORD002487,CUST00627,2023-07-15,7,3,2023-07-16,Web,Bengaluru,Delivered,UPI,Evening 4-8 PM,,0.0,3792.77,3792.77
ORD002488,CUST00627,2023-05-01,5,2,2023-05-03,App,Bengaluru,Delivered,UPI,Afternoon 10-2 PM,,0.0,704.95,704.95
ORD002489,CUST00627,2023-10-04,10,4,2023-10-05,Web,Bengaluru,Delivered,UPI,Afternoon 10-2 PM,,0.0,691.33,691.33
ORD002490,CUST00627,2023-07-08,7,3,,App,Bengaluru,Cancelled,Credit Card,Evening 4-8 PM,,0.0,1019.02,0.0
ORD002491,CUST00627,2023-04-16,4,2,2023-04-18,Web,Bengaluru,Delivered,UPI,Afternoon 10-2 PM,,0.0,583.84,583.84
ORD002492,CUST00627,2023-07-15,7,3,2023-07-16,App,Bengaluru,Delivered,COD,Afternoon 10-2 PM,,0.0,3314.33,3314.33
ORD002493,CUST00627,2023-07-25,7,3,2023-07-27,Web,Bengaluru,Delivered,Debit Card,Morning 6-10 AM,,0.0,2462.36,2462.36
ORD002494,CUST00627,2023-06-16,6,2,2023-06-19,App,Bengaluru,Delivered,Credit Card,Morning 6-10 AM,,0.0,2171.91,2171.91
ORD002495,CUST00627,2023-04-21,4,2,2023-04-23,App,Bengaluru,Delivered,UPI,Morning 6-10 AM,,0.0,2665.88,2665.88
ORD002496,CUST00627,2023-11-10,11,4,2023-11-13,Web,Bengaluru,Delivered,Credit Card,Afternoon 10-2 PM,,0.0,1528.87,1528.87
ORD002497,CUST00627,2023-04-24,4,2,2023-04-26,App,Bengaluru,Delivered,Credit Card,Morning 6-10 AM,,0.0,1055.4,1055.4
ORD002498,CUST00627,2023-05-28,5,2,2023-05-30,App,Bengaluru,Delivered,Debit Card,Evening 4-8 PM,,0.0,1210.04,1210.04
ORD002499,CUST00627,2023-05-24,5,2,,App,Bengaluru,Cancelled,Wallet,Afternoon 10-2 PM,,0.0,1550.39,0.0
ORD002500,CUST00627,2023-01-08,1,1,2023-01-10,App,Bengaluru,Delivered,Credit Card,,,0.0,1010.78,1010.78
ORD002501,CUST00627,2023-10-20,10,4,2023-10-22,App,Bengaluru,Delivered,UPI,Morning 6-10 AM,,0.0,638.09,638.09
ORD002502,CUST00627,2023-04-13,4,2,2023-04-14,App,Bengaluru,Delivered,UPI,Afternoon 10-2 PM,,0.0,2317.48,2317.48
ORD002503,CUST00627,2023-05-14,5,2,2023-05-16,Kiosk,Bengaluru,Delivered,UPI,Afternoon 10-2 PM,,0.0,591.16,591.16
ORD002504,CUST00627,2023-11-09,11,4,2023-11-10,App,Bengaluru,Delivered,UPI,Afternoon 10-2 PM,,0.0,745.05,745.05
ORD002505,CUST00627,2023-07-17,7,3,2023-07-18,App,Bengaluru,Returned,UPI,Evening 4-8 PM,,0.0,1041.97,870.37
ORD002506,CUST00627,2023-04-16,4,2,2023-04-19,App,Bengaluru,Delivered,Debit Card,Evening 4-8 PM,,0.0,1362.25,1362.25
ORD002507,CUST00627,2023-08-20,8,3,2023-08-23,Web,Bengaluru,Delivered,UPI,Evening 4-8 PM,,0.0,1837.87,1837.87
ORD002508,CUST00627,2023-07-17,7,3,2023-07-18,Web,Bengaluru,Delivered,UPI,Morning 6-10 AM,,0.0,416.18,416.18
ORD002509,CUST00627,2023-07-01,7,3,2023-07-03,App,Bengaluru,Delivered,UPI,Morning 6-10 AM,,0.0,1269.44,1269.44
ORD002510,CUST00627,2023-10-26,10,4,2023-10-27,Kiosk,Bengaluru,Delivered,UPI,Morning 6-10 AM,,0.0,762.17,762.17
ORD002511,CUST00627,2023-08-23,8,3,2023-08-26,Web,Bengaluru,Delivered,UPI,Evening 4-8 PM,,0.0,741.24,741.24
ORD002512,CUST00627,2023-07-14,7,3,2023-07-15,Web,Bengaluru,Delivered,UPI,Morning 6-10 AM,,0.0,1625.66,1625.66
ORD002513,CUST00627,2023-08-20,8,3,2023-08-22,App,Bengaluru,Delivered,Credit Card,Morning 6-10 AM,,0.0,1143.23,1143.23
ORD002514,CUST00629,2023-10-19,10,4,2023-10-22,App,Delhi,Delivered,Debit Card,Evening 4-8 PM,,0.0,511.02,511.02
ORD002515,CUST00630,2023-09-05,9,3,,Web,Bengaluru,Cancelled,Wallet,Evening 4-8 PM,,0.0,304.34,0.0
ORD002516,CUST00632,2023-01-26,1,1,2023-01-29,App,Mumbai,Delivered,COD,Evening 4-8 PM,,0.0,461.66,461.66
ORD002517,CUST00632,2023-11-17,11,4,2023-11-18,App,Mumbai,Delivered,Credit Card,,,0.0,2446.24,2446.24
ORD002518,CUST00632,2023-12-22,12,4,2023-12-23,App,Mumbai,Delivered,UPI,Late Night 8-11 PM,,0.0,432.84,432.84
ORD002519,CUST00632,2023-04-11,4,2,2023-04-14,App,Mumbai,Delivered,UPI,Afternoon 10-2 PM,,0.0,1097.92,1097.92
ORD002520,CUST00632,2023-10-04,10,4,2023-10-07,App,Mumbai,Delivered,UPI,Morning 6-10 AM,,0.0,1310.84,1310.84
ORD002521,CUST00632,2023-10-26,10,4,2023-10-28,Web,Mumbai,Delivered,COD,Morning 6-10 AM,,0.0,2313.65,2313.65
ORD002522,CUST00632,2023-11-05,11,4,2023-11-06,App,Mumbai,Delivered,Credit Card,Late Night 8-11 PM,,0.0,4966.2,4966.2
ORD002523,CUST00632,2023-05-06,5,2,2023-05-08,Web,Mumbai,Delivered,Debit Card,Morning 6-10 AM,,0.0,4826.24,4826.24
ORD002524,CUST00632,2023-07-28,7,3,2023-07-30,App,Mumbai,Delivered,Debit Card,Evening 4-8 PM,,0.0,1197.79,1197.79
ORD002525,CUST00634,2023-05-19,5,2,2023-05-21,Web,Bengaluru,Delivered,UPI,Morning 6-10 AM,,0.0,100.41,100.41
ORD002526,CUST00634,2023-12-13,12,4,2023-12-14,Web,Bengaluru,Delivered,Credit Card,Evening 4-8 PM,,0.0,490.46,490.46
ORD002527,CUST00636,2023-10-28,10,4,2023-10-29,App,Lucknow,Delivered,UPI,Evening 4-8 PM,,0.0,1455.04,1455.04
ORD002528,CUST00636,2023-04-17,4,2,2023-04-18,App,Lucknow,Delivered,UPI,Late Night 8-11 PM,,0.0,2569.46,2569.46
ORD002529,CUST00636,2023-05-29,5,2,,App,Lucknow,Cancelled,Credit Card,Evening 4-8 PM,,0.0,1382.55,0.0
ORD002530,CUST00636,2023-11-21,11,4,,App,Lucknow,Cancelled,COD,Morning 6-10 AM,BIGSALE23,0.0,1813.08,0.0
ORD002531,CUST00636,2023-05-24,5,2,2023-05-25,App,Lucknow,Delivered,COD,,,0.0,2528.47,2528.47
ORD002532,CUST00636,2023-08-14,8,3,,Web,Lucknow,Cancelled,UPI,Afternoon 10-2 PM,,0.0,195.97,0.0
ORD002533,CUST00636,2023-12-28,12,4,2023-12-29,Kiosk,Lucknow,Delivered,Credit Card,Evening 4-8 PM,XMAS23,60.73,418.23,357.5
ORD002534,CUST00636,2023-12-12,12,4,2023-12-13,App,Lucknow,Delivered,Debit Card,Afternoon 10-2 PM,,0.0,2055.3,2055.3
ORD002535,CUST00636,2023-09-24,9,3,2023-09-27,Web,Lucknow,Delivered,Wallet,Morning 6-10 AM,,0.0,1360.45,1360.45
ORD002536,CUST00636,2023-08-08,8,3,2023-08-11,App,Lucknow,Delivered,UPI,Afternoon 10-2 PM,,0.0,19.18,19.18
ORD002537,CUST00636,2023-06-13,6,2,2023-06-14,Web,Lucknow,Delivered,UPI,Morning 6-10 AM,,0.0,1942.59,1942.59
ORD002538,CUST00636,2023-03-31,3,1,2023-04-02,Web,Lucknow,Delivered,Credit Card,,,0.0,781.42,781.42
ORD002539,CUST00636,2023-10-01,10,4,2023-10-02,App,Lucknow,Delivered,COD,Morning 6-10 AM,,0.0,3087.77,3087.77
ORD002540,CUST00636,2023-03-02,3,1,2023-03-04,Web,Lucknow,Delivered,UPI,Afternoon 10-2 PM,,0.0,2105.13,2105.13
ORD002541,CUST00636,2023-09-03,9,3,2023-09-04,App,Lucknow,Delivered,Debit Card,Evening 4-8 PM,,0.0,9799.85,9799.85
ORD002542,CUST00636,2023-11-06,11,4,2023-11-08,Kiosk,Lucknow,Delivered,Credit Card,Evening 4-8 PM,,0.0,638.44,638.44
ORD002543,CUST00636,2023-12-17,12,4,2023-12-18,App,Lucknow,Returned,UPI,Morning 6-10 AM,,0.0,2822.15,144.5
ORD002544,CUST00636,2023-02-18,2,1,2023-02-20,App,Lucknow,Delivered,UPI,Evening 4-8 PM,,0.0,1237.18,1237.18
ORD002545,CUST00636,2023-11-21,11,4,2023-11-22,Kiosk,Lucknow,Delivered,Credit Card,Afternoon 10-2 PM,BIGSALE23,278.06,1749.53,1471.47
ORD002546,CUST00636,2023-10-03,10,4,2023-10-05,App,Lucknow,Delivered,UPI,Afternoon 10-2 PM,,0.0,3259.41,3259.41
ORD002547,CUST00636,2023-09-11,9,3,2023-09-12,App,Lucknow,Delivered,UPI,Morning 6-10 AM,,0.0,1559.69,1559.69
ORD002548,CUST00636,2023-08-26,8,3,2023-08-29,Web,Lucknow,Delivered,Credit Card,Evening 4-8 PM,,0.0,361.74,361.74
ORD002549,CUST00636,2023-10-07,10,4,2023-10-10,App,Lucknow,Delivered,COD,Afternoon 10-2 PM,,0.0,1311.3,1311.3
ORD002550,CUST00636,2023-01-07,1,1,2023-01-10,Web,Lucknow,Delivered,Debit Card,Afternoon 10-2 PM,,0.0,1259.83,1259.83
ORD002551,CUST00636,2023-10-12,10,4,2023-10-13,Kiosk,Lucknow,Returned,UPI,Morning 6-10 AM,,0.0,1388.4,382.27
ORD002552,CUST00636,2023-12-23,12,4,2023-12-25,App,Lucknow,Returned,UPI,Evening 4-8 PM,,0.0,1371.44,469.94
ORD002553,CUST00636,2023-04-30,4,2,2023-05-03,Web,Lucknow,Delivered,UPI,Afternoon 10-2 PM,,0.0,1526.41,1526.41
ORD002554,CUST00636,2023-06-01,6,2,2023-06-02,App,Lucknow,Delivered,UPI,Morning 6-10 AM,,0.0,1625.16,1625.16
ORD002555,CUST00636,2023-10-30,10,4,2023-10-31,App,Lucknow,Delivered,Debit Card,Morning 6-10 AM,,0.0,1540.58,1540.58
ORD002556,CUST00636,2023-02-01,2,1,2023-02-02,App,Lucknow,Delivered,UPI,Morning 6-10 AM,,0.0,2676.63,2676.63
ORD002557,CUST00636,2023-01-14,1,1,2023-01-15,App,Lucknow,Delivered,UPI,Afternoon 10-2 PM,,0.0,1499.9,1499.9
ORD002558,CUST00636,2023-07-18,7,3,2023-07-21,App,Lucknow,Delivered,Debit Card,Evening 4-8 PM,,0.0,1053.43,1053.43
ORD002559,CUST00636,2023-10-03,10,4,2023-10-05,App,Lucknow,Delivered,Credit Card,Morning 6-10 AM,,0.0,674.8,674.8
ORD002560,CUST00636,2023-03-06,3,1,2023-03-09,Web,Lucknow,Delivered,COD,Evening 4-8 PM,,0.0,1737.84,1737.84
ORD002561,CUST00636,2023-07-19,7,3,2023-07-20,App,Lucknow,Delivered,UPI,Morning 6-10 AM,,0.0,1227.71,1227.71
ORD002562,CUST00636,2023-06-17,6,2,2023-06-18,App,Lucknow,Delivered,Wallet,Afternoon 10-2 PM,,0.0,1321.84,1321.84
ORD002563,CUST00636,2023-04-24,4,2,2023-04-25,App,Lucknow,Returned,UPI,Late Night 8-11 PM,,0.0,519.28,19.53
ORD002564,CUST00638,2023-07-28,7,3,2023-07-29,Web,Bengaluru,Delivered,UPI,Evening 4-8 PM,,0.0,1862.75,1862.75
ORD002565,CUST00638,2023-09-02,9,3,,App,Bengaluru,Cancelled,UPI,Evening 4-8 PM,,0.0,739.29,0.0
ORD002566,CUST00639,2023-08-13,8,3,2023-08-15,Web,Pune,Delivered,UPI,Evening 4-8 PM,,0.0,637.15,637.15
ORD002567,CUST00639,2023-03-10,3,1,2023-03-12,App,Pune,Delivered,UPI,Afternoon 10-2 PM,,0.0,970.99,970.99
ORD002568,CUST00639,2023-12-02,12,4,2023-12-05,Web,Pune,Delivered,Credit Card,Evening 4-8 PM,,0.0,617.52,617.52
ORD002569,CUST00639,2023-08-22,8,3,2023-08-24,Web,Pune,Delivered,UPI,Afternoon 10-2 PM,,0.0,354.78,354.78
ORD002570,CUST00639,2023-12-21,12,4,2023-12-23,Web,Pune,Delivered,UPI,Afternoon 10-2 PM,,0.0,551.37,551.37
ORD002571,CUST00642,2023-03-02,3,1,2023-03-05,Kiosk,Delhi,Delivered,UPI,Afternoon 10-2 PM,,0.0,1973.09,1973.09
ORD002572,CUST00642,2023-06-22,6,2,2023-06-25,Web,Delhi,Delivered,UPI,Afternoon 10-2 PM,,0.0,1265.27,1265.27
ORD002573,CUST00642,2023-10-29,10,4,2023-10-31,Web,Delhi,Delivered,COD,Morning 6-10 AM,,0.0,2100.04,2100.04
ORD002574,CUST00642,2023-03-12,3,1,2023-03-13,App,Delhi,Delivered,UPI,Evening 4-8 PM,,0.0,5812.15,5812.15
ORD002575,CUST00642,2023-04-07,4,2,2023-04-08,Web,Delhi,Delivered,Debit Card,Afternoon 10-2 PM,,0.0,1075.78,1075.78
ORD002576,CUST00642,2023-09-22,9,3,2023-09-25,App,Delhi,Delivered,Debit Card,Evening 4-8 PM,,0.0,430.48,430.48
ORD002577,CUST00642,2023-04-08,4,2,2023-04-11,Web,Delhi,Delivered,UPI,Late Night 8-11 PM,,0.0,1686.57,1686.57
ORD002578,CUST00642,2023-12-07,12,4,2023-12-10,App,Delhi,Delivered,UPI,Evening 4-8 PM,,0.0,2460.93,2460.93
ORD002579,CUST00642,2023-01-02,1,1,,App,Delhi,Cancelled,COD,Afternoon 10-2 PM,,0.0,494.47,0.0
ORD002580,CUST00642,2023-01-08,1,1,2023-01-11,App,Delhi,Delivered,Credit Card,Evening 4-8 PM,,0.0,1893.04,1893.04
ORD002581,CUST00642,2023-12-03,12,4,2023-12-05,Web,Delhi,Delivered,UPI,Morning 6-10 AM,,0.0,1251.97,1251.97
ORD002582,CUST00642,2023-08-19,8,3,,App,Delhi,Cancelled,Debit Card,Evening 4-8 PM,,0.0,1622.25,0.0
ORD002583,CUST00642,2023-06-16,6,2,2023-06-18,App,Delhi,Delivered,COD,,,0.0,708.12,708.12
ORD002584,CUST00642,2023-07-20,7,3,2023-07-21,App,Delhi,Delivered,UPI,Afternoon 10-2 PM,,0.0,3244.63,3244.63
ORD002585,CUST00642,2023-09-22,9,3,2023-09-23,Web,Delhi,Delivered,UPI,Morning 6-10 AM,,0.0,1187.5,1187.5
ORD002586,CUST00642,2023-07-14,7,3,2023-07-16,App,Delhi,Delivered,Wallet,Morning 6-10 AM,,0.0,409.06,409.06
ORD002587,CUST00642,2023-08-16,8,3,2023-08-18,App,Delhi,Delivered,UPI,Late Night 8-11 PM,,0.0,3329.28,3329.28
ORD002588,CUST00642,2023-12-15,12,4,2023-12-16,App,Delhi,Delivered,Debit Card,Morning 6-10 AM,,0.0,1770.65,1770.65
ORD002589,CUST00642,2023-12-29,12,4,2023-12-30,App,Delhi,Delivered,Wallet,Afternoon 10-2 PM,XMAS23,415.42,2427.07,2011.65
ORD002590,CUST00642,2023-12-20,12,4,2023-12-21,App,Delhi,Delivered,UPI,Afternoon 10-2 PM,,0.0,972.71,972.71
ORD002591,CUST00642,2023-07-05,7,3,2023-07-07,App,Delhi,Delivered,Wallet,Morning 6-10 AM,,0.0,1154.5,1154.5
ORD002592,CUST00642,2023-08-09,8,3,2023-08-12,App,Delhi,Delivered,COD,Morning 6-10 AM,,0.0,1133.85,1133.85
ORD002593,CUST00642,2023-10-02,10,4,2023-10-04,Web,Delhi,Delivered,UPI,Afternoon 10-2 PM,,0.0,446.92,446.92
ORD002594,CUST00642,2023-01-13,1,1,2023-01-14,Web,Delhi,Delivered,UPI,Afternoon 10-2 PM,,0.0,1693.53,1693.53
ORD002595,CUST00642,2023-02-11,2,1,2023-02-14,App,Delhi,Delivered,UPI,Morning 6-10 AM,,0.0,1319.66,1319.66
ORD002596,CUST00643,2023-06-08,6,2,2023-06-09,Kiosk,Hyderabad,Delivered,Debit Card,Afternoon 10-2 PM,,0.0,2326.35,2326.35
ORD002597,CUST00643,2023-06-09,6,2,2023-06-10,App,Hyderabad,Delivered,UPI,Afternoon 10-2 PM,,0.0,1606.9,1606.9
ORD002598,CUST00648,2023-04-05,4,2,,Web,Delhi,Cancelled,Credit Card,Morning 6-10 AM,,0.0,625.81,0.0
ORD002599,CUST00648,2023-12-05,12,4,2023-12-08,App,Delhi,Delivered,UPI,Morning 6-10 AM,,0.0,3455.42,3455.42
ORD002600,CUST00648,2023-05-26,5,2,2023-05-27,App,Delhi,Delivered,Debit Card,Evening 4-8 PM,,0.0,996.23,996.23
ORD002601,CUST00648,2023-11-01,11,4,2023-11-04,Kiosk,Delhi,Delivered,UPI,Afternoon 10-2 PM,,0.0,2062.99,2062.99
ORD002602,CUST00649,2023-12-07,12,4,2023-12-08,Web,Lucknow,Delivered,Credit Card,Late Night 8-11 PM,,0.0,1735.93,1735.93
ORD002603,CUST00649,2023-12-22,12,4,2023-12-25,App,Lucknow,Delivered,Credit Card,Late Night 8-11 PM,,0.0,375.02,375.02
ORD002604,CUST00649,2023-05-23,5,2,2023-05-24,App,Lucknow,Delivered,Credit Card,Afternoon 10-2 PM,,0.0,2267.67,2267.67
ORD002605,CUST00649,2023-01-21,1,1,2023-01-24,Web,Lucknow,Delivered,UPI,Late Night 8-11 PM,,0.0,2003.32,2003.32
ORD002606,CUST00649,2023-07-23,7,3,,App,Lucknow,Cancelled,Wallet,Evening 4-8 PM,,0.0,2341.77,0.0
ORD002607,CUST00649,2023-09-27,9,3,2023-09-29,App,Lucknow,Delivered,COD,Afternoon 10-2 PM,,0.0,2622.49,2622.49
ORD002608,CUST00649,2023-01-12,1,1,2023-01-14,App,Lucknow,Delivered,UPI,,,0.0,644.16,644.16
ORD002609,CUST00649,2023-12-15,12,4,2023-12-17,Kiosk,Lucknow,Returned,UPI,Afternoon 10-2 PM,,0.0,2613.18,386.84
ORD002610,CUST00649,2023-08-11,8,3,,Web,Lucknow,Cancelled,COD,Morning 6-10 AM,,0.0,1174.0,0.0
ORD002611,CUST00649,2023-06-13,6,2,2023-06-15,App,Lucknow,Delivered,Wallet,Morning 6-10 AM,,0.0,1013.77,1013.77
ORD002612,CUST00649,2023-04-10,4,2,2023-04-13,App,Lucknow,Delivered,UPI,Afternoon 10-2 PM,,0.0,3804.61,3804.61
ORD002613,CUST00649,2023-12-07,12,4,2023-12-10,App,Lucknow,Delivered,COD,Morning 6-10 AM,,0.0,2273.54,2273.54
ORD002614,CUST00649,2023-11-08,11,4,2023-11-10,Web,Lucknow,Delivered,UPI,Afternoon 10-2 PM,,0.0,923.39,923.39
ORD002615,CUST00649,2023-08-04,8,3,2023-08-06,App,Lucknow,Delivered,UPI,Afternoon 10-2 PM,,0.0,2421.36,2421.36
ORD002616,CUST00657,2023-04-15,4,2,2023-04-17,App,Ahmedabad,Delivered,Wallet,Morning 6-10 AM,,0.0,1964.05,1964.05
ORD002617,CUST00657,2023-11-29,11,4,2023-12-01,App,Ahmedabad,Delivered,Wallet,Evening 4-8 PM,,0.0,1485.97,1485.97
ORD002618,CUST00657,2023-07-03,7,3,2023-07-06,Web,Ahmedabad,Delivered,UPI,Evening 4-8 PM,,0.0,785.45,785.45
ORD002619,CUST00657,2023-08-13,8,3,2023-08-14,App,Ahmedabad,Delivered,UPI,Morning 6-10 AM,,0.0,637.53,637.53
ORD002620,CUST00657,2023-08-18,8,3,2023-08-21,App,Ahmedabad,Delivered,Credit Card,Morning 6-10 AM,,0.0,774.51,774.51
ORD002621,CUST00657,2023-10-14,10,4,2023-10-15,App,Ahmedabad,Delivered,UPI,Morning 6-10 AM,,0.0,4155.66,4155.66
ORD002622,CUST00657,2023-06-17,6,2,2023-06-20,App,Ahmedabad,Delivered,Credit Card,Afternoon 10-2 PM,,0.0,2104.0,2104.0
ORD002623,CUST00657,2023-02-04,2,1,2023-02-06,App,Ahmedabad,Delivered,Credit Card,Afternoon 10-2 PM,,0.0,890.08,890.08
ORD002624,CUST00657,2023-04-11,4,2,,Web,Ahmedabad,Cancelled,UPI,Late Night 8-11 PM,,0.0,109.98,0.0
ORD002625,CUST00657,2023-02-04,2,1,2023-02-06,App,Ahmedabad,Delivered,Debit Card,Late Night 8-11 PM,,0.0,1289.42,1289.42
ORD002626,CUST00659,2023-07-29,7,3,2023-07-31,App,Delhi,Delivered,Credit Card,Afternoon 10-2 PM,,0.0,173.34,173.34
ORD002627,CUST00659,2023-06-19,6,2,2023-06-21,App,Delhi,Delivered,COD,Morning 6-10 AM,,0.0,1173.66,1173.66
ORD002628,CUST00660,2023-07-26,7,3,2023-07-27,Web,Bengaluru,Delivered,UPI,Morning 6-10 AM,,0.0,344.4,344.4
ORD002629,CUST00660,2023-09-30,9,3,,Web,Bengaluru,Cancelled,Debit Card,Morning 6-10 AM,,0.0,195.76,0.0
ORD002630,CUST00662,2023-02-02,2,1,2023-02-04,App,Bengaluru,Returned,COD,Evening 4-8 PM,,0.0,454.66,155.33
ORD002631,CUST00662,2023-11-16,11,4,2023-11-17,Web,Bengaluru,Delivered,Debit Card,Evening 4-8 PM,,0.0,1782.39,1782.39
ORD002632,CUST00662,2023-11-24,11,4,,Web,Bengaluru,Cancelled,COD,Evening 4-8 PM,BIGSALE23,0.0,591.43,0.0
ORD002633,CUST00662,2023-06-29,6,2,2023-07-02,App,Bengaluru,Delivered,Credit Card,Morning 6-10 AM,,0.0,1061.77,1061.77
ORD002634,CUST00662,2023-06-21,6,2,2023-06-23,Web,Bengaluru,Delivered,UPI,Morning 6-10 AM,,0.0,1077.0,1077.0
ORD002635,CUST00662,2023-07-11,7,3,2023-07-14,Web,Bengaluru,Delivered,Wallet,Evening 4-8 PM,,0.0,1250.52,1250.52
ORD002636,CUST00668,2023-02-28,2,1,2023-03-02,App,Jaipur,Returned,UPI,Evening 4-8 PM,,0.0,819.13,48.85
ORD002637,CUST00668,2023-03-05,3,1,,Web,Jaipur,Cancelled,Credit Card,Morning 6-10 AM,,0.0,1012.71,0.0
ORD002638,CUST00668,2023-05-23,5,2,2023-05-26,App,Jaipur,Delivered,Debit Card,Late Night 8-11 PM,,0.0,1014.91,1014.91
ORD002639,CUST00668,2023-06-20,6,2,2023-06-23,Web,Jaipur,Delivered,UPI,Evening 4-8 PM,,0.0,546.13,546.13
ORD002640,CUST00668,2023-04-03,4,2,2023-04-04,App,Jaipur,Delivered,UPI,Late Night 8-11 PM,,0.0,657.98,657.98
ORD002641,CUST00668,2023-10-09,10,4,2023-10-11,Web,Jaipur,Delivered,UPI,Afternoon 10-2 PM,,0.0,4303.4,4303.4
ORD002642,CUST00668,2023-11-16,11,4,2023-11-19,App,Jaipur,Delivered,Credit Card,Morning 6-10 AM,,0.0,1266.57,1266.57
ORD002643,CUST00668,2023-09-22,9,3,2023-09-24,App,Jaipur,Delivered,UPI,Late Night 8-11 PM,,0.0,2274.13,2274.13
ORD002644,CUST00668,2023-09-19,9,3,2023-09-21,App,Jaipur,Delivered,UPI,Morning 6-10 AM,,0.0,1396.48,1396.48
ORD002645,CUST00668,2023-01-28,1,1,2023-01-30,App,Jaipur,Delivered,UPI,Evening 4-8 PM,,0.0,1634.82,1634.82
ORD002646,CUST00668,2023-10-16,10,4,2023-10-17,App,Jaipur,Delivered,UPI,Morning 6-10 AM,,0.0,1804.14,1804.14
ORD002647,CUST00668,2023-10-21,10,4,2023-10-23,App,Jaipur,Delivered,Wallet,Evening 4-8 PM,DUSSEHRA23,102.29,1571.13,1468.84
ORD002648,CUST00668,2023-06-19,6,2,2023-06-21,App,Jaipur,Delivered,Credit Card,Afternoon 10-2 PM,,0.0,1206.32,1206.32
ORD002649,CUST00668,2023-05-18,5,2,2023-05-20,App,Jaipur,Returned,Wallet,Morning 6-10 AM,,0.0,1039.44,361.13
ORD002650,CUST00668,2023-03-13,3,1,2023-03-16,App,Jaipur,Delivered,Wallet,Afternoon 10-2 PM,,0.0,4278.5,4278.5
ORD002651,CUST00668,2023-10-18,10,4,2023-10-19,App,Jaipur,Returned,UPI,Morning 6-10 AM,,0.0,187.27,120.29
ORD002652,CUST00668,2023-02-07,2,1,2023-02-08,App,Jaipur,Delivered,UPI,Evening 4-8 PM,,0.0,959.89,959.89
ORD002653,CUST00668,2023-07-16,7,3,2023-07-18,App,Jaipur,Delivered,UPI,,,0.0,2344.31,2344.31
ORD002654,CUST00668,2023-09-08,9,3,2023-09-09,Web,Jaipur,Delivered,COD,Afternoon 10-2 PM,,0.0,2051.92,2051.92
ORD002655,CUST00668,2023-11-11,11,4,2023-11-13,App,Jaipur,Delivered,UPI,Late Night 8-11 PM,,0.0,6804.34,6804.34
ORD002656,CUST00668,2023-08-26,8,3,2023-08-29,App,Jaipur,Delivered,UPI,Afternoon 10-2 PM,,0.0,1812.23,1812.23
ORD002657,CUST00668,2023-06-08,6,2,2023-06-09,Kiosk,Jaipur,Delivered,UPI,Evening 4-8 PM,,0.0,2674.14,2674.14
ORD002658,CUST00668,2023-03-13,3,1,2023-03-14,App,Jaipur,Delivered,Wallet,Evening 4-8 PM,,0.0,3019.53,3019.53
ORD002659,CUST00668,2023-08-17,8,3,2023-08-19,Kiosk,Jaipur,Delivered,Credit Card,Morning 6-10 AM,,0.0,920.61,920.61
ORD002660,CUST00668,2023-10-03,10,4,2023-10-06,Web,Jaipur,Delivered,COD,Morning 6-10 AM,,0.0,2445.31,2445.31
ORD002661,CUST00668,2023-08-03,8,3,2023-08-04,App,Jaipur,Delivered,UPI,Late Night 8-11 PM,,0.0,1256.4,1256.4
ORD002662,CUST00668,2023-03-18,3,1,2023-03-21,Kiosk,Jaipur,Delivered,Wallet,Afternoon 10-2 PM,,0.0,3305.34,3305.34
ORD002663,CUST00668,2023-11-12,11,4,2023-11-14,App,Jaipur,Delivered,Credit Card,Morning 6-10 AM,DIWALI23SUPER,256.25,1736.6,1480.35
ORD002664,CUST00668,2023-08-28,8,3,2023-08-31,App,Jaipur,Delivered,COD,Afternoon 10-2 PM,,0.0,372.83,372.83
ORD002665,CUST00668,2023-12-12,12,4,2023-12-14,Web,Jaipur,Delivered,COD,Morning 6-10 AM,,0.0,937.93,937.93
ORD002666,CUST00668,2023-12-31,12,4,2024-01-01,App,Jaipur,Delivered,COD,Afternoon 10-2 PM,,0.0,779.67,779.67
ORD002667,CUST00668,2023-02-22,2,1,2023-02-25,App,Jaipur,Delivered,COD,Evening 4-8 PM,,0.0,861.48,861.48
ORD002668,CUST00668,2023-09-07,9,3,2023-09-09,Web,Jaipur,Delivered,UPI,Morning 6-10 AM,,0.0,628.33,628.33
ORD002669,CUST00668,2023-11-04,11,4,2023-11-07,App,Jaipur,Delivered,UPI,Late Night 8-11 PM,,0.0,398.05,398.05
ORD002670,CUST00669,2023-05-27,5,2,2023-05-28,App,Jaipur,Delivered,UPI,Morning 6-10 AM,,0.0,300.13,300.13
ORD002671,CUST00669,2023-06-27,6,2,2023-06-28,App,Jaipur,Delivered,Debit Card,Morning 6-10 AM,,0.0,2219.82,2219.82
ORD002672,CUST00669,2023-12-22,12,4,,App,Jaipur,Cancelled,COD,Afternoon 10-2 PM,,0.0,873.07,0.0
ORD002673,CUST00669,2023-03-21,3,1,2023-03-23,App,Jaipur,Delivered,Debit Card,Morning 6-10 AM,,0.0,2029.79,2029.79
ORD002674,CUST00669,2023-10-08,10,4,2023-10-11,App,Jaipur,Delivered,Wallet,Late Night 8-11 PM,,0.0,792.01,792.01
ORD002675,CUST00669,2023-11-23,11,4,2023-11-26,Kiosk,Jaipur,Delivered,UPI,Evening 4-8 PM,,0.0,1198.58,1198.58
ORD002676,CUST00669,2023-01-02,1,1,2023-01-03,Web,Jaipur,Delivered,UPI,Evening 4-8 PM,,0.0,1466.34,1466.34
ORD002677,CUST00670,2023-05-03,5,2,2023-05-04,App,Bengaluru,Delivered,Credit Card,Evening 4-8 PM,,0.0,581.97,581.97
ORD002678,CUST00674,2023-09-18,9,3,2023-09-19,Web,Delhi,Delivered,Wallet,Morning 6-10 AM,,0.0,326.31,326.31
ORD002679,CUST00675,2023-07-03,7,3,2023-07-05,Web,Bengaluru,Delivered,UPI,Afternoon 10-2 PM,,0.0,913.23,913.23
ORD002680,CUST00675,2023-01-26,1,1,2023-01-27,App,Bengaluru,Delivered,UPI,Afternoon 10-2 PM,,0.0,922.49,922.49
ORD002681,CUST00675,2023-05-27,5,2,2023-05-30,App,Bengaluru,Delivered,UPI,Afternoon 10-2 PM,,0.0,1056.09,1056.09
ORD002682,CUST00675,2023-11-11,11,4,2023-11-13,Web,Bengaluru,Delivered,COD,Morning 6-10 AM,DIWALI23SUPER,247.65,1403.15,1155.5
ORD002683,CUST00675,2023-01-30,1,1,2023-02-01,App,Bengaluru,Delivered,Credit Card,Afternoon 10-2 PM,,0.0,1849.04,1849.04
ORD002684,CUST00675,2023-01-20,1,1,2023-01-22,Kiosk,Bengaluru,Delivered,UPI,Afternoon 10-2 PM,,0.0,249.11,249.11
ORD002685,CUST00675,2023-01-28,1,1,2023-01-29,App,Bengaluru,Delivered,COD,Morning 6-10 AM,,0.0,592.03,592.03
ORD002686,CUST00675,2023-03-06,3,1,2023-03-08,Web,Bengaluru,Delivered,Wallet,Late Night 8-11 PM,,0.0,2125.69,2125.69
ORD002687,CUST00675,2023-05-21,5,2,2023-05-24,Web,Bengaluru,Delivered,Wallet,Evening 4-8 PM,,0.0,804.84,804.84
ORD002688,CUST00675,2023-06-10,6,2,2023-06-13,App,Bengaluru,Delivered,Credit Card,Afternoon 10-2 PM,,0.0,1852.66,1852.66
ORD002689,CUST00676,2023-12-04,12,4,2023-12-07,App,Mumbai,Delivered,Credit Card,Late Night 8-11 PM,,0.0,978.13,978.13
ORD002690,CUST00676,2023-09-16,9,3,2023-09-17,App,Mumbai,Delivered,Wallet,Evening 4-8 PM,,0.0,1072.02,1072.02
ORD002691,CUST00676,2023-04-19,4,2,2023-04-22,Kiosk,Mumbai,Delivered,UPI,Afternoon 10-2 PM,,0.0,568.34,568.34
ORD002692,CUST00679,2023-02-19,2,1,2023-02-20,App,Mumbai,Delivered,Credit Card,Morning 6-10 AM,,0.0,346.95,346.95
ORD002693,CUST00680,2023-12-06,12,4,2023-12-07,Web,Hyderabad,Delivered,UPI,Afternoon 10-2 PM,,0.0,1261.9,1261.9
ORD002694,CUST00680,2023-11-25,11,4,2023-11-27,Web,Hyderabad,Returned,UPI,Morning 6-10 AM,BIGSALE23,140.23,1034.4,0.0
ORD002695,CUST00680,2023-03-02,3,1,2023-03-04,App,Hyderabad,Delivered,Credit Card,Late Night 8-11 PM,,0.0,511.3,511.3
ORD002696,CUST00680,2023-02-10,2,1,2023-02-11,Web,Hyderabad,Delivered,UPI,Evening 4-8 PM,,0.0,3558.96,3558.96
ORD002697,CUST00680,2023-03-25,3,1,2023-03-26,App,Hyderabad,Delivered,Credit Card,Morning 6-10 AM,,0.0,1604.51,1604.51
ORD002698,CUST00680,2023-06-04,6,2,2023-06-07,App,Hyderabad,Delivered,UPI,Morning 6-10 AM,,0.0,1489.54,1489.54
ORD002699,CUST00680,2023-12-12,12,4,2023-12-14,Web,Hyderabad,Delivered,UPI,Late Night 8-11 PM,,0.0,1303.88,1303.88
ORD002700,CUST00680,2023-11-21,11,4,2023-11-23,App,Hyderabad,Delivered,Credit Card,Afternoon 10-2 PM,,0.0,1350.75,1350.75
ORD002701,CUST00680,2023-06-18,6,2,2023-06-21,Web,Hyderabad,Delivered,UPI,Late Night 8-11 PM,,0.0,429.98,429.98
ORD002702,CUST00680,2023-10-10,10,4,2023-10-12,App,Hyderabad,Delivered,UPI,Evening 4-8 PM,,0.0,2455.92,2455.92
ORD002703,CUST00680,2023-07-18,7,3,2023-07-19,Web,Hyderabad,Delivered,UPI,Evening 4-8 PM,,0.0,1233.35,1233.35
ORD002704,CUST00680,2023-05-06,5,2,,Web,Hyderabad,Cancelled,COD,Morning 6-10 AM,,0.0,1199.43,0.0
ORD002705,CUST00680,2023-06-08,6,2,2023-06-10,App,Hyderabad,Delivered,Wallet,Evening 4-8 PM,,0.0,1301.13,1301.13
ORD002706,CUST00680,2023-01-24,1,1,2023-01-26,Web,Hyderabad,Delivered,Wallet,Late Night 8-11 PM,,0.0,2031.63,2031.63
ORD002707,CUST00680,2023-12-05,12,4,2023-12-08,App,Hyderabad,Delivered,UPI,Afternoon 10-2 PM,,0.0,388.9,388.9
ORD002708,CUST00681,2023-10-17,10,4,,App,Bengaluru,Cancelled,Credit Card,Morning 6-10 AM,,0.0,486.28,0.0
ORD002709,CUST00681,2023-03-26,3,1,2023-03-29,App,Bengaluru,Delivered,UPI,Evening 4-8 PM,,0.0,87.41,87.41
ORD002710,CUST00683,2023-11-07,11,4,2023-11-09,Web,Mumbai,Returned,UPI,Morning 6-10 AM,,0.0,693.57,56.62
ORD002711,CUST00683,2023-11-12,11,4,2023-11-13,App,Mumbai,Returned,Wallet,Afternoon 10-2 PM,,0.0,1729.98,621.47
ORD002712,CUST00683,2023-10-09,10,4,2023-10-11,Web,Mumbai,Delivered,Debit Card,Late Night 8-11 PM,,0.0,1204.22,1204.22
ORD002713,CUST00683,2023-06-05,6,2,2023-06-06,App,Mumbai,Delivered,UPI,Afternoon 10-2 PM,,0.0,343.81,343.81
ORD002714,CUST00683,2023-12-20,12,4,2023-12-23,App,Mumbai,Delivered,UPI,Evening 4-8 PM,,0.0,2366.72,2366.72
ORD002715,CUST00683,2023-11-19,11,4,2023-11-21,Kiosk,Mumbai,Returned,UPI,Evening 4-8 PM,,0.0,1185.28,23.72
ORD002716,CUST00683,2023-06-13,6,2,2023-06-16,App,Mumbai,Delivered,UPI,Late Night 8-11 PM,,0.0,2670.35,2670.35
ORD002717,CUST00683,2023-12-08,12,4,2023-12-11,App,Mumbai,Delivered,UPI,Evening 4-8 PM,,0.0,415.92,415.92
ORD002718,CUST00683,2023-12-07,12,4,,Web,Mumbai,Cancelled,Credit Card,Morning 6-10 AM,,0.0,420.88,0.0
ORD002719,CUST00683,2023-06-29,6,2,2023-07-02,Web,Mumbai,Delivered,Debit Card,Evening 4-8 PM,,0.0,2060.55,2060.55
ORD002720,CUST00683,2023-05-06,5,2,,App,Mumbai,Cancelled,UPI,Evening 4-8 PM,,0.0,2553.07,0.0
ORD002721,CUST00683,2023-09-23,9,3,2023-09-24,App,Mumbai,Delivered,Wallet,Late Night 8-11 PM,,0.0,798.08,798.08
ORD002722,CUST00684,2023-11-08,11,4,2023-11-10,Web,Hyderabad,Delivered,UPI,Late Night 8-11 PM,,0.0,669.68,669.68
ORD002723,CUST00684,2023-09-17,9,3,2023-09-18,App,Hyderabad,Delivered,Credit Card,Evening 4-8 PM,,0.0,686.09,686.09
ORD002724,CUST00684,2023-09-14,9,3,2023-09-16,App,Hyderabad,Delivered,UPI,Afternoon 10-2 PM,,0.0,1838.77,1838.77
ORD002725,CUST00684,2023-08-20,8,3,,App,Hyderabad,Cancelled,UPI,Morning 6-10 AM,,0.0,727.14,0.0
ORD002726,CUST00684,2023-08-12,8,3,2023-08-13,App,Hyderabad,Delivered,Credit Card,Late Night 8-11 PM,FREEDOM23,117.98,1065.8,947.82
ORD002727,CUST00684,2023-09-15,9,3,2023-09-16,App,Hyderabad,Delivered,UPI,Morning 6-10 AM,,0.0,1604.76,1604.76
ORD002728,CUST00685,2023-04-27,4,2,,Web,Ahmedabad,Cancelled,Debit Card,Morning 6-10 AM,,0.0,461.41,0.0
ORD002729,CUST00688,2023-10-08,10,4,2023-10-09,App,Ahmedabad,Delivered,UPI,Morning 6-10 AM,,0.0,2169.8,2169.8
ORD002730,CUST00696,2023-11-25,11,4,2023-11-26,App,Bengaluru,Returned,Debit Card,Afternoon 10-2 PM,,0.0,1471.46,867.13
ORD002731,CUST00696,2023-03-17,3,1,2023-03-19,App,Bengaluru,Delivered,UPI,Afternoon 10-2 PM,,0.0,542.64,542.64
ORD002732,CUST00696,2023-02-08,2,1,2023-02-09,Web,Bengaluru,Delivered,COD,Morning 6-10 AM,,0.0,1030.18,1030.18
ORD002733,CUST00696,2023-11-22,11,4,2023-11-24,Web,Bengaluru,Delivered,UPI,Afternoon 10-2 PM,BIGSALE23,99.97,1611.55,1511.58
ORD002734,CUST00701,2023-11-19,11,4,2023-11-22,App,Mumbai,Delivered,Credit Card,Evening 4-8 PM,,0.0,270.32,270.32
ORD002735,CUST00701,2023-04-05,4,2,2023-04-08,App,Mumbai,Delivered,UPI,Afternoon 10-2 PM,,0.0,8918.32,8918.32
ORD002736,CUST00701,2023-07-12,7,3,2023-07-14,App,Mumbai,Delivered,Credit Card,Evening 4-8 PM,,0.0,2499.91,2499.91
ORD002737,CUST00701,2023-10-06,10,4,2023-10-08,App,Mumbai,Delivered,UPI,Evening 4-8 PM,,0.0,1616.73,1616.73
ORD002738,CUST00701,2023-10-21,10,4,2023-10-24,Web,Mumbai,Delivered,Debit Card,Late Night 8-11 PM,,0.0,298.68,298.68
ORD002739,CUST00702,2023-09-15,9,3,2023-09-17,App,Bengaluru,Delivered,Debit Card,Afternoon 10-2 PM,,0.0,2291.34,2291.34
ORD002740,CUST00702,2023-10-03,10,4,2023-10-06,App,Bengaluru,Delivered,Credit Card,Afternoon 10-2 PM,,0.0,2093.12,2093.12
ORD002741,CUST00702,2023-08-26,8,3,2023-08-27,App,Bengaluru,Delivered,Debit Card,Evening 4-8 PM,,0.0,1132.2,1132.2
ORD002742,CUST00702,2023-06-12,6,2,2023-06-14,Web,Bengaluru,Delivered,Credit Card,Morning 6-10 AM,,0.0,1305.26,1305.26
ORD002743,CUST00702,2023-05-01,5,2,2023-05-02,App,Bengaluru,Delivered,UPI,Afternoon 10-2 PM,,0.0,1715.87,1715.87
ORD002744,CUST00702,2023-12-07,12,4,2023-12-08,App,Bengaluru,Delivered,Credit Card,Afternoon 10-2 PM,,0.0,462.6,462.6
ORD002745,CUST00702,2023-08-17,8,3,2023-08-18,Web,Bengaluru,Delivered,COD,Afternoon 10-2 PM,,0.0,1104.89,1104.89
ORD002746,CUST00702,2023-07-04,7,3,2023-07-05,Kiosk,Bengaluru,Returned,Wallet,Late Night 8-11 PM,,0.0,1282.01,234.22
ORD002747,CUST00702,2023-04-22,4,2,2023-04-25,App,Bengaluru,Delivered,Debit Card,Evening 4-8 PM,,0.0,2454.25,2454.25
ORD002748,CUST00702,2023-09-18,9,3,2023-09-19,App,Bengaluru,Delivered,UPI,Evening 4-8 PM,,0.0,1235.06,1235.06
ORD002749,CUST00703,2023-10-29,10,4,2023-11-01,App,Delhi,Delivered,Debit Card,Evening 4-8 PM,,0.0,1217.83,1217.83
ORD002750,CUST00703,2023-04-22,4,2,,App,Delhi,Cancelled,UPI,Evening 4-8 PM,,0.0,1369.13,0.0
ORD002751,CUST00703,2023-11-03,11,4,2023-11-04,Web,Delhi,Delivered,COD,Evening 4-8 PM,,0.0,1725.29,1725.29
ORD002752,CUST00703,2023-08-02,8,3,2023-08-04,Web,Delhi,Delivered,Credit Card,Morning 6-10 AM,,0.0,4192.34,4192.34
ORD002753,CUST00703,2023-05-31,5,2,2023-06-03,App,Delhi,Delivered,Credit Card,Evening 4-8 PM,,0.0,4975.94,4975.94
ORD002754,CUST00703,2023-05-27,5,2,2023-05-28,App,Delhi,Delivered,UPI,Evening 4-8 PM,,0.0,307.43,307.43
ORD002755,CUST00703,2023-05-31,5,2,2023-06-02,Web,Delhi,Delivered,COD,Afternoon 10-2 PM,,0.0,2345.87,2345.87
ORD002756,CUST00703,2023-05-09,5,2,2023-05-11,Kiosk,Delhi,Delivered,Credit Card,Evening 4-8 PM,,0.0,1727.62,1727.62
ORD002757,CUST00703,2023-04-02,4,2,2023-04-03,App,Delhi,Delivered,UPI,Afternoon 10-2 PM,,0.0,926.37,926.37
ORD002758,CUST00703,2023-05-07,5,2,2023-05-08,App,Delhi,Delivered,COD,Afternoon 10-2 PM,,0.0,1958.85,1958.85
ORD002759,CUST00703,2023-12-13,12,4,,App,Delhi,Cancelled,Credit Card,Afternoon 10-2 PM,,0.0,2278.39,0.0
ORD002760,CUST00703,2023-06-20,6,2,,App,Delhi,Cancelled,Credit Card,Evening 4-8 PM,,0.0,1418.89,0.0
ORD002761,CUST00703,2023-11-08,11,4,2023-11-11,Web,Delhi,Delivered,UPI,Morning 6-10 AM,,0.0,1897.66,1897.66
ORD002762,CUST00703,2023-10-26,10,4,2023-10-29,App,Delhi,Delivered,UPI,Late Night 8-11 PM,,0.0,2056.21,2056.21
ORD002763,CUST00703,2023-02-16,2,1,2023-02-17,App,Delhi,Delivered,Wallet,Afternoon 10-2 PM,,0.0,2896.45,2896.45
ORD002764,CUST00703,2023-05-23,5,2,2023-05-24,Kiosk,Delhi,Delivered,UPI,Morning 6-10 AM,,0.0,1118.01,1118.01
ORD002765,CUST00703,2023-05-07,5,2,2023-05-09,Kiosk,Delhi,Delivered,UPI,Afternoon 10-2 PM,,0.0,397.59,397.59
ORD002766,CUST00703,2023-11-14,11,4,2023-11-17,Web,Delhi,Delivered,UPI,Morning 6-10 AM,DIWALI23SUPER,840.56,5146.24,4305.68
ORD002767,CUST00705,2023-09-18,9,3,2023-09-19,App,Mumbai,Delivered,UPI,Morning 6-10 AM,,0.0,3277.57,3277.57
ORD002768,CUST00705,2023-01-01,1,1,,App,Mumbai,Cancelled,UPI,Morning 6-10 AM,NY2023,0.0,600.2,0.0
ORD002769,CUST00705,2023-07-21,7,3,2023-07-23,App,Mumbai,Delivered,COD,Evening 4-8 PM,,0.0,514.84,514.84
ORD002770,CUST00705,2023-09-17,9,3,2023-09-18,Web,Mumbai,Delivered,UPI,Morning 6-10 AM,,0.0,5389.86,5389.86
ORD002771,CUST00705,2023-05-22,5,2,2023-05-23,App,Mumbai,Delivered,Debit Card,Morning 6-10 AM,,0.0,2642.02,2642.02
ORD002772,CUST00705,2023-10-20,10,4,2023-10-21,App,Mumbai,Delivered,Wallet,Evening 4-8 PM,DUSSEHRA23,99.23,1089.35,990.12
ORD002773,CUST00705,2023-11-03,11,4,2023-11-04,Web,Mumbai,Returned,Credit Card,Afternoon 10-2 PM,,0.0,348.0,119.0
ORD002774,CUST00705,2023-02-13,2,1,2023-02-15,App,Mumbai,Delivered,Debit Card,Morning 6-10 AM,LOVEFEB,94.47,1597.19,1502.72
ORD002775,CUST00705,2023-05-16,5,2,2023-05-17,Web,Mumbai,Delivered,Debit Card,Afternoon 10-2 PM,,0.0,685.25,685.25
ORD002776,CUST00705,2023-11-28,11,4,2023-11-29,App,Mumbai,Delivered,Credit Card,Late Night 8-11 PM,,0.0,2064.18,2064.18
ORD002777,CUST00705,2023-10-18,10,4,2023-10-19,Kiosk,Mumbai,Delivered,Debit Card,Evening 4-8 PM,,0.0,1154.41,1154.41
ORD002778,CUST00705,2023-06-12,6,2,2023-06-13,App,Mumbai,Delivered,COD,Afternoon 10-2 PM,,0.0,3002.27,3002.27
ORD002779,CUST00705,2023-11-08,11,4,2023-11-11,App,Mumbai,Delivered,Credit Card,Morning 6-10 AM,,0.0,516.92,516.92
ORD002780,CUST00705,2023-04-19,4,2,2023-04-22,App,Mumbai,Delivered,UPI,Morning 6-10 AM,,0.0,1197.14,1197.14
ORD002781,CUST00705,2023-12-02,12,4,2023-12-04,App,Mumbai,Returned,UPI,Afternoon 10-2 PM,,0.0,815.11,248.56
ORD002782,CUST00705,2023-07-24,7,3,2023-07-25,Web,Mumbai,Delivered,UPI,Afternoon 10-2 PM,,0.0,880.63,880.63
ORD002783,CUST00706,2023-08-30,8,3,2023-09-02,Kiosk,Delhi,Delivered,COD,Morning 6-10 AM,,0.0,1008.03,1008.03
ORD002784,CUST00706,2023-06-17,6,2,2023-06-18,App,Delhi,Delivered,UPI,Morning 6-10 AM,,0.0,769.44,769.44
ORD002785,CUST00708,2023-06-30,6,2,2023-07-02,Web,Mumbai,Delivered,Credit Card,Afternoon 10-2 PM,,0.0,793.52,793.52
ORD002786,CUST00710,2023-07-01,7,3,2023-07-04,Web,Pune,Delivered,Debit Card,Evening 4-8 PM,,0.0,305.86,305.86
ORD002787,CUST00711,2023-01-15,1,1,,App,Delhi,Cancelled,Debit Card,Evening 4-8 PM,,0.0,51.25,0.0
ORD002788,CUST00712,2023-08-08,8,3,2023-08-09,App,Bengaluru,Delivered,Credit Card,Morning 6-10 AM,,0.0,1529.46,1529.46
ORD002789,CUST00712,2023-05-29,5,2,2023-05-30,App,Bengaluru,Delivered,COD,Morning 6-10 AM,,0.0,797.43,797.43
ORD002790,CUST00712,2023-11-03,11,4,2023-11-06,App,Bengaluru,Delivered,UPI,Evening 4-8 PM,,0.0,822.15,822.15
ORD002791,CUST00712,2023-12-04,12,4,2023-12-05,App,Bengaluru,Delivered,UPI,Late Night 8-11 PM,,0.0,2422.19,2422.19
ORD002792,CUST00712,2023-03-12,3,1,2023-03-13,Web,Bengaluru,Delivered,UPI,Late Night 8-11 PM,,0.0,2035.33,2035.33
ORD002793,CUST00712,2023-07-21,7,3,2023-07-22,App,Bengaluru,Delivered,UPI,Morning 6-10 AM,,0.0,1086.91,1086.91
ORD002794,CUST00712,2023-09-24,9,3,2023-09-26,Kiosk,Bengaluru,Delivered,Credit Card,Afternoon 10-2 PM,,0.0,2345.91,2345.91
ORD002795,CUST00712,2023-05-13,5,2,2023-05-14,Web,Bengaluru,Delivered,UPI,Morning 6-10 AM,,0.0,1840.49,1840.49
ORD002796,CUST00712,2023-01-02,1,1,2023-01-04,App,Bengaluru,Delivered,Debit Card,Morning 6-10 AM,,0.0,3959.74,3959.74
ORD002797,CUST00712,2023-04-22,4,2,2023-04-25,App,Bengaluru,Delivered,UPI,Morning 6-10 AM,,0.0,2412.52,2412.52
ORD002798,CUST00712,2023-04-29,4,2,2023-04-30,App,Bengaluru,Delivered,Credit Card,,,0.0,496.84,496.84
ORD002799,CUST00712,2023-10-09,10,4,2023-10-10,App,Bengaluru,Delivered,Credit Card,Late Night 8-11 PM,,0.0,2068.48,2068.48
ORD002800,CUST00712,2023-10-06,10,4,2023-10-07,Web,Bengaluru,Delivered,Debit Card,,,0.0,2616.24,2616.24
ORD002801,CUST00712,2023-01-01,1,1,2023-01-03,App,Bengaluru,Delivered,UPI,Morning 6-10 AM,NY2023,66.38,620.51,554.13
ORD002802,CUST00712,2023-03-05,3,1,2023-03-07,Web,Bengaluru,Delivered,Credit Card,Afternoon 10-2 PM,,0.0,2224.84,2224.84
ORD002803,CUST00713,2023-08-08,8,3,2023-08-09,App,Bengaluru,Delivered,Credit Card,Evening 4-8 PM,,0.0,3888.18,3888.18
ORD002804,CUST00713,2023-01-03,1,1,2023-01-06,App,Bengaluru,Delivered,UPI,Morning 6-10 AM,,0.0,2024.77,2024.77
ORD002805,CUST00713,2023-03-31,3,1,2023-04-01,App,Bengaluru,Delivered,Credit Card,Morning 6-10 AM,,0.0,902.16,902.16
ORD002806,CUST00713,2023-10-25,10,4,2023-10-28,App,Bengaluru,Delivered,Credit Card,Morning 6-10 AM,,0.0,1236.17,1236.17
ORD002807,CUST00713,2023-05-21,5,2,2023-05-22,App,Bengaluru,Delivered,UPI,Morning 6-10 AM,,0.0,2316.0,2316.0
ORD002808,CUST00714,2023-01-26,1,1,2023-01-29,App,Hyderabad,Delivered,Debit Card,Morning 6-10 AM,,0.0,207.69,207.69
ORD002809,CUST00714,2023-01-06,1,1,2023-01-08,App,Hyderabad,Delivered,UPI,Evening 4-8 PM,,0.0,749.01,749.01
ORD002810,CUST00714,2023-11-03,11,4,2023-11-06,Web,Hyderabad,Delivered,COD,Evening 4-8 PM,,0.0,774.31,774.31
ORD002811,CUST00714,2023-05-07,5,2,2023-05-08,App,Hyderabad,Delivered,COD,Evening 4-8 PM,,0.0,902.0,902.0
ORD002812,CUST00717,2023-04-29,4,2,2023-05-01,App,Mumbai,Delivered,UPI,Morning 6-10 AM,,0.0,240.66,240.66
ORD002813,CUST00717,2023-11-25,11,4,2023-11-27,App,Mumbai,Delivered,Debit Card,Morning 6-10 AM,BIGSALE23,90.73,541.63,450.9
ORD002814,CUST00717,2023-10-05,10,4,2023-10-08,App,Mumbai,Delivered,UPI,Afternoon 10-2 PM,,0.0,1075.98,1075.98
ORD002815,CUST00717,2023-01-26,1,1,2023-01-29,App,Mumbai,Delivered,UPI,Evening 4-8 PM,,0.0,97.86,97.86
ORD002816,CUST00717,2023-01-24,1,1,2023-01-27,App,Mumbai,Delivered,Credit Card,Afternoon 10-2 PM,,0.0,930.57,930.57
ORD002817,CUST00717,2023-05-24,5,2,2023-05-25,App,Mumbai,Delivered,UPI,Afternoon 10-2 PM,,0.0,450.32,450.32
ORD002818,CUST00718,2023-05-01,5,2,2023-05-04,Web,Jaipur,Delivered,Credit Card,Afternoon 10-2 PM,,0.0,1166.46,1166.46
ORD002819,CUST00718,2023-06-26,6,2,2023-06-28,Web,Jaipur,Returned,Debit Card,Evening 4-8 PM,,0.0,1214.94,21.2
ORD002820,CUST00718,2023-09-17,9,3,2023-09-19,Web,Jaipur,Returned,UPI,Morning 6-10 AM,,0.0,888.66,33.53
ORD002821,CUST00718,2023-10-04,10,4,2023-10-07,App,Jaipur,Delivered,Credit Card,Morning 6-10 AM,,0.0,136.11,136.11
ORD002822,CUST00720,2023-04-05,4,2,2023-04-08,Web,Pune,Delivered,Credit Card,Evening 4-8 PM,,0.0,687.97,687.97
ORD002823,CUST00720,2023-11-01,11,4,2023-11-04,App,Pune,Delivered,Credit Card,Evening 4-8 PM,,0.0,59.4,59.4
ORD002824,CUST00723,2023-12-02,12,4,2023-12-03,App,Delhi,Returned,Wallet,Evening 4-8 PM,,0.0,3269.86,340.44
ORD002825,CUST00723,2023-04-29,4,2,2023-04-30,App,Delhi,Delivered,COD,Late Night 8-11 PM,,0.0,1538.68,1538.68
ORD002826,CUST00723,2023-11-17,11,4,2023-11-18,App,Delhi,Delivered,UPI,Late Night 8-11 PM,,0.0,176.89,176.89
ORD002827,CUST00723,2023-07-10,7,3,2023-07-11,Kiosk,Delhi,Delivered,Wallet,Evening 4-8 PM,,0.0,331.57,331.57
ORD002828,CUST00723,2023-11-29,11,4,,App,Delhi,Cancelled,Credit Card,Afternoon 10-2 PM,,0.0,1694.47,0.0
ORD002829,CUST00723,2023-06-05,6,2,2023-06-08,Web,Delhi,Delivered,UPI,Evening 4-8 PM,,0.0,2030.56,2030.56
ORD002830,CUST00723,2023-11-14,11,4,2023-11-16,App,Delhi,Delivered,Credit Card,Evening 4-8 PM,,0.0,396.85,396.85
ORD002831,CUST00723,2023-06-16,6,2,2023-06-18,App,Delhi,Delivered,Credit Card,Morning 6-10 AM,,0.0,1600.68,1600.68
ORD002832,CUST00723,2023-06-06,6,2,2023-06-07,App,Delhi,Delivered,UPI,Evening 4-8 PM,,0.0,1790.99,1790.99
ORD002833,CUST00723,2023-01-01,1,1,2023-01-02,App,Delhi,Delivered,UPI,Morning 6-10 AM,NY2023,16.12,306.92,290.8
ORD002834,CUST00723,2023-10-12,10,4,2023-10-14,App,Delhi,Delivered,UPI,Morning 6-10 AM,,0.0,1202.71,1202.71
ORD002835,CUST00723,2023-10-19,10,4,2023-10-20,App,Delhi,Delivered,Debit Card,Evening 4-8 PM,,0.0,3351.34,3351.34
ORD002836,CUST00723,2023-11-25,11,4,2023-11-26,App,Delhi,Delivered,Debit Card,Evening 4-8 PM,BIGSALE23,46.12,533.32,487.2
ORD002837,CUST00723,2023-06-27,6,2,,App,Delhi,Cancelled,Credit Card,Late Night 8-11 PM,,0.0,953.69,0.0
ORD002838,CUST00724,2023-11-25,11,4,2023-11-27,App,Delhi,Delivered,Credit Card,Morning 6-10 AM,,0.0,798.9,798.9
ORD002839,CUST00724,2023-11-12,11,4,2023-11-14,App,Delhi,Delivered,Credit Card,Morning 6-10 AM,,0.0,428.19,428.19
ORD002840,CUST00724,2023-07-25,7,3,2023-07-26,App,Delhi,Delivered,Credit Card,Morning 6-10 AM,,0.0,1534.09,1534.09
ORD002841,CUST00724,2023-02-13,2,1,,App,Delhi,Cancelled,Debit Card,Afternoon 10-2 PM,,0.0,1482.01,0.0
ORD002842,CUST00724,2023-12-25,12,4,2023-12-28,App,Delhi,Delivered,UPI,Morning 6-10 AM,,0.0,499.71,499.71
ORD002843,CUST00724,2023-08-09,8,3,,App,Delhi,Cancelled,UPI,Afternoon 10-2 PM,,0.0,1035.93,0.0
ORD002844,CUST00724,2023-02-23,2,1,2023-02-26,App,Delhi,Delivered,UPI,Evening 4-8 PM,,0.0,1886.56,1886.56
ORD002845,CUST00724,2023-01-14,1,1,2023-01-17,App,Delhi,Delivered,Debit Card,Morning 6-10 AM,,0.0,2319.42,2319.42
ORD002846,CUST00724,2023-04-11,4,2,2023-04-14,App,Delhi,Delivered,UPI,Evening 4-8 PM,,0.0,600.01,600.01
ORD002847,CUST00724,2023-06-20,6,2,2023-06-21,App,Delhi,Delivered,UPI,Late Night 8-11 PM,,0.0,1135.58,1135.58
ORD002848,CUST00724,2023-03-17,3,1,,App,Delhi,Cancelled,Credit Card,Evening 4-8 PM,,0.0,1164.41,0.0
ORD002849,CUST00726,2023-11-18,11,4,2023-11-21,Web,Hyderabad,Delivered,Credit Card,Afternoon 10-2 PM,,0.0,1290.82,1290.82
ORD002850,CUST00726,2023-12-10,12,4,2023-12-11,App,Hyderabad,Delivered,Credit Card,Morning 6-10 AM,,0.0,2079.2,2079.2
ORD002851,CUST00726,2023-09-09,9,3,2023-09-12,App,Hyderabad,Delivered,Credit Card,Afternoon 10-2 PM,,0.0,1841.69,1841.69
ORD002852,CUST00726,2023-03-30,3,1,2023-04-02,Web,Hyderabad,Delivered,Credit Card,Morning 6-10 AM,,0.0,991.12,991.12
ORD002853,CUST00726,2023-11-29,11,4,2023-11-30,Web,Hyderabad,Delivered,Credit Card,Morning 6-10 AM,,0.0,1152.15,1152.15
ORD002854,CUST00726,2023-10-07,10,4,2023-10-09,Kiosk,Hyderabad,Delivered,COD,Morning 6-10 AM,,0.0,1083.86,1083.86
ORD002855,CUST00726,2023-01-10,1,1,2023-01-12,Web,Hyderabad,Delivered,Wallet,Evening 4-8 PM,,0.0,934.62,934.62
ORD002856,CUST00726,2023-07-30,7,3,2023-08-01,App,Hyderabad,Delivered,UPI,Morning 6-10 AM,,0.0,97.13,97.13
ORD002857,CUST00726,2023-08-14,8,3,2023-08-17,Kiosk,Hyderabad,Delivered,UPI,Afternoon 10-2 PM,FREEDOM23,147.49,1176.41,1028.92
ORD002858,CUST00727,2023-12-04,12,4,2023-12-07,App,Bengaluru,Delivered,COD,Late Night 8-11 PM,,0.0,587.87,587.87
ORD002859,CUST00727,2023-06-03,6,2,2023-06-04,App,Bengaluru,Delivered,UPI,Evening 4-8 PM,,0.0,2056.43,2056.43
ORD002860,CUST00727,2023-08-04,8,3,2023-08-07,App,Bengaluru,Delivered,COD,Afternoon 10-2 PM,,0.0,2297.62,2297.62
ORD002861,CUST00727,2023-04-22,4,2,2023-04-24,Kiosk,Bengaluru,Delivered,Debit Card,Evening 4-8 PM,,0.0,730.9,730.9
ORD002862,CUST00727,2023-09-06,9,3,,App,Bengaluru,Cancelled,UPI,Morning 6-10 AM,,0.0,1856.27,0.0
ORD002863,CUST00727,2023-05-04,5,2,2023-05-06,Kiosk,Bengaluru,Delivered,UPI,Afternoon 10-2 PM,,0.0,1109.39,1109.39
ORD002864,CUST00727,2023-02-03,2,1,2023-02-06,App,Bengaluru,Delivered,UPI,Morning 6-10 AM,,0.0,770.27,770.27
ORD002865,CUST00727,2023-04-30,4,2,2023-05-01,App,Bengaluru,Delivered,Debit Card,Evening 4-8 PM,,0.0,2053.59,2053.59
ORD002866,CUST00727,2023-02-22,2,1,2023-02-23,Kiosk,Bengaluru,Delivered,Credit Card,Evening 4-8 PM,,0.0,1367.31,1367.31
ORD002867,CUST00728,2023-04-16,4,2,2023-04-17,App,Bengaluru,Delivered,UPI,Morning 6-10 AM,,0.0,2266.25,2266.25
ORD002868,CUST00728,2023-08-18,8,3,2023-08-19,App,Bengaluru,Delivered,UPI,Morning 6-10 AM,,0.0,571.85,571.85
ORD002869,CUST00728,2023-08-11,8,3,2023-08-12,App,Bengaluru,Delivered,Debit Card,Late Night 8-11 PM,,0.0,1699.32,1699.32
ORD002870,CUST00728,2023-02-12,2,1,2023-02-13,Kiosk,Bengaluru,Delivered,COD,Morning 6-10 AM,LOVEFEB,33.91,308.12,274.21
ORD002871,CUST00728,2023-11-26,11,4,2023-11-27,App,Bengaluru,Delivered,UPI,Evening 4-8 PM,,0.0,713.76,713.76
ORD002872,CUST00728,2023-05-22,5,2,,Web,Bengaluru,Cancelled,UPI,Evening 4-8 PM,,0.0,1853.45,0.0
ORD002873,CUST00728,2023-08-21,8,3,2023-08-22,Kiosk,Bengaluru,Delivered,Wallet,Evening 4-8 PM,,0.0,252.96,252.96
ORD002874,CUST00728,2023-02-09,2,1,2023-02-12,App,Bengaluru,Delivered,Credit Card,Morning 6-10 AM,,0.0,2335.07,2335.07
ORD002875,CUST00728,2023-10-12,10,4,2023-10-13,App,Bengaluru,Delivered,Debit Card,Evening 4-8 PM,,0.0,1544.4,1544.4
ORD002876,CUST00728,2023-05-02,5,2,2023-05-05,App,Bengaluru,Delivered,UPI,Morning 6-10 AM,,0.0,1367.84,1367.84
ORD002877,CUST00728,2023-08-01,8,3,2023-08-04,Kiosk,Bengaluru,Delivered,Credit Card,Morning 6-10 AM,,0.0,1049.82,1049.82
ORD002878,CUST00728,2023-11-10,11,4,2023-11-13,App,Bengaluru,Delivered,Wallet,Morning 6-10 AM,,0.0,2361.72,2361.72
ORD002879,CUST00728,2023-09-20,9,3,2023-09-22,App,Bengaluru,Returned,Credit Card,Evening 4-8 PM,,0.0,3432.41,532.78
ORD002880,CUST00728,2023-06-22,6,2,2023-06-24,Kiosk,Bengaluru,Returned,COD,Morning 6-10 AM,,0.0,521.5,220.43
ORD002881,CUST00728,2023-02-21,2,1,2023-02-22,App,Bengaluru,Delivered,UPI,Evening 4-8 PM,,0.0,638.84,638.84
ORD002882,CUST00728,2023-11-30,11,4,2023-12-03,App,Bengaluru,Delivered,UPI,Late Night 8-11 PM,,0.0,1572.33,1572.33
ORD002883,CUST00728,2023-12-30,12,4,2024-01-02,App,Bengaluru,Delivered,Credit Card,Afternoon 10-2 PM,,0.0,1413.19,1413.19
ORD002884,CUST00728,2023-07-12,7,3,2023-07-15,App,Bengaluru,Delivered,Credit Card,Morning 6-10 AM,,0.0,600.71,600.71
ORD002885,CUST00728,2023-03-11,3,1,2023-03-12,App,Bengaluru,Delivered,UPI,Late Night 8-11 PM,,0.0,1881.46,1881.46
ORD002886,CUST00729,2023-11-20,11,4,2023-11-21,App,Mumbai,Delivered,UPI,Late Night 8-11 PM,,0.0,725.32,725.32
ORD002887,CUST00738,2023-04-05,4,2,,App,Pune,Cancelled,UPI,Late Night 8-11 PM,,0.0,719.74,0.0
ORD002888,CUST00738,2023-07-17,7,3,2023-07-20,Kiosk,Pune,Delivered,Debit Card,Morning 6-10 AM,,0.0,135.04,135.04
ORD002889,CUST00742,2023-11-03,11,4,,App,Hyderabad,Cancelled,Debit Card,Late Night 8-11 PM,,0.0,808.02,0.0
ORD002890,CUST00743,2023-06-12,6,2,,Kiosk,Bengaluru,Cancelled,UPI,Evening 4-8 PM,,0.0,853.69,0.0
ORD002891,CUST00743,2023-11-12,11,4,2023-11-13,App,Bengaluru,Delivered,Debit Card,Afternoon 10-2 PM,,0.0,30.26,30.26
ORD002892,CUST00743,2023-01-25,1,1,2023-01-26,Web,Bengaluru,Returned,Debit Card,Evening 4-8 PM,,0.0,353.91,106.59
ORD002893,CUST00743,2023-02-08,2,1,2023-02-10,App,Bengaluru,Delivered,COD,Morning 6-10 AM,,0.0,765.53,765.53
ORD002894,CUST00748,2023-07-20,7,3,2023-07-22,Web,Mumbai,Delivered,UPI,Late Night 8-11 PM,,0.0,365.93,365.93
ORD002895,CUST00748,2023-10-01,10,4,2023-10-03,Web,Mumbai,Delivered,UPI,Morning 6-10 AM,,0.0,3086.17,3086.17
ORD002896,CUST00748,2023-04-18,4,2,2023-04-19,Web,Mumbai,Delivered,UPI,Evening 4-8 PM,,0.0,846.56,846.56
ORD002897,CUST00751,2023-10-21,10,4,2023-10-24,Web,Delhi,Delivered,UPI,Morning 6-10 AM,DUSSEHRA23,48.83,797.29,748.46
ORD002898,CUST00751,2023-10-06,10,4,2023-10-09,Kiosk,Delhi,Delivered,Credit Card,Late Night 8-11 PM,,0.0,1920.33,1920.33
ORD002899,CUST00751,2023-12-30,12,4,2024-01-02,App,Delhi,Delivered,Debit Card,Morning 6-10 AM,XMAS23,157.93,1095.37,937.44
ORD002900,CUST00751,2023-03-26,3,1,2023-03-29,App,Delhi,Delivered,UPI,Evening 4-8 PM,,0.0,345.75,345.75
ORD002901,CUST00751,2023-06-01,6,2,2023-06-02,App,Delhi,Delivered,Credit Card,Afternoon 10-2 PM,,0.0,1194.39,1194.39
ORD002902,CUST00751,2023-02-09,2,1,2023-02-10,Web,Delhi,Delivered,UPI,Evening 4-8 PM,,0.0,5250.06,5250.06
ORD002903,CUST00751,2023-10-13,10,4,2023-10-16,App,Delhi,Delivered,Credit Card,Morning 6-10 AM,,0.0,2539.38,2539.38
ORD002904,CUST00751,2023-05-29,5,2,2023-05-31,Web,Delhi,Delivered,Debit Card,Morning 6-10 AM,,0.0,1976.34,1976.34
ORD002905,CUST00751,2023-12-07,12,4,2023-12-08,App,Delhi,Delivered,COD,Morning 6-10 AM,,0.0,1791.13,1791.13
ORD002906,CUST00751,2023-12-25,12,4,2023-12-26,App,Delhi,Returned,UPI,Morning 6-10 AM,,0.0,223.25,25.22
ORD002907,CUST00751,2023-09-03,9,3,2023-09-04,App,Delhi,Delivered,Credit Card,Morning 6-10 AM,,0.0,1864.18,1864.18
ORD002908,CUST00751,2023-08-14,8,3,2023-08-16,App,Delhi,Delivered,UPI,Late Night 8-11 PM,FREEDOM23,6.04,76.64,70.6
ORD002909,CUST00753,2023-06-15,6,2,2023-06-18,Web,Mumbai,Delivered,Wallet,Late Night 8-11 PM,,0.0,1493.68,1493.68
ORD002910,CUST00753,2023-10-20,10,4,2023-10-22,Web,Mumbai,Delivered,UPI,Evening 4-8 PM,DUSSEHRA23,233.93,1756.6,1522.67
ORD002911,CUST00753,2023-08-14,8,3,2023-08-15,Web,Mumbai,Delivered,UPI,Evening 4-8 PM,,0.0,361.96,361.96
ORD002912,CUST00753,2023-11-10,11,4,2023-11-11,App,Mumbai,Delivered,UPI,Afternoon 10-2 PM,DIWALI23SUPER,87.2,489.66,402.46
ORD002913,CUST00753,2023-10-16,10,4,2023-10-17,App,Mumbai,Delivered,Debit Card,Evening 4-8 PM,,0.0,864.56,864.56
ORD002914,CUST00754,2023-10-09,10,4,2023-10-12,App,Delhi,Delivered,Debit Card,Evening 4-8 PM,,0.0,158.55,158.55
ORD002915,CUST00754,2023-06-14,6,2,2023-06-16,App,Delhi,Delivered,Credit Card,Afternoon 10-2 PM,,0.0,3553.26,3553.26
ORD002916,CUST00754,2023-01-06,1,1,2023-01-08,App,Delhi,Returned,UPI,Morning 6-10 AM,,0.0,2604.08,42.98
ORD002917,CUST00754,2023-03-10,3,1,2023-03-11,App,Delhi,Delivered,UPI,Late Night 8-11 PM,,0.0,2262.23,2262.23
ORD002918,CUST00754,2023-12-28,12,4,2023-12-31,Kiosk,Delhi,Delivered,Debit Card,Evening 4-8 PM,XMAS23,188.99,3173.91,2984.92
ORD002919,CUST00754,2023-06-06,6,2,,App,Delhi,Cancelled,COD,Late Night 8-11 PM,,0.0,490.48,0.0
ORD002920,CUST00754,2023-05-18,5,2,2023-05-20,App,Delhi,Delivered,UPI,Morning 6-10 AM,,0.0,314.71,314.71
ORD002921,CUST00755,2023-04-19,4,2,,App,Hyderabad,Cancelled,UPI,Morning 6-10 AM,,0.0,672.51,0.0
ORD002922,CUST00755,2023-03-06,3,1,2023-03-09,App,Hyderabad,Delivered,COD,Late Night 8-11 PM,,0.0,1790.77,1790.77
ORD002923,CUST00755,2023-09-15,9,3,2023-09-18,App,Hyderabad,Delivered,UPI,Late Night 8-11 PM,,0.0,3124.23,3124.23
ORD002924,CUST00755,2023-05-06,5,2,2023-05-09,App,Hyderabad,Delivered,Credit Card,Morning 6-10 AM,,0.0,827.23,827.23
ORD002925,CUST00755,2023-03-19,3,1,2023-03-21,App,Hyderabad,Delivered,Debit Card,Morning 6-10 AM,,0.0,1425.11,1425.11
ORD002926,CUST00755,2023-08-07,8,3,2023-08-10,Web,Hyderabad,Delivered,UPI,Evening 4-8 PM,,0.0,559.28,559.28
ORD002927,CUST00756,2023-04-14,4,2,2023-04-15,App,Ahmedabad,Delivered,UPI,Evening 4-8 PM,,0.0,1100.24,1100.24
ORD002928,CUST00756,2023-12-08,12,4,2023-12-10,Kiosk,Ahmedabad,Delivered,Debit Card,Afternoon 10-2 PM,,0.0,1565.0,1565.0
ORD002929,CUST00756,2023-10-25,10,4,2023-10-28,App,Ahmedabad,Delivered,Debit Card,Afternoon 10-2 PM,,0.0,461.93,461.93
ORD002930,CUST00756,2023-03-01,3,1,2023-03-03,App,Ahmedabad,Returned,UPI,Morning 6-10 AM,,0.0,2430.31,834.42
ORD002931,CUST00756,2023-04-24,4,2,2023-04-25,Kiosk,Ahmedabad,Delivered,UPI,Morning 6-10 AM,,0.0,49.16,49.16
ORD002932,CUST00756,2023-08-27,8,3,2023-08-28,App,Ahmedabad,Delivered,UPI,Afternoon 10-2 PM,,0.0,1151.0,1151.0
ORD002933,CUST00756,2023-11-19,11,4,2023-11-21,App,Ahmedabad,Delivered,UPI,Morning 6-10 AM,,0.0,1437.0,1437.0
ORD002934,CUST00756,2023-12-24,12,4,2023-12-26,App,Ahmedabad,Returned,COD,Afternoon 10-2 PM,,0.0,1051.01,519.88
ORD002935,CUST00756,2023-11-29,11,4,2023-12-01,Web,Ahmedabad,Delivered,Credit Card,Morning 6-10 AM,,0.0,1221.9,1221.9
ORD002936,CUST00756,2023-01-01,1,1,2023-01-02,Web,Ahmedabad,Delivered,Credit Card,Evening 4-8 PM,NY2023,365.98,2586.88,2220.9
ORD002937,CUST00756,2023-07-20,7,3,2023-07-23,App,Ahmedabad,Delivered,Wallet,Afternoon 10-2 PM,,0.0,1971.84,1971.84
ORD002938,CUST00756,2023-10-24,10,4,2023-10-26,Web,Ahmedabad,Delivered,Credit Card,Late Night 8-11 PM,,0.0,382.11,382.11
ORD002939,CUST00756,2023-09-16,9,3,2023-09-19,App,Ahmedabad,Delivered,UPI,Evening 4-8 PM,,0.0,4457.87,4457.87
ORD002940,CUST00756,2023-04-03,4,2,2023-04-06,App,Ahmedabad,Delivered,UPI,Morning 6-10 AM,,0.0,465.32,465.32
ORD002941,CUST00756,2023-04-19,4,2,2023-04-21,App,Ahmedabad,Delivered,Wallet,Evening 4-8 PM,,0.0,938.88,938.88
ORD002942,CUST00757,2023-04-30,4,2,2023-05-01,App,Bengaluru,Delivered,Credit Card,Afternoon 10-2 PM,,0.0,1993.17,1993.17
ORD002943,CUST00757,2023-01-15,1,1,2023-01-16,Kiosk,Bengaluru,Delivered,COD,Evening 4-8 PM,,0.0,1508.71,1508.71
ORD002944,CUST00757,2023-11-29,11,4,2023-11-30,Web,Bengaluru,Delivered,UPI,Late Night 8-11 PM,,0.0,1568.05,1568.05
ORD002945,CUST00757,2023-11-05,11,4,,App,Bengaluru,Cancelled,Credit Card,Evening 4-8 PM,,0.0,3023.92,0.0
ORD002946,CUST00758,2023-05-15,5,2,,App,Bengaluru,Cancelled,Wallet,Evening 4-8 PM,,0.0,708.56,0.0
ORD002947,CUST00758,2023-06-01,6,2,2023-06-03,App,Bengaluru,Returned,UPI,Morning 6-10 AM,,0.0,941.8,537.21
ORD002948,CUST00758,2023-05-14,5,2,2023-05-17,App,Bengaluru,Delivered,Debit Card,Evening 4-8 PM,,0.0,632.46,632.46
ORD002949,CUST00758,2023-02-09,2,1,2023-02-10,Kiosk,Bengaluru,Returned,Credit Card,Evening 4-8 PM,,0.0,2351.73,1775.71
ORD002950,CUST00758,2023-11-27,11,4,2023-11-30,Web,Bengaluru,Delivered,Credit Card,Evening 4-8 PM,,0.0,3138.06,3138.06
ORD002951,CUST00758,2023-05-25,5,2,2023-05-26,App,Bengaluru,Delivered,Credit Card,Afternoon 10-2 PM,,0.0,1067.38,1067.38
ORD002952,CUST00758,2023-11-16,11,4,2023-11-18,Kiosk,Bengaluru,Delivered,UPI,Evening 4-8 PM,,0.0,1006.57,1006.57
ORD002953,CUST00758,2023-10-23,10,4,2023-10-25,Kiosk,Bengaluru,Delivered,Credit Card,Morning 6-10 AM,,0.0,598.55,598.55
ORD002954,CUST00758,2023-08-22,8,3,2023-08-25,App,Bengaluru,Delivered,UPI,Afternoon 10-2 PM,,0.0,1045.3,1045.3
ORD002955,CUST00758,2023-08-14,8,3,2023-08-15,Web,Bengaluru,Delivered,UPI,Afternoon 10-2 PM,,0.0,690.24,690.24
ORD002956,CUST00758,2023-02-28,2,1,2023-03-01,App,Bengaluru,Delivered,Credit Card,Afternoon 10-2 PM,,0.0,3192.52,3192.52
ORD002957,CUST00758,2023-06-09,6,2,2023-06-10,App,Bengaluru,Delivered,UPI,Afternoon 10-2 PM,,0.0,585.79,585.79
ORD002958,CUST00758,2023-06-11,6,2,2023-06-12,App,Bengaluru,Delivered,Debit Card,Morning 6-10 AM,,0.0,2102.66,2102.66
ORD002959,CUST00765,2023-01-14,1,1,2023-01-16,Kiosk,Hyderabad,Delivered,Wallet,Afternoon 10-2 PM,,0.0,387.35,387.35
ORD002960,CUST00765,2023-10-20,10,4,,App,Hyderabad,Cancelled,UPI,Morning 6-10 AM,,0.0,355.75,0.0
ORD002961,CUST00765,2023-02-11,2,1,2023-02-13,Web,Hyderabad,Delivered,Credit Card,Evening 4-8 PM,LOVEFEB,70.24,691.42,621.18
ORD002962,CUST00765,2023-10-19,10,4,,Kiosk,Hyderabad,Cancelled,COD,Morning 6-10 AM,,0.0,3369.76,0.0
ORD002963,CUST00765,2023-09-14,9,3,2023-09-15,Web,Hyderabad,Delivered,UPI,Morning 6-10 AM,,0.0,854.26,854.26
ORD002964,CUST00766,2023-05-15,5,2,2023-05-16,App,Ahmedabad,Delivered,UPI,Late Night 8-11 PM,,0.0,1702.1,1702.1
ORD002965,CUST00766,2023-10-27,10,4,2023-10-29,App,Ahmedabad,Delivered,Debit Card,Afternoon 10-2 PM,,0.0,738.13,738.13
ORD002966,CUST00766,2023-12-22,12,4,2023-12-23,App,Ahmedabad,Delivered,UPI,Morning 6-10 AM,,0.0,620.68,620.68
ORD002967,CUST00766,2023-07-17,7,3,2023-07-19,App,Ahmedabad,Delivered,UPI,Evening 4-8 PM,,0.0,678.94,678.94
ORD002968,CUST00766,2023-08-12,8,3,2023-08-13,App,Ahmedabad,Delivered,COD,Afternoon 10-2 PM,,0.0,1083.75,1083.75
ORD002969,CUST00766,2023-03-09,3,1,2023-03-10,Web,Ahmedabad,Delivered,Debit Card,Evening 4-8 PM,,0.0,1848.71,1848.71
ORD002970,CUST00766,2023-12-21,12,4,2023-12-24,Web,Ahmedabad,Delivered,UPI,Evening 4-8 PM,,0.0,1974.71,1974.71
ORD002971,CUST00766,2023-01-24,1,1,2023-01-27,App,Ahmedabad,Delivered,Debit Card,Evening 4-8 PM,,0.0,687.23,687.23
ORD002972,CUST00766,2023-06-14,6,2,2023-06-16,Web,Ahmedabad,Delivered,Credit Card,Late Night 8-11 PM,,0.0,100.92,100.92
ORD002973,CUST00767,2023-03-20,3,1,2023-03-23,App,Mumbai,Delivered,Debit Card,Evening 4-8 PM,,0.0,912.31,912.31
ORD002974,CUST00767,2023-05-22,5,2,2023-05-24,App,Mumbai,Delivered,Debit Card,Evening 4-8 PM,,0.0,2300.18,2300.18
ORD002975,CUST00767,2023-11-03,11,4,2023-11-06,App,Mumbai,Delivered,UPI,Morning 6-10 AM,,0.0,1106.08,1106.08
ORD002976,CUST00767,2023-11-07,11,4,,Web,Mumbai,Cancelled,UPI,Evening 4-8 PM,,0.0,574.74,0.0
ORD002977,CUST00767,2023-10-04,10,4,,Web,Mumbai,Cancelled,UPI,Afternoon 10-2 PM,,0.0,716.01,0.0
ORD002978,CUST00767,2023-12-16,12,4,,Web,Mumbai,Cancelled,UPI,Afternoon 10-2 PM,,0.0,2690.79,0.0
ORD002979,CUST00767,2023-11-23,11,4,2023-11-24,Web,Mumbai,Delivered,UPI,Morning 6-10 AM,BIGSALE23,226.29,1438.32,1212.03
ORD002980,CUST00767,2023-11-09,11,4,2023-11-11,App,Mumbai,Delivered,UPI,Morning 6-10 AM,,0.0,1967.56,1967.56
ORD002981,CUST00767,2023-11-16,11,4,2023-11-17,Web,Mumbai,Delivered,UPI,Afternoon 10-2 PM,,0.0,2747.88,2747.88
ORD002982,CUST00767,2023-03-18,3,1,2023-03-20,App,Mumbai,Delivered,UPI,Morning 6-10 AM,,0.0,1105.22,1105.22
ORD002983,CUST00767,2023-01-30,1,1,2023-02-02,App,Mumbai,Delivered,Wallet,Evening 4-8 PM,,0.0,1551.05,1551.05
ORD002984,CUST00767,2023-10-27,10,4,2023-10-28,App,Mumbai,Delivered,Wallet,Morning 6-10 AM,,0.0,1770.01,1770.01
ORD002985,CUST00767,2023-03-06,3,1,2023-03-07,Kiosk,Mumbai,Delivered,UPI,Evening 4-8 PM,,0.0,5031.38,5031.38
ORD002986,CUST00767,2023-11-05,11,4,2023-11-07,App,Mumbai,Delivered,UPI,Evening 4-8 PM,,0.0,7415.19,7415.19
ORD002987,CUST00767,2023-04-11,4,2,2023-04-14,Web,Mumbai,Delivered,UPI,Evening 4-8 PM,,0.0,3115.56,3115.56
ORD002988,CUST00767,2023-06-12,6,2,2023-06-14,Web,Mumbai,Delivered,UPI,Evening 4-8 PM,,0.0,2532.02,2532.02
ORD002989,CUST00767,2023-06-04,6,2,2023-06-07,App,Mumbai,Delivered,Credit Card,Evening 4-8 PM,,0.0,1530.71,1530.71
ORD002990,CUST00767,2023-11-09,11,4,2023-11-10,Web,Mumbai,Delivered,Wallet,Evening 4-8 PM,,0.0,670.37,670.37
ORD002991,CUST00767,2023-03-31,3,1,2023-04-02,App,Mumbai,Delivered,COD,Morning 6-10 AM,,0.0,2278.96,2278.96
ORD002992,CUST00767,2023-07-06,7,3,2023-07-07,App,Mumbai,Delivered,Debit Card,Afternoon 10-2 PM,,0.0,1281.03,1281.03
ORD002993,CUST00767,2023-03-16,3,1,2023-03-17,Web,Mumbai,Delivered,COD,Late Night 8-11 PM,,0.0,1097.54,1097.54
ORD002994,CUST00767,2023-11-28,11,4,2023-11-30,App,Mumbai,Delivered,Credit Card,Afternoon 10-2 PM,,0.0,595.95,595.95
ORD002995,CUST00767,2023-12-07,12,4,2023-12-09,Web,Mumbai,Delivered,Wallet,Afternoon 10-2 PM,,0.0,225.46,225.46
ORD002996,CUST00767,2023-02-17,2,1,2023-02-19,Web,Mumbai,Delivered,UPI,Evening 4-8 PM,,0.0,3937.8,3937.8
ORD002997,CUST00767,2023-04-24,4,2,2023-04-27,App,Mumbai,Delivered,Wallet,Late Night 8-11 PM,,0.0,1159.01,1159.01
ORD002998,CUST00767,2023-10-31,10,4,2023-11-02,App,Mumbai,Delivered,Debit Card,Morning 6-10 AM,,0.0,3178.54,3178.54
ORD002999,CUST00767,2023-12-14,12,4,2023-12-17,App,Mumbai,Delivered,UPI,Evening 4-8 PM,,0.0,3343.03,3343.03
ORD003000,CUST00767,2023-09-26,9,3,2023-09-27,Web,Mumbai,Delivered,COD,Afternoon 10-2 PM,,0.0,2186.29,2186.29
ORD003001,CUST00767,2023-05-24,5,2,2023-05-27,Web,Mumbai,Delivered,Debit Card,Afternoon 10-2 PM,,0.0,389.84,389.84
ORD003002,CUST00767,2023-03-10,3,1,2023-03-12,App,Mumbai,Delivered,UPI,Afternoon 10-2 PM,,0.0,323.04,323.04
ORD003003,CUST00767,2023-03-19,3,1,,App,Mumbai,Cancelled,Debit Card,Evening 4-8 PM,,0.0,3676.56,0.0
ORD003004,CUST00767,2023-02-27,2,1,2023-03-01,Web,Mumbai,Delivered,UPI,Afternoon 10-2 PM,,0.0,1451.58,1451.58
ORD003005,CUST00767,2023-09-03,9,3,2023-09-05,App,Mumbai,Delivered,COD,Afternoon 10-2 PM,,0.0,899.47,899.47
ORD003006,CUST00767,2023-05-14,5,2,,Web,Mumbai,Cancelled,Debit Card,Afternoon 10-2 PM,,0.0,887.16,0.0
ORD003007,CUST00768,2023-12-30,12,4,2024-01-02,App,Pune,Delivered,UPI,Evening 4-8 PM,,0.0,415.47,415.47
ORD003008,CUST00768,2023-09-21,9,3,2023-09-22,App,Pune,Delivered,UPI,Morning 6-10 AM,,0.0,347.32,347.32
ORD003009,CUST00769,2023-04-23,4,2,2023-04-25,Web,Delhi,Delivered,Wallet,Morning 6-10 AM,,0.0,682.85,682.85
ORD003010,CUST00771,2023-09-03,9,3,2023-09-04,App,Delhi,Delivered,UPI,Morning 6-10 AM,,0.0,290.29,290.29
ORD003011,CUST00771,2023-11-12,11,4,,App,Delhi,Cancelled,COD,Afternoon 10-2 PM,,0.0,486.36,0.0
ORD003012,CUST00772,2023-07-09,7,3,2023-07-10,App,Delhi,Delivered,Wallet,Afternoon 10-2 PM,,0.0,373.53,373.53
ORD003013,CUST00773,2023-12-31,12,4,2024-01-03,Web,Delhi,Delivered,UPI,Evening 4-8 PM,,0.0,606.46,606.46
ORD003014,CUST00774,2023-10-07,10,4,2023-10-10,App,Delhi,Delivered,Credit Card,Afternoon 10-2 PM,,0.0,3647.32,3647.32
ORD003015,CUST00774,2023-08-25,8,3,2023-08-28,Web,Delhi,Delivered,Credit Card,Morning 6-10 AM,,0.0,2370.17,2370.17
ORD003016,CUST00774,2023-01-20,1,1,2023-01-23,App,Delhi,Delivered,Credit Card,Evening 4-8 PM,,0.0,2654.11,2654.11
ORD003017,CUST00774,2023-10-04,10,4,2023-10-06,Web,Delhi,Delivered,UPI,Morning 6-10 AM,,0.0,2658.41,2658.41
ORD003018,CUST00774,2023-10-15,10,4,,App,Delhi,Cancelled,UPI,Morning 6-10 AM,,0.0,213.85,0.0
ORD003019,CUST00774,2023-07-18,7,3,2023-07-20,Web,Delhi,Delivered,Debit Card,Afternoon 10-2 PM,,0.0,5361.17,5361.17
ORD003020,CUST00774,2023-11-29,11,4,2023-12-01,App,Delhi,Delivered,Credit Card,Afternoon 10-2 PM,,0.0,3040.56,3040.56
ORD003021,CUST00774,2023-05-20,5,2,,App,Delhi,Cancelled,UPI,Afternoon 10-2 PM,,0.0,1215.13,0.0
ORD003022,CUST00774,2023-06-25,6,2,2023-06-27,App,Delhi,Delivered,Debit Card,Morning 6-10 AM,,0.0,1129.29,1129.29
ORD003023,CUST00774,2023-04-28,4,2,2023-04-30,App,Delhi,Delivered,Credit Card,Morning 6-10 AM,,0.0,1100.77,1100.77
ORD003024,CUST00774,2023-09-15,9,3,2023-09-16,Web,Delhi,Delivered,UPI,Morning 6-10 AM,,0.0,1553.65,1553.65
ORD003025,CUST00774,2023-09-06,9,3,2023-09-07,Web,Delhi,Delivered,UPI,Evening 4-8 PM,,0.0,489.64,489.64
ORD003026,CUST00774,2023-09-07,9,3,2023-09-08,Web,Delhi,Delivered,Wallet,Evening 4-8 PM,,0.0,169.63,169.63
ORD003027,CUST00774,2023-12-25,12,4,2023-12-27,App,Delhi,Delivered,Debit Card,,,0.0,3665.36,3665.36
ORD003028,CUST00774,2023-08-25,8,3,2023-08-26,App,Delhi,Delivered,Credit Card,Morning 6-10 AM,,0.0,4401.24,4401.24
ORD003029,CUST00774,2023-12-01,12,4,2023-12-03,Web,Delhi,Delivered,UPI,Afternoon 10-2 PM,,0.0,2711.02,2711.02
ORD003030,CUST00774,2023-06-19,6,2,2023-06-22,App,Delhi,Delivered,COD,Evening 4-8 PM,,0.0,1933.04,1933.04
ORD003031,CUST00774,2023-04-29,4,2,2023-05-01,Web,Delhi,Delivered,Wallet,Evening 4-8 PM,,0.0,2872.28,2872.28
ORD003032,CUST00774,2023-02-18,2,1,2023-02-21,App,Delhi,Delivered,Wallet,Evening 4-8 PM,,0.0,1412.22,1412.22
ORD003033,CUST00774,2023-09-03,9,3,2023-09-04,App,Delhi,Delivered,UPI,Morning 6-10 AM,,0.0,795.84,795.84
ORD003034,CUST00774,2023-10-06,10,4,2023-10-08,App,Delhi,Delivered,UPI,Morning 6-10 AM,,0.0,1802.3,1802.3
ORD003035,CUST00774,2023-10-04,10,4,2023-10-07,Web,Delhi,Delivered,Wallet,Afternoon 10-2 PM,,0.0,3031.79,3031.79
ORD003036,CUST00774,2023-07-29,7,3,2023-07-30,Web,Delhi,Delivered,UPI,Afternoon 10-2 PM,,0.0,692.77,692.77
ORD003037,CUST00774,2023-04-06,4,2,2023-04-07,Web,Delhi,Delivered,UPI,Morning 6-10 AM,,0.0,3821.89,3821.89
ORD003038,CUST00774,2023-03-24,3,1,2023-03-27,Web,Delhi,Delivered,Credit Card,Evening 4-8 PM,,0.0,1479.12,1479.12
ORD003039,CUST00774,2023-05-26,5,2,2023-05-29,Web,Delhi,Delivered,Wallet,Afternoon 10-2 PM,,0.0,1707.43,1707.43
ORD003040,CUST00774,2023-11-04,11,4,2023-11-06,App,Delhi,Delivered,Debit Card,Evening 4-8 PM,,0.0,2876.51,2876.51
ORD003041,CUST00774,2023-02-08,2,1,2023-02-11,App,Delhi,Delivered,Wallet,Afternoon 10-2 PM,,0.0,437.64,437.64
ORD003042,CUST00774,2023-05-14,5,2,2023-05-17,App,Delhi,Delivered,Debit Card,Morning 6-10 AM,,0.0,1812.67,1812.67
ORD003043,CUST00774,2023-04-08,4,2,2023-04-09,App,Delhi,Delivered,Credit Card,Morning 6-10 AM,,0.0,2386.19,2386.19
ORD003044,CUST00774,2023-01-16,1,1,2023-01-17,App,Delhi,Delivered,Debit Card,,,0.0,655.88,655.88
ORD003045,CUST00778,2023-04-22,4,2,2023-04-24,Web,Mumbai,Delivered,Debit Card,Afternoon 10-2 PM,,0.0,837.81,837.81
ORD003046,CUST00780,2023-02-08,2,1,2023-02-11,Kiosk,Delhi,Delivered,UPI,Morning 6-10 AM,,0.0,86.31,86.31
ORD003047,CUST00781,2023-02-22,2,1,2023-02-24,App,Hyderabad,Delivered,UPI,Evening 4-8 PM,,0.0,610.18,610.18
ORD003048,CUST00781,2023-05-29,5,2,2023-05-31,Web,Hyderabad,Delivered,Debit Card,Morning 6-10 AM,,0.0,1704.62,1704.62
ORD003049,CUST00781,2023-01-15,1,1,2023-01-16,App,Hyderabad,Delivered,UPI,Evening 4-8 PM,,0.0,2028.9,2028.9
ORD003050,CUST00781,2023-05-16,5,2,2023-05-19,App,Hyderabad,Delivered,Wallet,Afternoon 10-2 PM,,0.0,557.7,557.7
ORD003051,CUST00781,2023-03-02,3,1,2023-03-05,App,Hyderabad,Delivered,Credit Card,Evening 4-8 PM,,0.0,2331.78,2331.78
ORD003052,CUST00781,2023-08-27,8,3,2023-08-29,App,Hyderabad,Delivered,Wallet,Afternoon 10-2 PM,,0.0,298.37,298.37
ORD003053,CUST00781,2023-01-26,1,1,2023-01-28,App,Hyderabad,Delivered,Wallet,Afternoon 10-2 PM,,0.0,3442.65,3442.65
ORD003054,CUST00781,2023-12-16,12,4,2023-12-19,Web,Hyderabad,Delivered,Credit Card,Morning 6-10 AM,,0.0,1029.53,1029.53
ORD003055,CUST00781,2023-11-01,11,4,2023-11-03,App,Hyderabad,Returned,Credit Card,Late Night 8-11 PM,,0.0,1071.59,694.98
ORD003056,CUST00781,2023-06-17,6,2,2023-06-20,App,Hyderabad,Delivered,Credit Card,Late Night 8-11 PM,,0.0,186.47,186.47
ORD003057,CUST00783,2023-08-07,8,3,2023-08-09,Web,Bengaluru,Delivered,UPI,Late Night 8-11 PM,,0.0,397.11,397.11
ORD003058,CUST00783,2023-07-26,7,3,2023-07-27,Web,Bengaluru,Delivered,UPI,Evening 4-8 PM,,0.0,461.71,461.71
ORD003059,CUST00783,2023-12-22,12,4,2023-12-23,Kiosk,Bengaluru,Delivered,UPI,Evening 4-8 PM,,0.0,732.43,732.43
ORD003060,CUST00783,2023-10-08,10,4,2023-10-10,Web,Bengaluru,Delivered,Credit Card,Afternoon 10-2 PM,,0.0,1443.86,1443.86
ORD003061,CUST00785,2023-12-04,12,4,2023-12-07,App,Hyderabad,Delivered,COD,Morning 6-10 AM,,0.0,224.3,224.3
ORD003062,CUST00785,2023-03-02,3,1,2023-03-04,Web,Hyderabad,Delivered,UPI,Afternoon 10-2 PM,,0.0,1063.0,1063.0
ORD003063,CUST00785,2023-12-13,12,4,2023-12-14,Web,Hyderabad,Delivered,Wallet,Evening 4-8 PM,,0.0,670.34,670.34
ORD003064,CUST00787,2023-08-20,8,3,2023-08-22,App,Bengaluru,Delivered,UPI,Evening 4-8 PM,,0.0,1413.26,1413.26
ORD003065,CUST00787,2023-03-18,3,1,2023-03-20,App,Bengaluru,Delivered,Debit Card,Afternoon 10-2 PM,,0.0,1198.07,1198.07
ORD003066,CUST00787,2023-07-28,7,3,2023-07-30,App,Bengaluru,Delivered,UPI,Afternoon 10-2 PM,,0.0,1125.37,1125.37
ORD003067,CUST00787,2023-01-07,1,1,2023-01-10,App,Bengaluru,Delivered,COD,Morning 6-10 AM,,0.0,1120.63,1120.63
ORD003068,CUST00787,2023-03-11,3,1,2023-03-12,Kiosk,Bengaluru,Delivered,UPI,Afternoon 10-2 PM,,0.0,1378.04,1378.04
ORD003069,CUST00787,2023-07-24,7,3,,Web,Bengaluru,Cancelled,Debit Card,Morning 6-10 AM,,0.0,899.52,0.0
ORD003070,CUST00787,2023-04-04,4,2,,Web,Bengaluru,Cancelled,Credit Card,Afternoon 10-2 PM,,0.0,1145.53,0.0
ORD003071,CUST00787,2023-05-24,5,2,2023-05-27,App,Bengaluru,Delivered,Credit Card,Afternoon 10-2 PM,,0.0,1608.33,1608.33
ORD003072,CUST00787,2023-04-25,4,2,2023-04-26,Web,Bengaluru,Delivered,UPI,,,0.0,596.0,596.0
ORD003073,CUST00787,2023-02-11,2,1,2023-02-14,Web,Bengaluru,Delivered,COD,Late Night 8-11 PM,,0.0,795.09,795.09
ORD003074,CUST00787,2023-01-24,1,1,2023-01-26,App,Bengaluru,Delivered,Wallet,Afternoon 10-2 PM,,0.0,1656.16,1656.16
ORD003075,CUST00787,2023-04-28,4,2,2023-04-29,Web,Bengaluru,Returned,Credit Card,Evening 4-8 PM,,0.0,2558.42,151.84
ORD003076,CUST00787,2023-01-18,1,1,2023-01-20,Web,Bengaluru,Delivered,UPI,Morning 6-10 AM,,0.0,2010.81,2010.81
ORD003077,CUST00787,2023-08-17,8,3,2023-08-20,Kiosk,Bengaluru,Delivered,UPI,Morning 6-10 AM,,0.0,1545.43,1545.43
ORD003078,CUST00787,2023-10-02,10,4,2023-10-03,App,Bengaluru,Delivered,UPI,Morning 6-10 AM,,0.0,1461.74,1461.74
ORD003079,CUST00787,2023-08-31,8,3,2023-09-02,Web,Bengaluru,Delivered,Wallet,Late Night 8-11 PM,,0.0,1259.84,1259.84
ORD003080,CUST00788,2023-12-31,12,4,2024-01-03,Web,Delhi,Delivered,Credit Card,Morning 6-10 AM,XMAS23,163.7,1252.31,1088.61
ORD003081,CUST00791,2023-10-11,10,4,2023-10-13,Web,Bengaluru,Delivered,Debit Card,Morning 6-10 AM,,0.0,1236.12,1236.12
ORD003082,CUST00791,2023-11-24,11,4,2023-11-27,App,Bengaluru,Delivered,UPI,Morning 6-10 AM,BIGSALE23,93.76,1062.44,968.68
ORD003083,CUST00791,2023-08-25,8,3,2023-08-28,App,Bengaluru,Delivered,Debit Card,Evening 4-8 PM,,0.0,1376.88,1376.88
ORD003084,CUST00791,2023-09-17,9,3,2023-09-20,App,Bengaluru,Delivered,Debit Card,Evening 4-8 PM,,0.0,4175.65,4175.65
ORD003085,CUST00791,2023-08-27,8,3,2023-08-29,App,Bengaluru,Delivered,Wallet,Morning 6-10 AM,,0.0,4519.66,4519.66
ORD003086,CUST00791,2023-07-06,7,3,2023-07-08,App,Bengaluru,Delivered,COD,Late Night 8-11 PM,,0.0,2995.88,2995.88
ORD003087,CUST00791,2023-03-24,3,1,2023-03-26,Web,Bengaluru,Delivered,Credit Card,Afternoon 10-2 PM,,0.0,1090.64,1090.64
ORD003088,CUST00791,2023-03-06,3,1,2023-03-08,Web,Bengaluru,Delivered,UPI,Morning 6-10 AM,,0.0,976.6,976.6
ORD003089,CUST00791,2023-05-02,5,2,2023-05-04,App,Bengaluru,Delivered,Debit Card,Morning 6-10 AM,,0.0,1832.66,1832.66
ORD003090,CUST00791,2023-01-21,1,1,2023-01-22,Web,Bengaluru,Delivered,Credit Card,Afternoon 10-2 PM,,0.0,53.25,53.25
ORD003091,CUST00791,2023-05-03,5,2,2023-05-06,App,Bengaluru,Delivered,COD,Morning 6-10 AM,,0.0,1587.91,1587.91
ORD003092,CUST00791,2023-04-26,4,2,2023-04-28,App,Bengaluru,Delivered,Credit Card,Evening 4-8 PM,,0.0,2298.82,2298.82
ORD003093,CUST00791,2023-09-19,9,3,2023-09-20,App,Bengaluru,Delivered,UPI,Evening 4-8 PM,,0.0,1761.89,1761.89
ORD003094,CUST00793,2023-07-21,7,3,2023-07-22,App,Pune,Delivered,UPI,Evening 4-8 PM,,0.0,718.57,718.57
ORD003095,CUST00797,2023-01-18,1,1,,App,Mumbai,Cancelled,COD,Late Night 8-11 PM,,0.0,2739.71,0.0
ORD003096,CUST00797,2023-01-11,1,1,2023-01-12,App,Mumbai,Returned,UPI,Afternoon 10-2 PM,,0.0,644.3,20.23
ORD003097,CUST00797,2023-09-18,9,3,2023-09-21,Web,Mumbai,Delivered,Debit Card,Morning 6-10 AM,,0.0,451.89,451.89
ORD003098,CUST00797,2023-10-25,10,4,2023-10-27,App,Mumbai,Delivered,Wallet,Late Night 8-11 PM,,0.0,1218.0,1218.0
ORD003099,CUST00797,2023-06-26,6,2,2023-06-28,Web,Mumbai,Delivered,Credit Card,Morning 6-10 AM,,0.0,1728.04,1728.04
ORD003100,CUST00797,2023-02-01,2,1,2023-02-02,App,Mumbai,Delivered,COD,Afternoon 10-2 PM,,0.0,1086.23,1086.23
ORD003101,CUST00798,2023-07-08,7,3,2023-07-09,App,Delhi,Delivered,Credit Card,Evening 4-8 PM,,0.0,721.66,721.66
ORD003102,CUST00799,2023-10-31,10,4,2023-11-01,App,Bengaluru,Delivered,UPI,Morning 6-10 AM,,0.0,281.44,281.44
ORD003103,CUST00799,2023-11-07,11,4,2023-11-09,App,Bengaluru,Delivered,Credit Card,Morning 6-10 AM,,0.0,924.44,924.44
ORD003104,CUST00799,2023-12-16,12,4,2023-12-17,App,Bengaluru,Delivered,Debit Card,Late Night 8-11 PM,,0.0,799.68,799.68
ORD003105,CUST00800,2023-10-04,10,4,,Kiosk,Bengaluru,Cancelled,COD,Morning 6-10 AM,,0.0,1051.84,0.0
ORD003106,CUST00803,2023-06-15,6,2,2023-06-16,App,Delhi,Delivered,COD,Morning 6-10 AM,,0.0,1221.16,1221.16
ORD003107,CUST00803,2023-04-24,4,2,2023-04-25,App,Delhi,Delivered,Debit Card,Morning 6-10 AM,,0.0,696.8,696.8
ORD003108,CUST00803,2023-05-27,5,2,2023-05-28,App,Delhi,Delivered,Debit Card,Evening 4-8 PM,,0.0,1392.41,1392.41
ORD003109,CUST00803,2023-06-02,6,2,2023-06-05,App,Delhi,Delivered,Debit Card,Afternoon 10-2 PM,,0.0,1060.55,1060.55
ORD003110,CUST00803,2023-10-23,10,4,2023-10-26,Web,Delhi,Delivered,UPI,Evening 4-8 PM,,0.0,1327.93,1327.93
ORD003111,CUST00803,2023-03-08,3,1,2023-03-10,App,Delhi,Delivered,UPI,Afternoon 10-2 PM,,0.0,1333.27,1333.27
ORD003112,CUST00808,2023-12-02,12,4,2023-12-05,App,Jaipur,Delivered,UPI,Evening 4-8 PM,,0.0,743.5,743.5
ORD003113,CUST00809,2023-02-11,2,1,2023-02-13,Web,Bengaluru,Delivered,Debit Card,Morning 6-10 AM,LOVEFEB,92.03,1751.83,1659.8
ORD003114,CUST00809,2023-10-23,10,4,2023-10-25,Kiosk,Bengaluru,Delivered,UPI,Afternoon 10-2 PM,,0.0,2997.77,2997.77
ORD003115,CUST00809,2023-01-30,1,1,2023-02-02,Kiosk,Bengaluru,Delivered,COD,Late Night 8-11 PM,,0.0,360.34,360.34
ORD003116,CUST00809,2023-10-28,10,4,,App,Bengaluru,Cancelled,UPI,Late Night 8-11 PM,,0.0,2965.55,0.0
ORD003117,CUST00809,2023-01-20,1,1,2023-01-21,App,Bengaluru,Delivered,Credit Card,Afternoon 10-2 PM,,0.0,780.16,780.16
ORD003118,CUST00809,2023-05-07,5,2,2023-05-08,Web,Bengaluru,Delivered,UPI,Morning 6-10 AM,,0.0,2999.19,2999.19
ORD003119,CUST00809,2023-01-04,1,1,,App,Bengaluru,Cancelled,Credit Card,Afternoon 10-2 PM,NY2023,0.0,2213.62,0.0
ORD003120,CUST00809,2023-01-31,1,1,2023-02-02,App,Bengaluru,Delivered,UPI,Morning 6-10 AM,,0.0,910.46,910.46
ORD003121,CUST00809,2023-12-29,12,4,,Web,Bengaluru,Cancelled,UPI,Morning 6-10 AM,XMAS23,0.0,1382.17,0.0
ORD003122,CUST00809,2023-11-26,11,4,,App,Bengaluru,Cancelled,COD,Afternoon 10-2 PM,,0.0,1756.64,0.0
ORD003123,CUST00809,2023-07-15,7,3,2023-07-18,App,Bengaluru,Delivered,UPI,Morning 6-10 AM,,0.0,2807.54,2807.54
ORD003124,CUST00809,2023-01-17,1,1,2023-01-18,App,Bengaluru,Delivered,UPI,Evening 4-8 PM,,0.0,3853.96,3853.96
ORD003125,CUST00809,2023-05-04,5,2,2023-05-07,App,Bengaluru,Delivered,Debit Card,Evening 4-8 PM,,0.0,3169.76,3169.76
ORD003126,CUST00809,2023-11-20,11,4,2023-11-21,Web,Bengaluru,Delivered,Debit Card,Morning 6-10 AM,,0.0,4520.09,4520.09
ORD003127,CUST00809,2023-01-28,1,1,2023-01-31,App,Bengaluru,Delivered,UPI,Afternoon 10-2 PM,,0.0,1175.3,1175.3
ORD003128,CUST00809,2023-08-17,8,3,2023-08-20,App,Bengaluru,Delivered,UPI,Morning 6-10 AM,,0.0,124.24,124.24
ORD003129,CUST00809,2023-03-22,3,1,2023-03-24,Web,Bengaluru,Delivered,UPI,Morning 6-10 AM,,0.0,81.89,81.89
ORD003130,CUST00809,2023-06-22,6,2,2023-06-25,Web,Bengaluru,Delivered,UPI,Afternoon 10-2 PM,,0.0,2354.45,2354.45
ORD003131,CUST00809,2023-12-15,12,4,2023-12-17,Web,Bengaluru,Delivered,UPI,Morning 6-10 AM,,0.0,811.59,811.59
ORD003132,CUST00809,2023-05-12,5,2,2023-05-15,App,Bengaluru,Delivered,Debit Card,Morning 6-10 AM,,0.0,3485.34,3485.34
ORD003133,CUST00809,2023-02-13,2,1,,Web,Bengaluru,Cancelled,UPI,Afternoon 10-2 PM,LOVEFEB,0.0,556.0,0.0
ORD003134,CUST00809,2023-03-03,3,1,,App,Bengaluru,Cancelled,Debit Card,Morning 6-10 AM,,0.0,1316.08,0.0
ORD003135,CUST00809,2023-01-23,1,1,2023-01-25,App,Bengaluru,Delivered,Credit Card,Evening 4-8 PM,,0.0,3024.68,3024.68
ORD003136,CUST00809,2023-01-22,1,1,2023-01-24,Web,Bengaluru,Delivered,Debit Card,Morning 6-10 AM,,0.0,1523.51,1523.51
ORD003137,CUST00809,2023-07-26,7,3,2023-07-27,Web,Bengaluru,Delivered,UPI,Morning 6-10 AM,,0.0,739.41,739.41
ORD003138,CUST00809,2023-03-25,3,1,2023-03-27,Web,Bengaluru,Delivered,UPI,Afternoon 10-2 PM,,0.0,1182.21,1182.21
ORD003139,CUST00809,2023-12-21,12,4,2023-12-23,Web,Bengaluru,Delivered,UPI,Late Night 8-11 PM,,0.0,3570.91,3570.91
ORD003140,CUST00809,2023-09-10,9,3,2023-09-12,App,Bengaluru,Delivered,UPI,Evening 4-8 PM,,0.0,1371.98,1371.98
ORD003141,CUST00809,2023-08-14,8,3,2023-08-15,App,Bengaluru,Delivered,COD,Evening 4-8 PM,FREEDOM23,22.18,363.73,341.55
ORD003142,CUST00809,2023-11-10,11,4,2023-11-12,App,Bengaluru,Delivered,UPI,Evening 4-8 PM,,0.0,350.11,350.11
ORD003143,CUST00810,2023-02-08,2,1,2023-02-10,App,Pune,Delivered,UPI,Late Night 8-11 PM,,0.0,269.55,269.55
ORD003144,CUST00814,2023-08-19,8,3,2023-08-21,App,Delhi,Delivered,UPI,Morning 6-10 AM,,0.0,252.11,252.11
ORD003145,CUST00815,2023-07-12,7,3,2023-07-13,App,Jaipur,Delivered,UPI,Afternoon 10-2 PM,,0.0,77.75,77.75
ORD003146,CUST00815,2023-04-22,4,2,2023-04-24,App,Jaipur,Delivered,UPI,Afternoon 10-2 PM,,0.0,1348.92,1348.92
ORD003147,CUST00815,2023-04-22,4,2,2023-04-25,Web,Jaipur,Delivered,Wallet,Morning 6-10 AM,,0.0,209.32,209.32
ORD003148,CUST00816,2023-03-15,3,1,2023-03-17,Web,Hyderabad,Delivered,Wallet,Morning 6-10 AM,,0.0,153.1,153.1
ORD003149,CUST00816,2023-11-15,11,4,2023-11-16,App,Hyderabad,Delivered,Debit Card,Evening 4-8 PM,,0.0,3017.15,3017.15
ORD003150,CUST00816,2023-11-24,11,4,2023-11-26,App,Hyderabad,Returned,Credit Card,Morning 6-10 AM,,0.0,1363.25,775.05
ORD003151,CUST00816,2023-12-09,12,4,2023-12-12,Web,Hyderabad,Delivered,Credit Card,Evening 4-8 PM,,0.0,1521.98,1521.98
ORD003152,CUST00816,2023-04-13,4,2,2023-04-15,App,Hyderabad,Delivered,UPI,Morning 6-10 AM,,0.0,2182.44,2182.44
ORD003153,CUST00816,2023-07-22,7,3,2023-07-23,Kiosk,Hyderabad,Delivered,UPI,Evening 4-8 PM,,0.0,3352.51,3352.51
ORD003154,CUST00816,2023-01-23,1,1,2023-01-25,App,Hyderabad,Delivered,Credit Card,Afternoon 10-2 PM,,0.0,1279.96,1279.96
ORD003155,CUST00816,2023-11-07,11,4,2023-11-08,Web,Hyderabad,Delivered,UPI,Afternoon 10-2 PM,,0.0,1528.76,1528.76
ORD003156,CUST00816,2023-09-07,9,3,2023-09-08,App,Hyderabad,Delivered,COD,Afternoon 10-2 PM,,0.0,1265.95,1265.95
ORD003157,CUST00816,2023-09-17,9,3,2023-09-18,App,Hyderabad,Delivered,Debit Card,Morning 6-10 AM,,0.0,7007.42,7007.42
ORD003158,CUST00816,2023-01-31,1,1,,App,Hyderabad,Cancelled,COD,Morning 6-10 AM,,0.0,1232.68,0.0
ORD003159,CUST00816,2023-11-16,11,4,2023-11-17,App,Hyderabad,Delivered,Credit Card,Morning 6-10 AM,,0.0,1342.34,1342.34
ORD003160,CUST00816,2023-03-06,3,1,2023-03-07,Web,Hyderabad,Delivered,Credit Card,Evening 4-8 PM,,0.0,928.0,928.0
ORD003161,CUST00816,2023-10-25,10,4,2023-10-26,Web,Hyderabad,Delivered,Debit Card,,,0.0,863.78,863.78
ORD003162,CUST00816,2023-12-23,12,4,2023-12-24,App,Hyderabad,Delivered,UPI,Afternoon 10-2 PM,,0.0,1463.32,1463.32
ORD003163,CUST00816,2023-05-03,5,2,2023-05-06,Web,Hyderabad,Delivered,UPI,Morning 6-10 AM,,0.0,1642.32,1642.32
ORD003164,CUST00816,2023-02-01,2,1,2023-02-02,Web,Hyderabad,Delivered,Wallet,Morning 6-10 AM,,0.0,773.16,773.16
ORD003165,CUST00816,2023-08-15,8,3,2023-08-16,Kiosk,Hyderabad,Delivered,Debit Card,Evening 4-8 PM,FREEDOM23,363.43,2081.26,1717.83
ORD003166,CUST00816,2023-09-26,9,3,2023-09-29,Web,Hyderabad,Delivered,Debit Card,Evening 4-8 PM,,0.0,112.42,112.42
ORD003167,CUST00816,2023-10-03,10,4,2023-10-05,Kiosk,Hyderabad,Delivered,UPI,Morning 6-10 AM,,0.0,1148.37,1148.37
ORD003168,CUST00816,2023-07-05,7,3,2023-07-07,App,Hyderabad,Delivered,UPI,Late Night 8-11 PM,,0.0,1664.1,1664.1
ORD003169,CUST00816,2023-08-15,8,3,2023-08-18,Kiosk,Hyderabad,Delivered,Credit Card,Morning 6-10 AM,,0.0,938.46,938.46
ORD003170,CUST00816,2023-05-23,5,2,2023-05-24,App,Hyderabad,Delivered,COD,Morning 6-10 AM,,0.0,1084.68,1084.68
ORD003171,CUST00816,2023-11-29,11,4,2023-12-01,Web,Hyderabad,Delivered,Debit Card,Evening 4-8 PM,,0.0,2779.97,2779.97
ORD003172,CUST00819,2023-10-08,10,4,2023-10-09,App,Mumbai,Delivered,UPI,Morning 6-10 AM,,0.0,731.41,731.41
ORD003173,CUST00821,2023-11-12,11,4,2023-11-14,Web,Hyderabad,Delivered,Debit Card,Evening 4-8 PM,,0.0,556.29,556.29
ORD003174,CUST00822,2023-06-27,6,2,2023-06-28,App,Ahmedabad,Returned,UPI,Morning 6-10 AM,,0.0,1758.57,856.29
ORD003175,CUST00822,2023-08-16,8,3,,Kiosk,Ahmedabad,Cancelled,Debit Card,Morning 6-10 AM,,0.0,730.51,0.0
ORD003176,CUST00823,2023-03-06,3,1,2023-03-08,App,Ahmedabad,Delivered,UPI,Evening 4-8 PM,,0.0,2176.87,2176.87
ORD003177,CUST00823,2023-05-19,5,2,2023-05-21,Kiosk,Ahmedabad,Delivered,Debit Card,Afternoon 10-2 PM,,0.0,3504.13,3504.13
ORD003178,CUST00823,2023-06-02,6,2,2023-06-03,App,Ahmedabad,Delivered,COD,Evening 4-8 PM,,0.0,871.11,871.11
ORD003179,CUST00823,2023-01-08,1,1,2023-01-09,Web,Ahmedabad,Delivered,UPI,Evening 4-8 PM,,0.0,900.7,900.7
ORD003180,CUST00823,2023-12-16,12,4,2023-12-18,App,Ahmedabad,Delivered,UPI,Evening 4-8 PM,,0.0,646.71,646.71
ORD003181,CUST00823,2023-04-05,4,2,2023-04-07,App,Ahmedabad,Delivered,UPI,Morning 6-10 AM,,0.0,573.76,573.76
ORD003182,CUST00823,2023-09-25,9,3,2023-09-26,App,Ahmedabad,Delivered,Credit Card,Late Night 8-11 PM,,0.0,132.76,132.76
ORD003183,CUST00823,2023-03-26,3,1,2023-03-27,App,Ahmedabad,Delivered,COD,Evening 4-8 PM,,0.0,689.94,689.94
ORD003184,CUST00823,2023-04-04,4,2,,App,Ahmedabad,Cancelled,Debit Card,Evening 4-8 PM,,0.0,1804.95,0.0
ORD003185,CUST00824,2023-04-28,4,2,2023-04-30,App,Lucknow,Delivered,UPI,Late Night 8-11 PM,,0.0,443.46,443.46
ORD003186,CUST00825,2023-12-18,12,4,,Web,Lucknow,Cancelled,UPI,Morning 6-10 AM,,0.0,363.84,0.0
ORD003187,CUST00827,2023-12-16,12,4,,Web,Delhi,Cancelled,Wallet,Late Night 8-11 PM,,0.0,1264.8,0.0
ORD003188,CUST00827,2023-06-06,6,2,2023-06-07,App,Delhi,Delivered,Debit Card,Morning 6-10 AM,,0.0,3660.93,3660.93
ORD003189,CUST00827,2023-04-07,4,2,2023-04-08,Web,Delhi,Delivered,Credit Card,Morning 6-10 AM,,0.0,793.71,793.71
ORD003190,CUST00827,2023-01-28,1,1,2023-01-30,App,Delhi,Delivered,Debit Card,Morning 6-10 AM,,0.0,4045.06,4045.06
ORD003191,CUST00828,2023-08-01,8,3,2023-08-04,Web,Jaipur,Delivered,UPI,Evening 4-8 PM,,0.0,56.53,56.53
ORD003192,CUST00830,2023-11-15,11,4,2023-11-18,App,Pune,Delivered,Credit Card,Afternoon 10-2 PM,,0.0,127.14,127.14
ORD003193,CUST00830,2023-12-30,12,4,2024-01-01,App,Pune,Delivered,COD,Evening 4-8 PM,XMAS23,100.04,596.16,496.12
ORD003194,CUST00830,2023-09-12,9,3,2023-09-15,App,Pune,Delivered,UPI,Morning 6-10 AM,,0.0,1255.81,1255.81
ORD003195,CUST00830,2023-04-18,4,2,2023-04-20,Web,Pune,Delivered,Credit Card,Afternoon 10-2 PM,,0.0,2503.22,2503.22
ORD003196,CUST00830,2023-07-24,7,3,,Web,Pune,Cancelled,UPI,Afternoon 10-2 PM,,0.0,1027.81,0.0
ORD003197,CUST00830,2023-02-11,2,1,2023-02-13,App,Pune,Delivered,UPI,Afternoon 10-2 PM,LOVEFEB,84.52,738.03,653.51
ORD003198,CUST00830,2023-01-03,1,1,2023-01-06,Web,Pune,Delivered,UPI,Afternoon 10-2 PM,NY2023,89.42,641.64,552.22
ORD003199,CUST00830,2023-05-14,5,2,2023-05-16,Kiosk,Pune,Delivered,UPI,Evening 4-8 PM,,0.0,468.53,468.53
ORD003200,CUST00830,2023-06-30,6,2,2023-07-03,App,Pune,Delivered,Wallet,Afternoon 10-2 PM,,0.0,1364.29,1364.29
ORD003201,CUST00830,2023-01-09,1,1,2023-01-11,Web,Pune,Delivered,UPI,Morning 6-10 AM,,0.0,1732.86,1732.86
ORD003202,CUST00830,2023-07-31,7,3,2023-08-02,App,Pune,Delivered,UPI,Evening 4-8 PM,,0.0,1577.33,1577.33
ORD003203,CUST00835,2023-02-25,2,1,2023-02-26,App,Mumbai,Delivered,UPI,Late Night 8-11 PM,,0.0,676.74,676.74
ORD003204,CUST00835,2023-11-01,11,4,2023-11-03,App,Mumbai,Delivered,UPI,Morning 6-10 AM,,0.0,813.49,813.49
ORD003205,CUST00835,2023-07-06,7,3,2023-07-07,App,Mumbai,Delivered,UPI,Afternoon 10-2 PM,,0.0,1217.78,1217.78
ORD003206,CUST00835,2023-04-28,4,2,2023-04-30,App,Mumbai,Delivered,UPI,Afternoon 10-2 PM,,0.0,690.89,690.89
ORD003207,CUST00835,2023-10-25,10,4,2023-10-28,Web,Mumbai,Delivered,Credit Card,Morning 6-10 AM,,0.0,981.3,981.3
ORD003208,CUST00835,2023-11-26,11,4,2023-11-29,Kiosk,Mumbai,Delivered,Wallet,Evening 4-8 PM,,0.0,359.75,359.75
ORD003209,CUST00835,2023-03-23,3,1,2023-03-25,App,Mumbai,Returned,UPI,Evening 4-8 PM,,0.0,208.28,6.66
ORD003210,CUST00835,2023-12-19,12,4,2023-12-21,App,Mumbai,Delivered,Debit Card,Evening 4-8 PM,,0.0,2010.69,2010.69
ORD003211,CUST00835,2023-04-13,4,2,2023-04-15,App,Mumbai,Delivered,Credit Card,Late Night 8-11 PM,,0.0,666.77,666.77
ORD003212,CUST00836,2023-05-09,5,2,2023-05-12,Web,Ahmedabad,Delivered,Wallet,Afternoon 10-2 PM,,0.0,307.25,307.25
ORD003213,CUST00838,2023-02-12,2,1,2023-02-15,Web,Mumbai,Delivered,Debit Card,Evening 4-8 PM,LOVEFEB,73.66,603.35,529.69
ORD003214,CUST00838,2023-12-11,12,4,,Kiosk,Mumbai,Cancelled,UPI,Evening 4-8 PM,,0.0,850.41,0.0
ORD003215,CUST00838,2023-02-03,2,1,2023-02-06,Web,Mumbai,Delivered,Credit Card,Morning 6-10 AM,,0.0,929.98,929.98
ORD003216,CUST00838,2023-10-01,10,4,2023-10-02,Web,Mumbai,Delivered,UPI,Morning 6-10 AM,,0.0,817.96,817.96
ORD003217,CUST00838,2023-07-19,7,3,2023-07-20,App,Mumbai,Delivered,COD,Morning 6-10 AM,,0.0,1163.61,1163.61
ORD003218,CUST00840,2023-09-26,9,3,2023-09-27,Web,Mumbai,Delivered,COD,Afternoon 10-2 PM,,0.0,959.09,959.09
ORD003219,CUST00840,2023-11-29,11,4,2023-12-01,App,Mumbai,Delivered,UPI,Morning 6-10 AM,,0.0,378.98,378.98
ORD003220,CUST00840,2023-10-12,10,4,2023-10-13,App,Mumbai,Delivered,UPI,Evening 4-8 PM,,0.0,515.78,515.78
ORD003221,CUST00840,2023-05-11,5,2,2023-05-14,Web,Mumbai,Delivered,UPI,Evening 4-8 PM,,0.0,946.15,946.15
ORD003222,CUST00840,2023-07-03,7,3,2023-07-04,Web,Mumbai,Delivered,Credit Card,Evening 4-8 PM,,0.0,1035.71,1035.71
ORD003223,CUST00840,2023-04-27,4,2,2023-04-29,App,Mumbai,Delivered,Credit Card,,,0.0,1248.95,1248.95
ORD003224,CUST00840,2023-01-28,1,1,2023-01-30,Web,Mumbai,Delivered,UPI,Afternoon 10-2 PM,,0.0,1042.97,1042.97
ORD003225,CUST00840,2023-11-03,11,4,2023-11-05,App,Mumbai,Delivered,UPI,Morning 6-10 AM,,0.0,1242.12,1242.12
ORD003226,CUST00840,2023-03-18,3,1,2023-03-20,App,Mumbai,Delivered,UPI,Afternoon 10-2 PM,,0.0,1385.11,1385.11
ORD003227,CUST00840,2023-09-30,9,3,2023-10-02,App,Mumbai,Delivered,Wallet,Evening 4-8 PM,,0.0,9907.54,9907.54
ORD003228,CUST00840,2023-09-23,9,3,2023-09-26,App,Mumbai,Delivered,Wallet,Morning 6-10 AM,,0.0,765.38,765.38
ORD003229,CUST00840,2023-07-14,7,3,,App,Mumbai,Cancelled,Credit Card,Evening 4-8 PM,,0.0,1797.11,0.0
ORD003230,CUST00840,2023-07-20,7,3,2023-07-21,App,Mumbai,Delivered,UPI,Afternoon 10-2 PM,,0.0,1439.55,1439.55
ORD003231,CUST00840,2023-07-15,7,3,2023-07-17,App,Mumbai,Delivered,Wallet,Afternoon 10-2 PM,,0.0,603.49,603.49
ORD003232,CUST00841,2023-01-30,1,1,2023-02-02,App,Ahmedabad,Delivered,COD,Afternoon 10-2 PM,,0.0,83.65,83.65
ORD003233,CUST00843,2023-05-24,5,2,,App,Lucknow,Cancelled,UPI,Afternoon 10-2 PM,,0.0,606.95,0.0
ORD003234,CUST00844,2023-01-27,1,1,2023-01-30,App,Mumbai,Delivered,UPI,Afternoon 10-2 PM,,0.0,2195.97,2195.97
ORD003235,CUST00844,2023-11-19,11,4,2023-11-22,Web,Mumbai,Delivered,UPI,Evening 4-8 PM,,0.0,2026.43,2026.43
ORD003236,CUST00844,2023-07-31,7,3,2023-08-02,Web,Mumbai,Delivered,Credit Card,Morning 6-10 AM,,0.0,186.11,186.11
ORD003237,CUST00844,2023-11-13,11,4,2023-11-14,App,Mumbai,Delivered,UPI,Morning 6-10 AM,DIWALI23SUPER,114.5,957.28,842.78
ORD003238,CUST00844,2023-11-10,11,4,2023-11-13,App,Mumbai,Delivered,UPI,Morning 6-10 AM,,0.0,1905.97,1905.97
ORD003239,CUST00844,2023-11-20,11,4,2023-11-23,App,Mumbai,Delivered,Credit Card,Late Night 8-11 PM,,0.0,636.99,636.99
ORD003240,CUST00844,2023-04-07,4,2,2023-04-09,App,Mumbai,Delivered,UPI,Afternoon 10-2 PM,,0.0,1534.84,1534.84
ORD003241,CUST00844,2023-02-10,2,1,2023-02-12,App,Mumbai,Delivered,UPI,Evening 4-8 PM,LOVEFEB,206.68,1504.4,1297.72
ORD003242,CUST00844,2023-03-01,3,1,2023-03-03,App,Mumbai,Delivered,COD,Morning 6-10 AM,,0.0,21.52,21.52
ORD003243,CUST00844,2023-08-11,8,3,2023-08-14,Web,Mumbai,Delivered,Debit Card,Morning 6-10 AM,,0.0,3549.45,3549.45
ORD003244,CUST00844,2023-10-10,10,4,2023-10-11,App,Mumbai,Delivered,COD,Morning 6-10 AM,,0.0,1459.08,1459.08
ORD003245,CUST00844,2023-04-01,4,2,2023-04-02,App,Mumbai,Returned,UPI,Evening 4-8 PM,,0.0,2560.6,722.15
ORD003246,CUST00844,2023-09-09,9,3,2023-09-11,Kiosk,Mumbai,Delivered,Credit Card,Evening 4-8 PM,,0.0,549.13,549.13
ORD003247,CUST00844,2023-11-26,11,4,2023-11-27,App,Mumbai,Delivered,Debit Card,Morning 6-10 AM,,0.0,343.8,343.8
ORD003248,CUST00844,2023-03-31,3,1,2023-04-03,App,Mumbai,Delivered,UPI,Evening 4-8 PM,,0.0,3608.44,3608.44
ORD003249,CUST00844,2023-04-22,4,2,,Web,Mumbai,Cancelled,Debit Card,Morning 6-10 AM,,0.0,1676.94,0.0
ORD003250,CUST00844,2023-04-02,4,2,2023-04-03,App,Mumbai,Delivered,Debit Card,Morning 6-10 AM,,0.0,957.8,957.8
ORD003251,CUST00845,2023-02-04,2,1,2023-02-06,App,Delhi,Delivered,Debit Card,Morning 6-10 AM,,0.0,1366.09,1366.09
ORD003252,CUST00845,2023-01-04,1,1,2023-01-07,Web,Delhi,Delivered,UPI,Evening 4-8 PM,,0.0,1451.08,1451.08
ORD003253,CUST00845,2023-11-06,11,4,2023-11-08,App,Delhi,Delivered,COD,Afternoon 10-2 PM,,0.0,461.2,461.2
ORD003254,CUST00845,2023-11-16,11,4,2023-11-17,Web,Delhi,Returned,Debit Card,Afternoon 10-2 PM,,0.0,694.42,199.19
ORD003255,CUST00845,2023-12-19,12,4,2023-12-21,Web,Delhi,Delivered,Wallet,Afternoon 10-2 PM,,0.0,1604.06,1604.06
ORD003256,CUST00846,2023-07-27,7,3,2023-07-30,Web,Delhi,Delivered,UPI,Afternoon 10-2 PM,,0.0,2507.77,2507.77
ORD003257,CUST00846,2023-05-28,5,2,2023-05-31,Web,Delhi,Delivered,UPI,Late Night 8-11 PM,,0.0,1997.43,1997.43
ORD003258,CUST00846,2023-02-25,2,1,2023-02-27,Web,Delhi,Delivered,UPI,Evening 4-8 PM,,0.0,1298.36,1298.36
ORD003259,CUST00846,2023-12-05,12,4,2023-12-06,Web,Delhi,Delivered,COD,Afternoon 10-2 PM,,0.0,990.97,990.97
ORD003260,CUST00846,2023-02-02,2,1,2023-02-05,App,Delhi,Delivered,Credit Card,Evening 4-8 PM,,0.0,619.11,619.11
ORD003261,CUST00846,2023-12-13,12,4,,App,Delhi,Cancelled,Credit Card,Morning 6-10 AM,,0.0,1093.69,0.0
ORD003262,CUST00846,2023-10-14,10,4,2023-10-15,App,Delhi,Delivered,UPI,Morning 6-10 AM,,0.0,792.35,792.35
ORD003263,CUST00846,2023-03-14,3,1,2023-03-17,Web,Delhi,Delivered,Debit Card,Evening 4-8 PM,,0.0,3478.65,3478.65
ORD003264,CUST00846,2023-08-14,8,3,2023-08-17,Web,Delhi,Delivered,UPI,Evening 4-8 PM,FREEDOM23,497.06,4396.33,3899.27
ORD003265,CUST00846,2023-10-02,10,4,2023-10-04,Web,Delhi,Delivered,UPI,Morning 6-10 AM,,0.0,2884.36,2884.36
ORD003266,CUST00846,2023-03-12,3,1,2023-03-14,Web,Delhi,Delivered,UPI,Afternoon 10-2 PM,,0.0,788.69,788.69
ORD003267,CUST00846,2023-09-01,9,3,2023-09-02,App,Delhi,Delivered,UPI,Morning 6-10 AM,,0.0,3298.95,3298.95
ORD003268,CUST00846,2023-02-11,2,1,,App,Delhi,Cancelled,UPI,Morning 6-10 AM,,0.0,1181.3,0.0
ORD003269,CUST00846,2023-11-25,11,4,2023-11-27,App,Delhi,Delivered,Debit Card,Evening 4-8 PM,BIGSALE23,93.41,683.98,590.57
ORD003270,CUST00846,2023-02-16,2,1,2023-02-17,Web,Delhi,Delivered,UPI,Evening 4-8 PM,,0.0,6299.25,6299.25
ORD003271,CUST00847,2023-06-14,6,2,2023-06-16,App,Delhi,Delivered,UPI,Late Night 8-11 PM,,0.0,2689.73,2689.73
ORD003272,CUST00847,2023-10-14,10,4,2023-10-16,Web,Delhi,Delivered,Wallet,Afternoon 10-2 PM,,0.0,220.26,220.26
ORD003273,CUST00847,2023-11-09,11,4,2023-11-10,Web,Delhi,Delivered,Wallet,Evening 4-8 PM,,0.0,1449.69,1449.69
ORD003274,CUST00847,2023-10-16,10,4,2023-10-18,App,Delhi,Delivered,COD,,,0.0,766.41,766.41
ORD003275,CUST00847,2023-10-07,10,4,2023-10-08,App,Delhi,Delivered,UPI,Late Night 8-11 PM,,0.0,3213.56,3213.56
ORD003276,CUST00847,2023-01-15,1,1,2023-01-16,Kiosk,Delhi,Delivered,UPI,Afternoon 10-2 PM,,0.0,2518.43,2518.43
ORD003277,CUST00847,2023-07-18,7,3,2023-07-19,App,Delhi,Delivered,UPI,Morning 6-10 AM,,0.0,732.38,732.38
ORD003278,CUST00848,2023-09-16,9,3,2023-09-18,Kiosk,Mumbai,Delivered,UPI,Late Night 8-11 PM,,0.0,1400.82,1400.82
ORD003279,CUST00848,2023-05-21,5,2,2023-05-24,App,Mumbai,Delivered,COD,Afternoon 10-2 PM,,0.0,668.66,668.66
ORD003280,CUST00848,2023-06-21,6,2,2023-06-22,App,Mumbai,Delivered,Debit Card,Morning 6-10 AM,,0.0,265.35,265.35
ORD003281,CUST00848,2023-05-25,5,2,2023-05-27,Web,Mumbai,Delivered,COD,Evening 4-8 PM,,0.0,1384.06,1384.06
ORD003282,CUST00848,2023-07-17,7,3,2023-07-18,App,Mumbai,Delivered,Debit Card,Evening 4-8 PM,,0.0,591.86,591.86
ORD003283,CUST00850,2023-04-29,4,2,2023-04-30,App,Delhi,Delivered,Debit Card,Evening 4-8 PM,,0.0,138.86,138.86
ORD003284,CUST00853,2023-01-31,1,1,2023-02-02,Web,Mumbai,Delivered,UPI,Morning 6-10 AM,,0.0,397.5,397.5
ORD003285,CUST00854,2023-10-05,10,4,2023-10-07,App,Hyderabad,Delivered,COD,Morning 6-10 AM,,0.0,1636.85,1636.85
ORD003286,CUST00855,2023-12-09,12,4,,Web,Hyderabad,Cancelled,Debit Card,Afternoon 10-2 PM,,0.0,1539.9,0.0
ORD003287,CUST00857,2023-09-29,9,3,2023-09-30,App,Delhi,Returned,UPI,Morning 6-10 AM,,0.0,1541.79,563.72
ORD003288,CUST00857,2023-06-09,6,2,2023-06-10,Web,Delhi,Delivered,UPI,Evening 4-8 PM,,0.0,743.13,743.13
ORD003289,CUST00857,2023-11-28,11,4,2023-11-30,App,Delhi,Delivered,COD,Evening 4-8 PM,,0.0,550.07,550.07
ORD003290,CUST00857,2023-05-27,5,2,2023-05-29,Web,Delhi,Delivered,Debit Card,Morning 6-10 AM,,0.0,904.93,904.93
ORD003291,CUST00857,2023-01-09,1,1,2023-01-12,Web,Delhi,Delivered,Debit Card,Evening 4-8 PM,,0.0,2665.82,2665.82
ORD003292,CUST00857,2023-02-11,2,1,2023-02-13,App,Delhi,Delivered,Credit Card,Morning 6-10 AM,LOVEFEB,419.4,2779.76,2360.36
ORD003293,CUST00857,2023-03-06,3,1,2023-03-09,App,Delhi,Delivered,COD,Evening 4-8 PM,,0.0,1831.72,1831.72
ORD003294,CUST00857,2023-11-02,11,4,2023-11-03,App,Delhi,Delivered,Credit Card,Evening 4-8 PM,,0.0,1005.22,1005.22
ORD003295,CUST00857,2023-05-02,5,2,2023-05-05,App,Delhi,Delivered,Wallet,Evening 4-8 PM,,0.0,391.34,391.34
ORD003296,CUST00857,2023-06-30,6,2,2023-07-01,Web,Delhi,Delivered,UPI,Evening 4-8 PM,,0.0,792.7,792.7
ORD003297,CUST00857,2023-01-05,1,1,2023-01-08,App,Delhi,Delivered,UPI,Evening 4-8 PM,,0.0,493.7,493.7
ORD003298,CUST00857,2023-12-12,12,4,2023-12-13,Web,Delhi,Delivered,UPI,Afternoon 10-2 PM,,0.0,1103.19,1103.19
ORD003299,CUST00857,2023-05-24,5,2,2023-05-25,App,Delhi,Delivered,UPI,Afternoon 10-2 PM,,0.0,699.09,699.09
ORD003300,CUST00857,2023-05-11,5,2,,Web,Delhi,Cancelled,UPI,Evening 4-8 PM,,0.0,546.3,0.0
ORD003301,CUST00858,2023-08-21,8,3,2023-08-23,App,Bengaluru,Delivered,UPI,Morning 6-10 AM,,0.0,867.44,867.44
ORD003302,CUST00858,2023-11-30,11,4,2023-12-01,App,Bengaluru,Delivered,Debit Card,Afternoon 10-2 PM,,0.0,322.99,322.99
ORD003303,CUST00860,2023-10-17,10,4,2023-10-20,App,Bengaluru,Delivered,UPI,Morning 6-10 AM,,0.0,1597.96,1597.96
ORD003304,CUST00860,2023-06-14,6,2,2023-06-17,App,Bengaluru,Delivered,UPI,Evening 4-8 PM,,0.0,1564.36,1564.36
ORD003305,CUST00860,2023-07-12,7,3,,App,Bengaluru,Cancelled,Debit Card,Morning 6-10 AM,,0.0,346.63,0.0
ORD003306,CUST00860,2023-11-25,11,4,2023-11-28,App,Bengaluru,Delivered,UPI,Morning 6-10 AM,,0.0,1492.65,1492.65
ORD003307,CUST00860,2023-02-12,2,1,2023-02-14,App,Bengaluru,Delivered,Credit Card,Morning 6-10 AM,,0.0,1016.96,1016.96
ORD003308,CUST00860,2023-09-29,9,3,2023-10-01,App,Bengaluru,Delivered,Credit Card,Late Night 8-11 PM,,0.0,798.97,798.97
ORD003309,CUST00860,2023-06-27,6,2,2023-06-29,App,Bengaluru,Delivered,Debit Card,Evening 4-8 PM,,0.0,3200.13,3200.13
ORD003310,CUST00860,2023-06-09,6,2,2023-06-11,Web,Bengaluru,Delivered,Credit Card,Evening 4-8 PM,,0.0,1460.51,1460.51
ORD003311,CUST00860,2023-02-07,2,1,2023-02-09,App,Bengaluru,Delivered,COD,Morning 6-10 AM,,0.0,1019.94,1019.94
ORD003312,CUST00862,2023-11-29,11,4,2023-12-02,App,Mumbai,Delivered,Credit Card,Afternoon 10-2 PM,,0.0,292.73,292.73
ORD003313,CUST00862,2023-04-12,4,2,2023-04-14,Web,Mumbai,Delivered,UPI,Morning 6-10 AM,,0.0,1987.5,1987.5
ORD003314,CUST00862,2023-11-29,11,4,2023-11-30,Web,Mumbai,Returned,COD,Evening 4-8 PM,,0.0,1274.03,566.75
ORD003315,CUST00862,2023-01-06,1,1,2023-01-09,App,Mumbai,Delivered,UPI,Morning 6-10 AM,,0.0,507.7,507.7
ORD003316,CUST00862,2023-09-19,9,3,2023-09-22,Web,Mumbai,Delivered,Credit Card,Morning 6-10 AM,,0.0,304.16,304.16
ORD003317,CUST00863,2023-04-16,4,2,,App,Delhi,Cancelled,Wallet,Morning 6-10 AM,,0.0,567.34,0.0
ORD003318,CUST00863,2023-01-11,1,1,2023-01-12,App,Delhi,Delivered,Debit Card,Morning 6-10 AM,,0.0,1072.03,1072.03
ORD003319,CUST00863,2023-03-01,3,1,2023-03-03,App,Delhi,Delivered,UPI,Late Night 8-11 PM,,0.0,148.52,148.52
ORD003320,CUST00863,2023-03-28,3,1,2023-03-30,App,Delhi,Delivered,UPI,Afternoon 10-2 PM,,0.0,306.72,306.72
ORD003321,CUST00866,2023-06-20,6,2,2023-06-22,Kiosk,Delhi,Delivered,Wallet,Evening 4-8 PM,,0.0,3036.35,3036.35
ORD003322,CUST00866,2023-07-01,7,3,2023-07-04,App,Delhi,Delivered,COD,Afternoon 10-2 PM,,0.0,1643.38,1643.38
ORD003323,CUST00866,2023-10-13,10,4,2023-10-15,App,Delhi,Returned,UPI,Afternoon 10-2 PM,,0.0,989.48,267.91
ORD003324,CUST00866,2023-12-17,12,4,2023-12-18,Web,Delhi,Delivered,UPI,Morning 6-10 AM,,0.0,1353.98,1353.98
ORD003325,CUST00866,2023-09-06,9,3,2023-09-08,App,Delhi,Delivered,UPI,Morning 6-10 AM,,0.0,634.49,634.49
ORD003326,CUST00866,2023-09-24,9,3,2023-09-27,App,Delhi,Delivered,COD,Evening 4-8 PM,,0.0,366.75,366.75
ORD003327,CUST00866,2023-08-16,8,3,2023-08-17,App,Delhi,Returned,COD,Morning 6-10 AM,FREEDOM23,30.42,254.84,0.0
ORD003328,CUST00866,2023-09-04,9,3,2023-09-07,App,Delhi,Delivered,UPI,Evening 4-8 PM,,0.0,2160.3,2160.3
ORD003329,CUST00866,2023-05-30,5,2,2023-06-01,App,Delhi,Delivered,UPI,Morning 6-10 AM,,0.0,254.37,254.37
ORD003330,CUST00866,2023-10-14,10,4,,App,Delhi,Cancelled,Debit Card,Morning 6-10 AM,,0.0,2415.25,0.0
ORD003331,CUST00866,2023-02-20,2,1,2023-02-23,Web,Delhi,Delivered,Debit Card,Evening 4-8 PM,,0.0,1464.84,1464.84
ORD003332,CUST00866,2023-12-16,12,4,2023-12-17,App,Delhi,Delivered,Debit Card,Afternoon 10-2 PM,,0.0,1422.79,1422.79
ORD003333,CUST00867,2023-09-07,9,3,2023-09-10,Web,Mumbai,Delivered,COD,Morning 6-10 AM,,0.0,1054.08,1054.08
ORD003334,CUST00869,2023-05-24,5,2,2023-05-25,App,Mumbai,Delivered,COD,Late Night 8-11 PM,,0.0,469.94,469.94
ORD003335,CUST00869,2023-04-14,4,2,2023-04-17,App,Mumbai,Delivered,Debit Card,Afternoon 10-2 PM,,0.0,1845.16,1845.16
ORD003336,CUST00869,2023-02-18,2,1,2023-02-19,App,Mumbai,Delivered,UPI,Evening 4-8 PM,,0.0,1525.65,1525.65
ORD003337,CUST00869,2023-06-14,6,2,2023-06-17,Web,Mumbai,Delivered,Debit Card,Afternoon 10-2 PM,,0.0,1838.41,1838.41
ORD003338,CUST00869,2023-11-28,11,4,,Kiosk,Mumbai,Cancelled,Debit Card,Late Night 8-11 PM,,0.0,1716.3,0.0
ORD003339,CUST00869,2023-10-17,10,4,2023-10-19,Web,Mumbai,Delivered,Credit Card,Late Night 8-11 PM,,0.0,725.04,725.04
ORD003340,CUST00869,2023-08-01,8,3,2023-08-04,App,Mumbai,Delivered,UPI,Morning 6-10 AM,,0.0,1510.01,1510.01
ORD003341,CUST00869,2023-01-01,1,1,2023-01-03,Web,Mumbai,Delivered,UPI,Late Night 8-11 PM,NY2023,337.26,2112.99,1775.73
ORD003342,CUST00869,2023-07-11,7,3,2023-07-13,Web,Mumbai,Delivered,Credit Card,Evening 4-8 PM,,0.0,408.33,408.33
ORD003343,CUST00869,2023-01-10,1,1,2023-01-11,Web,Mumbai,Delivered,Wallet,Afternoon 10-2 PM,,0.0,1659.23,1659.23
ORD003344,CUST00869,2023-08-01,8,3,2023-08-02,Web,Mumbai,Delivered,UPI,Late Night 8-11 PM,,0.0,739.51,739.51
ORD003345,CUST00870,2023-02-20,2,1,,App,Mumbai,Cancelled,Credit Card,Evening 4-8 PM,,0.0,2033.24,0.0
ORD003346,CUST00870,2023-06-18,6,2,2023-06-20,Web,Mumbai,Delivered,UPI,Evening 4-8 PM,,0.0,895.13,895.13
ORD003347,CUST00870,2023-04-22,4,2,2023-04-24,App,Mumbai,Delivered,UPI,Afternoon 10-2 PM,,0.0,104.81,104.81
ORD003348,CUST00870,2023-05-25,5,2,2023-05-27,Web,Mumbai,Delivered,Credit Card,Afternoon 10-2 PM,,0.0,222.95,222.95
ORD003349,CUST00870,2023-03-15,3,1,2023-03-18,App,Mumbai,Delivered,UPI,Morning 6-10 AM,,0.0,2572.85,2572.85
ORD003350,CUST00870,2023-10-31,10,4,2023-11-03,App,Mumbai,Delivered,UPI,Morning 6-10 AM,,0.0,3149.19,3149.19
ORD003351,CUST00870,2023-04-15,4,2,2023-04-18,Kiosk,Mumbai,Delivered,Debit Card,Evening 4-8 PM,,0.0,310.66,310.66
ORD003352,CUST00870,2023-04-11,4,2,2023-04-12,Web,Mumbai,Delivered,COD,Morning 6-10 AM,,0.0,1157.43,1157.43
ORD003353,CUST00870,2023-06-16,6,2,2023-06-17,Web,Mumbai,Delivered,UPI,Evening 4-8 PM,,0.0,2134.12,2134.12
ORD003354,CUST00870,2023-09-27,9,3,2023-09-28,Web,Mumbai,Delivered,COD,Late Night 8-11 PM,,0.0,581.14,581.14
ORD003355,CUST00870,2023-02-15,2,1,2023-02-16,App,Mumbai,Delivered,UPI,Afternoon 10-2 PM,,0.0,1867.16,1867.16
ORD003356,CUST00870,2023-03-03,3,1,2023-03-06,Web,Mumbai,Delivered,Credit Card,Late Night 8-11 PM,,0.0,2127.81,2127.81
ORD003357,CUST00870,2023-05-22,5,2,,App,Mumbai,Cancelled,Credit Card,Evening 4-8 PM,,0.0,1932.06,0.0
ORD003358,CUST00870,2023-05-24,5,2,2023-05-27,Web,Mumbai,Delivered,Wallet,Afternoon 10-2 PM,,0.0,963.87,963.87
ORD003359,CUST00870,2023-08-22,8,3,2023-08-24,Web,Mumbai,Delivered,UPI,Afternoon 10-2 PM,,0.0,1005.96,1005.96
ORD003360,CUST00870,2023-05-06,5,2,,Web,Mumbai,Cancelled,UPI,Afternoon 10-2 PM,,0.0,2543.93,0.0
ORD003361,CUST00870,2023-08-27,8,3,2023-08-30,Kiosk,Mumbai,Delivered,UPI,Evening 4-8 PM,,0.0,951.82,951.82
ORD003362,CUST00870,2023-10-12,10,4,2023-10-14,App,Mumbai,Delivered,Credit Card,Evening 4-8 PM,,0.0,262.69,262.69
ORD003363,CUST00870,2023-08-03,8,3,2023-08-04,App,Mumbai,Delivered,UPI,Late Night 8-11 PM,,0.0,2672.29,2672.29
ORD003364,CUST00870,2023-07-16,7,3,2023-07-18,Web,Mumbai,Delivered,COD,Afternoon 10-2 PM,,0.0,1512.92,1512.92
ORD003365,CUST00870,2023-12-11,12,4,2023-12-13,App,Mumbai,Delivered,COD,Evening 4-8 PM,,0.0,1124.27,1124.27
ORD003366,CUST00871,2023-04-19,4,2,2023-04-20,Web,Hyderabad,Delivered,UPI,Morning 6-10 AM,,0.0,568.45,568.45
ORD003367,CUST00871,2023-11-14,11,4,2023-11-17,App,Hyderabad,Delivered,UPI,Evening 4-8 PM,,0.0,281.09,281.09
ORD003368,CUST00871,2023-04-30,4,2,2023-05-02,App,Hyderabad,Returned,Wallet,Evening 4-8 PM,,0.0,299.6,1.92
ORD003369,CUST00871,2023-01-21,1,1,2023-01-23,App,Hyderabad,Delivered,COD,Afternoon 10-2 PM,,0.0,734.01,734.01
ORD003370,CUST00871,2023-04-29,4,2,2023-04-30,Web,Hyderabad,Delivered,Debit Card,Afternoon 10-2 PM,,0.0,952.74,952.74
ORD003371,CUST00871,2023-11-16,11,4,2023-11-17,App,Hyderabad,Delivered,UPI,Afternoon 10-2 PM,,0.0,2100.8,2100.8
ORD003372,CUST00874,2023-08-20,8,3,2023-08-21,App,Mumbai,Returned,UPI,Afternoon 10-2 PM,,0.0,306.87,12.13
ORD003373,CUST00874,2023-09-19,9,3,2023-09-20,App,Mumbai,Delivered,UPI,Morning 6-10 AM,,0.0,661.3,661.3
ORD003374,CUST00874,2023-10-06,10,4,2023-10-08,App,Mumbai,Delivered,Wallet,Evening 4-8 PM,,0.0,1404.19,1404.19
ORD003375,CUST00874,2023-10-25,10,4,2023-10-26,Web,Mumbai,Delivered,Credit Card,Afternoon 10-2 PM,,0.0,1676.33,1676.33
ORD003376,CUST00875,2023-07-11,7,3,2023-07-14,App,Delhi,Delivered,UPI,Morning 6-10 AM,,0.0,1476.19,1476.19
ORD003377,CUST00875,2023-01-02,1,1,2023-01-04,Kiosk,Delhi,Delivered,UPI,Morning 6-10 AM,,0.0,1005.27,1005.27
ORD003378,CUST00875,2023-07-18,7,3,2023-07-20,Kiosk,Delhi,Delivered,UPI,Morning 6-10 AM,,0.0,2802.41,2802.41
ORD003379,CUST00875,2023-10-15,10,4,2023-10-16,App,Delhi,Delivered,UPI,Afternoon 10-2 PM,,0.0,816.53,816.53
ORD003380,CUST00875,2023-10-06,10,4,2023-10-09,App,Delhi,Delivered,Debit Card,Morning 6-10 AM,,0.0,298.42,298.42
ORD003381,CUST00875,2023-09-25,9,3,2023-09-28,Web,Delhi,Delivered,Debit Card,Morning 6-10 AM,,0.0,2954.72,2954.72
ORD003382,CUST00878,2023-02-09,2,1,2023-02-11,Web,Mumbai,Delivered,Credit Card,Afternoon 10-2 PM,,0.0,1910.84,1910.84
ORD003383,CUST00878,2023-03-27,3,1,2023-03-30,Web,Mumbai,Delivered,Credit Card,Late Night 8-11 PM,,0.0,427.91,427.91
ORD003384,CUST00878,2023-12-16,12,4,2023-12-18,Web,Mumbai,Delivered,UPI,Evening 4-8 PM,,0.0,1588.5,1588.5
ORD003385,CUST00878,2023-03-21,3,1,2023-03-23,Web,Mumbai,Delivered,UPI,,,0.0,1650.4,1650.4
ORD003386,CUST00878,2023-03-14,3,1,2023-03-15,App,Mumbai,Delivered,Debit Card,Evening 4-8 PM,,0.0,1921.14,1921.14
ORD003387,CUST00878,2023-09-14,9,3,,Kiosk,Mumbai,Cancelled,Debit Card,Afternoon 10-2 PM,,0.0,1208.45,0.0
ORD003388,CUST00878,2023-04-29,4,2,2023-05-01,App,Mumbai,Returned,Wallet,Morning 6-10 AM,,0.0,1855.62,380.08
ORD003389,CUST00879,2023-10-19,10,4,2023-10-20,App,Delhi,Delivered,Wallet,Morning 6-10 AM,,0.0,2868.19,2868.19
ORD003390,CUST00879,2023-01-13,1,1,2023-01-16,App,Delhi,Delivered,Debit Card,,,0.0,2697.85,2697.85
ORD003391,CUST00879,2023-03-27,3,1,2023-03-28,App,Delhi,Delivered,UPI,Morning 6-10 AM,,0.0,3196.81,3196.81
ORD003392,CUST00879,2023-12-02,12,4,2023-12-03,App,Delhi,Delivered,Credit Card,Morning 6-10 AM,,0.0,1013.94,1013.94
ORD003393,CUST00879,2023-03-28,3,1,2023-03-29,Kiosk,Delhi,Delivered,Credit Card,Morning 6-10 AM,,0.0,456.95,456.95
ORD003394,CUST00879,2023-04-07,4,2,2023-04-08,App,Delhi,Delivered,UPI,Morning 6-10 AM,,0.0,1021.15,1021.15
ORD003395,CUST00880,2023-06-13,6,2,2023-06-15,App,Mumbai,Delivered,UPI,Morning 6-10 AM,,0.0,1295.11,1295.11
ORD003396,CUST00880,2023-01-14,1,1,2023-01-16,Web,Mumbai,Delivered,UPI,Morning 6-10 AM,,0.0,1905.62,1905.62
ORD003397,CUST00881,2023-07-09,7,3,2023-07-12,App,Bengaluru,Delivered,UPI,Evening 4-8 PM,,0.0,379.06,379.06
ORD003398,CUST00881,2023-02-20,2,1,2023-02-21,App,Bengaluru,Delivered,UPI,Morning 6-10 AM,,0.0,1029.73,1029.73
ORD003399,CUST00881,2023-09-19,9,3,2023-09-22,App,Bengaluru,Delivered,Credit Card,Evening 4-8 PM,,0.0,2023.34,2023.34
ORD003400,CUST00881,2023-12-04,12,4,2023-12-05,Kiosk,Bengaluru,Delivered,UPI,Afternoon 10-2 PM,,0.0,1058.54,1058.54
ORD003401,CUST00882,2023-10-10,10,4,2023-10-13,App,Pune,Delivered,COD,Morning 6-10 AM,,0.0,158.91,158.91
ORD003402,CUST00882,2023-01-31,1,1,2023-02-03,Web,Pune,Delivered,UPI,Afternoon 10-2 PM,,0.0,208.65,208.65
ORD003403,CUST00883,2023-09-28,9,3,2023-09-30,App,Mumbai,Returned,Wallet,Morning 6-10 AM,,0.0,2159.87,1746.22
ORD003404,CUST00883,2023-09-05,9,3,2023-09-07,App,Mumbai,Delivered,UPI,Evening 4-8 PM,,0.0,673.44,673.44
ORD003405,CUST00883,2023-02-08,2,1,2023-02-10,App,Mumbai,Delivered,COD,Morning 6-10 AM,,0.0,1909.08,1909.08
ORD003406,CUST00883,2023-10-23,10,4,2023-10-25,Kiosk,Mumbai,Delivered,UPI,Evening 4-8 PM,,0.0,2896.03,2896.03
ORD003407,CUST00883,2023-04-14,4,2,,App,Mumbai,Cancelled,COD,Morning 6-10 AM,,0.0,1373.55,0.0
ORD003408,CUST00885,2023-04-10,4,2,2023-04-13,Web,Mumbai,Delivered,Debit Card,Afternoon 10-2 PM,,0.0,70.71,70.71
ORD003409,CUST00887,2023-06-09,6,2,2023-06-10,App,Delhi,Delivered,UPI,Morning 6-10 AM,,0.0,990.31,990.31
ORD003410,CUST00888,2023-12-23,12,4,2023-12-26,App,Mumbai,Delivered,UPI,Afternoon 10-2 PM,,0.0,575.35,575.35
ORD003411,CUST00890,2023-05-13,5,2,2023-05-14,App,Lucknow,Delivered,Credit Card,Morning 6-10 AM,,0.0,299.98,299.98
ORD003412,CUST00890,2023-08-13,8,3,2023-08-14,App,Lucknow,Delivered,UPI,Evening 4-8 PM,FREEDOM23,41.55,322.43,280.88
ORD003413,CUST00891,2023-12-29,12,4,2023-12-30,App,Bengaluru,Delivered,COD,Morning 6-10 AM,,0.0,386.03,386.03
ORD003414,CUST00896,2023-05-24,5,2,2023-05-26,App,Bengaluru,Delivered,Credit Card,Afternoon 10-2 PM,,0.0,790.36,790.36
ORD003415,CUST00896,2023-12-23,12,4,2023-12-26,Kiosk,Bengaluru,Delivered,Credit Card,Morning 6-10 AM,,0.0,1781.38,1781.38
ORD003416,CUST00896,2023-04-15,4,2,2023-04-16,App,Bengaluru,Delivered,UPI,Afternoon 10-2 PM,,0.0,423.89,423.89
ORD003417,CUST00896,2023-08-18,8,3,2023-08-20,App,Bengaluru,Delivered,UPI,Afternoon 10-2 PM,,0.0,3788.82,3788.82
ORD003418,CUST00896,2023-05-15,5,2,2023-05-18,Kiosk,Bengaluru,Delivered,UPI,Morning 6-10 AM,,0.0,793.45,793.45
ORD003419,CUST00896,2023-10-10,10,4,2023-10-13,Web,Bengaluru,Delivered,UPI,Evening 4-8 PM,,0.0,242.7,242.7
ORD003420,CUST00896,2023-03-19,3,1,2023-03-21,Web,Bengaluru,Delivered,UPI,Afternoon 10-2 PM,,0.0,1598.35,1598.35
ORD003421,CUST00896,2023-12-25,12,4,2023-12-26,Web,Bengaluru,Delivered,Credit Card,Late Night 8-11 PM,,0.0,1208.04,1208.04
ORD003422,CUST00901,2023-01-18,1,1,2023-01-20,App,Ahmedabad,Returned,UPI,Morning 6-10 AM,,0.0,570.25,129.54
ORD003423,CUST00901,2023-03-01,3,1,2023-03-04,Web,Ahmedabad,Delivered,Wallet,Afternoon 10-2 PM,,0.0,3025.24,3025.24
ORD003424,CUST00902,2023-07-16,7,3,,Web,Jaipur,Cancelled,UPI,Late Night 8-11 PM,,0.0,201.69,0.0
ORD003425,CUST00903,2023-03-21,3,1,2023-03-23,App,Hyderabad,Delivered,Wallet,Evening 4-8 PM,,0.0,629.93,629.93
ORD003426,CUST00905,2023-02-18,2,1,2023-02-20,Web,Pune,Delivered,Wallet,Late Night 8-11 PM,,0.0,877.77,877.77
ORD003427,CUST00905,2023-02-23,2,1,2023-02-24,Web,Pune,Delivered,Debit Card,Morning 6-10 AM,,0.0,545.79,545.79
ORD003428,CUST00905,2023-06-21,6,2,2023-06-22,App,Pune,Delivered,Debit Card,Evening 4-8 PM,,0.0,319.28,319.28
ORD003429,CUST00906,2023-04-19,4,2,2023-04-22,App,Delhi,Delivered,Wallet,Morning 6-10 AM,,0.0,704.9,704.9
ORD003430,CUST00906,2023-12-17,12,4,2023-12-20,App,Delhi,Delivered,UPI,Evening 4-8 PM,,0.0,1939.85,1939.85
ORD003431,CUST00906,2023-06-16,6,2,2023-06-18,App,Delhi,Delivered,Credit Card,Morning 6-10 AM,,0.0,557.37,557.37
ORD003432,CUST00906,2023-07-01,7,3,2023-07-04,App,Delhi,Delivered,UPI,Afternoon 10-2 PM,,0.0,2103.34,2103.34
ORD003433,CUST00906,2023-11-20,11,4,2023-11-22,Web,Delhi,Delivered,UPI,,BIGSALE23,146.8,2010.03,1863.23
ORD003434,CUST00906,2023-09-21,9,3,2023-09-24,Kiosk,Delhi,Delivered,Credit Card,Morning 6-10 AM,,0.0,1175.22,1175.22
ORD003435,CUST00906,2023-01-01,1,1,2023-01-04,App,Delhi,Delivered,UPI,Evening 4-8 PM,NY2023,183.68,3119.88,2936.2
ORD003436,CUST00906,2023-06-07,6,2,2023-06-10,Web,Delhi,Delivered,UPI,Late Night 8-11 PM,,0.0,3296.34,3296.34
ORD003437,CUST00906,2023-01-10,1,1,2023-01-13,App,Delhi,Delivered,Debit Card,Afternoon 10-2 PM,,0.0,1823.37,1823.37
ORD003438,CUST00906,2023-06-18,6,2,2023-06-20,App,Delhi,Delivered,Credit Card,Morning 6-10 AM,,0.0,1042.38,1042.38
ORD003439,CUST00906,2023-08-18,8,3,2023-08-20,App,Delhi,Delivered,Credit Card,Morning 6-10 AM,,0.0,1133.27,1133.27
ORD003440,CUST00906,2023-02-21,2,1,2023-02-22,App,Delhi,Delivered,COD,Afternoon 10-2 PM,,0.0,1687.33,1687.33
ORD003441,CUST00906,2023-03-15,3,1,2023-03-18,Kiosk,Delhi,Delivered,UPI,Afternoon 10-2 PM,,0.0,1000.06,1000.06
ORD003442,CUST00906,2023-05-14,5,2,2023-05-15,Web,Delhi,Returned,Debit Card,Morning 6-10 AM,,0.0,1284.52,326.08
ORD003443,CUST00906,2023-09-06,9,3,2023-09-08,App,Delhi,Returned,UPI,Evening 4-8 PM,,0.0,3275.01,697.93
ORD003444,CUST00908,2023-06-04,6,2,,App,Mumbai,Cancelled,Wallet,Evening 4-8 PM,,0.0,2088.41,0.0
ORD003445,CUST00908,2023-12-13,12,4,2023-12-14,App,Mumbai,Returned,UPI,Evening 4-8 PM,,0.0,1429.83,933.32
ORD003446,CUST00908,2023-01-02,1,1,2023-01-03,App,Mumbai,Delivered,Credit Card,Evening 4-8 PM,,0.0,538.25,538.25
ORD003447,CUST00908,2023-11-14,11,4,2023-11-16,App,Mumbai,Delivered,UPI,Morning 6-10 AM,,0.0,1684.57,1684.57
ORD003448,CUST00908,2023-04-08,4,2,2023-04-11,App,Mumbai,Delivered,UPI,,,0.0,2434.8,2434.8
ORD003449,CUST00908,2023-06-02,6,2,2023-06-04,App,Mumbai,Delivered,UPI,Morning 6-10 AM,,0.0,441.73,441.73
ORD003450,CUST00908,2023-11-24,11,4,2023-11-26,App,Mumbai,Delivered,Debit Card,Morning 6-10 AM,,0.0,2744.1,2744.1
ORD003451,CUST00908,2023-01-17,1,1,2023-01-19,App,Mumbai,Delivered,UPI,Morning 6-10 AM,,0.0,1370.65,1370.65
ORD003452,CUST00908,2023-10-02,10,4,2023-10-05,App,Mumbai,Delivered,UPI,Afternoon 10-2 PM,,0.0,816.52,816.52
ORD003453,CUST00908,2023-09-14,9,3,2023-09-17,App,Mumbai,Delivered,UPI,Evening 4-8 PM,,0.0,814.26,814.26
ORD003454,CUST00908,2023-05-25,5,2,2023-05-26,App,Mumbai,Returned,Credit Card,Afternoon 10-2 PM,,0.0,463.57,160.99
ORD003455,CUST00908,2023-12-19,12,4,2023-12-20,Kiosk,Mumbai,Delivered,COD,Morning 6-10 AM,,0.0,1310.96,1310.96
ORD003456,CUST00908,2023-09-21,9,3,2023-09-22,Kiosk,Mumbai,Delivered,Debit Card,Evening 4-8 PM,,0.0,1393.16,1393.16
ORD003457,CUST00908,2023-11-15,11,4,2023-11-17,Web,Mumbai,Delivered,Credit Card,Evening 4-8 PM,DIWALI23SUPER,46.45,475.67,429.22
ORD003458,CUST00908,2023-05-24,5,2,2023-05-25,Web,Mumbai,Delivered,Credit Card,Afternoon 10-2 PM,,0.0,1754.31,1754.31
ORD003459,CUST00908,2023-05-16,5,2,2023-05-18,Web,Mumbai,Delivered,COD,Afternoon 10-2 PM,,0.0,2047.98,2047.98
ORD003460,CUST00908,2023-12-10,12,4,2023-12-12,Web,Mumbai,Delivered,UPI,Morning 6-10 AM,,0.0,1569.19,1569.19
ORD003461,CUST00908,2023-10-30,10,4,2023-11-01,App,Mumbai,Delivered,UPI,Morning 6-10 AM,,0.0,1126.19,1126.19
ORD003462,CUST00909,2023-02-06,2,1,2023-02-09,Web,Pune,Delivered,Credit Card,Afternoon 10-2 PM,,0.0,65.06,65.06
ORD003463,CUST00909,2023-12-26,12,4,2023-12-29,App,Pune,Delivered,Credit Card,Afternoon 10-2 PM,,0.0,726.15,726.15
ORD003464,CUST00909,2023-10-26,10,4,2023-10-27,App,Pune,Delivered,UPI,Evening 4-8 PM,,0.0,669.83,669.83
ORD003465,CUST00909,2023-03-21,3,1,2023-03-22,App,Pune,Delivered,UPI,Morning 6-10 AM,,0.0,545.87,545.87
ORD003466,CUST00909,2023-11-03,11,4,,App,Pune,Cancelled,UPI,Evening 4-8 PM,,0.0,461.52,0.0
ORD003467,CUST00909,2023-03-17,3,1,2023-03-19,App,Pune,Delivered,Debit Card,Afternoon 10-2 PM,,0.0,2449.77,2449.77
ORD003468,CUST00909,2023-01-29,1,1,2023-01-31,App,Pune,Delivered,UPI,Evening 4-8 PM,,0.0,619.84,619.84
ORD003469,CUST00909,2023-04-22,4,2,2023-04-24,App,Pune,Delivered,Debit Card,Evening 4-8 PM,,0.0,1412.08,1412.08
ORD003470,CUST00909,2023-09-02,9,3,2023-09-04,Web,Pune,Delivered,Credit Card,Morning 6-10 AM,,0.0,2331.34,2331.34
ORD003471,CUST00909,2023-04-05,4,2,2023-04-08,Web,Pune,Delivered,COD,Morning 6-10 AM,,0.0,1508.16,1508.16
ORD003472,CUST00909,2023-02-06,2,1,2023-02-07,App,Pune,Delivered,Credit Card,Afternoon 10-2 PM,,0.0,1661.75,1661.75
ORD003473,CUST00909,2023-03-10,3,1,2023-03-13,App,Pune,Delivered,UPI,Morning 6-10 AM,,0.0,564.06,564.06
ORD003474,CUST00909,2023-10-26,10,4,2023-10-28,Web,Pune,Delivered,Credit Card,Evening 4-8 PM,,0.0,2211.35,2211.35
ORD003475,CUST00911,2023-09-16,9,3,2023-09-17,App,Delhi,Delivered,COD,Afternoon 10-2 PM,,0.0,676.41,676.41
ORD003476,CUST00911,2023-08-23,8,3,,Kiosk,Delhi,Cancelled,Debit Card,Morning 6-10 AM,,0.0,873.1,0.0
ORD003477,CUST00913,2023-08-06,8,3,2023-08-09,Kiosk,Bengaluru,Delivered,UPI,Evening 4-8 PM,,0.0,1088.71,1088.71
ORD003478,CUST00913,2023-05-17,5,2,,App,Bengaluru,Cancelled,COD,Morning 6-10 AM,,0.0,2227.36,0.0
ORD003479,CUST00913,2023-07-18,7,3,2023-07-21,App,Bengaluru,Delivered,UPI,Evening 4-8 PM,,0.0,2691.97,2691.97
ORD003480,CUST00913,2023-01-14,1,1,2023-01-17,App,Bengaluru,Delivered,Debit Card,Afternoon 10-2 PM,,0.0,579.54,579.54
ORD003481,CUST00913,2023-06-03,6,2,2023-06-04,App,Bengaluru,Delivered,UPI,Late Night 8-11 PM,,0.0,1081.63,1081.63
ORD003482,CUST00913,2023-03-19,3,1,2023-03-20,App,Bengaluru,Delivered,UPI,Late Night 8-11 PM,,0.0,1514.51,1514.51
ORD003483,CUST00913,2023-12-11,12,4,2023-12-14,App,Bengaluru,Delivered,Credit Card,Afternoon 10-2 PM,,0.0,1436.58,1436.58
ORD003484,CUST00913,2023-06-17,6,2,2023-06-18,App,Bengaluru,Delivered,Credit Card,Morning 6-10 AM,,0.0,1291.19,1291.19
ORD003485,CUST00913,2023-06-09,6,2,2023-06-12,Web,Bengaluru,Delivered,COD,Morning 6-10 AM,,0.0,1111.29,1111.29
ORD003486,CUST00913,2023-07-06,7,3,,Web,Bengaluru,Cancelled,UPI,Evening 4-8 PM,,0.0,950.0,0.0
ORD003487,CUST00914,2023-01-12,1,1,2023-01-13,Web,Delhi,Delivered,Debit Card,Morning 6-10 AM,,0.0,784.25,784.25
ORD003488,CUST00914,2023-10-24,10,4,2023-10-26,App,Delhi,Delivered,UPI,Afternoon 10-2 PM,,0.0,2773.15,2773.15
ORD003489,CUST00914,2023-09-27,9,3,2023-09-28,App,Delhi,Delivered,UPI,Afternoon 10-2 PM,,0.0,235.27,235.27
ORD003490,CUST00914,2023-02-26,2,1,2023-02-27,App,Delhi,Delivered,UPI,Late Night 8-11 PM,,0.0,620.12,620.12
ORD003491,CUST00914,2023-10-03,10,4,2023-10-05,Kiosk,Delhi,Returned,UPI,Evening 4-8 PM,,0.0,2472.66,1608.57
ORD003492,CUST00914,2023-12-03,12,4,2023-12-05,Web,Delhi,Returned,COD,Afternoon 10-2 PM,,0.0,2110.52,530.88
ORD003493,CUST00914,2023-05-13,5,2,2023-05-14,App,Delhi,Returned,UPI,Afternoon 10-2 PM,,0.0,1008.0,455.12
ORD003494,CUST00914,2023-06-11,6,2,2023-06-13,App,Delhi,Delivered,Wallet,Afternoon 10-2 PM,,0.0,2025.84,2025.84
ORD003495,CUST00914,2023-05-26,5,2,2023-05-29,App,Delhi,Delivered,Debit Card,Morning 6-10 AM,,0.0,1656.7,1656.7
ORD003496,CUST00914,2023-03-14,3,1,2023-03-16,Kiosk,Delhi,Delivered,Credit Card,Evening 4-8 PM,,0.0,6006.61,6006.61
ORD003497,CUST00914,2023-08-11,8,3,2023-08-14,Web,Delhi,Delivered,UPI,Morning 6-10 AM,,0.0,1016.86,1016.86
ORD003498,CUST00914,2023-11-27,11,4,2023-11-28,App,Delhi,Delivered,UPI,Late Night 8-11 PM,,0.0,1428.08,1428.08
ORD003499,CUST00914,2023-07-09,7,3,2023-07-10,App,Delhi,Delivered,UPI,Morning 6-10 AM,,0.0,814.87,814.87
ORD003500,CUST00914,2023-03-22,3,1,2023-03-25,Web,Delhi,Delivered,COD,Evening 4-8 PM,,0.0,4717.38,4717.38
ORD003501,CUST00914,2023-08-30,8,3,2023-09-02,App,Delhi,Delivered,Wallet,Evening 4-8 PM,,0.0,1276.98,1276.98
ORD003502,CUST00914,2023-09-12,9,3,2023-09-13,Web,Delhi,Delivered,Wallet,Late Night 8-11 PM,,0.0,233.84,233.84
ORD003503,CUST00914,2023-10-28,10,4,2023-10-30,App,Delhi,Delivered,Debit Card,Afternoon 10-2 PM,,0.0,2368.57,2368.57
ORD003504,CUST00914,2023-03-20,3,1,2023-03-23,App,Delhi,Delivered,UPI,Afternoon 10-2 PM,,0.0,2934.76,2934.76
ORD003505,CUST00914,2023-10-07,10,4,2023-10-08,App,Delhi,Delivered,Credit Card,Afternoon 10-2 PM,,0.0,3432.71,3432.71
ORD003506,CUST00914,2023-12-19,12,4,2023-12-21,Web,Delhi,Delivered,COD,Morning 6-10 AM,,0.0,1107.34,1107.34
ORD003507,CUST00914,2023-08-21,8,3,2023-08-24,Web,Delhi,Delivered,UPI,Afternoon 10-2 PM,,0.0,1341.47,1341.47
ORD003508,CUST00914,2023-08-29,8,3,2023-08-30,App,Delhi,Delivered,UPI,Afternoon 10-2 PM,,0.0,1918.14,1918.14
ORD003509,CUST00914,2023-11-18,11,4,2023-11-19,App,Delhi,Delivered,Credit Card,Late Night 8-11 PM,,0.0,1311.32,1311.32
ORD003510,CUST00914,2023-11-14,11,4,2023-11-16,App,Delhi,Delivered,UPI,Evening 4-8 PM,,0.0,682.23,682.23
ORD003511,CUST00914,2023-12-15,12,4,2023-12-16,App,Delhi,Delivered,COD,Morning 6-10 AM,,0.0,1847.67,1847.67
ORD003512,CUST00914,2023-10-01,10,4,2023-10-02,App,Delhi,Delivered,Wallet,Afternoon 10-2 PM,,0.0,1031.41,1031.41
ORD003513,CUST00914,2023-10-25,10,4,2023-10-28,Kiosk,Delhi,Delivered,Credit Card,Evening 4-8 PM,,0.0,4271.47,4271.47
ORD003514,CUST00914,2023-06-26,6,2,2023-06-28,Web,Delhi,Delivered,UPI,Late Night 8-11 PM,,0.0,814.34,814.34
ORD003515,CUST00914,2023-05-24,5,2,2023-05-25,App,Delhi,Delivered,UPI,Afternoon 10-2 PM,,0.0,141.56,141.56
ORD003516,CUST00914,2023-08-10,8,3,2023-08-12,Web,Delhi,Delivered,UPI,Afternoon 10-2 PM,,0.0,1029.37,1029.37
ORD003517,CUST00916,2023-09-16,9,3,2023-09-18,Web,Hyderabad,Delivered,UPI,Morning 6-10 AM,,0.0,1065.79,1065.79
ORD003518,CUST00916,2023-04-13,4,2,2023-04-16,App,Hyderabad,Delivered,Credit Card,Morning 6-10 AM,,0.0,2358.81,2358.81
ORD003519,CUST00916,2023-02-06,2,1,2023-02-08,Web,Hyderabad,Delivered,UPI,Afternoon 10-2 PM,,0.0,157.5,157.5
ORD003520,CUST00917,2023-03-22,3,1,,App,Hyderabad,Cancelled,UPI,Afternoon 10-2 PM,,0.0,360.36,0.0
ORD003521,CUST00918,2023-01-08,1,1,2023-01-11,App,Mumbai,Delivered,Wallet,Morning 6-10 AM,,0.0,283.55,283.55
ORD003522,CUST00918,2023-05-11,5,2,2023-05-13,App,Mumbai,Delivered,COD,Afternoon 10-2 PM,,0.0,451.79,451.79
ORD003523,CUST00918,2023-12-18,12,4,2023-12-19,App,Mumbai,Delivered,UPI,Evening 4-8 PM,,0.0,1769.66,1769.66
ORD003524,CUST00918,2023-10-08,10,4,2023-10-11,App,Mumbai,Delivered,UPI,Morning 6-10 AM,,0.0,816.2,816.2
ORD003525,CUST00922,2023-10-01,10,4,2023-10-02,App,Hyderabad,Returned,UPI,Morning 6-10 AM,,0.0,1209.12,157.23
ORD003526,CUST00922,2023-01-10,1,1,2023-01-13,Kiosk,Hyderabad,Delivered,UPI,Evening 4-8 PM,,0.0,224.76,224.76
ORD003527,CUST00922,2023-08-20,8,3,,App,Hyderabad,Cancelled,UPI,Evening 4-8 PM,,0.0,881.73,0.0
ORD003528,CUST00925,2023-03-15,3,1,2023-03-16,App,Jaipur,Delivered,Debit Card,Afternoon 10-2 PM,,0.0,494.77,494.77
ORD003529,CUST00925,2023-01-15,1,1,2023-01-16,Web,Jaipur,Delivered,UPI,Late Night 8-11 PM,,0.0,349.46,349.46
ORD003530,CUST00925,2023-12-05,12,4,2023-12-06,Web,Jaipur,Delivered,Credit Card,Evening 4-8 PM,,0.0,1244.18,1244.18
ORD003531,CUST00925,2023-03-05,3,1,2023-03-08,App,Jaipur,Delivered,UPI,Morning 6-10 AM,,0.0,2010.1,2010.1
ORD003532,CUST00925,2023-06-25,6,2,2023-06-26,Kiosk,Jaipur,Delivered,UPI,Afternoon 10-2 PM,,0.0,1118.56,1118.56
ORD003533,CUST00925,2023-12-12,12,4,2023-12-13,App,Jaipur,Delivered,Debit Card,Afternoon 10-2 PM,,0.0,391.32,391.32
ORD003534,CUST00925,2023-04-26,4,2,2023-04-27,App,Jaipur,Returned,UPI,Evening 4-8 PM,,0.0,1711.02,279.15
ORD003535,CUST00925,2023-10-06,10,4,2023-10-09,App,Jaipur,Delivered,UPI,Morning 6-10 AM,,0.0,2149.11,2149.11
ORD003536,CUST00925,2023-12-24,12,4,2023-12-27,Web,Jaipur,Delivered,Wallet,Evening 4-8 PM,,0.0,879.13,879.13
ORD003537,CUST00925,2023-09-29,9,3,2023-10-02,Web,Jaipur,Delivered,UPI,Evening 4-8 PM,,0.0,321.71,321.71
ORD003538,CUST00925,2023-03-16,3,1,2023-03-18,App,Jaipur,Delivered,UPI,Evening 4-8 PM,,0.0,3082.91,3082.91
ORD003539,CUST00925,2023-04-17,4,2,2023-04-19,App,Jaipur,Delivered,UPI,Late Night 8-11 PM,,0.0,1089.74,1089.74
ORD003540,CUST00926,2023-11-04,11,4,2023-11-05,App,Pune,Delivered,UPI,Late Night 8-11 PM,,0.0,574.65,574.65
ORD003541,CUST00927,2023-11-14,11,4,2023-11-15,App,Jaipur,Delivered,Debit Card,Evening 4-8 PM,,0.0,74.5,74.5
ORD003542,CUST00928,2023-04-10,4,2,2023-04-13,App,Mumbai,Delivered,UPI,Evening 4-8 PM,,0.0,2497.0,2497.0
ORD003543,CUST00928,2023-08-24,8,3,2023-08-25,Web,Mumbai,Delivered,Debit Card,Evening 4-8 PM,,0.0,2332.91,2332.91
ORD003544,CUST00928,2023-02-28,2,1,,Web,Mumbai,Cancelled,Credit Card,Late Night 8-11 PM,,0.0,1027.09,0.0
ORD003545,CUST00928,2023-01-10,1,1,2023-01-11,Web,Mumbai,Delivered,UPI,Evening 4-8 PM,,0.0,1026.14,1026.14
ORD003546,CUST00928,2023-11-04,11,4,2023-11-05,App,Mumbai,Delivered,UPI,Morning 6-10 AM,,0.0,2292.77,2292.77
ORD003547,CUST00928,2023-07-07,7,3,2023-07-09,Web,Mumbai,Returned,UPI,Morning 6-10 AM,,0.0,254.32,5.68
ORD003548,CUST00928,2023-07-21,7,3,2023-07-23,App,Mumbai,Returned,Wallet,Morning 6-10 AM,,0.0,1934.0,1636.01
ORD003549,CUST00928,2023-12-25,12,4,2023-12-28,Web,Mumbai,Delivered,UPI,Morning 6-10 AM,,0.0,603.03,603.03
ORD003550,CUST00929,2023-11-06,11,4,2023-11-08,App,Ahmedabad,Delivered,UPI,Afternoon 10-2 PM,,0.0,568.48,568.48
ORD003551,CUST00929,2023-05-11,5,2,2023-05-12,App,Ahmedabad,Delivered,Debit Card,Afternoon 10-2 PM,,0.0,1550.67,1550.67
ORD003552,CUST00929,2023-06-26,6,2,2023-06-28,App,Ahmedabad,Delivered,UPI,Morning 6-10 AM,,0.0,460.18,460.18
ORD003553,CUST00929,2023-12-25,12,4,2023-12-27,Web,Ahmedabad,Delivered,UPI,Afternoon 10-2 PM,,0.0,1024.73,1024.73
ORD003554,CUST00930,2023-06-22,6,2,2023-06-25,App,Jaipur,Delivered,UPI,Evening 4-8 PM,,0.0,265.07,265.07
ORD003555,CUST00930,2023-09-05,9,3,,App,Jaipur,Cancelled,Debit Card,Evening 4-8 PM,,0.0,428.96,0.0
ORD003556,CUST00930,2023-03-31,3,1,2023-04-03,Web,Jaipur,Delivered,Credit Card,Morning 6-10 AM,,0.0,475.69,475.69
ORD003557,CUST00930,2023-01-02,1,1,2023-01-03,Web,Jaipur,Delivered,UPI,Morning 6-10 AM,,0.0,3223.29,3223.29
ORD003558,CUST00932,2023-08-26,8,3,2023-08-28,App,Jaipur,Delivered,UPI,Evening 4-8 PM,,0.0,849.75,849.75
ORD003559,CUST00932,2023-09-02,9,3,2023-09-05,Web,Jaipur,Delivered,Debit Card,Afternoon 10-2 PM,,0.0,130.15,130.15
ORD003560,CUST00935,2023-03-22,3,1,2023-03-25,Web,Lucknow,Delivered,Debit Card,Evening 4-8 PM,,0.0,380.75,380.75
ORD003561,CUST00935,2023-10-03,10,4,2023-10-06,Web,Lucknow,Delivered,UPI,Evening 4-8 PM,,0.0,397.84,397.84
ORD003562,CUST00935,2023-08-13,8,3,2023-08-14,App,Lucknow,Delivered,Wallet,Afternoon 10-2 PM,FREEDOM23,75.63,625.23,549.6
ORD003563,CUST00935,2023-07-16,7,3,2023-07-17,App,Lucknow,Delivered,Debit Card,Morning 6-10 AM,,0.0,663.39,663.39
ORD003564,CUST00935,2023-03-16,3,1,2023-03-17,App,Lucknow,Returned,Debit Card,Afternoon 10-2 PM,,0.0,1803.77,157.03
ORD003565,CUST00935,2023-01-07,1,1,2023-01-08,Web,Lucknow,Delivered,UPI,Evening 4-8 PM,,0.0,706.76,706.76
ORD003566,CUST00935,2023-06-05,6,2,2023-06-07,Web,Lucknow,Delivered,COD,Morning 6-10 AM,,0.0,959.47,959.47
ORD003567,CUST00935,2023-12-13,12,4,2023-12-14,Web,Lucknow,Delivered,Credit Card,Morning 6-10 AM,,0.0,596.25,596.25
ORD003568,CUST00936,2023-02-10,2,1,2023-02-12,App,Mumbai,Delivered,Credit Card,Afternoon 10-2 PM,,0.0,219.47,219.47
ORD003569,CUST00936,2023-02-07,2,1,2023-02-10,Kiosk,Mumbai,Delivered,Debit Card,Morning 6-10 AM,,0.0,676.52,676.52
ORD003570,CUST00937,2023-08-29,8,3,,App,Ahmedabad,Cancelled,UPI,Afternoon 10-2 PM,,0.0,1038.82,0.0
ORD003571,CUST00938,2023-09-05,9,3,2023-09-07,Web,Delhi,Delivered,Credit Card,Morning 6-10 AM,,0.0,56.56,56.56
ORD003572,CUST00939,2023-01-18,1,1,2023-01-21,App,Jaipur,Delivered,Debit Card,Morning 6-10 AM,,0.0,362.5,362.5
ORD003573,CUST00939,2023-11-13,11,4,2023-11-16,App,Jaipur,Delivered,Credit Card,Evening 4-8 PM,,0.0,218.91,218.91
ORD003574,CUST00939,2023-08-24,8,3,2023-08-25,App,Jaipur,Delivered,Credit Card,Evening 4-8 PM,,0.0,612.91,612.91
ORD003575,CUST00940,2023-10-26,10,4,2023-10-27,App,Delhi,Delivered,UPI,Morning 6-10 AM,,0.0,2053.1,2053.1
ORD003576,CUST00940,2023-03-31,3,1,2023-04-01,App,Delhi,Delivered,Credit Card,Afternoon 10-2 PM,,0.0,1348.89,1348.89
ORD003577,CUST00940,2023-01-05,1,1,2023-01-06,App,Delhi,Returned,Credit Card,Morning 6-10 AM,,0.0,262.45,98.92
ORD003578,CUST00940,2023-09-25,9,3,2023-09-28,App,Delhi,Delivered,UPI,Morning 6-10 AM,,0.0,1828.16,1828.16
ORD003579,CUST00941,2023-11-01,11,4,2023-11-04,Web,Bengaluru,Delivered,UPI,Morning 6-10 AM,,0.0,340.14,340.14
ORD003580,CUST00941,2023-06-23,6,2,2023-06-26,Web,Bengaluru,Delivered,Wallet,Morning 6-10 AM,,0.0,488.72,488.72
ORD003581,CUST00943,2023-03-02,3,1,2023-03-04,Web,Mumbai,Returned,Credit Card,Afternoon 10-2 PM,,0.0,770.01,287.71
ORD003582,CUST00943,2023-09-26,9,3,2023-09-27,Web,Mumbai,Delivered,UPI,Evening 4-8 PM,,0.0,1606.54,1606.54
ORD003583,CUST00943,2023-08-07,8,3,2023-08-09,Kiosk,Mumbai,Delivered,Credit Card,Evening 4-8 PM,,0.0,72.18,72.18
ORD003584,CUST00945,2023-08-04,8,3,,Kiosk,Ahmedabad,Cancelled,UPI,Afternoon 10-2 PM,,0.0,2257.6,0.0
ORD003585,CUST00945,2023-12-23,12,4,2023-12-24,Web,Ahmedabad,Delivered,UPI,Evening 4-8 PM,,0.0,380.89,380.89
ORD003586,CUST00945,2023-09-10,9,3,2023-09-12,App,Ahmedabad,Delivered,UPI,Morning 6-10 AM,,0.0,257.8,257.8
ORD003587,CUST00949,2023-10-22,10,4,2023-10-25,App,Ahmedabad,Delivered,UPI,Evening 4-8 PM,,0.0,997.77,997.77
ORD003588,CUST00949,2023-01-08,1,1,2023-01-10,Web,Ahmedabad,Delivered,Debit Card,Late Night 8-11 PM,,0.0,925.33,925.33
ORD003589,CUST00949,2023-03-24,3,1,2023-03-25,App,Ahmedabad,Delivered,COD,Afternoon 10-2 PM,,0.0,540.72,540.72
ORD003590,CUST00949,2023-11-30,11,4,2023-12-03,Web,Ahmedabad,Delivered,Credit Card,Morning 6-10 AM,,0.0,78.19,78.19
ORD003591,CUST00949,2023-09-03,9,3,2023-09-05,App,Ahmedabad,Delivered,Debit Card,Afternoon 10-2 PM,,0.0,563.11,563.11
ORD003592,CUST00949,2023-04-17,4,2,2023-04-18,App,Ahmedabad,Delivered,COD,Evening 4-8 PM,,0.0,2425.01,2425.01
ORD003593,CUST00950,2023-05-01,5,2,2023-05-03,App,Delhi,Delivered,Debit Card,Afternoon 10-2 PM,,0.0,30.58,30.58
ORD003594,CUST00950,2023-04-11,4,2,2023-04-13,App,Delhi,Delivered,UPI,Morning 6-10 AM,,0.0,653.05,653.05
ORD003595,CUST00950,2023-11-12,11,4,2023-11-13,App,Delhi,Delivered,UPI,Late Night 8-11 PM,,0.0,439.08,439.08
ORD003596,CUST00950,2023-01-28,1,1,2023-01-31,Kiosk,Delhi,Delivered,Wallet,Evening 4-8 PM,,0.0,1969.35,1969.35
ORD003597,CUST00950,2023-12-14,12,4,2023-12-16,App,Delhi,Delivered,UPI,Afternoon 10-2 PM,,0.0,1430.5,1430.5
ORD003598,CUST00951,2023-08-02,8,3,2023-08-03,App,Mumbai,Delivered,Debit Card,Evening 4-8 PM,,0.0,1775.77,1775.77
ORD003599,CUST00951,2023-09-24,9,3,2023-09-26,Web,Mumbai,Delivered,Wallet,Afternoon 10-2 PM,,0.0,586.38,586.38
ORD003600,CUST00952,2023-12-22,12,4,2023-12-25,Web,Hyderabad,Delivered,UPI,Afternoon 10-2 PM,,0.0,562.48,562.48
ORD003601,CUST00952,2023-06-03,6,2,2023-06-06,App,Hyderabad,Delivered,Credit Card,Afternoon 10-2 PM,,0.0,1097.96,1097.96
ORD003602,CUST00952,2023-10-11,10,4,2023-10-14,App,Hyderabad,Delivered,Debit Card,Afternoon 10-2 PM,,0.0,677.86,677.86
ORD003603,CUST00952,2023-04-08,4,2,,Web,Hyderabad,Cancelled,Debit Card,Late Night 8-11 PM,,0.0,1359.35,0.0
ORD003604,CUST00952,2023-01-15,1,1,2023-01-16,Kiosk,Hyderabad,Delivered,Credit Card,Morning 6-10 AM,,0.0,928.15,928.15
ORD003605,CUST00952,2023-12-07,12,4,2023-12-09,App,Hyderabad,Returned,UPI,Evening 4-8 PM,,0.0,407.02,14.7
ORD003606,CUST00952,2023-02-05,2,1,2023-02-07,Web,Hyderabad,Delivered,UPI,Evening 4-8 PM,,0.0,1050.34,1050.34
ORD003607,CUST00952,2023-12-13,12,4,2023-12-15,App,Hyderabad,Delivered,UPI,Morning 6-10 AM,,0.0,1302.08,1302.08
ORD003608,CUST00952,2023-02-08,2,1,2023-02-10,App,Hyderabad,Delivered,UPI,Afternoon 10-2 PM,,0.0,673.31,673.31
ORD003609,CUST00952,2023-01-19,1,1,2023-01-21,App,Hyderabad,Delivered,Debit Card,Morning 6-10 AM,,0.0,1856.41,1856.41
ORD003610,CUST00952,2023-02-02,2,1,2023-02-03,App,Hyderabad,Delivered,Wallet,Morning 6-10 AM,,0.0,2739.33,2739.33
ORD003611,CUST00952,2023-04-28,4,2,2023-04-29,Web,Hyderabad,Delivered,COD,Morning 6-10 AM,,0.0,626.86,626.86
ORD003612,CUST00952,2023-04-25,4,2,2023-04-28,Web,Hyderabad,Delivered,Debit Card,Morning 6-10 AM,,0.0,1099.85,1099.85
ORD003613,CUST00952,2023-02-24,2,1,2023-02-27,App,Hyderabad,Delivered,Wallet,Afternoon 10-2 PM,,0.0,338.32,338.32
ORD003614,CUST00952,2023-06-15,6,2,2023-06-18,App,Hyderabad,Delivered,UPI,Morning 6-10 AM,,0.0,1239.61,1239.61
ORD003615,CUST00952,2023-02-14,2,1,2023-02-15,Kiosk,Hyderabad,Delivered,Credit Card,Afternoon 10-2 PM,LOVEFEB,107.74,731.52,623.78
ORD003616,CUST00952,2023-04-22,4,2,2023-04-24,App,Hyderabad,Delivered,Credit Card,Late Night 8-11 PM,,0.0,765.68,765.68
ORD003617,CUST00952,2023-09-21,9,3,2023-09-23,Web,Hyderabad,Delivered,UPI,,,0.0,1961.18,1961.18
ORD003618,CUST00952,2023-06-16,6,2,2023-06-18,App,Hyderabad,Delivered,UPI,Evening 4-8 PM,,0.0,1283.54,1283.54
ORD003619,CUST00952,2023-04-17,4,2,2023-04-18,Kiosk,Hyderabad,Delivered,UPI,,,0.0,1377.83,1377.83
ORD003620,CUST00952,2023-07-15,7,3,2023-07-17,Web,Hyderabad,Delivered,UPI,Morning 6-10 AM,,0.0,450.81,450.81
ORD003621,CUST00955,2023-05-07,5,2,2023-05-10,Web,Hyderabad,Delivered,Wallet,Late Night 8-11 PM,,0.0,495.91,495.91
ORD003622,CUST00955,2023-02-15,2,1,2023-02-16,App,Hyderabad,Delivered,UPI,Morning 6-10 AM,,0.0,2186.01,2186.01
ORD003623,CUST00955,2023-01-27,1,1,2023-01-28,Web,Hyderabad,Delivered,UPI,Afternoon 10-2 PM,,0.0,554.97,554.97
ORD003624,CUST00955,2023-06-05,6,2,,App,Hyderabad,Cancelled,UPI,Morning 6-10 AM,,0.0,108.17,0.0
ORD003625,CUST00955,2023-01-20,1,1,2023-01-22,Web,Hyderabad,Delivered,UPI,Evening 4-8 PM,,0.0,131.44,131.44
ORD003626,CUST00955,2023-12-27,12,4,2023-12-29,App,Hyderabad,Delivered,UPI,Morning 6-10 AM,XMAS23,179.94,1230.19,1050.25
ORD003627,CUST00955,2023-03-26,3,1,2023-03-28,Web,Hyderabad,Delivered,COD,Morning 6-10 AM,,0.0,2799.81,2799.81
ORD003628,CUST00955,2023-07-18,7,3,2023-07-19,App,Hyderabad,Delivered,UPI,Late Night 8-11 PM,,0.0,1468.72,1468.72
ORD003629,CUST00955,2023-10-22,10,4,2023-10-23,Web,Hyderabad,Delivered,Credit Card,Afternoon 10-2 PM,,0.0,262.83,262.83
ORD003630,CUST00955,2023-07-08,7,3,2023-07-10,App,Hyderabad,Delivered,Debit Card,Afternoon 10-2 PM,,0.0,177.55,177.55
ORD003631,CUST00955,2023-01-30,1,1,2023-01-31,Kiosk,Hyderabad,Delivered,Wallet,Evening 4-8 PM,,0.0,335.56,335.56
ORD003632,CUST00957,2023-10-10,10,4,2023-10-12,App,Mumbai,Delivered,UPI,Morning 6-10 AM,,0.0,929.84,929.84
ORD003633,CUST00957,2023-12-25,12,4,2023-12-26,Web,Mumbai,Delivered,Wallet,Afternoon 10-2 PM,,0.0,1463.39,1463.39
ORD003634,CUST00957,2023-03-24,3,1,2023-03-25,App,Mumbai,Delivered,Wallet,Evening 4-8 PM,,0.0,1734.33,1734.33
ORD003635,CUST00957,2023-11-10,11,4,2023-11-13,App,Mumbai,Delivered,Credit Card,Afternoon 10-2 PM,,0.0,2148.35,2148.35
ORD003636,CUST00957,2023-05-19,5,2,2023-05-20,App,Mumbai,Delivered,Debit Card,Afternoon 10-2 PM,,0.0,1974.09,1974.09
ORD003637,CUST00957,2023-10-31,10,4,2023-11-01,App,Mumbai,Delivered,UPI,Afternoon 10-2 PM,,0.0,756.22,756.22
ORD003638,CUST00957,2023-12-11,12,4,2023-12-13,Web,Mumbai,Delivered,Credit Card,Evening 4-8 PM,,0.0,945.33,945.33
ORD003639,CUST00957,2023-02-26,2,1,2023-02-28,App,Mumbai,Delivered,UPI,Morning 6-10 AM,,0.0,225.17,225.17
ORD003640,CUST00957,2023-04-26,4,2,2023-04-28,App,Mumbai,Delivered,UPI,Evening 4-8 PM,,0.0,1296.05,1296.05
ORD003641,CUST00957,2023-05-11,5,2,2023-05-14,App,Mumbai,Delivered,COD,Afternoon 10-2 PM,,0.0,854.71,854.71
ORD003642,CUST00957,2023-03-25,3,1,2023-03-28,App,Mumbai,Delivered,UPI,Morning 6-10 AM,,0.0,252.42,252.42
ORD003643,CUST00957,2023-10-20,10,4,,App,Mumbai,Cancelled,UPI,Morning 6-10 AM,,0.0,1347.63,0.0
ORD003644,CUST00957,2023-05-03,5,2,2023-05-05,App,Mumbai,Delivered,UPI,Morning 6-10 AM,,0.0,1886.01,1886.01
ORD003645,CUST00957,2023-10-13,10,4,2023-10-15,Web,Mumbai,Returned,UPI,Morning 6-10 AM,,0.0,966.84,110.76
ORD003646,CUST00957,2023-12-20,12,4,2023-12-22,Web,Mumbai,Delivered,UPI,Morning 6-10 AM,,0.0,993.4,993.4
ORD003647,CUST00957,2023-12-25,12,4,2023-12-26,Web,Mumbai,Delivered,UPI,Late Night 8-11 PM,,0.0,718.69,718.69
ORD003648,CUST00957,2023-08-08,8,3,,App,Mumbai,Cancelled,UPI,Morning 6-10 AM,,0.0,1520.82,0.0
ORD003649,CUST00957,2023-12-05,12,4,2023-12-07,Kiosk,Mumbai,Delivered,Credit Card,Morning 6-10 AM,,0.0,531.5,531.5
ORD003650,CUST00957,2023-08-31,8,3,2023-09-02,App,Mumbai,Delivered,UPI,Afternoon 10-2 PM,,0.0,1896.34,1896.34
ORD003651,CUST00958,2023-10-08,10,4,2023-10-10,App,Delhi,Delivered,UPI,Evening 4-8 PM,,0.0,668.46,668.46
ORD003652,CUST00958,2023-01-16,1,1,,App,Delhi,Cancelled,UPI,Afternoon 10-2 PM,,0.0,536.77,0.0
ORD003653,CUST00960,2023-05-22,5,2,2023-05-25,Web,Hyderabad,Delivered,UPI,Morning 6-10 AM,,0.0,903.33,903.33
ORD003654,CUST00960,2023-05-06,5,2,2023-05-08,App,Hyderabad,Delivered,UPI,Evening 4-8 PM,,0.0,2066.23,2066.23
ORD003655,CUST00960,2023-06-27,6,2,2023-06-30,App,Hyderabad,Delivered,UPI,,,0.0,1124.27,1124.27
ORD003656,CUST00960,2023-05-28,5,2,2023-05-29,App,Hyderabad,Delivered,UPI,Morning 6-10 AM,,0.0,3072.34,3072.34
ORD003657,CUST00960,2023-11-14,11,4,2023-11-15,Web,Hyderabad,Delivered,COD,Morning 6-10 AM,,0.0,1142.86,1142.86
ORD003658,CUST00960,2023-09-10,9,3,2023-09-13,App,Hyderabad,Delivered,Debit Card,Morning 6-10 AM,,0.0,1503.65,1503.65
ORD003659,CUST00960,2023-06-01,6,2,2023-06-04,Kiosk,Hyderabad,Delivered,COD,Morning 6-10 AM,,0.0,4730.3,4730.3
ORD003660,CUST00960,2023-04-19,4,2,2023-04-22,App,Hyderabad,Delivered,UPI,Morning 6-10 AM,,0.0,1333.53,1333.53
ORD003661,CUST00960,2023-01-21,1,1,2023-01-24,App,Hyderabad,Delivered,UPI,Evening 4-8 PM,,0.0,2442.78,2442.78
ORD003662,CUST00960,2023-10-14,10,4,2023-10-16,Web,Hyderabad,Delivered,UPI,Afternoon 10-2 PM,,0.0,4280.06,4280.06
ORD003663,CUST00960,2023-01-06,1,1,2023-01-08,App,Hyderabad,Delivered,UPI,Afternoon 10-2 PM,,0.0,1276.87,1276.87
ORD003664,CUST00960,2023-04-13,4,2,2023-04-14,Kiosk,Hyderabad,Delivered,UPI,Morning 6-10 AM,,0.0,2553.79,2553.79
ORD003665,CUST00960,2023-09-30,9,3,2023-10-01,App,Hyderabad,Delivered,UPI,Morning 6-10 AM,,0.0,2107.3,2107.3
ORD003666,CUST00960,2023-05-18,5,2,2023-05-21,App,Hyderabad,Delivered,Wallet,Morning 6-10 AM,,0.0,1932.39,1932.39
ORD003667,CUST00960,2023-09-22,9,3,2023-09-25,App,Hyderabad,Delivered,Debit Card,Afternoon 10-2 PM,,0.0,2265.05,2265.05
ORD003668,CUST00960,2023-09-07,9,3,2023-09-08,App,Hyderabad,Delivered,Credit Card,Morning 6-10 AM,,0.0,557.21,557.21
ORD003669,CUST00961,2023-09-24,9,3,2023-09-25,App,Bengaluru,Delivered,COD,Morning 6-10 AM,,0.0,1749.32,1749.32
ORD003670,CUST00961,2023-01-19,1,1,2023-01-21,App,Bengaluru,Delivered,Debit Card,Morning 6-10 AM,,0.0,113.64,113.64
ORD003671,CUST00962,2023-09-09,9,3,,App,Delhi,Cancelled,Debit Card,Afternoon 10-2 PM,,0.0,52.53,0.0
ORD003672,CUST00962,2023-02-18,2,1,2023-02-20,App,Delhi,Delivered,Debit Card,Evening 4-8 PM,,0.0,2235.56,2235.56
ORD003673,CUST00962,2023-02-16,2,1,2023-02-18,App,Delhi,Delivered,UPI,Morning 6-10 AM,,0.0,241.03,241.03
ORD003674,CUST00965,2023-09-02,9,3,2023-09-03,App,Bengaluru,Returned,UPI,Evening 4-8 PM,,0.0,1385.52,107.93
ORD003675,CUST00965,2023-09-14,9,3,2023-09-17,Web,Bengaluru,Delivered,UPI,,,0.0,1048.26,1048.26
ORD003676,CUST00965,2023-02-22,2,1,2023-02-25,App,Bengaluru,Delivered,Credit Card,Morning 6-10 AM,,0.0,1634.98,1634.98
ORD003677,CUST00965,2023-10-31,10,4,2023-11-01,App,Bengaluru,Delivered,UPI,Morning 6-10 AM,,0.0,253.48,253.48
ORD003678,CUST00965,2023-02-16,2,1,2023-02-18,Web,Bengaluru,Delivered,Wallet,Morning 6-10 AM,,0.0,333.54,333.54
ORD003679,CUST00965,2023-07-29,7,3,2023-07-31,App,Bengaluru,Delivered,UPI,Morning 6-10 AM,,0.0,714.38,714.38
ORD003680,CUST00965,2023-10-07,10,4,2023-10-08,App,Bengaluru,Delivered,UPI,Evening 4-8 PM,,0.0,972.86,972.86
ORD003681,CUST00965,2023-01-13,1,1,2023-01-15,App,Bengaluru,Returned,COD,Morning 6-10 AM,,0.0,2778.66,1916.1
ORD003682,CUST00965,2023-03-10,3,1,2023-03-12,App,Bengaluru,Delivered,Wallet,Afternoon 10-2 PM,,0.0,1037.26,1037.26
ORD003683,CUST00965,2023-02-26,2,1,2023-02-27,Web,Bengaluru,Returned,UPI,Morning 6-10 AM,,0.0,1382.21,566.28
ORD003684,CUST00965,2023-09-06,9,3,2023-09-08,Web,Bengaluru,Delivered,Credit Card,Morning 6-10 AM,,0.0,2217.81,2217.81
ORD003685,CUST00965,2023-01-29,1,1,2023-02-01,Web,Bengaluru,Delivered,Wallet,Afternoon 10-2 PM,,0.0,1024.91,1024.91
ORD003686,CUST00965,2023-02-14,2,1,2023-02-17,App,Bengaluru,Delivered,UPI,Evening 4-8 PM,,0.0,890.36,890.36
ORD003687,CUST00965,2023-12-09,12,4,,Web,Bengaluru,Cancelled,COD,Afternoon 10-2 PM,,0.0,6600.85,0.0
ORD003688,CUST00965,2023-03-20,3,1,2023-03-23,App,Bengaluru,Delivered,Credit Card,Evening 4-8 PM,,0.0,2472.34,2472.34
ORD003689,CUST00965,2023-06-07,6,2,2023-06-08,App,Bengaluru,Delivered,COD,Morning 6-10 AM,,0.0,1240.53,1240.53
ORD003690,CUST00965,2023-04-19,4,2,2023-04-22,App,Bengaluru,Delivered,Wallet,Afternoon 10-2 PM,,0.0,3944.53,3944.53
ORD003691,CUST00965,2023-03-24,3,1,2023-03-26,Web,Bengaluru,Delivered,COD,Afternoon 10-2 PM,,0.0,1432.27,1432.27
ORD003692,CUST00965,2023-01-31,1,1,2023-02-02,App,Bengaluru,Delivered,Debit Card,Morning 6-10 AM,,0.0,628.88,628.88
ORD003693,CUST00965,2023-04-18,4,2,2023-04-20,App,Bengaluru,Delivered,UPI,Morning 6-10 AM,,0.0,2197.71,2197.71
ORD003694,CUST00965,2023-10-18,10,4,2023-10-19,App,Bengaluru,Delivered,UPI,Late Night 8-11 PM,,0.0,1372.32,1372.32
ORD003695,CUST00965,2023-11-17,11,4,2023-11-18,App,Bengaluru,Delivered,Debit Card,Afternoon 10-2 PM,,0.0,691.55,691.55
ORD003696,CUST00965,2023-03-25,3,1,2023-03-28,Web,Bengaluru,Delivered,Debit Card,Afternoon 10-2 PM,,0.0,528.48,528.48
ORD003697,CUST00965,2023-12-03,12,4,2023-12-04,App,Bengaluru,Returned,UPI,Late Night 8-11 PM,,0.0,2109.41,621.22
ORD003698,CUST00965,2023-12-03,12,4,2023-12-05,Web,Bengaluru,Delivered,UPI,Evening 4-8 PM,,0.0,1156.93,1156.93
ORD003699,CUST00965,2023-07-05,7,3,2023-07-06,App,Bengaluru,Returned,Credit Card,Afternoon 10-2 PM,,0.0,1136.99,369.38
ORD003700,CUST00965,2023-12-01,12,4,2023-12-04,App,Bengaluru,Delivered,Credit Card,Evening 4-8 PM,,0.0,1992.02,1992.02
ORD003701,CUST00965,2023-02-20,2,1,2023-02-22,App,Bengaluru,Delivered,Wallet,Afternoon 10-2 PM,,0.0,1794.62,1794.62
ORD003702,CUST00965,2023-12-29,12,4,2023-12-31,App,Bengaluru,Delivered,COD,Afternoon 10-2 PM,,0.0,5147.1,5147.1
ORD003703,CUST00965,2023-04-29,4,2,2023-05-02,App,Bengaluru,Delivered,UPI,Morning 6-10 AM,,0.0,1120.14,1120.14
ORD003704,CUST00966,2023-08-22,8,3,2023-08-23,App,Bengaluru,Delivered,UPI,Evening 4-8 PM,,0.0,312.43,312.43
ORD003705,CUST00966,2023-08-04,8,3,2023-08-05,Kiosk,Bengaluru,Delivered,COD,Afternoon 10-2 PM,,0.0,839.97,839.97
ORD003706,CUST00966,2023-08-13,8,3,,App,Bengaluru,Cancelled,UPI,Morning 6-10 AM,FREEDOM23,0.0,1814.91,0.0
ORD003707,CUST00966,2023-02-28,2,1,2023-03-01,App,Bengaluru,Delivered,Wallet,Late Night 8-11 PM,,0.0,1688.0,1688.0
ORD003708,CUST00966,2023-12-12,12,4,2023-12-13,Kiosk,Bengaluru,Delivered,Debit Card,Evening 4-8 PM,,0.0,916.85,916.85
ORD003709,CUST00967,2023-10-16,10,4,2023-10-17,Web,Mumbai,Delivered,UPI,Morning 6-10 AM,,0.0,506.36,506.36
ORD003710,CUST00968,2023-10-08,10,4,2023-10-11,Web,Bengaluru,Delivered,UPI,Morning 6-10 AM,,0.0,3772.71,3772.71
ORD003711,CUST00968,2023-04-26,4,2,2023-04-27,Web,Bengaluru,Delivered,UPI,Evening 4-8 PM,,0.0,980.23,980.23
ORD003712,CUST00968,2023-01-10,1,1,2023-01-11,Web,Bengaluru,Returned,Debit Card,Afternoon 10-2 PM,,0.0,708.38,47.22
ORD003713,CUST00968,2023-11-19,11,4,2023-11-22,App,Bengaluru,Delivered,Debit Card,Afternoon 10-2 PM,,0.0,885.03,885.03
ORD003714,CUST00968,2023-02-10,2,1,2023-02-12,App,Bengaluru,Delivered,COD,Morning 6-10 AM,,0.0,6304.88,6304.88
ORD003715,CUST00968,2023-09-23,9,3,2023-09-24,App,Bengaluru,Delivered,COD,Evening 4-8 PM,,0.0,1295.33,1295.33
ORD003716,CUST00968,2023-02-04,2,1,2023-02-06,App,Bengaluru,Delivered,Credit Card,Evening 4-8 PM,,0.0,2328.97,2328.97
ORD003717,CUST00968,2023-08-09,8,3,2023-08-10,Web,Bengaluru,Delivered,Credit Card,Morning 6-10 AM,,0.0,2097.15,2097.15
ORD003718,CUST00968,2023-01-12,1,1,2023-01-14,App,Bengaluru,Delivered,Wallet,Afternoon 10-2 PM,,0.0,1580.41,1580.41
ORD003719,CUST00968,2023-08-28,8,3,2023-08-30,Web,Bengaluru,Delivered,UPI,Evening 4-8 PM,,0.0,1232.32,1232.32
ORD003720,CUST00968,2023-12-25,12,4,2023-12-26,App,Bengaluru,Delivered,UPI,Afternoon 10-2 PM,,0.0,2832.55,2832.55
ORD003721,CUST00968,2023-10-06,10,4,2023-10-09,App,Bengaluru,Delivered,UPI,Evening 4-8 PM,,0.0,1513.19,1513.19
ORD003722,CUST00968,2023-09-08,9,3,2023-09-10,App,Bengaluru,Returned,UPI,Evening 4-8 PM,,0.0,3358.99,1175.55
ORD003723,CUST00968,2023-11-11,11,4,2023-11-14,Web,Bengaluru,Delivered,Credit Card,Afternoon 10-2 PM,DIWALI23SUPER,60.84,783.22,722.38
ORD003724,CUST00968,2023-06-12,6,2,2023-06-15,App,Bengaluru,Delivered,UPI,Evening 4-8 PM,,0.0,3375.41,3375.41
ORD003725,CUST00968,2023-12-18,12,4,2023-12-20,App,Bengaluru,Delivered,Debit Card,Evening 4-8 PM,,0.0,10884.31,10884.31
ORD003726,CUST00969,2023-08-25,8,3,2023-08-27,App,Ahmedabad,Delivered,COD,,,0.0,124.0,124.0
ORD003727,CUST00969,2023-01-12,1,1,2023-01-13,App,Ahmedabad,Delivered,Wallet,Morning 6-10 AM,,0.0,885.8,885.8
ORD003728,CUST00969,2023-05-19,5,2,2023-05-22,Kiosk,Ahmedabad,Delivered,UPI,Afternoon 10-2 PM,,0.0,309.01,309.01
ORD003729,CUST00969,2023-11-11,11,4,2023-11-12,App,Ahmedabad,Delivered,UPI,Morning 6-10 AM,DIWALI23SUPER,14.48,88.17,73.69
ORD003730,CUST00969,2023-05-21,5,2,2023-05-22,App,Ahmedabad,Delivered,Debit Card,Morning 6-10 AM,,0.0,837.88,837.88
ORD003731,CUST00970,2023-03-19,3,1,2023-03-21,Kiosk,Mumbai,Delivered,Debit Card,Evening 4-8 PM,,0.0,581.53,581.53
ORD003732,CUST00970,2023-03-28,3,1,2023-03-31,App,Mumbai,Delivered,Credit Card,Evening 4-8 PM,,0.0,794.32,794.32
ORD003733,CUST00970,2023-08-16,8,3,2023-08-18,Web,Mumbai,Delivered,Debit Card,Morning 6-10 AM,,0.0,1570.43,1570.43
ORD003734,CUST00970,2023-10-25,10,4,,App,Mumbai,Cancelled,Credit Card,Morning 6-10 AM,,0.0,744.71,0.0
ORD003735,CUST00970,2023-08-22,8,3,2023-08-25,App,Mumbai,Delivered,Debit Card,Afternoon 10-2 PM,,0.0,1179.79,1179.79
ORD003736,CUST00970,2023-12-27,12,4,2023-12-29,App,Mumbai,Delivered,UPI,Evening 4-8 PM,,0.0,813.4,813.4
ORD003737,CUST00970,2023-01-27,1,1,2023-01-29,App,Mumbai,Delivered,UPI,Morning 6-10 AM,,0.0,273.0,273.0
ORD003738,CUST00971,2023-11-14,11,4,2023-11-16,Web,Mumbai,Delivered,Wallet,Afternoon 10-2 PM,,0.0,486.36,486.36
ORD003739,CUST00971,2023-12-22,12,4,2023-12-23,Web,Mumbai,Delivered,UPI,Morning 6-10 AM,,0.0,31.13,31.13
ORD003740,CUST00972,2023-01-01,1,1,2023-01-03,Web,Mumbai,Delivered,Wallet,Afternoon 10-2 PM,NY2023,68.94,1372.87,1303.93
ORD003741,CUST00972,2023-10-16,10,4,2023-10-18,Web,Mumbai,Delivered,UPI,Afternoon 10-2 PM,,0.0,1747.27,1747.27
ORD003742,CUST00972,2023-06-11,6,2,2023-06-12,Web,Mumbai,Delivered,UPI,Morning 6-10 AM,,0.0,3233.45,3233.45
ORD003743,CUST00972,2023-02-14,2,1,,Kiosk,Mumbai,Cancelled,Credit Card,Morning 6-10 AM,LOVEFEB,0.0,4962.67,0.0
ORD003744,CUST00972,2023-08-30,8,3,2023-09-01,App,Mumbai,Delivered,UPI,Afternoon 10-2 PM,,0.0,209.59,209.59
ORD003745,CUST00972,2023-12-08,12,4,2023-12-11,App,Mumbai,Delivered,UPI,Afternoon 10-2 PM,,0.0,3084.69,3084.69
ORD003746,CUST00972,2023-10-07,10,4,2023-10-08,Web,Mumbai,Returned,UPI,Late Night 8-11 PM,,0.0,1730.27,1618.61
ORD003747,CUST00972,2023-06-07,6,2,2023-06-09,Web,Mumbai,Delivered,Debit Card,,,0.0,730.76,730.76
ORD003748,CUST00972,2023-12-18,12,4,2023-12-19,App,Mumbai,Delivered,Debit Card,Afternoon 10-2 PM,,0.0,5302.18,5302.18
ORD003749,CUST00972,2023-11-01,11,4,2023-11-04,App,Mumbai,Delivered,Credit Card,Evening 4-8 PM,,0.0,157.82,157.82
ORD003750,CUST00972,2023-08-13,8,3,2023-08-15,Web,Mumbai,Delivered,UPI,Morning 6-10 AM,,0.0,963.57,963.57
ORD003751,CUST00972,2023-01-05,1,1,2023-01-08,App,Mumbai,Delivered,Credit Card,Late Night 8-11 PM,,0.0,2250.99,2250.99
ORD003752,CUST00972,2023-12-25,12,4,2023-12-27,App,Mumbai,Delivered,UPI,Evening 4-8 PM,,0.0,597.76,597.76
ORD003753,CUST00972,2023-07-28,7,3,2023-07-30,App,Mumbai,Returned,UPI,Morning 6-10 AM,,0.0,3959.98,3745.47
ORD003754,CUST00972,2023-12-09,12,4,2023-12-10,App,Mumbai,Delivered,COD,Morning 6-10 AM,,0.0,1163.25,1163.25
ORD003755,CUST00972,2023-10-11,10,4,2023-10-12,Web,Mumbai,Delivered,UPI,Afternoon 10-2 PM,,0.0,1512.71,1512.71
ORD003756,CUST00972,2023-10-27,10,4,2023-10-28,App,Mumbai,Delivered,Credit Card,Evening 4-8 PM,,0.0,3376.68,3376.68
ORD003757,CUST00972,2023-02-17,2,1,,App,Mumbai,Cancelled,UPI,Morning 6-10 AM,,0.0,1357.3,0.0
ORD003758,CUST00972,2023-04-10,4,2,2023-04-12,App,Mumbai,Returned,COD,Late Night 8-11 PM,,0.0,3204.28,235.11
ORD003759,CUST00972,2023-04-20,4,2,2023-04-22,App,Mumbai,Delivered,COD,Morning 6-10 AM,,0.0,924.03,924.03
ORD003760,CUST00972,2023-09-29,9,3,2023-10-02,App,Mumbai,Delivered,Wallet,Evening 4-8 PM,,0.0,1460.0,1460.0
ORD003761,CUST00972,2023-09-09,9,3,2023-09-11,App,Mumbai,Delivered,Wallet,Afternoon 10-2 PM,,0.0,1728.14,1728.14
ORD003762,CUST00972,2023-12-12,12,4,2023-12-13,App,Mumbai,Delivered,Credit Card,Afternoon 10-2 PM,,0.0,1823.7,1823.7
ORD003763,CUST00972,2023-06-08,6,2,2023-06-10,App,Mumbai,Delivered,UPI,Morning 6-10 AM,,0.0,2190.59,2190.59
ORD003764,CUST00972,2023-09-01,9,3,2023-09-04,Web,Mumbai,Delivered,Debit Card,Evening 4-8 PM,,0.0,1051.67,1051.67
ORD003765,CUST00972,2023-02-07,2,1,2023-02-08,Kiosk,Mumbai,Delivered,UPI,Morning 6-10 AM,,0.0,3141.72,3141.72
ORD003766,CUST00972,2023-12-06,12,4,2023-12-07,App,Mumbai,Delivered,UPI,Afternoon 10-2 PM,,0.0,1231.04,1231.04
ORD003767,CUST00973,2023-09-23,9,3,2023-09-24,Web,Hyderabad,Delivered,UPI,Afternoon 10-2 PM,,0.0,530.36,530.36
ORD003768,CUST00973,2023-05-16,5,2,2023-05-19,App,Hyderabad,Delivered,UPI,Evening 4-8 PM,,0.0,2185.46,2185.46
ORD003769,CUST00973,2023-03-10,3,1,2023-03-12,App,Hyderabad,Delivered,Debit Card,Evening 4-8 PM,,0.0,1388.67,1388.67
ORD003770,CUST00973,2023-05-29,5,2,2023-05-31,App,Hyderabad,Delivered,COD,Late Night 8-11 PM,,0.0,3299.02,3299.02
ORD003771,CUST00973,2023-03-25,3,1,2023-03-28,App,Hyderabad,Delivered,Credit Card,Evening 4-8 PM,,0.0,1281.31,1281.31
ORD003772,CUST00973,2023-12-22,12,4,2023-12-25,App,Hyderabad,Delivered,COD,Morning 6-10 AM,,0.0,4212.28,4212.28
ORD003773,CUST00973,2023-03-13,3,1,2023-03-15,App,Hyderabad,Delivered,UPI,Afternoon 10-2 PM,,0.0,2756.83,2756.83
ORD003774,CUST00973,2023-11-22,11,4,2023-11-24,Web,Hyderabad,Delivered,Credit Card,Afternoon 10-2 PM,BIGSALE23,20.24,114.87,94.63
ORD003775,CUST00973,2023-08-03,8,3,2023-08-05,Web,Hyderabad,Delivered,Credit Card,Afternoon 10-2 PM,,0.0,1823.92,1823.92
ORD003776,CUST00973,2023-10-22,10,4,2023-10-25,App,Hyderabad,Delivered,Debit Card,Morning 6-10 AM,,0.0,4889.84,4889.84
ORD003777,CUST00973,2023-05-23,5,2,2023-05-25,App,Hyderabad,Returned,UPI,Morning 6-10 AM,,0.0,1085.41,479.61
ORD003778,CUST00974,2023-06-30,6,2,2023-07-03,App,Hyderabad,Delivered,Debit Card,Evening 4-8 PM,,0.0,156.48,156.48
ORD003779,CUST00974,2023-03-10,3,1,2023-03-12,App,Hyderabad,Delivered,UPI,Morning 6-10 AM,,0.0,499.3,499.3
ORD003780,CUST00978,2023-11-14,11,4,2023-11-16,App,Mumbai,Delivered,COD,Morning 6-10 AM,,0.0,1336.05,1336.05
ORD003781,CUST00978,2023-07-07,7,3,2023-07-10,App,Mumbai,Delivered,Credit Card,Morning 6-10 AM,,0.0,1613.49,1613.49
ORD003782,CUST00978,2023-04-27,4,2,,App,Mumbai,Cancelled,Credit Card,Afternoon 10-2 PM,,0.0,2354.98,0.0
ORD003783,CUST00978,2023-06-14,6,2,2023-06-16,App,Mumbai,Delivered,Debit Card,Morning 6-10 AM,,0.0,1468.16,1468.16
ORD003784,CUST00978,2023-07-03,7,3,2023-07-05,Web,Mumbai,Delivered,UPI,Evening 4-8 PM,,0.0,1447.51,1447.51
ORD003785,CUST00978,2023-05-20,5,2,2023-05-21,App,Mumbai,Delivered,UPI,Afternoon 10-2 PM,,0.0,726.39,726.39
ORD003786,CUST00978,2023-12-24,12,4,2023-12-27,App,Mumbai,Delivered,Wallet,Morning 6-10 AM,,0.0,911.27,911.27
ORD003787,CUST00978,2023-06-20,6,2,2023-06-23,App,Mumbai,Delivered,UPI,Evening 4-8 PM,,0.0,2002.32,2002.32
ORD003788,CUST00978,2023-02-19,2,1,2023-02-21,Web,Mumbai,Delivered,UPI,Evening 4-8 PM,,0.0,671.11,671.11
ORD003789,CUST00978,2023-10-20,10,4,2023-10-22,Web,Mumbai,Delivered,UPI,Evening 4-8 PM,DUSSEHRA23,83.47,1546.95,1463.48
ORD003790,CUST00978,2023-04-21,4,2,2023-04-22,App,Mumbai,Delivered,Credit Card,Morning 6-10 AM,,0.0,138.04,138.04
ORD003791,CUST00978,2023-04-15,4,2,2023-04-16,App,Mumbai,Delivered,UPI,Evening 4-8 PM,,0.0,3776.85,3776.85
ORD003792,CUST00978,2023-07-23,7,3,2023-07-25,App,Mumbai,Delivered,Wallet,Evening 4-8 PM,,0.0,1346.01,1346.01
ORD003793,CUST00978,2023-10-24,10,4,2023-10-25,App,Mumbai,Delivered,UPI,Morning 6-10 AM,,0.0,775.31,775.31
ORD003794,CUST00978,2023-02-02,2,1,2023-02-03,Kiosk,Mumbai,Delivered,UPI,Late Night 8-11 PM,,0.0,1564.88,1564.88
ORD003795,CUST00980,2023-07-14,7,3,2023-07-17,App,Delhi,Delivered,Credit Card,Morning 6-10 AM,,0.0,465.6,465.6
ORD003796,CUST00980,2023-05-12,5,2,2023-05-14,Web,Delhi,Delivered,UPI,Evening 4-8 PM,,0.0,1755.4,1755.4
ORD003797,CUST00980,2023-04-25,4,2,2023-04-26,Web,Delhi,Delivered,UPI,Morning 6-10 AM,,0.0,2880.71,2880.71
ORD003798,CUST00980,2023-04-05,4,2,2023-04-08,App,Delhi,Delivered,Debit Card,Afternoon 10-2 PM,,0.0,132.11,132.11
ORD003799,CUST00981,2023-12-22,12,4,2023-12-24,Kiosk,Mumbai,Delivered,UPI,Morning 6-10 AM,,0.0,270.87,270.87
ORD003800,CUST00981,2023-01-08,1,1,2023-01-11,App,Mumbai,Delivered,COD,Morning 6-10 AM,,0.0,5050.55,5050.55
ORD003801,CUST00981,2023-03-09,3,1,2023-03-11,Web,Mumbai,Delivered,Credit Card,Afternoon 10-2 PM,HOLI23,41.58,463.71,422.13
ORD003802,CUST00981,2023-04-23,4,2,2023-04-24,App,Mumbai,Delivered,UPI,Afternoon 10-2 PM,,0.0,1219.97,1219.97
ORD003803,CUST00981,2023-12-17,12,4,2023-12-20,App,Mumbai,Delivered,Wallet,Morning 6-10 AM,,0.0,5321.28,5321.28
ORD003804,CUST00981,2023-05-21,5,2,,App,Mumbai,Cancelled,UPI,Morning 6-10 AM,,0.0,1550.6,0.0
ORD003805,CUST00981,2023-12-06,12,4,2023-12-09,App,Mumbai,Delivered,UPI,,,0.0,2490.02,2490.02
ORD003806,CUST00981,2023-05-03,5,2,2023-05-04,App,Mumbai,Delivered,Wallet,Late Night 8-11 PM,,0.0,1970.74,1970.74
ORD003807,CUST00981,2023-03-14,3,1,2023-03-16,Kiosk,Mumbai,Delivered,UPI,Afternoon 10-2 PM,,0.0,4014.94,4014.94
ORD003808,CUST00981,2023-01-03,1,1,2023-01-05,App,Mumbai,Delivered,Debit Card,Afternoon 10-2 PM,,0.0,743.13,743.13
ORD003809,CUST00981,2023-12-16,12,4,2023-12-18,App,Mumbai,Delivered,Wallet,Morning 6-10 AM,,0.0,2615.44,2615.44
ORD003810,CUST00981,2023-04-10,4,2,2023-04-13,Kiosk,Mumbai,Delivered,Debit Card,Evening 4-8 PM,,0.0,2417.12,2417.12
ORD003811,CUST00981,2023-09-23,9,3,2023-09-24,App,Mumbai,Delivered,Credit Card,Morning 6-10 AM,,0.0,438.34,438.34
ORD003812,CUST00981,2023-12-09,12,4,2023-12-12,App,Mumbai,Delivered,UPI,Evening 4-8 PM,,0.0,1048.24,1048.24
ORD003813,CUST00981,2023-04-27,4,2,2023-04-28,App,Mumbai,Delivered,UPI,Morning 6-10 AM,,0.0,231.28,231.28
ORD003814,CUST00981,2023-03-03,3,1,2023-03-04,Web,Mumbai,Delivered,UPI,Evening 4-8 PM,,0.0,670.12,670.12
ORD003815,CUST00981,2023-05-31,5,2,2023-06-01,App,Mumbai,Delivered,Credit Card,Morning 6-10 AM,,0.0,657.85,657.85
ORD003816,CUST00981,2023-07-16,7,3,2023-07-17,App,Mumbai,Delivered,UPI,Afternoon 10-2 PM,,0.0,3527.82,3527.82
ORD003817,CUST00981,2023-11-13,11,4,2023-11-15,Web,Mumbai,Delivered,UPI,Evening 4-8 PM,,0.0,3632.02,3632.02
ORD003818,CUST00981,2023-01-23,1,1,2023-01-24,App,Mumbai,Delivered,UPI,Afternoon 10-2 PM,,0.0,797.11,797.11
ORD003819,CUST00981,2023-12-08,12,4,2023-12-10,Kiosk,Mumbai,Delivered,Credit Card,Morning 6-10 AM,,0.0,292.38,292.38
ORD003820,CUST00981,2023-04-11,4,2,2023-04-13,App,Mumbai,Delivered,Credit Card,Afternoon 10-2 PM,,0.0,2112.63,2112.63
ORD003821,CUST00981,2023-12-24,12,4,2023-12-27,Web,Mumbai,Delivered,Credit Card,Afternoon 10-2 PM,XMAS23,187.39,1327.97,1140.58
ORD003822,CUST00981,2023-12-15,12,4,2023-12-18,App,Mumbai,Delivered,UPI,Morning 6-10 AM,,0.0,1765.97,1765.97
ORD003823,CUST00982,2023-07-30,7,3,2023-08-02,Web,Ahmedabad,Delivered,UPI,Morning 6-10 AM,,0.0,153.62,153.62
ORD003824,CUST00984,2023-04-01,4,2,2023-04-02,App,Mumbai,Delivered,UPI,Late Night 8-11 PM,,0.0,1487.41,1487.41
ORD003825,CUST00984,2023-08-24,8,3,2023-08-25,App,Mumbai,Delivered,Debit Card,Evening 4-8 PM,,0.0,49.38,49.38
ORD003826,CUST00984,2023-11-16,11,4,2023-11-19,App,Mumbai,Delivered,COD,Morning 6-10 AM,,0.0,1139.04,1139.04
ORD003827,CUST00984,2023-08-17,8,3,2023-08-19,App,Mumbai,Delivered,UPI,Afternoon 10-2 PM,,0.0,1956.89,1956.89
ORD003828,CUST00986,2023-01-23,1,1,,App,Bengaluru,Cancelled,UPI,Evening 4-8 PM,,0.0,1712.15,0.0
ORD003829,CUST00986,2023-02-15,2,1,2023-02-18,Web,Bengaluru,Delivered,UPI,Evening 4-8 PM,,0.0,2086.52,2086.52
ORD003830,CUST00986,2023-03-10,3,1,2023-03-12,App,Bengaluru,Delivered,Debit Card,Late Night 8-11 PM,,0.0,1971.25,1971.25
ORD003831,CUST00986,2023-03-02,3,1,2023-03-03,App,Bengaluru,Delivered,UPI,Afternoon 10-2 PM,,0.0,499.95,499.95
ORD003832,CUST00986,2023-11-08,11,4,2023-11-10,App,Bengaluru,Delivered,UPI,Evening 4-8 PM,,0.0,611.9,611.9
ORD003833,CUST00986,2023-11-23,11,4,2023-11-25,Web,Bengaluru,Delivered,Wallet,,,0.0,928.23,928.23
ORD003834,CUST00986,2023-06-25,6,2,2023-06-26,App,Bengaluru,Delivered,Debit Card,Afternoon 10-2 PM,,0.0,235.29,235.29
ORD003835,CUST00986,2023-12-30,12,4,,Web,Bengaluru,Cancelled,Debit Card,Evening 4-8 PM,XMAS23,0.0,659.94,0.0
ORD003836,CUST00986,2023-09-18,9,3,2023-09-20,Web,Bengaluru,Delivered,UPI,Late Night 8-11 PM,,0.0,1126.36,1126.36
ORD003837,CUST00986,2023-09-21,9,3,2023-09-24,App,Bengaluru,Delivered,Debit Card,Evening 4-8 PM,,0.0,2487.59,2487.59
ORD003838,CUST00986,2023-12-05,12,4,2023-12-08,Web,Bengaluru,Delivered,COD,Late Night 8-11 PM,,0.0,1108.82,1108.82
ORD003839,CUST00986,2023-04-04,4,2,2023-04-06,App,Bengaluru,Delivered,UPI,Afternoon 10-2 PM,,0.0,742.95,742.95
ORD003840,CUST00986,2023-03-30,3,1,2023-04-02,Web,Bengaluru,Delivered,Credit Card,Evening 4-8 PM,,0.0,1817.46,1817.46
ORD003841,CUST00986,2023-11-16,11,4,2023-11-17,App,Bengaluru,Delivered,UPI,Late Night 8-11 PM,,0.0,1100.67,1100.67
ORD003842,CUST00986,2023-11-04,11,4,2023-11-07,App,Bengaluru,Delivered,Debit Card,Morning 6-10 AM,,0.0,1539.56,1539.56
ORD003843,CUST00986,2023-05-26,5,2,2023-05-27,Web,Bengaluru,Returned,COD,Evening 4-8 PM,,0.0,4421.28,300.95
ORD003844,CUST00986,2023-06-14,6,2,2023-06-17,Kiosk,Bengaluru,Delivered,Debit Card,Afternoon 10-2 PM,,0.0,847.51,847.51
ORD003845,CUST00986,2023-02-26,2,1,2023-02-27,App,Bengaluru,Delivered,Debit Card,Evening 4-8 PM,,0.0,1902.13,1902.13
ORD003846,CUST00986,2023-05-08,5,2,2023-05-10,Web,Bengaluru,Delivered,Debit Card,Afternoon 10-2 PM,,0.0,1546.18,1546.18
ORD003847,CUST00986,2023-04-21,4,2,2023-04-24,App,Bengaluru,Delivered,Credit Card,Afternoon 10-2 PM,,0.0,1487.02,1487.02
ORD003848,CUST00986,2023-09-02,9,3,2023-09-04,App,Bengaluru,Delivered,Credit Card,Afternoon 10-2 PM,,0.0,1420.48,1420.48
ORD003849,CUST00986,2023-07-31,7,3,2023-08-02,Web,Bengaluru,Delivered,Debit Card,Evening 4-8 PM,,0.0,4021.07,4021.07
ORD003850,CUST00986,2023-10-13,10,4,2023-10-14,App,Bengaluru,Delivered,UPI,Afternoon 10-2 PM,,0.0,223.81,223.81
ORD003851,CUST00986,2023-04-19,4,2,2023-04-20,App,Bengaluru,Delivered,COD,Afternoon 10-2 PM,,0.0,2400.23,2400.23
ORD003852,CUST00986,2023-07-17,7,3,2023-07-19,App,Bengaluru,Delivered,UPI,Afternoon 10-2 PM,,0.0,1016.06,1016.06
ORD003853,CUST00986,2023-01-11,1,1,2023-01-14,Kiosk,Bengaluru,Delivered,UPI,Evening 4-8 PM,,0.0,2241.15,2241.15
ORD003854,CUST00986,2023-06-16,6,2,2023-06-17,App,Bengaluru,Delivered,Credit Card,Afternoon 10-2 PM,,0.0,15.27,15.27
ORD003855,CUST00986,2023-08-25,8,3,2023-08-27,App,Bengaluru,Returned,UPI,Evening 4-8 PM,,0.0,1457.07,208.55
ORD003856,CUST00986,2023-10-15,10,4,2023-10-17,App,Bengaluru,Delivered,COD,Afternoon 10-2 PM,,0.0,764.57,764.57
ORD003857,CUST00986,2023-02-15,2,1,2023-02-17,App,Bengaluru,Delivered,UPI,Evening 4-8 PM,,0.0,1444.32,1444.32
ORD003858,CUST00986,2023-06-23,6,2,2023-06-26,Kiosk,Bengaluru,Delivered,UPI,Afternoon 10-2 PM,,0.0,7337.3,7337.3
ORD003859,CUST00986,2023-05-13,5,2,2023-05-16,Kiosk,Bengaluru,Delivered,Credit Card,Late Night 8-11 PM,,0.0,2172.62,2172.62
ORD003860,CUST00986,2023-06-14,6,2,2023-06-16,App,Bengaluru,Delivered,UPI,Morning 6-10 AM,,0.0,605.88,605.88
ORD003861,CUST00986,2023-11-17,11,4,2023-11-19,Web,Bengaluru,Delivered,UPI,Morning 6-10 AM,,0.0,599.8,599.8
ORD003862,CUST00986,2023-10-14,10,4,,Web,Bengaluru,Cancelled,UPI,Afternoon 10-2 PM,,0.0,1681.58,0.0
ORD003863,CUST00989,2023-04-27,4,2,2023-04-30,App,Mumbai,Delivered,UPI,Afternoon 10-2 PM,,0.0,989.61,989.61
ORD003864,CUST00989,2023-12-18,12,4,2023-12-19,App,Mumbai,Delivered,COD,Morning 6-10 AM,,0.0,119.15,119.15
ORD003865,CUST00990,2023-05-15,5,2,2023-05-18,Web,Hyderabad,Delivered,COD,Afternoon 10-2 PM,,0.0,197.18,197.18
ORD003866,CUST00990,2023-09-03,9,3,2023-09-05,Web,Hyderabad,Delivered,COD,Afternoon 10-2 PM,,0.0,559.4,559.4
ORD003867,CUST00994,2023-01-07,1,1,2023-01-09,App,Bengaluru,Delivered,UPI,Evening 4-8 PM,,0.0,281.96,281.96
ORD003868,CUST00994,2023-01-31,1,1,2023-02-03,App,Bengaluru,Delivered,UPI,Morning 6-10 AM,,0.0,341.35,341.35
ORD003869,CUST00994,2023-05-22,5,2,2023-05-24,Web,Bengaluru,Delivered,UPI,Morning 6-10 AM,,0.0,767.55,767.55
ORD003870,CUST00994,2023-11-14,11,4,2023-11-15,App,Bengaluru,Delivered,Credit Card,Afternoon 10-2 PM,,0.0,217.26,217.26
ORD003871,CUST00995,2023-02-21,2,1,2023-02-24,Web,Lucknow,Delivered,COD,Afternoon 10-2 PM,,0.0,1224.16,1224.16
ORD003872,CUST00995,2023-07-03,7,3,2023-07-04,App,Lucknow,Delivered,Debit Card,Morning 6-10 AM,,0.0,9.89,9.89
ORD003873,CUST00995,2023-05-31,5,2,2023-06-01,Web,Lucknow,Delivered,UPI,Afternoon 10-2 PM,,0.0,845.71,845.71
ORD003874,CUST00995,2023-07-16,7,3,2023-07-19,Web,Lucknow,Delivered,UPI,Evening 4-8 PM,,0.0,1645.4,1645.4
ORD003875,CUST00995,2023-04-15,4,2,2023-04-17,Web,Lucknow,Delivered,Wallet,Afternoon 10-2 PM,,0.0,2443.05,2443.05
ORD003876,CUST00995,2023-07-28,7,3,2023-07-30,Kiosk,Lucknow,Delivered,Wallet,Late Night 8-11 PM,,0.0,735.59,735.59
ORD003877,CUST00995,2023-09-19,9,3,2023-09-20,App,Lucknow,Delivered,UPI,Evening 4-8 PM,,0.0,479.57,479.57
ORD003878,CUST00995,2023-11-14,11,4,2023-11-15,App,Lucknow,Delivered,Credit Card,Morning 6-10 AM,DIWALI23SUPER,92.29,938.76,846.47
ORD003879,CUST00995,2023-11-01,11,4,2023-11-04,Web,Lucknow,Delivered,COD,Late Night 8-11 PM,,0.0,765.66,765.66
ORD003880,CUST00995,2023-05-11,5,2,2023-05-14,App,Lucknow,Delivered,Debit Card,Afternoon 10-2 PM,,0.0,3823.62,3823.62
ORD003881,CUST00998,2023-05-15,5,2,2023-05-16,Web,Delhi,Delivered,UPI,Evening 4-8 PM,,0.0,294.44,294.44
ORD003882,CUST00998,2023-01-30,1,1,2023-02-01,Web,Delhi,Delivered,UPI,Late Night 8-11 PM,,0.0,2032.81,2032.81
ORD003883,CUST00998,2023-01-17,1,1,2023-01-18,Web,Delhi,Delivered,UPI,Afternoon 10-2 PM,,0.0,994.69,994.69
ORD003884,CUST00998,2023-09-17,9,3,2023-09-20,App,Delhi,Delivered,Credit Card,Morning 6-10 AM,,0.0,1090.06,1090.06
ORD003885,CUST00998,2023-12-31,12,4,2024-01-01,App,Delhi,Returned,Credit Card,Morning 6-10 AM,,0.0,535.95,78.65
ORD003886,CUST00998,2023-05-26,5,2,2023-05-28,App,Delhi,Delivered,Credit Card,Morning 6-10 AM,,0.0,3609.96,3609.96
ORD003887,CUST00998,2023-04-28,4,2,2023-05-01,Web,Delhi,Delivered,UPI,Afternoon 10-2 PM,,0.0,918.12,918.12
ORD003888,CUST00998,2023-02-02,2,1,,Web,Delhi,Cancelled,UPI,Evening 4-8 PM,,0.0,145.19,0.0
ORD003889,CUST00998,2023-05-20,5,2,2023-05-23,Web,Delhi,Delivered,Debit Card,Afternoon 10-2 PM,,0.0,705.76,705.76
ORD003890,CUST00998,2023-11-24,11,4,2023-11-25,App,Delhi,Delivered,UPI,Morning 6-10 AM,,0.0,1184.91,1184.91
ORD003891,CUST01000,2023-01-01,1,1,2023-01-03,Kiosk,Mumbai,Delivered,Credit Card,Afternoon 10-2 PM,,0.0,233.04,233.04
ORD003892,CUST01002,2023-02-24,2,1,2023-02-26,App,Delhi,Delivered,UPI,Morning 6-10 AM,,0.0,1611.78,1611.78
ORD003893,CUST01004,2023-12-17,12,4,2023-12-20,Web,Delhi,Delivered,UPI,Morning 6-10 AM,,0.0,904.88,904.88
ORD003894,CUST01004,2023-02-06,2,1,2023-02-09,Web,Delhi,Delivered,Credit Card,Morning 6-10 AM,,0.0,478.75,478.75
ORD003895,CUST01004,2023-02-06,2,1,2023-02-08,Kiosk,Delhi,Delivered,Debit Card,Morning 6-10 AM,,0.0,1315.9,1315.9
ORD003896,CUST01004,2023-05-07,5,2,2023-05-08,App,Delhi,Delivered,UPI,Evening 4-8 PM,,0.0,3584.27,3584.27
ORD003897,CUST01004,2023-10-25,10,4,2023-10-28,App,Delhi,Delivered,Credit Card,Morning 6-10 AM,,0.0,1516.43,1516.43
ORD003898,CUST01004,2023-02-04,2,1,2023-02-06,App,Delhi,Delivered,UPI,Morning 6-10 AM,,0.0,488.65,488.65
ORD003899,CUST01004,2023-08-31,8,3,2023-09-03,App,Delhi,Delivered,Debit Card,Evening 4-8 PM,,0.0,495.08,495.08
ORD003900,CUST01007,2023-02-23,2,1,2023-02-25,App,Delhi,Delivered,UPI,Late Night 8-11 PM,,0.0,1259.75,1259.75
ORD003901,CUST01007,2023-12-16,12,4,2023-12-19,Web,Delhi,Delivered,Debit Card,Late Night 8-11 PM,,0.0,877.68,877.68
ORD003902,CUST01007,2023-12-04,12,4,2023-12-05,Web,Delhi,Delivered,Wallet,Morning 6-10 AM,,0.0,540.14,540.14
ORD003903,CUST01007,2023-12-21,12,4,2023-12-22,App,Delhi,Delivered,Credit Card,Late Night 8-11 PM,,0.0,1244.02,1244.02
ORD003904,CUST01007,2023-05-19,5,2,2023-05-20,App,Delhi,Delivered,COD,Late Night 8-11 PM,,0.0,1134.76,1134.76
ORD003905,CUST01007,2023-10-08,10,4,2023-10-11,App,Delhi,Delivered,Debit Card,Afternoon 10-2 PM,,0.0,1553.44,1553.44
ORD003906,CUST01007,2023-01-15,1,1,2023-01-17,App,Delhi,Delivered,UPI,Afternoon 10-2 PM,,0.0,673.79,673.79
ORD003907,CUST01007,2023-04-03,4,2,2023-04-05,Web,Delhi,Delivered,UPI,Evening 4-8 PM,,0.0,237.67,237.67
ORD003908,CUST01007,2023-04-28,4,2,2023-04-30,App,Delhi,Delivered,COD,Evening 4-8 PM,,0.0,461.13,461.13
ORD003909,CUST01007,2023-10-05,10,4,2023-10-08,Web,Delhi,Delivered,UPI,Evening 4-8 PM,,0.0,1007.76,1007.76
ORD003910,CUST01007,2023-12-05,12,4,2023-12-08,App,Delhi,Delivered,Credit Card,Late Night 8-11 PM,,0.0,221.29,221.29
ORD003911,CUST01008,2023-02-06,2,1,2023-02-08,Web,Hyderabad,Delivered,COD,Morning 6-10 AM,,0.0,729.14,729.14
ORD003912,CUST01008,2023-06-02,6,2,2023-06-05,App,Hyderabad,Delivered,UPI,,,0.0,3966.32,3966.32
ORD003913,CUST01009,2023-06-27,6,2,2023-06-29,Web,Hyderabad,Delivered,Debit Card,Morning 6-10 AM,,0.0,704.3,704.3
ORD003914,CUST01009,2023-06-08,6,2,2023-06-09,Web,Hyderabad,Returned,Credit Card,Late Night 8-11 PM,,0.0,1665.76,1458.3
ORD003915,CUST01009,2023-02-16,2,1,2023-02-17,Web,Hyderabad,Delivered,Debit Card,Afternoon 10-2 PM,,0.0,292.25,292.25
ORD003916,CUST01009,2023-09-07,9,3,2023-09-09,App,Hyderabad,Delivered,UPI,Afternoon 10-2 PM,,0.0,627.51,627.51
ORD003917,CUST01009,2023-05-17,5,2,2023-05-20,App,Hyderabad,Delivered,Debit Card,Morning 6-10 AM,,0.0,771.41,771.41
ORD003918,CUST01009,2023-07-22,7,3,2023-07-24,Web,Hyderabad,Delivered,Debit Card,Morning 6-10 AM,,0.0,957.07,957.07
ORD003919,CUST01009,2023-08-03,8,3,2023-08-06,App,Hyderabad,Delivered,UPI,Afternoon 10-2 PM,,0.0,820.28,820.28
ORD003920,CUST01009,2023-09-12,9,3,2023-09-13,Web,Hyderabad,Delivered,Credit Card,Afternoon 10-2 PM,,0.0,154.41,154.41
ORD003921,CUST01009,2023-02-01,2,1,2023-02-03,App,Hyderabad,Delivered,Wallet,Afternoon 10-2 PM,,0.0,1399.62,1399.62
ORD003922,CUST01009,2023-03-16,3,1,2023-03-18,Web,Hyderabad,Delivered,UPI,Late Night 8-11 PM,,0.0,1374.63,1374.63
ORD003923,CUST01010,2023-04-26,4,2,2023-04-27,App,Delhi,Delivered,COD,Evening 4-8 PM,,0.0,820.08,820.08
ORD003924,CUST01010,2023-02-15,2,1,2023-02-17,Web,Delhi,Delivered,UPI,Afternoon 10-2 PM,,0.0,636.44,636.44
ORD003925,CUST01010,2023-10-22,10,4,2023-10-25,App,Delhi,Delivered,UPI,Morning 6-10 AM,,0.0,1141.94,1141.94
ORD003926,CUST01010,2023-03-15,3,1,2023-03-17,Web,Delhi,Delivered,Wallet,Morning 6-10 AM,,0.0,2107.11,2107.11
ORD003927,CUST01010,2023-03-04,3,1,2023-03-07,App,Delhi,Delivered,Debit Card,Afternoon 10-2 PM,,0.0,912.05,912.05
ORD003928,CUST01011,2023-08-31,8,3,2023-09-02,App,Delhi,Delivered,UPI,Afternoon 10-2 PM,,0.0,1244.59,1244.59
ORD003929,CUST01011,2023-05-13,5,2,2023-05-15,App,Delhi,Returned,UPI,Morning 6-10 AM,,0.0,485.51,140.77
ORD003930,CUST01013,2023-04-17,4,2,2023-04-18,Web,Mumbai,Delivered,UPI,Evening 4-8 PM,,0.0,175.7,175.7
ORD003931,CUST01014,2023-07-10,7,3,2023-07-13,App,Jaipur,Delivered,UPI,Morning 6-10 AM,,0.0,856.68,856.68
ORD003932,CUST01014,2023-11-05,11,4,,App,Jaipur,Cancelled,UPI,Evening 4-8 PM,,0.0,250.42,0.0
ORD003933,CUST01014,2023-10-03,10,4,2023-10-05,App,Jaipur,Delivered,COD,Morning 6-10 AM,,0.0,434.26,434.26
ORD003934,CUST01016,2023-02-17,2,1,2023-02-18,App,Delhi,Delivered,UPI,Evening 4-8 PM,,0.0,51.96,51.96
ORD003935,CUST01016,2023-10-21,10,4,2023-10-22,App,Delhi,Delivered,UPI,Afternoon 10-2 PM,,0.0,222.43,222.43
ORD003936,CUST01016,2023-10-21,10,4,2023-10-23,App,Delhi,Returned,UPI,Afternoon 10-2 PM,,0.0,2789.58,261.3
ORD003937,CUST01016,2023-01-09,1,1,2023-01-10,App,Delhi,Delivered,Credit Card,Afternoon 10-2 PM,,0.0,1452.98,1452.98
ORD003938,CUST01016,2023-08-26,8,3,2023-08-28,Web,Delhi,Delivered,UPI,,,0.0,424.98,424.98
ORD003939,CUST01016,2023-03-27,3,1,2023-03-30,Web,Delhi,Delivered,Debit Card,Evening 4-8 PM,,0.0,1005.48,1005.48
ORD003940,CUST01016,2023-11-05,11,4,2023-11-06,App,Delhi,Delivered,UPI,Evening 4-8 PM,,0.0,1163.69,1163.69
ORD003941,CUST01016,2023-11-17,11,4,,Web,Delhi,Cancelled,UPI,Afternoon 10-2 PM,,0.0,1450.13,0.0
ORD003942,CUST01016,2023-12-16,12,4,2023-12-19,Web,Delhi,Delivered,Credit Card,Evening 4-8 PM,,0.0,576.93,576.93
ORD003943,CUST01016,2023-08-16,8,3,2023-08-18,Kiosk,Delhi,Delivered,UPI,,,0.0,1989.87,1989.87
ORD003944,CUST01016,2023-06-01,6,2,2023-06-03,App,Delhi,Delivered,Credit Card,Morning 6-10 AM,,0.0,1514.77,1514.77
ORD003945,CUST01018,2023-06-22,6,2,2023-06-24,App,Delhi,Delivered,UPI,Afternoon 10-2 PM,,0.0,168.31,168.31
ORD003946,CUST01018,2023-12-22,12,4,2023-12-24,Kiosk,Delhi,Delivered,Wallet,Late Night 8-11 PM,,0.0,882.22,882.22
ORD003947,CUST01019,2023-06-13,6,2,2023-06-16,Web,Delhi,Delivered,UPI,Afternoon 10-2 PM,,0.0,742.3,742.3
ORD003948,CUST01019,2023-12-28,12,4,2023-12-29,App,Delhi,Delivered,Credit Card,Late Night 8-11 PM,,0.0,50.87,50.87
ORD003949,CUST01020,2023-03-17,3,1,2023-03-20,App,Mumbai,Delivered,Debit Card,Evening 4-8 PM,,0.0,1472.45,1472.45
ORD003950,CUST01020,2023-04-20,4,2,2023-04-21,App,Mumbai,Delivered,COD,Evening 4-8 PM,,0.0,1640.77,1640.77
ORD003951,CUST01020,2023-03-05,3,1,2023-03-07,Web,Mumbai,Delivered,Credit Card,Late Night 8-11 PM,,0.0,509.73,509.73
ORD003952,CUST01020,2023-08-29,8,3,2023-08-30,Web,Mumbai,Delivered,Credit Card,Evening 4-8 PM,,0.0,1038.45,1038.45
ORD003953,CUST01020,2023-04-01,4,2,2023-04-02,App,Mumbai,Delivered,COD,Morning 6-10 AM,,0.0,915.18,915.18
ORD003954,CUST01020,2023-10-21,10,4,2023-10-22,Web,Mumbai,Delivered,UPI,Afternoon 10-2 PM,,0.0,5126.77,5126.77
ORD003955,CUST01020,2023-01-24,1,1,2023-01-27,Web,Mumbai,Delivered,UPI,Evening 4-8 PM,,0.0,1816.67,1816.67
ORD003956,CUST01022,2023-11-27,11,4,,Kiosk,Bengaluru,Cancelled,COD,Evening 4-8 PM,,0.0,673.74,0.0
ORD003957,CUST01024,2023-09-19,9,3,2023-09-20,App,Bengaluru,Delivered,Debit Card,Evening 4-8 PM,,0.0,1077.35,1077.35
ORD003958,CUST01024,2023-10-07,10,4,2023-10-10,App,Bengaluru,Delivered,Debit Card,Late Night 8-11 PM,,0.0,2775.09,2775.09
ORD003959,CUST01024,2023-08-04,8,3,2023-08-05,App,Bengaluru,Delivered,COD,Afternoon 10-2 PM,,0.0,2083.98,2083.98
ORD003960,CUST01024,2023-08-20,8,3,2023-08-23,Kiosk,Bengaluru,Delivered,Credit Card,Afternoon 10-2 PM,,0.0,1127.29,1127.29
ORD003961,CUST01024,2023-09-11,9,3,2023-09-12,App,Bengaluru,Delivered,UPI,Morning 6-10 AM,,0.0,436.09,436.09
ORD003962,CUST01024,2023-12-02,12,4,2023-12-05,App,Bengaluru,Delivered,Debit Card,Evening 4-8 PM,,0.0,1459.1,1459.1
ORD003963,CUST01024,2023-05-20,5,2,2023-05-21,Web,Bengaluru,Delivered,Debit Card,Morning 6-10 AM,,0.0,2063.65,2063.65
ORD003964,CUST01026,2023-03-16,3,1,2023-03-17,Web,Hyderabad,Returned,COD,Morning 6-10 AM,,0.0,1079.52,190.5
ORD003965,CUST01026,2023-11-24,11,4,2023-11-25,App,Hyderabad,Delivered,UPI,Morning 6-10 AM,,0.0,990.22,990.22
ORD003966,CUST01028,2023-07-25,7,3,2023-07-27,Web,Delhi,Delivered,Debit Card,Morning 6-10 AM,,0.0,1108.01,1108.01
ORD003967,CUST01028,2023-09-18,9,3,,Web,Delhi,Cancelled,Debit Card,Morning 6-10 AM,,0.0,554.22,0.0
ORD003968,CUST01028,2023-05-07,5,2,2023-05-08,App,Delhi,Delivered,UPI,Morning 6-10 AM,,0.0,1474.85,1474.85
ORD003969,CUST01028,2023-08-04,8,3,2023-08-06,Web,Delhi,Delivered,COD,Evening 4-8 PM,,0.0,871.72,871.72
ORD003970,CUST01028,2023-04-08,4,2,2023-04-10,App,Delhi,Returned,UPI,Afternoon 10-2 PM,,0.0,1069.02,532.87
ORD003971,CUST01028,2023-10-31,10,4,2023-11-02,Web,Delhi,Delivered,Wallet,Morning 6-10 AM,,0.0,2199.41,2199.41
ORD003972,CUST01028,2023-07-11,7,3,2023-07-14,App,Delhi,Delivered,Credit Card,Afternoon 10-2 PM,,0.0,810.89,810.89
ORD003973,CUST01028,2023-06-29,6,2,2023-06-30,App,Delhi,Delivered,UPI,Morning 6-10 AM,,0.0,675.07,675.07
ORD003974,CUST01028,2023-04-01,4,2,2023-04-03,App,Delhi,Delivered,Credit Card,Evening 4-8 PM,,0.0,213.67,213.67
ORD003975,CUST01028,2023-01-06,1,1,2023-01-09,App,Delhi,Delivered,UPI,Afternoon 10-2 PM,,0.0,1511.88,1511.88
ORD003976,CUST01028,2023-07-05,7,3,2023-07-07,Web,Delhi,Delivered,UPI,Afternoon 10-2 PM,,0.0,600.18,600.18
ORD003977,CUST01028,2023-10-01,10,4,2023-10-04,Kiosk,Delhi,Delivered,Credit Card,Evening 4-8 PM,,0.0,48.38,48.38
ORD003978,CUST01028,2023-02-03,2,1,2023-02-06,App,Delhi,Delivered,UPI,Evening 4-8 PM,,0.0,410.96,410.96
ORD003979,CUST01028,2023-03-08,3,1,,App,Delhi,Cancelled,UPI,Evening 4-8 PM,HOLI23,0.0,1548.49,0.0
ORD003980,CUST01028,2023-09-17,9,3,2023-09-18,App,Delhi,Delivered,Wallet,Morning 6-10 AM,,0.0,1913.18,1913.18
ORD003981,CUST01028,2023-08-06,8,3,2023-08-08,App,Delhi,Delivered,COD,Morning 6-10 AM,,0.0,2142.27,2142.27
ORD003982,CUST01028,2023-05-09,5,2,2023-05-11,App,Delhi,Delivered,UPI,Evening 4-8 PM,,0.0,1554.23,1554.23
ORD003983,CUST01028,2023-06-23,6,2,2023-06-24,App,Delhi,Delivered,Debit Card,Evening 4-8 PM,,0.0,739.58,739.58
ORD003984,CUST01028,2023-05-29,5,2,2023-05-30,Kiosk,Delhi,Delivered,Debit Card,Late Night 8-11 PM,,0.0,8624.18,8624.18
ORD003985,CUST01028,2023-12-17,12,4,2023-12-19,App,Delhi,Returned,Wallet,Evening 4-8 PM,,0.0,1907.13,424.07
ORD003986,CUST01028,2023-05-01,5,2,2023-05-02,App,Delhi,Delivered,UPI,Evening 4-8 PM,,0.0,1724.17,1724.17
ORD003987,CUST01028,2023-03-04,3,1,2023-03-05,App,Delhi,Delivered,UPI,Evening 4-8 PM,,0.0,2547.96,2547.96
ORD003988,CUST01028,2023-01-24,1,1,2023-01-26,Kiosk,Delhi,Delivered,Credit Card,Evening 4-8 PM,,0.0,908.53,908.53
ORD003989,CUST01028,2023-08-31,8,3,2023-09-02,App,Delhi,Delivered,UPI,Late Night 8-11 PM,,0.0,293.96,293.96
ORD003990,CUST01028,2023-03-10,3,1,2023-03-11,Web,Delhi,Delivered,UPI,Afternoon 10-2 PM,,0.0,1729.6,1729.6
ORD003991,CUST01028,2023-08-29,8,3,2023-08-30,App,Delhi,Delivered,UPI,Morning 6-10 AM,,0.0,3628.85,3628.85
ORD003992,CUST01028,2023-05-25,5,2,2023-05-26,Web,Delhi,Delivered,UPI,Morning 6-10 AM,,0.0,1386.62,1386.62
ORD003993,CUST01028,2023-09-15,9,3,2023-09-18,App,Delhi,Delivered,UPI,Afternoon 10-2 PM,,0.0,240.59,240.59
ORD003994,CUST01028,2023-02-26,2,1,2023-02-28,App,Delhi,Delivered,Debit Card,Afternoon 10-2 PM,,0.0,4059.61,4059.61
ORD003995,CUST01028,2023-12-24,12,4,2023-12-27,App,Delhi,Delivered,Credit Card,Afternoon 10-2 PM,,0.0,1982.86,1982.86
ORD003996,CUST01028,2023-12-21,12,4,2023-12-23,App,Delhi,Delivered,Credit Card,,,0.0,1522.6,1522.6
ORD003997,CUST01028,2023-04-29,4,2,2023-05-01,App,Delhi,Delivered,Credit Card,Morning 6-10 AM,,0.0,1653.57,1653.57
ORD003998,CUST01031,2023-04-05,4,2,2023-04-08,Kiosk,Delhi,Delivered,Debit Card,Afternoon 10-2 PM,,0.0,106.8,106.8
ORD003999,CUST01031,2023-11-30,11,4,2023-12-02,App,Delhi,Delivered,UPI,Morning 6-10 AM,,0.0,1156.75,1156.75
ORD004000,CUST01032,2023-09-20,9,3,2023-09-21,App,Hyderabad,Delivered,UPI,Afternoon 10-2 PM,,0.0,109.5,109.5
ORD004001,CUST01033,2023-04-23,4,2,2023-04-24,App,Bengaluru,Delivered,Credit Card,Afternoon 10-2 PM,,0.0,1019.35,1019.35
ORD004002,CUST01033,2023-05-19,5,2,2023-05-21,App,Bengaluru,Delivered,Debit Card,Late Night 8-11 PM,,0.0,1161.15,1161.15
ORD004003,CUST01033,2023-02-12,2,1,2023-02-13,App,Bengaluru,Delivered,UPI,Afternoon 10-2 PM,,0.0,1533.03,1533.03
ORD004004,CUST01033,2023-07-24,7,3,2023-07-26,Web,Bengaluru,Delivered,Credit Card,Morning 6-10 AM,,0.0,1331.02,1331.02
ORD004005,CUST01033,2023-09-14,9,3,,Web,Bengaluru,Cancelled,UPI,Morning 6-10 AM,,0.0,2628.17,0.0
ORD004006,CUST01033,2023-12-17,12,4,2023-12-20,App,Bengaluru,Delivered,Debit Card,Afternoon 10-2 PM,,0.0,1246.96,1246.96
ORD004007,CUST01033,2023-01-03,1,1,2023-01-06,App,Bengaluru,Delivered,Debit Card,Late Night 8-11 PM,,0.0,452.89,452.89
ORD004008,CUST01033,2023-04-15,4,2,2023-04-16,App,Bengaluru,Delivered,UPI,Late Night 8-11 PM,,0.0,1772.87,1772.87
ORD004009,CUST01033,2023-07-18,7,3,2023-07-21,App,Bengaluru,Delivered,Debit Card,Evening 4-8 PM,,0.0,1175.13,1175.13
ORD004010,CUST01033,2023-11-02,11,4,2023-11-05,Web,Bengaluru,Delivered,Credit Card,Evening 4-8 PM,,0.0,719.07,719.07
ORD004011,CUST01035,2023-11-19,11,4,2023-11-20,App,Ahmedabad,Delivered,Debit Card,Evening 4-8 PM,,0.0,713.21,713.21
ORD004012,CUST01038,2023-12-25,12,4,2023-12-27,App,Pune,Delivered,UPI,Late Night 8-11 PM,XMAS23,40.78,476.13,435.35
ORD004013,CUST01038,2023-01-03,1,1,2023-01-05,App,Pune,Delivered,Credit Card,Evening 4-8 PM,NY2023,43.54,257.45,213.91
ORD004014,CUST01038,2023-05-14,5,2,2023-05-15,App,Pune,Delivered,COD,Late Night 8-11 PM,,0.0,673.09,673.09
ORD004015,CUST01039,2023-04-02,4,2,2023-04-04,Web,Delhi,Delivered,Debit Card,Morning 6-10 AM,,0.0,1952.9,1952.9
ORD004016,CUST01044,2023-09-24,9,3,2023-09-26,App,Mumbai,Delivered,COD,Evening 4-8 PM,,0.0,34.91,34.91
ORD004017,CUST01045,2023-10-23,10,4,2023-10-24,App,Hyderabad,Delivered,UPI,Morning 6-10 AM,,0.0,461.5,461.5
ORD004018,CUST01046,2023-04-25,4,2,,Kiosk,Bengaluru,Cancelled,Debit Card,Evening 4-8 PM,,0.0,562.04,0.0
ORD004019,CUST01048,2023-12-29,12,4,2023-12-31,Web,Mumbai,Delivered,Debit Card,Morning 6-10 AM,XMAS23,39.52,295.1,255.58
ORD004020,CUST01048,2023-04-02,4,2,2023-04-05,App,Mumbai,Delivered,Credit Card,Evening 4-8 PM,,0.0,610.14,610.14
ORD004021,CUST01051,2023-10-20,10,4,2023-10-23,Web,Hyderabad,Delivered,UPI,Morning 6-10 AM,,0.0,3088.22,3088.22
ORD004022,CUST01051,2023-08-27,8,3,2023-08-28,Kiosk,Hyderabad,Delivered,UPI,Morning 6-10 AM,,0.0,5785.42,5785.42
ORD004023,CUST01051,2023-12-14,12,4,2023-12-15,Kiosk,Hyderabad,Delivered,UPI,Morning 6-10 AM,,0.0,2980.96,2980.96
ORD004024,CUST01051,2023-05-18,5,2,2023-05-19,App,Hyderabad,Delivered,UPI,Late Night 8-11 PM,,0.0,748.16,748.16
ORD004025,CUST01051,2023-04-08,4,2,2023-04-11,Web,Hyderabad,Delivered,UPI,Afternoon 10-2 PM,,0.0,73.87,73.87
ORD004026,CUST01051,2023-12-18,12,4,2023-12-20,Kiosk,Hyderabad,Delivered,UPI,Evening 4-8 PM,,0.0,995.02,995.02
ORD004027,CUST01051,2023-06-17,6,2,2023-06-18,App,Hyderabad,Delivered,Credit Card,Morning 6-10 AM,,0.0,2216.42,2216.42
ORD004028,CUST01051,2023-01-20,1,1,2023-01-22,Web,Hyderabad,Delivered,UPI,Morning 6-10 AM,,0.0,2050.92,2050.92
ORD004029,CUST01051,2023-12-15,12,4,2023-12-16,App,Hyderabad,Delivered,UPI,Evening 4-8 PM,,0.0,2438.75,2438.75
ORD004030,CUST01051,2023-09-20,9,3,2023-09-22,Web,Hyderabad,Delivered,Credit Card,Morning 6-10 AM,,0.0,493.81,493.81
ORD004031,CUST01051,2023-05-11,5,2,2023-05-12,Web,Hyderabad,Delivered,UPI,Late Night 8-11 PM,,0.0,157.49,157.49
ORD004032,CUST01051,2023-03-05,3,1,2023-03-06,App,Hyderabad,Delivered,UPI,Morning 6-10 AM,,0.0,894.64,894.64
ORD004033,CUST01051,2023-10-23,10,4,2023-10-24,App,Hyderabad,Delivered,UPI,Morning 6-10 AM,,0.0,2408.94,2408.94
ORD004034,CUST01051,2023-04-22,4,2,2023-04-25,Web,Hyderabad,Delivered,UPI,Evening 4-8 PM,,0.0,2702.17,2702.17
ORD004035,CUST01052,2023-03-03,3,1,2023-03-06,App,Bengaluru,Delivered,UPI,Morning 6-10 AM,,0.0,1100.43,1100.43
ORD004036,CUST01052,2023-05-18,5,2,,Web,Bengaluru,Cancelled,UPI,Evening 4-8 PM,,0.0,253.65,0.0
ORD004037,CUST01052,2023-02-13,2,1,,Web,Bengaluru,Cancelled,UPI,Evening 4-8 PM,,0.0,741.89,0.0
ORD004038,CUST01052,2023-11-09,11,4,2023-11-12,Web,Bengaluru,Delivered,Wallet,Evening 4-8 PM,,0.0,660.39,660.39
ORD004039,CUST01052,2023-10-04,10,4,2023-10-05,App,Bengaluru,Delivered,Debit Card,Morning 6-10 AM,,0.0,1175.71,1175.71
ORD004040,CUST01052,2023-12-31,12,4,2024-01-03,Web,Bengaluru,Delivered,Debit Card,Morning 6-10 AM,,0.0,1390.82,1390.82
ORD004041,CUST01052,2023-10-03,10,4,2023-10-06,App,Bengaluru,Delivered,UPI,Evening 4-8 PM,,0.0,267.41,267.41
ORD004042,CUST01052,2023-02-22,2,1,2023-02-25,App,Bengaluru,Delivered,Wallet,Evening 4-8 PM,,0.0,1995.78,1995.78
ORD004043,CUST01052,2023-02-10,2,1,2023-02-13,App,Bengaluru,Delivered,Wallet,Late Night 8-11 PM,,0.0,1793.38,1793.38
ORD004044,CUST01052,2023-09-25,9,3,2023-09-28,App,Bengaluru,Delivered,UPI,Morning 6-10 AM,,0.0,3941.77,3941.77
ORD004045,CUST01052,2023-11-17,11,4,2023-11-18,App,Bengaluru,Delivered,Credit Card,Evening 4-8 PM,,0.0,892.07,892.07
ORD004046,CUST01052,2023-03-16,3,1,2023-03-19,Web,Bengaluru,Delivered,Wallet,Evening 4-8 PM,,0.0,579.71,579.71
ORD004047,CUST01053,2023-12-26,12,4,2023-12-29,Web,Mumbai,Delivered,Credit Card,Afternoon 10-2 PM,,0.0,2710.04,2710.04
ORD004048,CUST01054,2023-08-06,8,3,2023-08-09,Web,Hyderabad,Delivered,COD,Morning 6-10 AM,,0.0,495.05,495.05
ORD004049,CUST01054,2023-12-28,12,4,2023-12-29,App,Hyderabad,Delivered,UPI,Afternoon 10-2 PM,XMAS23,173.16,1472.11,1298.95
ORD004050,CUST01054,2023-11-29,11,4,,App,Hyderabad,Cancelled,Credit Card,Afternoon 10-2 PM,,0.0,2219.43,0.0
ORD004051,CUST01054,2023-12-08,12,4,2023-12-11,App,Hyderabad,Delivered,UPI,Afternoon 10-2 PM,,0.0,608.32,608.32
ORD004052,CUST01055,2023-10-22,10,4,2023-10-23,Kiosk,Delhi,Delivered,UPI,Evening 4-8 PM,,0.0,268.58,268.58
ORD004053,CUST01059,2023-10-06,10,4,2023-10-08,App,Pune,Delivered,UPI,Morning 6-10 AM,,0.0,1257.6,1257.6
ORD004054,CUST01061,2023-09-24,9,3,2023-09-27,App,Bengaluru,Delivered,UPI,Morning 6-10 AM,,0.0,709.67,709.67
ORD004055,CUST01061,2023-03-08,3,1,2023-03-10,Web,Bengaluru,Delivered,UPI,Morning 6-10 AM,,0.0,290.3,290.3
ORD004056,CUST01061,2023-11-09,11,4,2023-11-10,Web,Bengaluru,Delivered,Credit Card,Morning 6-10 AM,,0.0,927.9,927.9
ORD004057,CUST01061,2023-06-24,6,2,2023-06-26,App,Bengaluru,Returned,Credit Card,Afternoon 10-2 PM,,0.0,235.37,8.57
ORD004058,CUST01061,2023-03-16,3,1,2023-03-17,App,Bengaluru,Delivered,Credit Card,Morning 6-10 AM,,0.0,673.48,673.48
ORD004059,CUST01061,2023-07-03,7,3,2023-07-05,App,Bengaluru,Delivered,COD,Morning 6-10 AM,,0.0,467.16,467.16
ORD004060,CUST01061,2023-11-04,11,4,2023-11-05,App,Bengaluru,Delivered,UPI,Morning 6-10 AM,,0.0,568.91,568.91
ORD004061,CUST01061,2023-01-26,1,1,2023-01-29,Web,Bengaluru,Delivered,UPI,Afternoon 10-2 PM,,0.0,344.09,344.09
ORD004062,CUST01061,2023-09-26,9,3,2023-09-28,App,Bengaluru,Delivered,UPI,Morning 6-10 AM,,0.0,640.02,640.02
ORD004063,CUST01061,2023-07-06,7,3,2023-07-08,Web,Bengaluru,Delivered,Debit Card,Evening 4-8 PM,,0.0,1780.99,1780.99
ORD004064,CUST01061,2023-01-18,1,1,2023-01-20,Web,Bengaluru,Delivered,Debit Card,Late Night 8-11 PM,,0.0,678.72,678.72
ORD004065,CUST01061,2023-10-16,10,4,2023-10-18,Web,Bengaluru,Delivered,Debit Card,Morning 6-10 AM,,0.0,121.55,121.55
ORD004066,CUST01061,2023-07-07,7,3,2023-07-08,App,Bengaluru,Returned,UPI,Afternoon 10-2 PM,,0.0,468.09,86.73
ORD004067,CUST01061,2023-10-20,10,4,2023-10-23,Kiosk,Bengaluru,Delivered,Credit Card,Late Night 8-11 PM,,0.0,1102.74,1102.74
ORD004068,CUST01062,2023-05-02,5,2,2023-05-04,Web,Bengaluru,Delivered,UPI,Afternoon 10-2 PM,,0.0,241.06,241.06
ORD004069,CUST01062,2023-03-21,3,1,2023-03-24,Kiosk,Bengaluru,Delivered,COD,Afternoon 10-2 PM,,0.0,1158.71,1158.71
ORD004070,CUST01062,2023-04-23,4,2,2023-04-26,App,Bengaluru,Delivered,COD,Evening 4-8 PM,,0.0,1998.98,1998.98
ORD004071,CUST01062,2023-09-30,9,3,2023-10-03,App,Bengaluru,Delivered,UPI,Evening 4-8 PM,,0.0,2859.25,2859.25
ORD004072,CUST01062,2023-03-28,3,1,2023-03-31,Web,Bengaluru,Delivered,UPI,Evening 4-8 PM,,0.0,582.81,582.81
ORD004073,CUST01062,2023-03-24,3,1,2023-03-26,App,Bengaluru,Delivered,UPI,Late Night 8-11 PM,,0.0,516.77,516.77
ORD004074,CUST01062,2023-07-15,7,3,2023-07-17,Kiosk,Bengaluru,Delivered,Wallet,Afternoon 10-2 PM,,0.0,783.35,783.35
ORD004075,CUST01062,2023-07-08,7,3,,Web,Bengaluru,Cancelled,UPI,Morning 6-10 AM,,0.0,1048.27,0.0
ORD004076,CUST01062,2023-12-15,12,4,2023-12-16,Web,Bengaluru,Delivered,UPI,Morning 6-10 AM,,0.0,1501.71,1501.71
ORD004077,CUST01062,2023-02-10,2,1,2023-02-12,Web,Bengaluru,Delivered,UPI,Evening 4-8 PM,,0.0,2535.94,2535.94
ORD004078,CUST01062,2023-07-26,7,3,2023-07-28,Web,Bengaluru,Delivered,UPI,Afternoon 10-2 PM,,0.0,484.8,484.8
ORD004079,CUST01062,2023-04-18,4,2,2023-04-21,Kiosk,Bengaluru,Delivered,UPI,Afternoon 10-2 PM,,0.0,2270.86,2270.86
ORD004080,CUST01062,2023-08-23,8,3,2023-08-25,App,Bengaluru,Delivered,UPI,Evening 4-8 PM,,0.0,537.18,537.18
ORD004081,CUST01062,2023-08-02,8,3,,Web,Bengaluru,Cancelled,COD,Afternoon 10-2 PM,,0.0,137.89,0.0
ORD004082,CUST01062,2023-04-19,4,2,2023-04-20,App,Bengaluru,Returned,Credit Card,Morning 6-10 AM,,0.0,534.15,172.38
ORD004083,CUST01065,2023-08-05,8,3,2023-08-06,App,Delhi,Delivered,Credit Card,Afternoon 10-2 PM,,0.0,458.12,458.12
ORD004084,CUST01065,2023-05-24,5,2,2023-05-26,Web,Delhi,Delivered,Wallet,Morning 6-10 AM,,0.0,715.87,715.87
ORD004085,CUST01065,2023-11-04,11,4,2023-11-07,App,Delhi,Delivered,UPI,Morning 6-10 AM,,0.0,2812.16,2812.16
ORD004086,CUST01065,2023-11-03,11,4,2023-11-04,App,Delhi,Delivered,Credit Card,Morning 6-10 AM,,0.0,2546.08,2546.08
ORD004087,CUST01066,2023-12-25,12,4,2023-12-27,Web,Pune,Delivered,UPI,Morning 6-10 AM,,0.0,457.91,457.91
ORD004088,CUST01066,2023-09-02,9,3,2023-09-03,Web,Pune,Delivered,UPI,Morning 6-10 AM,,0.0,112.9,112.9
ORD004089,CUST01066,2023-04-15,4,2,2023-04-18,App,Pune,Delivered,Debit Card,,,0.0,212.85,212.85
ORD004090,CUST01066,2023-12-06,12,4,2023-12-09,Kiosk,Pune,Delivered,Credit Card,Evening 4-8 PM,,0.0,1577.25,1577.25
ORD004091,CUST01068,2023-01-29,1,1,2023-01-31,App,Mumbai,Delivered,Credit Card,Morning 6-10 AM,,0.0,138.2,138.2
ORD004092,CUST01068,2023-07-12,7,3,2023-07-14,App,Mumbai,Delivered,Wallet,Evening 4-8 PM,,0.0,1196.87,1196.87
ORD004093,CUST01068,2023-01-14,1,1,2023-01-15,App,Mumbai,Delivered,COD,Evening 4-8 PM,,0.0,759.27,759.27
ORD004094,CUST01068,2023-10-03,10,4,2023-10-06,App,Mumbai,Delivered,UPI,Morning 6-10 AM,,0.0,989.72,989.72
ORD004095,CUST01072,2023-03-14,3,1,2023-03-16,App,Pune,Delivered,UPI,Late Night 8-11 PM,,0.0,900.76,900.76
ORD004096,CUST01072,2023-08-23,8,3,2023-08-25,App,Pune,Delivered,UPI,Evening 4-8 PM,,0.0,98.01,98.01
ORD004097,CUST01072,2023-03-23,3,1,2023-03-25,App,Pune,Delivered,UPI,Evening 4-8 PM,,0.0,1201.8,1201.8
ORD004098,CUST01072,2023-12-31,12,4,2024-01-03,App,Pune,Delivered,UPI,Evening 4-8 PM,,0.0,734.4,734.4
ORD004099,CUST01072,2023-08-29,8,3,2023-09-01,App,Pune,Delivered,UPI,Morning 6-10 AM,,0.0,378.04,378.04
ORD004100,CUST01072,2023-12-04,12,4,2023-12-06,App,Pune,Delivered,UPI,Evening 4-8 PM,,0.0,917.77,917.77
ORD004101,CUST01072,2023-03-31,3,1,2023-04-03,App,Pune,Delivered,Wallet,Afternoon 10-2 PM,,0.0,1200.77,1200.77
ORD004102,CUST01072,2023-04-05,4,2,2023-04-07,App,Pune,Delivered,Credit Card,Morning 6-10 AM,,0.0,469.24,469.24
ORD004103,CUST01074,2023-11-27,11,4,2023-11-28,Web,Ahmedabad,Delivered,Wallet,Morning 6-10 AM,,0.0,145.34,145.34
ORD004104,CUST01074,2023-04-24,4,2,2023-04-25,Web,Ahmedabad,Delivered,UPI,Evening 4-8 PM,,0.0,736.28,736.28
ORD004105,CUST01074,2023-06-24,6,2,2023-06-26,App,Ahmedabad,Delivered,Wallet,Evening 4-8 PM,,0.0,1230.0,1230.0
ORD004106,CUST01074,2023-02-14,2,1,2023-02-16,App,Ahmedabad,Delivered,Debit Card,Morning 6-10 AM,,0.0,361.13,361.13
ORD004107,CUST01076,2023-11-13,11,4,2023-11-14,App,Mumbai,Delivered,UPI,Afternoon 10-2 PM,DIWALI23SUPER,73.8,529.4,455.6
ORD004108,CUST01079,2023-10-05,10,4,2023-10-08,App,Mumbai,Delivered,COD,Afternoon 10-2 PM,,0.0,104.4,104.4
ORD004109,CUST01082,2023-12-02,12,4,2023-12-04,Kiosk,Bengaluru,Delivered,UPI,Morning 6-10 AM,,0.0,1200.29,1200.29
ORD004110,CUST01082,2023-02-08,2,1,2023-02-10,Web,Bengaluru,Delivered,Wallet,Morning 6-10 AM,,0.0,2581.63,2581.63
ORD004111,CUST01082,2023-04-13,4,2,2023-04-14,App,Bengaluru,Returned,UPI,Late Night 8-11 PM,,0.0,633.99,23.19
ORD004112,CUST01082,2023-05-29,5,2,2023-06-01,Web,Bengaluru,Delivered,Credit Card,Late Night 8-11 PM,,0.0,3341.64,3341.64
ORD004113,CUST01082,2023-12-15,12,4,2023-12-18,Web,Bengaluru,Delivered,Credit Card,Afternoon 10-2 PM,,0.0,2781.62,2781.62
ORD004114,CUST01082,2023-01-28,1,1,2023-01-31,Web,Bengaluru,Delivered,UPI,Afternoon 10-2 PM,,0.0,467.76,467.76
ORD004115,CUST01082,2023-11-04,11,4,2023-11-06,App,Bengaluru,Delivered,Credit Card,,,0.0,280.59,280.59
ORD004116,CUST01082,2023-12-18,12,4,2023-12-19,Web,Bengaluru,Delivered,Credit Card,Evening 4-8 PM,,0.0,354.81,354.81
ORD004117,CUST01082,2023-04-14,4,2,2023-04-15,Kiosk,Bengaluru,Returned,Credit Card,Evening 4-8 PM,,0.0,310.04,200.04
ORD004118,CUST01082,2023-05-22,5,2,2023-05-24,Web,Bengaluru,Delivered,UPI,Afternoon 10-2 PM,,0.0,510.34,510.34
ORD004119,CUST01082,2023-11-24,11,4,2023-11-26,App,Bengaluru,Delivered,UPI,Afternoon 10-2 PM,BIGSALE23,80.76,706.52,625.76
ORD004120,CUST01082,2023-04-11,4,2,2023-04-12,App,Bengaluru,Delivered,UPI,Evening 4-8 PM,,0.0,1354.75,1354.75
ORD004121,CUST01082,2023-04-11,4,2,2023-04-14,App,Bengaluru,Delivered,COD,Evening 4-8 PM,,0.0,299.45,299.45
ORD004122,CUST01082,2023-05-08,5,2,2023-05-09,Web,Bengaluru,Delivered,UPI,Morning 6-10 AM,,0.0,145.28,145.28
ORD004123,CUST01082,2023-02-28,2,1,2023-03-02,App,Bengaluru,Returned,Debit Card,Morning 6-10 AM,,0.0,660.31,27.79
ORD004124,CUST01082,2023-03-20,3,1,2023-03-22,App,Bengaluru,Delivered,UPI,Morning 6-10 AM,,0.0,360.91,360.91
ORD004125,CUST01082,2023-04-10,4,2,,Kiosk,Bengaluru,Cancelled,UPI,Evening 4-8 PM,,0.0,1671.09,0.0
ORD004126,CUST01082,2023-06-15,6,2,2023-06-16,App,Bengaluru,Delivered,COD,Morning 6-10 AM,,0.0,820.63,820.63
ORD004127,CUST01082,2023-07-14,7,3,2023-07-17,App,Bengaluru,Delivered,Credit Card,Morning 6-10 AM,,0.0,707.21,707.21
ORD004128,CUST01082,2023-08-18,8,3,2023-08-19,Kiosk,Bengaluru,Delivered,UPI,Morning 6-10 AM,,0.0,406.8,406.8
ORD004129,CUST01082,2023-03-03,3,1,,App,Bengaluru,Cancelled,UPI,Afternoon 10-2 PM,,0.0,1209.33,0.0
ORD004130,CUST01082,2023-01-16,1,1,2023-01-18,Kiosk,Bengaluru,Delivered,Credit Card,Morning 6-10 AM,,0.0,895.11,895.11
ORD004131,CUST01083,2023-06-06,6,2,2023-06-08,Web,Pune,Delivered,UPI,Evening 4-8 PM,,0.0,578.75,578.75
ORD004132,CUST01087,2023-07-28,7,3,2023-07-30,App,Hyderabad,Delivered,COD,Evening 4-8 PM,,0.0,1516.73,1516.73
ORD004133,CUST01087,2023-04-16,4,2,2023-04-19,App,Hyderabad,Delivered,Debit Card,Morning 6-10 AM,,0.0,1752.41,1752.41
ORD004134,CUST01087,2023-12-17,12,4,2023-12-18,App,Hyderabad,Delivered,UPI,Morning 6-10 AM,,0.0,2672.79,2672.79
ORD004135,CUST01087,2023-08-07,8,3,2023-08-08,App,Hyderabad,Returned,Wallet,Morning 6-10 AM,,0.0,1553.69,398.04
ORD004136,CUST01087,2023-04-12,4,2,,App,Hyderabad,Cancelled,Debit Card,Late Night 8-11 PM,,0.0,1013.63,0.0
ORD004137,CUST01087,2023-03-16,3,1,2023-03-18,App,Hyderabad,Delivered,Debit Card,Evening 4-8 PM,,0.0,845.31,845.31
ORD004138,CUST01087,2023-10-11,10,4,2023-10-14,Kiosk,Hyderabad,Delivered,UPI,Morning 6-10 AM,,0.0,119.36,119.36
ORD004139,CUST01087,2023-10-13,10,4,2023-10-14,App,Hyderabad,Delivered,UPI,Morning 6-10 AM,,0.0,3395.29,3395.29
ORD004140,CUST01089,2023-11-21,11,4,2023-11-23,App,Bengaluru,Delivered,Credit Card,Morning 6-10 AM,,0.0,1844.32,1844.32
ORD004141,CUST01089,2023-07-17,7,3,2023-07-18,Kiosk,Bengaluru,Delivered,Credit Card,Late Night 8-11 PM,,0.0,292.58,292.58
ORD004142,CUST01089,2023-11-12,11,4,2023-11-14,Kiosk,Bengaluru,Delivered,Debit Card,Morning 6-10 AM,DIWALI23SUPER,110.7,626.2,515.5
ORD004143,CUST01089,2023-09-10,9,3,2023-09-11,App,Bengaluru,Delivered,Wallet,Morning 6-10 AM,,0.0,925.3,925.3
ORD004144,CUST01089,2023-09-26,9,3,2023-09-29,App,Bengaluru,Delivered,Debit Card,Morning 6-10 AM,,0.0,988.08,988.08
ORD004145,CUST01090,2023-05-10,5,2,2023-05-12,App,Mumbai,Delivered,Credit Card,Afternoon 10-2 PM,,0.0,1978.97,1978.97
ORD004146,CUST01090,2023-03-30,3,1,2023-04-01,App,Mumbai,Delivered,UPI,Afternoon 10-2 PM,,0.0,57.48,57.48
ORD004147,CUST01090,2023-12-18,12,4,2023-12-21,Web,Mumbai,Delivered,Credit Card,Evening 4-8 PM,,0.0,2548.86,2548.86
ORD004148,CUST01090,2023-09-19,9,3,2023-09-22,Web,Mumbai,Delivered,Credit Card,Evening 4-8 PM,,0.0,1199.18,1199.18
ORD004149,CUST01090,2023-01-15,1,1,2023-01-16,App,Mumbai,Delivered,Debit Card,Late Night 8-11 PM,,0.0,482.03,482.03
ORD004150,CUST01090,2023-12-04,12,4,2023-12-06,App,Mumbai,Delivered,COD,Evening 4-8 PM,,0.0,821.63,821.63
ORD004151,CUST01090,2023-12-27,12,4,2023-12-29,App,Mumbai,Delivered,Credit Card,Morning 6-10 AM,,0.0,1474.88,1474.88
ORD004152,CUST01090,2023-05-30,5,2,2023-06-02,Web,Mumbai,Delivered,COD,Afternoon 10-2 PM,,0.0,1069.65,1069.65
ORD004153,CUST01091,2023-04-11,4,2,,App,Hyderabad,Cancelled,Debit Card,Evening 4-8 PM,,0.0,1951.09,0.0
ORD004154,CUST01091,2023-07-07,7,3,2023-07-08,Web,Hyderabad,Delivered,UPI,Afternoon 10-2 PM,,0.0,1943.41,1943.41
ORD004155,CUST01091,2023-12-19,12,4,2023-12-21,App,Hyderabad,Delivered,UPI,Evening 4-8 PM,,0.0,964.44,964.44
ORD004156,CUST01091,2023-11-30,11,4,2023-12-02,Kiosk,Hyderabad,Delivered,UPI,Evening 4-8 PM,,0.0,614.29,614.29
ORD004157,CUST01091,2023-05-09,5,2,2023-05-12,App,Hyderabad,Delivered,UPI,Afternoon 10-2 PM,,0.0,793.77,793.77
ORD004158,CUST01091,2023-02-25,2,1,2023-02-28,App,Hyderabad,Delivered,UPI,Morning 6-10 AM,,0.0,711.27,711.27
ORD004159,CUST01091,2023-09-17,9,3,2023-09-19,App,Hyderabad,Delivered,Debit Card,Morning 6-10 AM,,0.0,847.93,847.93
ORD004160,CUST01091,2023-09-24,9,3,2023-09-26,App,Hyderabad,Delivered,UPI,Afternoon 10-2 PM,,0.0,2534.79,2534.79
ORD004161,CUST01091,2023-02-12,2,1,2023-02-14,Web,Hyderabad,Delivered,UPI,Morning 6-10 AM,,0.0,1829.57,1829.57
ORD004162,CUST01091,2023-12-10,12,4,2023-12-11,App,Hyderabad,Delivered,UPI,Morning 6-10 AM,,0.0,1044.86,1044.86
ORD004163,CUST01091,2023-05-22,5,2,2023-05-25,Kiosk,Hyderabad,Delivered,UPI,Late Night 8-11 PM,,0.0,1472.14,1472.14
ORD004164,CUST01091,2023-12-16,12,4,2023-12-18,App,Hyderabad,Delivered,Debit Card,Morning 6-10 AM,,0.0,3214.86,3214.86
ORD004165,CUST01091,2023-10-10,10,4,2023-10-11,App,Hyderabad,Delivered,COD,,,0.0,358.98,358.98
ORD004166,CUST01091,2023-02-26,2,1,2023-02-28,Web,Hyderabad,Returned,UPI,Afternoon 10-2 PM,,0.0,4091.88,2609.54
ORD004167,CUST01091,2023-09-05,9,3,2023-09-08,Kiosk,Hyderabad,Delivered,COD,Morning 6-10 AM,,0.0,1814.26,1814.26
ORD004168,CUST01091,2023-02-21,2,1,2023-02-22,App,Hyderabad,Delivered,Credit Card,Afternoon 10-2 PM,,0.0,1950.36,1950.36
ORD004169,CUST01091,2023-09-04,9,3,2023-09-07,Kiosk,Hyderabad,Delivered,Debit Card,Late Night 8-11 PM,,0.0,1766.96,1766.96
ORD004170,CUST01091,2023-11-20,11,4,2023-11-21,App,Hyderabad,Delivered,UPI,Morning 6-10 AM,,0.0,1108.27,1108.27
ORD004171,CUST01091,2023-04-12,4,2,2023-04-13,App,Hyderabad,Delivered,UPI,Afternoon 10-2 PM,,0.0,2109.17,2109.17
ORD004172,CUST01091,2023-09-09,9,3,2023-09-11,App,Hyderabad,Delivered,UPI,Evening 4-8 PM,,0.0,1449.9,1449.9
ORD004173,CUST01091,2023-10-04,10,4,2023-10-07,Web,Hyderabad,Delivered,UPI,Morning 6-10 AM,,0.0,3098.93,3098.93
ORD004174,CUST01093,2023-11-11,11,4,2023-11-13,Web,Delhi,Returned,UPI,Morning 6-10 AM,,0.0,461.84,4.53
ORD004175,CUST01093,2023-08-15,8,3,2023-08-16,App,Delhi,Delivered,UPI,Evening 4-8 PM,,0.0,2063.2,2063.2
ORD004176,CUST01093,2023-11-01,11,4,2023-11-02,App,Delhi,Delivered,Debit Card,Afternoon 10-2 PM,,0.0,1670.22,1670.22
ORD004177,CUST01093,2023-02-17,2,1,2023-02-19,App,Delhi,Delivered,Credit Card,Afternoon 10-2 PM,,0.0,2651.63,2651.63
ORD004178,CUST01093,2023-12-31,12,4,2024-01-01,App,Delhi,Delivered,UPI,Evening 4-8 PM,,0.0,461.63,461.63
ORD004179,CUST01094,2023-06-20,6,2,2023-06-23,Web,Mumbai,Delivered,Credit Card,Afternoon 10-2 PM,,0.0,997.6,997.6
ORD004180,CUST01094,2023-04-19,4,2,2023-04-21,App,Mumbai,Delivered,COD,Late Night 8-11 PM,,0.0,2264.82,2264.82
ORD004181,CUST01094,2023-10-08,10,4,2023-10-11,Web,Mumbai,Delivered,UPI,Evening 4-8 PM,,0.0,1151.26,1151.26
ORD004182,CUST01094,2023-04-02,4,2,2023-04-03,App,Mumbai,Delivered,Credit Card,Morning 6-10 AM,,0.0,3268.14,3268.14
ORD004183,CUST01094,2023-09-24,9,3,2023-09-25,App,Mumbai,Delivered,UPI,Late Night 8-11 PM,,0.0,366.26,366.26
ORD004184,CUST01094,2023-10-30,10,4,2023-10-31,Web,Mumbai,Delivered,COD,Late Night 8-11 PM,,0.0,403.41,403.41
ORD004185,CUST01094,2023-04-14,4,2,2023-04-15,App,Mumbai,Delivered,UPI,Afternoon 10-2 PM,,0.0,1320.14,1320.14
ORD004186,CUST01094,2023-09-24,9,3,2023-09-25,Web,Mumbai,Delivered,UPI,Afternoon 10-2 PM,,0.0,559.9,559.9
ORD004187,CUST01095,2023-01-13,1,1,2023-01-16,App,Bengaluru,Delivered,Credit Card,,,0.0,697.33,697.33
ORD004188,CUST01095,2023-03-07,3,1,2023-03-10,App,Bengaluru,Delivered,Debit Card,Afternoon 10-2 PM,,0.0,574.94,574.94
ORD004189,CUST01095,2023-09-29,9,3,2023-10-01,App,Bengaluru,Delivered,Wallet,Morning 6-10 AM,,0.0,2357.2,2357.2
ORD004190,CUST01095,2023-03-17,3,1,,App,Bengaluru,Cancelled,UPI,Morning 6-10 AM,,0.0,413.85,0.0
ORD004191,CUST01095,2023-07-10,7,3,2023-07-12,Kiosk,Bengaluru,Delivered,Credit Card,Evening 4-8 PM,,0.0,2195.95,2195.95
ORD004192,CUST01095,2023-07-27,7,3,2023-07-28,App,Bengaluru,Delivered,Credit Card,Evening 4-8 PM,,0.0,3793.99,3793.99
ORD004193,CUST01095,2023-01-20,1,1,2023-01-23,Kiosk,Bengaluru,Delivered,UPI,Late Night 8-11 PM,,0.0,456.8,456.8
ORD004194,CUST01097,2023-08-14,8,3,2023-08-17,Web,Hyderabad,Delivered,Credit Card,Late Night 8-11 PM,,0.0,781.81,781.81
ORD004195,CUST01097,2023-07-06,7,3,2023-07-09,Kiosk,Hyderabad,Delivered,UPI,Afternoon 10-2 PM,,0.0,572.7,572.7
ORD004196,CUST01097,2023-12-25,12,4,2023-12-26,App,Hyderabad,Delivered,UPI,Morning 6-10 AM,XMAS23,160.37,1093.08,932.71
ORD004197,CUST01098,2023-12-13,12,4,2023-12-16,Kiosk,Pune,Delivered,UPI,Late Night 8-11 PM,,0.0,806.01,806.01
ORD004198,CUST01098,2023-02-24,2,1,2023-02-26,Web,Pune,Returned,Credit Card,Evening 4-8 PM,,0.0,278.36,13.57
ORD004199,CUST01098,2023-09-16,9,3,2023-09-18,App,Pune,Delivered,Credit Card,Morning 6-10 AM,,0.0,1046.61,1046.61
ORD004200,CUST01098,2023-03-13,3,1,2023-03-14,App,Pune,Delivered,Credit Card,Morning 6-10 AM,,0.0,819.78,819.78
ORD004201,CUST01098,2023-10-22,10,4,2023-10-23,App,Pune,Delivered,COD,Late Night 8-11 PM,,0.0,1064.87,1064.87
ORD004202,CUST01098,2023-01-26,1,1,2023-01-28,App,Pune,Delivered,Credit Card,Evening 4-8 PM,,0.0,1636.12,1636.12
ORD004203,CUST01098,2023-01-23,1,1,2023-01-24,App,Pune,Delivered,UPI,Morning 6-10 AM,,0.0,2172.87,2172.87
ORD004204,CUST01098,2023-06-04,6,2,2023-06-07,App,Pune,Delivered,UPI,Morning 6-10 AM,,0.0,951.58,951.58
ORD004205,CUST01098,2023-05-31,5,2,2023-06-02,App,Pune,Delivered,Wallet,Morning 6-10 AM,,0.0,471.04,471.04
ORD004206,CUST01098,2023-02-26,2,1,2023-02-28,Web,Pune,Delivered,Credit Card,Late Night 8-11 PM,,0.0,391.67,391.67
ORD004207,CUST01098,2023-12-17,12,4,2023-12-18,App,Pune,Delivered,UPI,Evening 4-8 PM,,0.0,2017.43,2017.43
ORD004208,CUST01098,2023-11-16,11,4,2023-11-17,App,Pune,Delivered,UPI,Morning 6-10 AM,,0.0,1051.32,1051.32
ORD004209,CUST01098,2023-04-29,4,2,2023-04-30,Web,Pune,Delivered,UPI,Afternoon 10-2 PM,,0.0,2939.14,2939.14
ORD004210,CUST01099,2023-01-16,1,1,2023-01-17,App,Bengaluru,Delivered,UPI,Morning 6-10 AM,,0.0,190.17,190.17
ORD004211,CUST01099,2023-10-10,10,4,2023-10-12,App,Bengaluru,Delivered,UPI,Afternoon 10-2 PM,,0.0,2198.51,2198.51
ORD004212,CUST01099,2023-10-30,10,4,2023-11-01,Web,Bengaluru,Delivered,Wallet,Morning 6-10 AM,,0.0,934.44,934.44
ORD004213,CUST01099,2023-05-25,5,2,2023-05-27,Web,Bengaluru,Returned,COD,Afternoon 10-2 PM,,0.0,1039.91,467.73
ORD004214,CUST01099,2023-12-17,12,4,2023-12-18,App,Bengaluru,Delivered,Credit Card,Afternoon 10-2 PM,,0.0,509.86,509.86
ORD004215,CUST01099,2023-10-18,10,4,2023-10-21,App,Bengaluru,Delivered,UPI,Morning 6-10 AM,,0.0,1121.58,1121.58
ORD004216,CUST01099,2023-04-26,4,2,,Web,Bengaluru,Cancelled,COD,Morning 6-10 AM,,0.0,432.72,0.0
ORD004217,CUST01099,2023-08-30,8,3,2023-09-01,Kiosk,Bengaluru,Delivered,UPI,Morning 6-10 AM,,0.0,990.69,990.69
ORD004218,CUST01099,2023-12-19,12,4,2023-12-20,App,Bengaluru,Returned,UPI,Morning 6-10 AM,,0.0,2402.57,177.54
ORD004219,CUST01099,2023-11-14,11,4,2023-11-15,App,Bengaluru,Delivered,Debit Card,Morning 6-10 AM,,0.0,698.52,698.52
ORD004220,CUST01099,2023-05-23,5,2,2023-05-25,App,Bengaluru,Delivered,Credit Card,Morning 6-10 AM,,0.0,2610.54,2610.54
ORD004221,CUST01099,2023-09-21,9,3,2023-09-22,App,Bengaluru,Delivered,UPI,Morning 6-10 AM,,0.0,1363.83,1363.83
ORD004222,CUST01099,2023-01-01,1,1,2023-01-02,Web,Bengaluru,Delivered,UPI,Late Night 8-11 PM,NY2023,236.67,2665.01,2428.34
ORD004223,CUST01099,2023-04-28,4,2,2023-05-01,App,Bengaluru,Delivered,UPI,Afternoon 10-2 PM,,0.0,451.66,451.66
ORD004224,CUST01099,2023-06-26,6,2,2023-06-27,App,Bengaluru,Delivered,UPI,Afternoon 10-2 PM,,0.0,1445.82,1445.82
ORD004225,CUST01099,2023-05-29,5,2,2023-05-30,Web,Bengaluru,Delivered,UPI,Afternoon 10-2 PM,,0.0,111.72,111.72
ORD004226,CUST01099,2023-01-31,1,1,2023-02-01,Web,Bengaluru,Delivered,Wallet,Evening 4-8 PM,,0.0,4447.04,4447.04
ORD004227,CUST01099,2023-01-27,1,1,2023-01-30,App,Bengaluru,Delivered,UPI,Late Night 8-11 PM,,0.0,49.63,49.63
ORD004228,CUST01099,2023-12-28,12,4,2023-12-30,App,Bengaluru,Delivered,UPI,Morning 6-10 AM,XMAS23,144.33,1711.18,1566.85
ORD004229,CUST01099,2023-05-18,5,2,2023-05-19,App,Bengaluru,Delivered,Credit Card,Evening 4-8 PM,,0.0,2050.9,2050.9
ORD004230,CUST01099,2023-09-09,9,3,2023-09-12,App,Bengaluru,Delivered,UPI,Morning 6-10 AM,,0.0,296.6,296.6
ORD004231,CUST01099,2023-11-19,11,4,2023-11-21,App,Bengaluru,Delivered,Credit Card,Morning 6-10 AM,,0.0,1373.64,1373.64
ORD004232,CUST01099,2023-11-08,11,4,2023-11-09,App,Bengaluru,Delivered,UPI,Evening 4-8 PM,,0.0,1603.05,1603.05
ORD004233,CUST01099,2023-06-20,6,2,2023-06-22,App,Bengaluru,Delivered,UPI,Morning 6-10 AM,,0.0,1270.89,1270.89
ORD004234,CUST01100,2023-11-21,11,4,2023-11-22,App,Mumbai,Delivered,Wallet,Evening 4-8 PM,BIGSALE23,118.87,1967.74,1848.87
ORD004235,CUST01100,2023-11-03,11,4,2023-11-05,Web,Mumbai,Delivered,Wallet,Evening 4-8 PM,,0.0,2410.71,2410.71
ORD004236,CUST01100,2023-03-18,3,1,,App,Mumbai,Cancelled,Credit Card,Evening 4-8 PM,,0.0,1629.97,0.0
ORD004237,CUST01100,2023-11-11,11,4,2023-11-14,App,Mumbai,Delivered,Credit Card,Afternoon 10-2 PM,DIWALI23SUPER,56.28,327.09,270.81
ORD004238,CUST01100,2023-03-02,3,1,,Web,Mumbai,Cancelled,UPI,Late Night 8-11 PM,,0.0,2531.42,0.0
ORD004239,CUST01100,2023-06-03,6,2,2023-06-04,App,Mumbai,Delivered,Credit Card,Afternoon 10-2 PM,,0.0,1394.09,1394.09
ORD004240,CUST01100,2023-01-21,1,1,2023-01-24,App,Mumbai,Delivered,UPI,Evening 4-8 PM,,0.0,4088.41,4088.41
ORD004241,CUST01100,2023-03-12,3,1,2023-03-14,Web,Mumbai,Delivered,Debit Card,Late Night 8-11 PM,,0.0,483.2,483.2
ORD004242,CUST01100,2023-02-19,2,1,2023-02-22,Kiosk,Mumbai,Delivered,Credit Card,Evening 4-8 PM,,0.0,2466.32,2466.32
ORD004243,CUST01104,2023-04-10,4,2,2023-04-13,App,Lucknow,Delivered,Debit Card,Morning 6-10 AM,,0.0,1524.14,1524.14
ORD004244,CUST01104,2023-02-18,2,1,2023-02-19,Web,Lucknow,Delivered,UPI,Evening 4-8 PM,,0.0,1438.47,1438.47
ORD004245,CUST01105,2023-01-19,1,1,2023-01-21,Web,Hyderabad,Delivered,Wallet,Morning 6-10 AM,,0.0,407.34,407.34
ORD004246,CUST01105,2023-04-02,4,2,2023-04-04,Web,Hyderabad,Delivered,Credit Card,Evening 4-8 PM,,0.0,228.38,228.38
ORD004247,CUST01105,2023-02-13,2,1,2023-02-16,App,Hyderabad,Delivered,UPI,Evening 4-8 PM,LOVEFEB,215.47,1353.63,1138.16
ORD004248,CUST01105,2023-11-02,11,4,2023-11-05,Web,Hyderabad,Delivered,Credit Card,Morning 6-10 AM,,0.0,2155.79,2155.79
ORD004249,CUST01105,2023-12-02,12,4,2023-12-03,Web,Hyderabad,Returned,Debit Card,Morning 6-10 AM,,0.0,603.28,246.04
ORD004250,CUST01105,2023-11-18,11,4,2023-11-21,App,Hyderabad,Delivered,UPI,Evening 4-8 PM,,0.0,2142.73,2142.73
ORD004251,CUST01105,2023-08-15,8,3,2023-08-16,App,Hyderabad,Delivered,Credit Card,Morning 6-10 AM,,0.0,461.0,461.0
ORD004252,CUST01105,2023-08-01,8,3,2023-08-03,App,Hyderabad,Delivered,UPI,Evening 4-8 PM,,0.0,374.69,374.69
ORD004253,CUST01105,2023-03-12,3,1,2023-03-13,App,Hyderabad,Returned,Credit Card,Afternoon 10-2 PM,,0.0,1208.35,833.8
ORD004254,CUST01105,2023-05-06,5,2,2023-05-09,App,Hyderabad,Delivered,Credit Card,Late Night 8-11 PM,,0.0,1993.15,1993.15
ORD004255,CUST01105,2023-02-09,2,1,2023-02-12,App,Hyderabad,Delivered,UPI,Evening 4-8 PM,,0.0,2726.99,2726.99
ORD004256,CUST01105,2023-08-01,8,3,,App,Hyderabad,Cancelled,COD,Morning 6-10 AM,,0.0,1422.25,0.0
ORD004257,CUST01105,2023-11-24,11,4,,App,Hyderabad,Cancelled,COD,Evening 4-8 PM,,0.0,1460.2,0.0
ORD004258,CUST01105,2023-10-23,10,4,2023-10-25,App,Hyderabad,Delivered,Debit Card,Morning 6-10 AM,,0.0,986.51,986.51
ORD004259,CUST01105,2023-11-18,11,4,2023-11-20,Kiosk,Hyderabad,Delivered,UPI,Evening 4-8 PM,,0.0,2052.23,2052.23
ORD004260,CUST01105,2023-01-12,1,1,2023-01-13,App,Hyderabad,Delivered,UPI,Morning 6-10 AM,,0.0,964.42,964.42
ORD004261,CUST01105,2023-02-08,2,1,2023-02-09,App,Hyderabad,Delivered,Credit Card,Evening 4-8 PM,,0.0,322.24,322.24
ORD004262,CUST01105,2023-09-24,9,3,2023-09-25,App,Hyderabad,Delivered,UPI,Afternoon 10-2 PM,,0.0,808.32,808.32
ORD004263,CUST01105,2023-10-13,10,4,2023-10-14,App,Hyderabad,Delivered,UPI,Evening 4-8 PM,,0.0,1344.76,1344.76
ORD004264,CUST01105,2023-11-04,11,4,2023-11-07,App,Hyderabad,Delivered,UPI,Morning 6-10 AM,,0.0,1814.83,1814.83
ORD004265,CUST01106,2023-09-14,9,3,,App,Delhi,Cancelled,Credit Card,Evening 4-8 PM,,0.0,2697.74,0.0
ORD004266,CUST01106,2023-10-17,10,4,2023-10-20,App,Delhi,Delivered,Wallet,Afternoon 10-2 PM,,0.0,875.81,875.81
ORD004267,CUST01106,2023-08-28,8,3,2023-08-30,App,Delhi,Delivered,UPI,Morning 6-10 AM,,0.0,1636.9,1636.9
ORD004268,CUST01106,2023-11-11,11,4,2023-11-14,Web,Delhi,Delivered,UPI,Evening 4-8 PM,,0.0,1691.86,1691.86
ORD004269,CUST01106,2023-06-07,6,2,2023-06-09,App,Delhi,Delivered,Debit Card,Evening 4-8 PM,,0.0,1244.19,1244.19
ORD004270,CUST01106,2023-10-09,10,4,2023-10-11,Web,Delhi,Delivered,UPI,Evening 4-8 PM,,0.0,2184.13,2184.13
ORD004271,CUST01109,2023-11-20,11,4,2023-11-22,App,Pune,Delivered,UPI,Afternoon 10-2 PM,BIGSALE23,30.19,207.88,177.69
ORD004272,CUST01110,2023-09-01,9,3,2023-09-03,Kiosk,Bengaluru,Delivered,UPI,Afternoon 10-2 PM,,0.0,775.92,775.92
ORD004273,CUST01111,2023-08-25,8,3,,Web,Hyderabad,Cancelled,Debit Card,Morning 6-10 AM,,0.0,517.59,0.0
ORD004274,CUST01111,2023-03-30,3,1,2023-04-01,App,Hyderabad,Delivered,UPI,Morning 6-10 AM,,0.0,513.29,513.29
ORD004275,CUST01111,2023-04-30,4,2,2023-05-02,App,Hyderabad,Delivered,COD,Morning 6-10 AM,,0.0,1770.57,1770.57
ORD004276,CUST01111,2023-10-02,10,4,2023-10-03,Web,Hyderabad,Delivered,Wallet,Evening 4-8 PM,,0.0,2646.67,2646.67
ORD004277,CUST01111,2023-08-08,8,3,2023-08-10,App,Hyderabad,Delivered,Credit Card,Morning 6-10 AM,,0.0,1598.01,1598.01
ORD004278,CUST01111,2023-06-11,6,2,2023-06-13,App,Hyderabad,Delivered,Wallet,Morning 6-10 AM,,0.0,860.53,860.53
ORD004279,CUST01111,2023-05-02,5,2,2023-05-03,App,Hyderabad,Delivered,UPI,Evening 4-8 PM,,0.0,1160.1,1160.1
ORD004280,CUST01111,2023-11-02,11,4,2023-11-03,App,Hyderabad,Delivered,Wallet,Afternoon 10-2 PM,,0.0,2405.93,2405.93
ORD004281,CUST01112,2023-10-01,10,4,2023-10-03,App,Delhi,Delivered,UPI,Evening 4-8 PM,,0.0,1459.4,1459.4
ORD004282,CUST01112,2023-02-10,2,1,2023-02-12,App,Delhi,Delivered,UPI,Evening 4-8 PM,,0.0,718.02,718.02
ORD004283,CUST01112,2023-08-21,8,3,2023-08-22,App,Delhi,Delivered,Credit Card,Late Night 8-11 PM,,0.0,1388.65,1388.65
ORD004284,CUST01112,2023-07-20,7,3,2023-07-23,App,Delhi,Delivered,UPI,Morning 6-10 AM,,0.0,290.73,290.73
ORD004285,CUST01112,2023-11-17,11,4,2023-11-19,App,Delhi,Delivered,COD,,,0.0,433.85,433.85
ORD004286,CUST01113,2023-12-07,12,4,2023-12-10,Web,Pune,Delivered,Credit Card,Afternoon 10-2 PM,,0.0,409.61,409.61
ORD004287,CUST01114,2023-10-11,10,4,2023-10-12,Web,Pune,Delivered,UPI,Evening 4-8 PM,,0.0,1751.31,1751.31
ORD004288,CUST01116,2023-11-21,11,4,2023-11-23,App,Ahmedabad,Delivered,Debit Card,Afternoon 10-2 PM,,0.0,97.48,97.48
ORD004289,CUST01117,2023-01-01,1,1,2023-01-04,App,Pune,Delivered,Wallet,Evening 4-8 PM,,0.0,292.58,292.58
ORD004290,CUST01119,2023-09-24,9,3,2023-09-26,App,Hyderabad,Delivered,UPI,Evening 4-8 PM,,0.0,1388.23,1388.23
ORD004291,CUST01119,2023-12-04,12,4,2023-12-05,Web,Hyderabad,Delivered,Credit Card,Morning 6-10 AM,,0.0,3081.95,3081.95
ORD004292,CUST01119,2023-02-23,2,1,2023-02-24,Kiosk,Hyderabad,Delivered,UPI,Afternoon 10-2 PM,,0.0,804.64,804.64
ORD004293,CUST01119,2023-01-17,1,1,2023-01-18,App,Hyderabad,Delivered,COD,Evening 4-8 PM,,0.0,2729.88,2729.88
ORD004294,CUST01119,2023-03-01,3,1,2023-03-03,App,Hyderabad,Delivered,UPI,Evening 4-8 PM,,0.0,1126.04,1126.04
ORD004295,CUST01119,2023-08-18,8,3,2023-08-19,App,Hyderabad,Delivered,Debit Card,Morning 6-10 AM,,0.0,679.82,679.82
ORD004296,CUST01119,2023-05-08,5,2,2023-05-10,Kiosk,Hyderabad,Delivered,Debit Card,Evening 4-8 PM,,0.0,1225.38,1225.38
ORD004297,CUST01119,2023-07-13,7,3,2023-07-14,App,Hyderabad,Delivered,Credit Card,Morning 6-10 AM,,0.0,1520.79,1520.79
ORD004298,CUST01119,2023-01-06,1,1,2023-01-07,App,Hyderabad,Delivered,UPI,Afternoon 10-2 PM,,0.0,3512.27,3512.27
ORD004299,CUST01119,2023-01-29,1,1,2023-01-31,App,Hyderabad,Returned,Debit Card,Evening 4-8 PM,,0.0,1751.23,1080.66
ORD004300,CUST01119,2023-03-15,3,1,2023-03-17,Web,Hyderabad,Delivered,UPI,Evening 4-8 PM,,0.0,1838.99,1838.99
ORD004301,CUST01119,2023-12-17,12,4,2023-12-20,App,Hyderabad,Delivered,COD,Morning 6-10 AM,,0.0,3940.45,3940.45
ORD004302,CUST01119,2023-09-16,9,3,,App,Hyderabad,Cancelled,Wallet,Morning 6-10 AM,,0.0,5684.12,0.0
ORD004303,CUST01119,2023-01-14,1,1,2023-01-16,App,Hyderabad,Delivered,UPI,Morning 6-10 AM,,0.0,1743.17,1743.17
ORD004304,CUST01119,2023-11-26,11,4,2023-11-27,App,Hyderabad,Delivered,Debit Card,Evening 4-8 PM,,0.0,1815.89,1815.89
ORD004305,CUST01119,2023-11-20,11,4,2023-11-23,App,Hyderabad,Delivered,COD,Late Night 8-11 PM,,0.0,2519.62,2519.62
ORD004306,CUST01119,2023-04-12,4,2,2023-04-15,App,Hyderabad,Delivered,COD,Morning 6-10 AM,,0.0,2210.0,2210.0
ORD004307,CUST01119,2023-12-19,12,4,2023-12-21,Web,Hyderabad,Delivered,UPI,Morning 6-10 AM,,0.0,539.24,539.24
ORD004308,CUST01119,2023-02-13,2,1,2023-02-14,App,Hyderabad,Delivered,Debit Card,Morning 6-10 AM,,0.0,509.94,509.94
ORD004309,CUST01119,2023-08-04,8,3,2023-08-05,Web,Hyderabad,Delivered,UPI,Late Night 8-11 PM,,0.0,725.47,725.47
ORD004310,CUST01119,2023-08-19,8,3,2023-08-22,App,Hyderabad,Delivered,UPI,Morning 6-10 AM,,0.0,3140.12,3140.12
ORD004311,CUST01119,2023-08-03,8,3,2023-08-05,App,Hyderabad,Delivered,Credit Card,Morning 6-10 AM,,0.0,4238.95,4238.95
ORD004312,CUST01119,2023-06-07,6,2,2023-06-09,App,Hyderabad,Delivered,COD,Afternoon 10-2 PM,,0.0,1188.95,1188.95
ORD004313,CUST01122,2023-10-31,10,4,2023-11-02,App,Jaipur,Delivered,Credit Card,Afternoon 10-2 PM,,0.0,2913.36,2913.36
ORD004314,CUST01122,2023-05-07,5,2,2023-05-10,App,Jaipur,Delivered,COD,Evening 4-8 PM,,0.0,724.94,724.94
ORD004315,CUST01124,2023-04-14,4,2,2023-04-16,App,Mumbai,Delivered,Wallet,Morning 6-10 AM,,0.0,1201.4,1201.4
ORD004316,CUST01127,2023-04-30,4,2,2023-05-01,App,Bengaluru,Delivered,UPI,Afternoon 10-2 PM,,0.0,403.93,403.93
ORD004317,CUST01129,2023-09-26,9,3,2023-09-27,Web,Delhi,Delivered,UPI,Afternoon 10-2 PM,,0.0,823.33,823.33
ORD004318,CUST01129,2023-11-09,11,4,2023-11-11,App,Delhi,Delivered,COD,Afternoon 10-2 PM,,0.0,2865.42,2865.42
ORD004319,CUST01129,2023-01-23,1,1,2023-01-25,App,Delhi,Delivered,Debit Card,Afternoon 10-2 PM,,0.0,259.05,259.05
ORD004320,CUST01129,2023-07-06,7,3,,Web,Delhi,Cancelled,COD,Evening 4-8 PM,,0.0,240.72,0.0
ORD004321,CUST01129,2023-03-13,3,1,2023-03-15,App,Delhi,Delivered,UPI,Afternoon 10-2 PM,,0.0,3197.8,3197.8
ORD004322,CUST01129,2023-09-29,9,3,2023-10-01,App,Delhi,Delivered,COD,Afternoon 10-2 PM,,0.0,681.73,681.73
ORD004323,CUST01129,2023-10-05,10,4,2023-10-08,App,Delhi,Delivered,Credit Card,Evening 4-8 PM,,0.0,498.73,498.73
ORD004324,CUST01129,2023-02-01,2,1,2023-02-03,App,Delhi,Delivered,Credit Card,Afternoon 10-2 PM,,0.0,1450.72,1450.72
ORD004325,CUST01129,2023-08-01,8,3,2023-08-04,App,Delhi,Delivered,COD,Evening 4-8 PM,,0.0,624.79,624.79
ORD004326,CUST01130,2023-08-17,8,3,2023-08-20,Web,Delhi,Delivered,UPI,Afternoon 10-2 PM,,0.0,574.5,574.5
ORD004327,CUST01130,2023-12-09,12,4,2023-12-12,Web,Delhi,Delivered,Wallet,Late Night 8-11 PM,,0.0,262.16,262.16
ORD004328,CUST01130,2023-02-12,2,1,2023-02-13,Kiosk,Delhi,Delivered,Credit Card,Morning 6-10 AM,,0.0,776.6,776.6
ORD004329,CUST01130,2023-03-28,3,1,2023-03-29,App,Delhi,Delivered,Credit Card,Afternoon 10-2 PM,,0.0,976.92,976.92
ORD004330,CUST01130,2023-01-09,1,1,2023-01-11,Kiosk,Delhi,Delivered,Debit Card,Evening 4-8 PM,,0.0,1465.71,1465.71
ORD004331,CUST01130,2023-01-15,1,1,2023-01-18,Web,Delhi,Delivered,UPI,Afternoon 10-2 PM,,0.0,659.0,659.0
ORD004332,CUST01131,2023-05-28,5,2,2023-05-30,App,Ahmedabad,Delivered,UPI,Afternoon 10-2 PM,,0.0,822.26,822.26
ORD004333,CUST01131,2023-05-23,5,2,2023-05-25,App,Ahmedabad,Returned,Wallet,Morning 6-10 AM,,0.0,2350.45,46.46
ORD004334,CUST01131,2023-07-07,7,3,2023-07-09,Web,Ahmedabad,Returned,UPI,Morning 6-10 AM,,0.0,178.3,4.59
ORD004335,CUST01132,2023-12-18,12,4,2023-12-20,App,Bengaluru,Delivered,COD,Morning 6-10 AM,,0.0,974.95,974.95
ORD004336,CUST01132,2023-09-13,9,3,2023-09-15,App,Bengaluru,Delivered,Wallet,Afternoon 10-2 PM,,0.0,363.12,363.12
ORD004337,CUST01132,2023-05-20,5,2,2023-05-21,Web,Bengaluru,Delivered,Credit Card,Afternoon 10-2 PM,,0.0,2331.68,2331.68
ORD004338,CUST01132,2023-05-20,5,2,2023-05-22,Web,Bengaluru,Delivered,UPI,Afternoon 10-2 PM,,0.0,151.16,151.16
ORD004339,CUST01132,2023-12-30,12,4,2023-12-31,Kiosk,Bengaluru,Delivered,Wallet,Morning 6-10 AM,XMAS23,173.62,2253.56,2079.94
ORD004340,CUST01132,2023-07-16,7,3,2023-07-17,App,Bengaluru,Delivered,UPI,Afternoon 10-2 PM,,0.0,298.89,298.89
ORD004341,CUST01132,2023-11-13,11,4,2023-11-16,App,Bengaluru,Delivered,UPI,Evening 4-8 PM,,0.0,683.09,683.09
ORD004342,CUST01132,2023-10-18,10,4,2023-10-21,App,Bengaluru,Delivered,UPI,Afternoon 10-2 PM,,0.0,1231.66,1231.66
ORD004343,CUST01132,2023-10-21,10,4,2023-10-23,App,Bengaluru,Delivered,UPI,Morning 6-10 AM,,0.0,567.31,567.31
ORD004344,CUST01132,2023-09-20,9,3,2023-09-21,App,Bengaluru,Delivered,UPI,Late Night 8-11 PM,,0.0,378.52,378.52
ORD004345,CUST01132,2023-09-28,9,3,,Web,Bengaluru,Cancelled,Debit Card,Afternoon 10-2 PM,,0.0,623.46,0.0
ORD004346,CUST01132,2023-01-10,1,1,2023-01-11,Web,Bengaluru,Delivered,Credit Card,Afternoon 10-2 PM,,0.0,910.51,910.51
ORD004347,CUST01132,2023-09-19,9,3,,Web,Bengaluru,Cancelled,UPI,Afternoon 10-2 PM,,0.0,666.47,0.0
ORD004348,CUST01132,2023-12-17,12,4,2023-12-18,App,Bengaluru,Delivered,UPI,Afternoon 10-2 PM,,0.0,2111.93,2111.93
ORD004349,CUST01133,2023-07-24,7,3,2023-07-26,App,Hyderabad,Delivered,UPI,Morning 6-10 AM,,0.0,682.26,682.26
ORD004350,CUST01133,2023-11-11,11,4,2023-11-12,App,Hyderabad,Delivered,UPI,Morning 6-10 AM,DIWALI23SUPER,104.76,1826.91,1722.15
ORD004351,CUST01134,2023-02-06,2,1,2023-02-09,App,Delhi,Delivered,UPI,Evening 4-8 PM,,0.0,1337.99,1337.99
ORD004352,CUST01134,2023-02-28,2,1,2023-03-02,App,Delhi,Returned,Credit Card,Afternoon 10-2 PM,,0.0,4847.8,300.01
ORD004353,CUST01134,2023-05-03,5,2,2023-05-04,Web,Delhi,Delivered,Credit Card,Late Night 8-11 PM,,0.0,832.46,832.46
ORD004354,CUST01134,2023-10-28,10,4,2023-10-31,App,Delhi,Delivered,UPI,Morning 6-10 AM,,0.0,652.01,652.01
ORD004355,CUST01134,2023-02-11,2,1,2023-02-13,Kiosk,Delhi,Delivered,UPI,Evening 4-8 PM,LOVEFEB,74.67,1057.54,982.87
ORD004356,CUST01134,2023-04-25,4,2,2023-04-26,App,Delhi,Delivered,Credit Card,Evening 4-8 PM,,0.0,456.72,456.72
ORD004357,CUST01136,2023-04-25,4,2,2023-04-27,App,Delhi,Delivered,Wallet,Evening 4-8 PM,,0.0,173.49,173.49
ORD004358,CUST01136,2023-10-31,10,4,2023-11-01,Web,Delhi,Delivered,UPI,Afternoon 10-2 PM,,0.0,140.96,140.96
ORD004359,CUST01136,2023-08-05,8,3,2023-08-07,App,Delhi,Delivered,Credit Card,Morning 6-10 AM,,0.0,801.46,801.46
ORD004360,CUST01137,2023-05-01,5,2,2023-05-02,App,Mumbai,Delivered,Debit Card,Late Night 8-11 PM,,0.0,409.1,409.1
ORD004361,CUST01137,2023-03-11,3,1,2023-03-13,App,Mumbai,Delivered,UPI,Afternoon 10-2 PM,,0.0,849.48,849.48
ORD004362,CUST01137,2023-09-28,9,3,2023-09-29,Web,Mumbai,Delivered,Debit Card,Morning 6-10 AM,,0.0,440.64,440.64
ORD004363,CUST01137,2023-11-16,11,4,2023-11-17,App,Mumbai,Delivered,COD,Morning 6-10 AM,,0.0,478.72,478.72
ORD004364,CUST01137,2023-10-22,10,4,2023-10-23,Kiosk,Mumbai,Delivered,UPI,Late Night 8-11 PM,,0.0,117.68,117.68
ORD004365,CUST01137,2023-11-03,11,4,2023-11-06,App,Mumbai,Delivered,COD,Afternoon 10-2 PM,,0.0,694.0,694.0
ORD004366,CUST01137,2023-12-23,12,4,2023-12-25,App,Mumbai,Delivered,Debit Card,Morning 6-10 AM,,0.0,631.48,631.48
ORD004367,CUST01137,2023-11-13,11,4,2023-11-15,Web,Mumbai,Delivered,COD,Evening 4-8 PM,,0.0,704.52,704.52
ORD004368,CUST01137,2023-10-01,10,4,2023-10-04,App,Mumbai,Delivered,Wallet,Morning 6-10 AM,,0.0,1486.29,1486.29
ORD004369,CUST01137,2023-06-09,6,2,2023-06-11,Web,Mumbai,Delivered,UPI,Late Night 8-11 PM,,0.0,627.14,627.14
ORD004370,CUST01137,2023-04-24,4,2,2023-04-26,App,Mumbai,Delivered,UPI,Evening 4-8 PM,,0.0,1594.96,1594.96
ORD004371,CUST01137,2023-09-30,9,3,2023-10-03,App,Mumbai,Delivered,UPI,Late Night 8-11 PM,,0.0,940.5,940.5
ORD004372,CUST01137,2023-04-23,4,2,2023-04-24,App,Mumbai,Delivered,UPI,Afternoon 10-2 PM,,0.0,2149.54,2149.54
ORD004373,CUST01140,2023-07-19,7,3,2023-07-21,App,Jaipur,Delivered,COD,Afternoon 10-2 PM,,0.0,206.66,206.66
ORD004374,CUST01140,2023-12-22,12,4,,App,Jaipur,Cancelled,COD,Evening 4-8 PM,,0.0,315.07,0.0
ORD004375,CUST01143,2023-09-02,9,3,2023-09-03,Web,Mumbai,Returned,UPI,Evening 4-8 PM,,0.0,603.23,173.31
ORD004376,CUST01145,2023-04-28,4,2,2023-04-30,App,Mumbai,Delivered,UPI,Morning 6-10 AM,,0.0,1711.81,1711.81
ORD004377,CUST01145,2023-06-22,6,2,2023-06-23,App,Mumbai,Delivered,Debit Card,Morning 6-10 AM,,0.0,952.26,952.26
ORD004378,CUST01145,2023-12-28,12,4,2023-12-29,Web,Mumbai,Delivered,UPI,Evening 4-8 PM,,0.0,2693.04,2693.04
ORD004379,CUST01145,2023-11-22,11,4,2023-11-23,App,Mumbai,Delivered,UPI,Late Night 8-11 PM,BIGSALE23,264.63,2195.48,1930.85
ORD004380,CUST01145,2023-03-06,3,1,2023-03-09,Web,Mumbai,Delivered,UPI,Evening 4-8 PM,,0.0,1537.17,1537.17
ORD004381,CUST01145,2023-10-12,10,4,2023-10-15,Web,Mumbai,Delivered,UPI,Morning 6-10 AM,,0.0,2565.67,2565.67
ORD004382,CUST01145,2023-11-15,11,4,2023-11-18,Web,Mumbai,Delivered,Credit Card,Afternoon 10-2 PM,,0.0,2908.97,2908.97
ORD004383,CUST01145,2023-11-09,11,4,2023-11-10,App,Mumbai,Returned,Wallet,Afternoon 10-2 PM,,0.0,1803.3,969.52
ORD004384,CUST01145,2023-11-16,11,4,2023-11-17,App,Mumbai,Delivered,Debit Card,Morning 6-10 AM,,0.0,1446.02,1446.02
ORD004385,CUST01145,2023-11-13,11,4,,App,Mumbai,Cancelled,Credit Card,Afternoon 10-2 PM,DIWALI23SUPER,0.0,597.89,0.0
ORD004386,CUST01145,2023-10-19,10,4,2023-10-22,Kiosk,Mumbai,Delivered,UPI,Morning 6-10 AM,,0.0,2013.4,2013.4
ORD004387,CUST01145,2023-05-29,5,2,2023-06-01,Web,Mumbai,Delivered,UPI,Evening 4-8 PM,,0.0,2034.64,2034.64
ORD004388,CUST01146,2023-04-14,4,2,2023-04-15,App,Bengaluru,Delivered,Wallet,Late Night 8-11 PM,,0.0,747.48,747.48
ORD004389,CUST01146,2023-02-20,2,1,2023-02-21,App,Bengaluru,Returned,UPI,Evening 4-8 PM,,0.0,269.27,7.65
ORD004390,CUST01146,2023-06-23,6,2,2023-06-25,Web,Bengaluru,Delivered,UPI,Evening 4-8 PM,,0.0,1295.1,1295.1
ORD004391,CUST01146,2023-11-06,11,4,2023-11-08,App,Bengaluru,Delivered,UPI,Afternoon 10-2 PM,,0.0,3070.45,3070.45
ORD004392,CUST01146,2023-10-15,10,4,2023-10-16,App,Bengaluru,Delivered,UPI,Morning 6-10 AM,,0.0,275.83,275.83
ORD004393,CUST01146,2023-04-12,4,2,2023-04-15,App,Bengaluru,Delivered,Debit Card,Evening 4-8 PM,,0.0,1488.45,1488.45
ORD004394,CUST01146,2023-12-04,12,4,2023-12-05,App,Bengaluru,Delivered,UPI,Late Night 8-11 PM,,0.0,763.66,763.66
ORD004395,CUST01150,2023-04-19,4,2,2023-04-22,App,Bengaluru,Delivered,Debit Card,Morning 6-10 AM,,0.0,2233.38,2233.38
ORD004396,CUST01150,2023-12-27,12,4,2023-12-28,Web,Bengaluru,Delivered,Debit Card,Morning 6-10 AM,,0.0,579.57,579.57
ORD004397,CUST01150,2023-08-04,8,3,2023-08-06,App,Bengaluru,Delivered,UPI,Evening 4-8 PM,,0.0,1825.87,1825.87
ORD004398,CUST01150,2023-03-17,3,1,2023-03-18,Web,Bengaluru,Delivered,Credit Card,Late Night 8-11 PM,,0.0,2061.61,2061.61
ORD004399,CUST01150,2023-02-05,2,1,2023-02-06,Web,Bengaluru,Delivered,Credit Card,Morning 6-10 AM,,0.0,2325.11,2325.11
ORD004400,CUST01150,2023-11-03,11,4,2023-11-06,App,Bengaluru,Delivered,Credit Card,Evening 4-8 PM,,0.0,1239.68,1239.68
ORD004401,CUST01150,2023-11-24,11,4,2023-11-26,App,Bengaluru,Delivered,UPI,Evening 4-8 PM,,0.0,2063.76,2063.76
ORD004402,CUST01150,2023-12-10,12,4,2023-12-11,App,Bengaluru,Delivered,UPI,Evening 4-8 PM,,0.0,722.55,722.55
ORD004403,CUST01150,2023-02-09,2,1,2023-02-10,Web,Bengaluru,Returned,COD,Evening 4-8 PM,,0.0,210.4,13.1
ORD004404,CUST01150,2023-07-16,7,3,2023-07-18,Web,Bengaluru,Delivered,UPI,Morning 6-10 AM,,0.0,951.75,951.75
ORD004405,CUST01151,2023-12-22,12,4,2023-12-23,Web,Ahmedabad,Delivered,UPI,Late Night 8-11 PM,,0.0,2174.13,2174.13
ORD004406,CUST01153,2023-04-27,4,2,,Kiosk,Bengaluru,Cancelled,Credit Card,Late Night 8-11 PM,,0.0,3300.17,0.0
ORD004407,CUST01153,2023-12-06,12,4,2023-12-08,App,Bengaluru,Delivered,COD,Morning 6-10 AM,,0.0,946.6,946.6
ORD004408,CUST01153,2023-10-25,10,4,2023-10-26,App,Bengaluru,Returned,UPI,Evening 4-8 PM,,0.0,2158.61,76.33
ORD004409,CUST01153,2023-08-12,8,3,2023-08-14,App,Bengaluru,Delivered,Debit Card,Evening 4-8 PM,,0.0,728.51,728.51
ORD004410,CUST01153,2023-04-13,4,2,2023-04-15,App,Bengaluru,Delivered,COD,Morning 6-10 AM,,0.0,223.07,223.07
ORD004411,CUST01153,2023-09-29,9,3,2023-09-30,App,Bengaluru,Returned,UPI,Evening 4-8 PM,,0.0,2642.85,820.67
ORD004412,CUST01153,2023-09-20,9,3,2023-09-23,App,Bengaluru,Delivered,UPI,Afternoon 10-2 PM,,0.0,601.06,601.06
ORD004413,CUST01153,2023-09-24,9,3,2023-09-26,Kiosk,Bengaluru,Delivered,UPI,,,0.0,721.3,721.3
ORD004414,CUST01153,2023-09-29,9,3,2023-10-01,App,Bengaluru,Delivered,Wallet,Morning 6-10 AM,,0.0,2323.07,2323.07
ORD004415,CUST01153,2023-03-09,3,1,2023-03-10,App,Bengaluru,Delivered,UPI,Morning 6-10 AM,HOLI23,165.08,1677.47,1512.39
ORD004416,CUST01153,2023-01-03,1,1,,Web,Bengaluru,Cancelled,Debit Card,Evening 4-8 PM,,0.0,1146.91,0.0
ORD004417,CUST01155,2023-07-26,7,3,2023-07-28,Web,Delhi,Delivered,UPI,Morning 6-10 AM,,0.0,2236.68,2236.68
ORD004418,CUST01155,2023-03-30,3,1,2023-04-02,App,Delhi,Delivered,UPI,Evening 4-8 PM,,0.0,2724.41,2724.41
ORD004419,CUST01155,2023-04-13,4,2,2023-04-15,App,Delhi,Delivered,UPI,Morning 6-10 AM,,0.0,974.81,974.81
ORD004420,CUST01155,2023-07-19,7,3,2023-07-22,App,Delhi,Delivered,Debit Card,Morning 6-10 AM,,0.0,755.25,755.25
ORD004421,CUST01155,2023-10-12,10,4,2023-10-14,Web,Delhi,Returned,UPI,Evening 4-8 PM,,0.0,1123.33,39.77
ORD004422,CUST01155,2023-12-25,12,4,2023-12-28,App,Delhi,Delivered,Credit Card,Evening 4-8 PM,,0.0,2085.22,2085.22
ORD004423,CUST01155,2023-10-27,10,4,2023-10-29,App,Delhi,Delivered,Debit Card,Afternoon 10-2 PM,,0.0,740.74,740.74
ORD004424,CUST01155,2023-11-03,11,4,2023-11-05,Web,Delhi,Delivered,UPI,Afternoon 10-2 PM,,0.0,737.16,737.16
ORD004425,CUST01155,2023-12-24,12,4,2023-12-26,App,Delhi,Delivered,Debit Card,Late Night 8-11 PM,,0.0,3052.57,3052.57
ORD004426,CUST01156,2023-06-10,6,2,2023-06-11,App,Delhi,Delivered,UPI,Afternoon 10-2 PM,,0.0,929.34,929.34
ORD004427,CUST01156,2023-01-21,1,1,2023-01-22,App,Delhi,Delivered,Debit Card,Afternoon 10-2 PM,,0.0,1506.65,1506.65
ORD004428,CUST01156,2023-12-12,12,4,2023-12-13,App,Delhi,Delivered,UPI,Morning 6-10 AM,,0.0,5764.88,5764.88
ORD004429,CUST01156,2023-05-28,5,2,,App,Delhi,Cancelled,Wallet,Morning 6-10 AM,,0.0,4056.72,0.0
ORD004430,CUST01156,2023-09-10,9,3,2023-09-12,Kiosk,Delhi,Returned,COD,Evening 4-8 PM,,0.0,953.43,454.3
ORD004431,CUST01156,2023-08-21,8,3,2023-08-24,App,Delhi,Delivered,UPI,Evening 4-8 PM,,0.0,1227.02,1227.02
ORD004432,CUST01156,2023-01-26,1,1,2023-01-29,App,Delhi,Delivered,UPI,Late Night 8-11 PM,,0.0,1820.36,1820.36
ORD004433,CUST01156,2023-01-10,1,1,2023-01-11,Web,Delhi,Delivered,UPI,Morning 6-10 AM,,0.0,4502.5,4502.5
ORD004434,CUST01156,2023-04-03,4,2,2023-04-05,App,Delhi,Delivered,UPI,Afternoon 10-2 PM,,0.0,609.28,609.28
ORD004435,CUST01156,2023-09-06,9,3,2023-09-08,App,Delhi,Delivered,UPI,Morning 6-10 AM,,0.0,1927.18,1927.18
ORD004436,CUST01156,2023-05-22,5,2,2023-05-25,App,Delhi,Delivered,UPI,Evening 4-8 PM,,0.0,1074.92,1074.92
ORD004437,CUST01156,2023-08-10,8,3,2023-08-13,App,Delhi,Delivered,Debit Card,Morning 6-10 AM,,0.0,789.07,789.07
ORD004438,CUST01156,2023-08-04,8,3,2023-08-06,App,Delhi,Delivered,UPI,Late Night 8-11 PM,,0.0,1832.17,1832.17
ORD004439,CUST01156,2023-09-05,9,3,2023-09-06,App,Delhi,Returned,Debit Card,Evening 4-8 PM,,0.0,882.5,754.56
ORD004440,CUST01156,2023-05-01,5,2,2023-05-02,App,Delhi,Delivered,COD,Afternoon 10-2 PM,,0.0,2290.63,2290.63
ORD004441,CUST01156,2023-01-04,1,1,2023-01-06,App,Delhi,Delivered,COD,Morning 6-10 AM,,0.0,2400.51,2400.51
ORD004442,CUST01156,2023-11-17,11,4,2023-11-18,App,Delhi,Returned,UPI,Evening 4-8 PM,,0.0,3647.71,428.86
ORD004443,CUST01156,2023-11-27,11,4,2023-11-28,Kiosk,Delhi,Delivered,Debit Card,Afternoon 10-2 PM,,0.0,1709.24,1709.24
ORD004444,CUST01156,2023-01-03,1,1,2023-01-05,Kiosk,Delhi,Delivered,UPI,Evening 4-8 PM,NY2023,27.96,533.11,505.15
ORD004445,CUST01156,2023-05-07,5,2,2023-05-09,Web,Delhi,Delivered,UPI,Afternoon 10-2 PM,,0.0,642.84,642.84
ORD004446,CUST01158,2023-11-08,11,4,2023-11-10,App,Mumbai,Delivered,UPI,Evening 4-8 PM,,0.0,199.88,199.88
ORD004447,CUST01160,2023-11-26,11,4,2023-11-29,App,Mumbai,Delivered,UPI,Evening 4-8 PM,,0.0,1142.32,1142.32
ORD004448,CUST01160,2023-10-24,10,4,,Kiosk,Mumbai,Cancelled,Wallet,Morning 6-10 AM,,0.0,1587.59,0.0
ORD004449,CUST01160,2023-11-30,11,4,2023-12-03,App,Mumbai,Delivered,UPI,Evening 4-8 PM,,0.0,1286.59,1286.59
ORD004450,CUST01160,2023-10-15,10,4,2023-10-17,App,Mumbai,Delivered,UPI,Late Night 8-11 PM,,0.0,688.91,688.91
ORD004451,CUST01160,2023-02-24,2,1,2023-02-27,App,Mumbai,Delivered,UPI,Evening 4-8 PM,,0.0,800.4,800.4
ORD004452,CUST01160,2023-11-21,11,4,,App,Mumbai,Cancelled,UPI,Morning 6-10 AM,BIGSALE23,0.0,2598.24,0.0
ORD004453,CUST01160,2023-11-27,11,4,2023-11-28,Web,Mumbai,Delivered,COD,Morning 6-10 AM,,0.0,1671.4,1671.4
ORD004454,CUST01160,2023-03-05,3,1,2023-03-06,Web,Mumbai,Delivered,UPI,Afternoon 10-2 PM,,0.0,359.54,359.54
ORD004455,CUST01160,2023-10-01,10,4,2023-10-03,Web,Mumbai,Delivered,UPI,Evening 4-8 PM,,0.0,1095.1,1095.1
ORD004456,CUST01160,2023-05-17,5,2,2023-05-19,Web,Mumbai,Delivered,UPI,Morning 6-10 AM,,0.0,2008.44,2008.44
ORD004457,CUST01162,2023-03-22,3,1,2023-03-24,App,Bengaluru,Delivered,UPI,Late Night 8-11 PM,,0.0,1927.66,1927.66
ORD004458,CUST01162,2023-07-31,7,3,2023-08-02,Web,Bengaluru,Delivered,UPI,Afternoon 10-2 PM,,0.0,1490.48,1490.48
ORD004459,CUST01168,2023-10-20,10,4,,Web,Delhi,Cancelled,COD,Late Night 8-11 PM,DUSSEHRA23,0.0,386.64,0.0
ORD004460,CUST01169,2023-02-20,2,1,2023-02-23,App,Bengaluru,Delivered,UPI,Morning 6-10 AM,,0.0,71.1,71.1
ORD004461,CUST01169,2023-05-16,5,2,2023-05-18,App,Bengaluru,Delivered,Debit Card,Morning 6-10 AM,,0.0,770.85,770.85
ORD004462,CUST01170,2023-09-07,9,3,2023-09-10,App,Delhi,Delivered,UPI,Late Night 8-11 PM,,0.0,636.56,636.56
ORD004463,CUST01170,2023-12-04,12,4,2023-12-07,Web,Delhi,Delivered,Debit Card,Evening 4-8 PM,,0.0,619.57,619.57
ORD004464,CUST01170,2023-08-04,8,3,2023-08-07,Web,Delhi,Delivered,UPI,Morning 6-10 AM,,0.0,843.12,843.12
ORD004465,CUST01170,2023-01-15,1,1,2023-01-17,App,Delhi,Delivered,UPI,Morning 6-10 AM,,0.0,1692.38,1692.38
ORD004466,CUST01170,2023-06-27,6,2,2023-06-30,Web,Delhi,Delivered,UPI,Evening 4-8 PM,,0.0,901.93,901.93
ORD004467,CUST01170,2023-11-19,11,4,2023-11-20,App,Delhi,Delivered,UPI,Evening 4-8 PM,,0.0,1126.51,1126.51
ORD004468,CUST01172,2023-12-06,12,4,2023-12-07,App,Mumbai,Delivered,Credit Card,Afternoon 10-2 PM,,0.0,324.91,324.91
ORD004469,CUST01172,2023-02-07,2,1,2023-02-09,Web,Mumbai,Delivered,Credit Card,Evening 4-8 PM,,0.0,1014.3,1014.3
ORD004470,CUST01172,2023-12-18,12,4,2023-12-20,App,Mumbai,Delivered,UPI,Evening 4-8 PM,,0.0,1354.28,1354.28
ORD004471,CUST01172,2023-03-12,3,1,2023-03-13,App,Mumbai,Returned,UPI,Morning 6-10 AM,,0.0,1579.95,1145.02
ORD004472,CUST01172,2023-11-09,11,4,2023-11-10,Kiosk,Mumbai,Delivered,Credit Card,Late Night 8-11 PM,,0.0,814.06,814.06
ORD004473,CUST01172,2023-07-20,7,3,2023-07-21,Web,Mumbai,Delivered,UPI,Evening 4-8 PM,,0.0,2292.13,2292.13
ORD004474,CUST01172,2023-12-19,12,4,2023-12-20,App,Mumbai,Delivered,UPI,Afternoon 10-2 PM,,0.0,1529.0,1529.0
ORD004475,CUST01172,2023-11-16,11,4,2023-11-19,Web,Mumbai,Delivered,UPI,Late Night 8-11 PM,,0.0,1877.22,1877.22
ORD004476,CUST01172,2023-06-25,6,2,,App,Mumbai,Cancelled,Credit Card,Morning 6-10 AM,,0.0,3155.02,0.0
ORD004477,CUST01172,2023-04-05,4,2,2023-04-08,App,Mumbai,Delivered,UPI,Late Night 8-11 PM,,0.0,1047.77,1047.77
ORD004478,CUST01174,2023-12-21,12,4,2023-12-24,Web,Hyderabad,Delivered,COD,Morning 6-10 AM,,0.0,198.77,198.77
ORD004479,CUST01174,2023-12-18,12,4,2023-12-21,App,Hyderabad,Delivered,Credit Card,Evening 4-8 PM,,0.0,1762.31,1762.31
ORD004480,CUST01174,2023-03-31,3,1,2023-04-02,Web,Hyderabad,Delivered,UPI,Morning 6-10 AM,,0.0,616.31,616.31
ORD004481,CUST01174,2023-05-06,5,2,2023-05-07,App,Hyderabad,Delivered,Credit Card,Morning 6-10 AM,,0.0,1120.28,1120.28
ORD004482,CUST01174,2023-11-02,11,4,2023-11-04,App,Hyderabad,Delivered,Credit Card,Evening 4-8 PM,,0.0,178.64,178.64
ORD004483,CUST01174,2023-04-14,4,2,2023-04-17,App,Hyderabad,Delivered,Credit Card,Morning 6-10 AM,,0.0,1312.14,1312.14
ORD004484,CUST01174,2023-08-19,8,3,,App,Hyderabad,Cancelled,UPI,Morning 6-10 AM,,0.0,350.59,0.0
ORD004485,CUST01174,2023-03-27,3,1,,Web,Hyderabad,Cancelled,Credit Card,Evening 4-8 PM,,0.0,367.23,0.0
ORD004486,CUST01174,2023-08-03,8,3,2023-08-04,App,Hyderabad,Delivered,Credit Card,Morning 6-10 AM,,0.0,1104.51,1104.51
ORD004487,CUST01174,2023-05-20,5,2,,App,Hyderabad,Cancelled,UPI,Afternoon 10-2 PM,,0.0,2001.89,0.0
ORD004488,CUST01174,2023-08-01,8,3,2023-08-04,App,Hyderabad,Delivered,COD,Morning 6-10 AM,,0.0,959.77,959.77
ORD004489,CUST01174,2023-11-17,11,4,2023-11-20,Web,Hyderabad,Delivered,Credit Card,Morning 6-10 AM,,0.0,783.99,783.99
ORD004490,CUST01174,2023-11-14,11,4,2023-11-16,App,Hyderabad,Delivered,COD,Afternoon 10-2 PM,DIWALI23SUPER,12.61,202.35,189.74
ORD004491,CUST01174,2023-07-09,7,3,2023-07-12,Kiosk,Hyderabad,Delivered,Wallet,Morning 6-10 AM,,0.0,1210.87,1210.87
ORD004492,CUST01175,2023-09-10,9,3,2023-09-13,App,Delhi,Delivered,UPI,Afternoon 10-2 PM,,0.0,774.06,774.06
ORD004493,CUST01175,2023-11-09,11,4,2023-11-11,Kiosk,Delhi,Returned,UPI,Morning 6-10 AM,,0.0,1893.46,559.49
ORD004494,CUST01175,2023-10-04,10,4,2023-10-07,App,Delhi,Delivered,COD,Evening 4-8 PM,,0.0,912.78,912.78
ORD004495,CUST01175,2023-03-01,3,1,2023-03-03,App,Delhi,Delivered,Credit Card,Morning 6-10 AM,,0.0,701.67,701.67
ORD004496,CUST01175,2023-11-07,11,4,2023-11-09,Web,Delhi,Delivered,UPI,Evening 4-8 PM,,0.0,644.48,644.48
ORD004497,CUST01177,2023-07-25,7,3,2023-07-27,App,Pune,Delivered,UPI,Morning 6-10 AM,,0.0,448.16,448.16
ORD004498,CUST01177,2023-01-19,1,1,,App,Pune,Cancelled,UPI,Afternoon 10-2 PM,,0.0,618.82,0.0
ORD004499,CUST01177,2023-09-01,9,3,2023-09-03,App,Pune,Delivered,Debit Card,Afternoon 10-2 PM,,0.0,2341.56,2341.56
ORD004500,CUST01177,2023-03-01,3,1,,Kiosk,Pune,Cancelled,UPI,Morning 6-10 AM,,0.0,353.89,0.0
ORD004501,CUST01177,2023-05-16,5,2,2023-05-18,App,Pune,Delivered,UPI,Morning 6-10 AM,,0.0,625.94,625.94
ORD004502,CUST01177,2023-12-14,12,4,2023-12-17,Web,Pune,Delivered,Credit Card,Evening 4-8 PM,,0.0,785.06,785.06
ORD004503,CUST01177,2023-09-02,9,3,2023-09-04,App,Pune,Delivered,UPI,Afternoon 10-2 PM,,0.0,1561.28,1561.28
ORD004504,CUST01178,2023-04-08,4,2,2023-04-09,Web,Mumbai,Delivered,UPI,Evening 4-8 PM,,0.0,406.35,406.35
ORD004505,CUST01182,2023-01-16,1,1,2023-01-17,Kiosk,Pune,Delivered,UPI,Evening 4-8 PM,,0.0,1985.2,1985.2
ORD004506,CUST01182,2023-05-20,5,2,2023-05-21,Kiosk,Pune,Returned,UPI,Evening 4-8 PM,,0.0,783.83,362.02
ORD004507,CUST01182,2023-01-14,1,1,2023-01-15,Web,Pune,Returned,UPI,Evening 4-8 PM,,0.0,1127.04,396.85
ORD004508,CUST01182,2023-12-18,12,4,2023-12-20,App,Pune,Delivered,Debit Card,Morning 6-10 AM,,0.0,1558.69,1558.69
ORD004509,CUST01182,2023-11-08,11,4,2023-11-11,App,Pune,Delivered,Credit Card,Morning 6-10 AM,,0.0,3089.47,3089.47
ORD004510,CUST01182,2023-05-22,5,2,2023-05-23,App,Pune,Delivered,UPI,Afternoon 10-2 PM,,0.0,986.19,986.19
ORD004511,CUST01182,2023-12-14,12,4,2023-12-17,App,Pune,Delivered,UPI,Afternoon 10-2 PM,,0.0,738.14,738.14
ORD004512,CUST01182,2023-06-26,6,2,,Web,Pune,Cancelled,UPI,Morning 6-10 AM,,0.0,974.92,0.0
ORD004513,CUST01182,2023-10-03,10,4,2023-10-06,Web,Pune,Delivered,Wallet,Evening 4-8 PM,,0.0,875.72,875.72
ORD004514,CUST01182,2023-04-26,4,2,2023-04-29,App,Pune,Delivered,UPI,Morning 6-10 AM,,0.0,2302.26,2302.26
ORD004515,CUST01182,2023-06-05,6,2,2023-06-06,Web,Pune,Delivered,COD,Late Night 8-11 PM,,0.0,657.03,657.03
ORD004516,CUST01182,2023-02-04,2,1,2023-02-07,App,Pune,Delivered,UPI,Afternoon 10-2 PM,,0.0,3922.21,3922.21
ORD004517,CUST01184,2023-11-08,11,4,2023-11-09,App,Mumbai,Delivered,Wallet,Afternoon 10-2 PM,,0.0,76.83,76.83
ORD004518,CUST01184,2023-05-20,5,2,2023-05-21,Kiosk,Mumbai,Returned,UPI,Afternoon 10-2 PM,,0.0,676.3,335.87
ORD004519,CUST01184,2023-12-14,12,4,2023-12-16,App,Mumbai,Delivered,Credit Card,Afternoon 10-2 PM,,0.0,434.64,434.64
ORD004520,CUST01184,2023-05-09,5,2,2023-05-11,Web,Mumbai,Delivered,Debit Card,Morning 6-10 AM,,0.0,299.9,299.9
ORD004521,CUST01187,2023-03-29,3,1,2023-04-01,App,Bengaluru,Delivered,UPI,Evening 4-8 PM,,0.0,1397.11,1397.11
ORD004522,CUST01187,2023-04-07,4,2,2023-04-08,Web,Bengaluru,Delivered,COD,Morning 6-10 AM,,0.0,674.56,674.56
ORD004523,CUST01187,2023-04-07,4,2,2023-04-08,App,Bengaluru,Returned,Credit Card,Late Night 8-11 PM,,0.0,128.14,4.54
ORD004524,CUST01187,2023-10-25,10,4,2023-10-26,App,Bengaluru,Delivered,UPI,Evening 4-8 PM,,0.0,372.1,372.1
ORD004525,CUST01187,2023-02-24,2,1,2023-02-25,Web,Bengaluru,Returned,Debit Card,Afternoon 10-2 PM,,0.0,1941.54,1927.24
ORD004526,CUST01187,2023-12-11,12,4,2023-12-13,App,Bengaluru,Returned,COD,Morning 6-10 AM,,0.0,678.06,259.92
ORD004527,CUST01187,2023-05-14,5,2,2023-05-16,Web,Bengaluru,Delivered,Credit Card,Late Night 8-11 PM,,0.0,388.6,388.6
ORD004528,CUST01187,2023-10-17,10,4,2023-10-20,App,Bengaluru,Delivered,UPI,Evening 4-8 PM,,0.0,884.34,884.34
ORD004529,CUST01187,2023-08-20,8,3,,Web,Bengaluru,Cancelled,COD,Evening 4-8 PM,,0.0,3938.76,0.0
ORD004530,CUST01187,2023-08-01,8,3,2023-08-03,App,Bengaluru,Delivered,Debit Card,Evening 4-8 PM,,0.0,898.16,898.16
ORD004531,CUST01188,2023-08-26,8,3,2023-08-29,App,Hyderabad,Delivered,Credit Card,Evening 4-8 PM,,0.0,876.1,876.1
ORD004532,CUST01189,2023-12-22,12,4,2023-12-25,App,Bengaluru,Delivered,Wallet,Evening 4-8 PM,,0.0,689.17,689.17
ORD004533,CUST01189,2023-03-31,3,1,2023-04-01,App,Bengaluru,Delivered,Debit Card,Morning 6-10 AM,,0.0,1623.9,1623.9
ORD004534,CUST01189,2023-01-29,1,1,2023-02-01,App,Bengaluru,Delivered,UPI,Evening 4-8 PM,,0.0,1468.69,1468.69
ORD004535,CUST01189,2023-06-04,6,2,2023-06-07,App,Bengaluru,Delivered,UPI,Evening 4-8 PM,,0.0,1386.77,1386.77
ORD004536,CUST01189,2023-08-24,8,3,2023-08-25,App,Bengaluru,Delivered,COD,Afternoon 10-2 PM,,0.0,970.5,970.5
ORD004537,CUST01192,2023-06-10,6,2,2023-06-12,App,Mumbai,Delivered,UPI,Evening 4-8 PM,,0.0,763.23,763.23
ORD004538,CUST01192,2023-04-25,4,2,2023-04-27,App,Mumbai,Delivered,Credit Card,Evening 4-8 PM,,0.0,553.54,553.54
ORD004539,CUST01192,2023-02-09,2,1,2023-02-10,App,Mumbai,Delivered,UPI,Morning 6-10 AM,,0.0,877.36,877.36
ORD004540,CUST01192,2023-11-15,11,4,2023-11-18,Web,Mumbai,Delivered,Wallet,Morning 6-10 AM,,0.0,2191.18,2191.18
ORD004541,CUST01192,2023-12-10,12,4,2023-12-11,App,Mumbai,Delivered,Credit Card,Morning 6-10 AM,,0.0,312.33,312.33
ORD004542,CUST01192,2023-02-25,2,1,2023-02-28,Web,Mumbai,Delivered,Credit Card,Morning 6-10 AM,,0.0,741.28,741.28
ORD004543,CUST01192,2023-01-12,1,1,2023-01-14,App,Mumbai,Delivered,UPI,Late Night 8-11 PM,,0.0,34.22,34.22
ORD004544,CUST01192,2023-08-20,8,3,2023-08-21,App,Mumbai,Delivered,Debit Card,Morning 6-10 AM,,0.0,2906.7,2906.7
ORD004545,CUST01194,2023-08-27,8,3,2023-08-28,Kiosk,Pune,Delivered,Wallet,Afternoon 10-2 PM,,0.0,217.1,217.1
ORD004546,CUST01194,2023-04-06,4,2,2023-04-07,App,Pune,Delivered,COD,Afternoon 10-2 PM,,0.0,1462.71,1462.71
ORD004547,CUST01194,2023-03-29,3,1,2023-04-01,App,Pune,Delivered,Credit Card,Morning 6-10 AM,,0.0,218.92,218.92
ORD004548,CUST01194,2023-10-25,10,4,2023-10-26,App,Pune,Delivered,Credit Card,,,0.0,2163.29,2163.29
ORD004549,CUST01195,2023-04-19,4,2,2023-04-22,App,Mumbai,Delivered,UPI,Morning 6-10 AM,,0.0,607.98,607.98
ORD004550,CUST01195,2023-12-27,12,4,2023-12-30,Web,Mumbai,Delivered,Credit Card,Afternoon 10-2 PM,,0.0,155.59,155.59
ORD004551,CUST01195,2023-08-13,8,3,,App,Mumbai,Cancelled,UPI,Afternoon 10-2 PM,,0.0,151.27,0.0
ORD004552,CUST01195,2023-10-07,10,4,,Web,Mumbai,Cancelled,UPI,Afternoon 10-2 PM,,0.0,849.75,0.0
ORD004553,CUST01197,2023-03-12,3,1,2023-03-15,Web,Bengaluru,Delivered,Wallet,Morning 6-10 AM,,0.0,104.56,104.56
ORD004554,CUST01197,2023-01-10,1,1,2023-01-12,App,Bengaluru,Delivered,UPI,Morning 6-10 AM,,0.0,114.84,114.84
ORD004555,CUST01198,2023-04-15,4,2,2023-04-17,Kiosk,Mumbai,Delivered,Credit Card,Afternoon 10-2 PM,,0.0,1098.52,1098.52
ORD004556,CUST01198,2023-09-07,9,3,2023-09-09,Web,Mumbai,Delivered,COD,Afternoon 10-2 PM,,0.0,1994.03,1994.03
ORD004557,CUST01198,2023-06-03,6,2,2023-06-04,Kiosk,Mumbai,Delivered,Debit Card,Morning 6-10 AM,,0.0,681.16,681.16
ORD004558,CUST01198,2023-07-13,7,3,2023-07-16,App,Mumbai,Delivered,UPI,Morning 6-10 AM,,0.0,1472.23,1472.23
ORD004559,CUST01198,2023-12-13,12,4,2023-12-15,Web,Mumbai,Delivered,Credit Card,Morning 6-10 AM,,0.0,1697.68,1697.68
ORD004560,CUST01198,2023-09-27,9,3,2023-09-29,Kiosk,Mumbai,Delivered,Debit Card,Morning 6-10 AM,,0.0,363.67,363.67
ORD004561,CUST01198,2023-10-12,10,4,2023-10-13,Kiosk,Mumbai,Delivered,UPI,Afternoon 10-2 PM,,0.0,2216.65,2216.65
ORD004562,CUST01198,2023-10-16,10,4,2023-10-18,App,Mumbai,Delivered,Credit Card,Evening 4-8 PM,,0.0,3241.99,3241.99
ORD004563,CUST01198,2023-09-14,9,3,2023-09-15,Web,Mumbai,Returned,UPI,Morning 6-10 AM,,0.0,1367.71,1123.39
ORD004564,CUST01198,2023-12-29,12,4,2023-12-30,App,Mumbai,Delivered,UPI,Evening 4-8 PM,,0.0,2196.85,2196.85
ORD004565,CUST01198,2023-09-03,9,3,2023-09-06,App,Mumbai,Delivered,COD,Morning 6-10 AM,,0.0,1347.67,1347.67
ORD004566,CUST01198,2023-12-26,12,4,2023-12-28,App,Mumbai,Delivered,Debit Card,Evening 4-8 PM,XMAS23,430.57,3972.42,3541.85
ORD004567,CUST01198,2023-03-24,3,1,2023-03-25,App,Mumbai,Returned,Credit Card,Morning 6-10 AM,,0.0,1113.99,514.45
ORD004568,CUST01198,2023-04-14,4,2,2023-04-15,App,Mumbai,Delivered,Debit Card,Evening 4-8 PM,,0.0,1182.54,1182.54
ORD004569,CUST01198,2023-08-23,8,3,2023-08-25,Web,Mumbai,Delivered,Debit Card,Morning 6-10 AM,,0.0,1541.01,1541.01
ORD004570,CUST01198,2023-08-12,8,3,2023-08-14,App,Mumbai,Delivered,COD,Morning 6-10 AM,,0.0,6414.88,6414.88
ORD004571,CUST01198,2023-03-02,3,1,2023-03-05,Web,Mumbai,Delivered,UPI,Afternoon 10-2 PM,,0.0,1331.39,1331.39
ORD004572,CUST01198,2023-03-20,3,1,2023-03-22,Web,Mumbai,Returned,UPI,Morning 6-10 AM,,0.0,974.23,112.77
ORD004573,CUST01198,2023-07-30,7,3,2023-08-01,App,Mumbai,Delivered,UPI,Morning 6-10 AM,,0.0,1370.97,1370.97
ORD004574,CUST01198,2023-10-11,10,4,2023-10-13,Web,Mumbai,Delivered,Credit Card,Evening 4-8 PM,,0.0,2448.64,2448.64
ORD004575,CUST01198,2023-12-18,12,4,2023-12-20,App,Mumbai,Delivered,UPI,Morning 6-10 AM,,0.0,5258.06,5258.06
ORD004576,CUST01201,2023-09-01,9,3,2023-09-02,App,Delhi,Delivered,Debit Card,Evening 4-8 PM,,0.0,2786.17,2786.17
ORD004577,CUST01201,2023-08-03,8,3,2023-08-04,App,Delhi,Delivered,Credit Card,Evening 4-8 PM,,0.0,2103.26,2103.26
ORD004578,CUST01201,2023-05-26,5,2,2023-05-28,App,Delhi,Delivered,Debit Card,Morning 6-10 AM,,0.0,1940.29,1940.29
ORD004579,CUST01201,2023-11-01,11,4,2023-11-02,App,Delhi,Delivered,UPI,Afternoon 10-2 PM,,0.0,1145.16,1145.16
ORD004580,CUST01201,2023-04-20,4,2,2023-04-22,App,Delhi,Delivered,Debit Card,Morning 6-10 AM,,0.0,512.07,512.07
ORD004581,CUST01201,2023-01-22,1,1,2023-01-24,App,Delhi,Delivered,Wallet,Morning 6-10 AM,,0.0,910.51,910.51
ORD004582,CUST01201,2023-11-09,11,4,2023-11-11,App,Delhi,Delivered,Debit Card,Evening 4-8 PM,,0.0,539.7,539.7
ORD004583,CUST01201,2023-02-20,2,1,2023-02-21,Web,Delhi,Delivered,Wallet,Evening 4-8 PM,,0.0,601.44,601.44
ORD004584,CUST01201,2023-08-21,8,3,2023-08-24,Kiosk,Delhi,Delivered,UPI,Afternoon 10-2 PM,,0.0,511.53,511.53
ORD004585,CUST01201,2023-04-04,4,2,2023-04-06,App,Delhi,Delivered,UPI,Afternoon 10-2 PM,,0.0,768.39,768.39
ORD004586,CUST01201,2023-04-11,4,2,2023-04-13,App,Delhi,Returned,UPI,Afternoon 10-2 PM,,0.0,470.98,8.04
ORD004587,CUST01201,2023-01-26,1,1,2023-01-28,App,Delhi,Delivered,UPI,Afternoon 10-2 PM,,0.0,826.98,826.98
ORD004588,CUST01202,2023-12-31,12,4,2024-01-02,Web,Delhi,Delivered,Credit Card,Afternoon 10-2 PM,XMAS23,139.8,789.12,649.32
ORD004589,CUST01202,2023-09-25,9,3,2023-09-28,App,Delhi,Delivered,Credit Card,Late Night 8-11 PM,,0.0,370.82,370.82
ORD004590,CUST01202,2023-11-29,11,4,2023-11-30,App,Delhi,Delivered,UPI,Evening 4-8 PM,,0.0,266.47,266.47
ORD004591,CUST01204,2023-12-21,12,4,2023-12-23,App,Mumbai,Delivered,COD,Afternoon 10-2 PM,,0.0,1439.36,1439.36
ORD004592,CUST01204,2023-09-03,9,3,2023-09-05,App,Mumbai,Delivered,COD,Evening 4-8 PM,,0.0,934.25,934.25
ORD004593,CUST01204,2023-01-07,1,1,2023-01-10,App,Mumbai,Delivered,Wallet,Evening 4-8 PM,,0.0,2175.91,2175.91
ORD004594,CUST01204,2023-06-01,6,2,2023-06-04,App,Mumbai,Delivered,Credit Card,Morning 6-10 AM,,0.0,426.24,426.24
ORD004595,CUST01204,2023-07-28,7,3,2023-07-31,Web,Mumbai,Delivered,Debit Card,Evening 4-8 PM,,0.0,3101.94,3101.94
ORD004596,CUST01204,2023-06-17,6,2,2023-06-18,App,Mumbai,Delivered,UPI,Morning 6-10 AM,,0.0,427.14,427.14
ORD004597,CUST01205,2023-11-01,11,4,2023-11-04,App,Pune,Delivered,Debit Card,Morning 6-10 AM,,0.0,2959.96,2959.96
ORD004598,CUST01205,2023-06-21,6,2,2023-06-22,App,Pune,Delivered,Credit Card,Evening 4-8 PM,,0.0,3668.28,3668.28
ORD004599,CUST01205,2023-08-06,8,3,2023-08-08,Web,Pune,Delivered,Wallet,Morning 6-10 AM,,0.0,2636.0,2636.0
ORD004600,CUST01205,2023-07-20,7,3,2023-07-21,Web,Pune,Delivered,Debit Card,Evening 4-8 PM,,0.0,810.93,810.93
ORD004601,CUST01205,2023-12-29,12,4,2024-01-01,App,Pune,Delivered,Debit Card,Morning 6-10 AM,,0.0,1169.95,1169.95
ORD004602,CUST01205,2023-03-09,3,1,2023-03-11,App,Pune,Delivered,UPI,Afternoon 10-2 PM,HOLI23,160.97,2007.56,1846.59
ORD004603,CUST01205,2023-05-11,5,2,2023-05-14,App,Pune,Delivered,Wallet,Afternoon 10-2 PM,,0.0,3083.7,3083.7
ORD004604,CUST01205,2023-05-20,5,2,2023-05-22,App,Pune,Delivered,COD,Morning 6-10 AM,,0.0,484.98,484.98
ORD004605,CUST01205,2023-07-28,7,3,2023-07-31,App,Pune,Delivered,Wallet,Morning 6-10 AM,,0.0,4215.29,4215.29
ORD004606,CUST01205,2023-01-13,1,1,2023-01-15,App,Pune,Delivered,Credit Card,Morning 6-10 AM,,0.0,624.51,624.51
ORD004607,CUST01205,2023-12-27,12,4,2023-12-29,Kiosk,Pune,Delivered,Debit Card,Late Night 8-11 PM,,0.0,1438.18,1438.18
ORD004608,CUST01205,2023-04-14,4,2,2023-04-15,Web,Pune,Delivered,Credit Card,Morning 6-10 AM,,0.0,1257.67,1257.67
ORD004609,CUST01205,2023-06-05,6,2,2023-06-06,App,Pune,Delivered,Wallet,Afternoon 10-2 PM,,0.0,1351.15,1351.15
ORD004610,CUST01205,2023-11-08,11,4,2023-11-11,App,Pune,Delivered,Credit Card,Evening 4-8 PM,,0.0,2925.55,2925.55
ORD004611,CUST01205,2023-11-21,11,4,2023-11-23,App,Pune,Delivered,COD,Late Night 8-11 PM,,0.0,1320.59,1320.59
ORD004612,CUST01205,2023-01-20,1,1,2023-01-21,App,Pune,Delivered,UPI,Evening 4-8 PM,,0.0,1802.34,1802.34
ORD004613,CUST01205,2023-03-16,3,1,2023-03-18,App,Pune,Delivered,Wallet,Afternoon 10-2 PM,,0.0,1014.24,1014.24
ORD004614,CUST01205,2023-01-23,1,1,2023-01-26,App,Pune,Delivered,UPI,Evening 4-8 PM,,0.0,1329.95,1329.95
ORD004615,CUST01205,2023-11-23,11,4,2023-11-24,App,Pune,Delivered,UPI,Evening 4-8 PM,BIGSALE23,226.45,1289.79,1063.34
ORD004616,CUST01205,2023-09-11,9,3,2023-09-12,Web,Pune,Delivered,Credit Card,Morning 6-10 AM,,0.0,2211.96,2211.96
ORD004617,CUST01205,2023-11-14,11,4,2023-11-16,App,Pune,Delivered,Credit Card,Afternoon 10-2 PM,DIWALI23SUPER,300.92,3165.22,2864.3
ORD004618,CUST01205,2023-12-17,12,4,2023-12-18,Kiosk,Pune,Delivered,UPI,Evening 4-8 PM,,0.0,892.14,892.14
ORD004619,CUST01205,2023-12-20,12,4,2023-12-23,Web,Pune,Delivered,Credit Card,Morning 6-10 AM,,0.0,478.98,478.98
ORD004620,CUST01205,2023-11-12,11,4,2023-11-15,App,Pune,Delivered,UPI,Afternoon 10-2 PM,,0.0,541.54,541.54
ORD004621,CUST01206,2023-01-04,1,1,2023-01-07,App,Hyderabad,Delivered,Debit Card,Late Night 8-11 PM,NY2023,61.45,1174.91,1113.46
ORD004622,CUST01208,2023-02-01,2,1,2023-02-03,App,Lucknow,Delivered,UPI,Morning 6-10 AM,,0.0,814.71,814.71
ORD004623,CUST01208,2023-03-10,3,1,2023-03-11,App,Lucknow,Delivered,UPI,Morning 6-10 AM,,0.0,1452.13,1452.13
ORD004624,CUST01208,2023-01-13,1,1,2023-01-15,Web,Lucknow,Delivered,UPI,Morning 6-10 AM,,0.0,1663.06,1663.06
ORD004625,CUST01208,2023-07-30,7,3,2023-08-02,App,Lucknow,Delivered,Debit Card,Evening 4-8 PM,,0.0,2693.76,2693.76
ORD004626,CUST01208,2023-08-17,8,3,,App,Lucknow,Cancelled,UPI,Morning 6-10 AM,,0.0,1151.97,0.0
ORD004627,CUST01208,2023-11-15,11,4,2023-11-17,App,Lucknow,Delivered,Credit Card,Morning 6-10 AM,,0.0,1503.1,1503.1
ORD004628,CUST01208,2023-03-29,3,1,2023-04-01,Web,Lucknow,Delivered,Credit Card,Afternoon 10-2 PM,,0.0,1557.08,1557.08
ORD004629,CUST01208,2023-08-18,8,3,2023-08-20,App,Lucknow,Delivered,UPI,Morning 6-10 AM,,0.0,743.2,743.2
ORD004630,CUST01208,2023-02-09,2,1,2023-02-12,App,Lucknow,Delivered,Debit Card,Late Night 8-11 PM,,0.0,1972.23,1972.23
ORD004631,CUST01208,2023-01-21,1,1,2023-01-23,App,Lucknow,Delivered,Debit Card,Late Night 8-11 PM,,0.0,1130.34,1130.34
ORD004632,CUST01208,2023-05-06,5,2,2023-05-09,App,Lucknow,Delivered,UPI,Afternoon 10-2 PM,,0.0,1424.77,1424.77
ORD004633,CUST01208,2023-06-22,6,2,2023-06-25,Web,Lucknow,Delivered,COD,Late Night 8-11 PM,,0.0,139.21,139.21
ORD004634,CUST01208,2023-04-15,4,2,2023-04-18,App,Lucknow,Delivered,Debit Card,Late Night 8-11 PM,,0.0,764.92,764.92
ORD004635,CUST01208,2023-07-06,7,3,2023-07-07,App,Lucknow,Delivered,Debit Card,Evening 4-8 PM,,0.0,254.58,254.58
ORD004636,CUST01209,2023-06-01,6,2,,App,Mumbai,Cancelled,Wallet,Morning 6-10 AM,,0.0,2467.7,0.0
ORD004637,CUST01209,2023-07-26,7,3,2023-07-29,App,Mumbai,Delivered,UPI,Morning 6-10 AM,,0.0,841.91,841.91
ORD004638,CUST01209,2023-04-01,4,2,2023-04-04,App,Mumbai,Delivered,Debit Card,Late Night 8-11 PM,,0.0,772.63,772.63
ORD004639,CUST01209,2023-05-07,5,2,2023-05-08,App,Mumbai,Delivered,Credit Card,Evening 4-8 PM,,0.0,700.89,700.89
ORD004640,CUST01209,2023-02-16,2,1,2023-02-17,App,Mumbai,Delivered,UPI,Morning 6-10 AM,,0.0,867.32,867.32
ORD004641,CUST01209,2023-02-27,2,1,2023-02-28,Web,Mumbai,Returned,Wallet,Evening 4-8 PM,,0.0,728.46,508.89
ORD004642,CUST01212,2023-10-25,10,4,2023-10-26,App,Bengaluru,Delivered,UPI,Evening 4-8 PM,,0.0,753.97,753.97
ORD004643,CUST01212,2023-10-23,10,4,2023-10-24,App,Bengaluru,Returned,UPI,Evening 4-8 PM,,0.0,459.56,60.64
ORD004644,CUST01212,2023-01-13,1,1,2023-01-15,Web,Bengaluru,Delivered,Credit Card,Afternoon 10-2 PM,,0.0,227.44,227.44
ORD004645,CUST01212,2023-04-10,4,2,2023-04-12,App,Bengaluru,Delivered,UPI,Morning 6-10 AM,,0.0,316.52,316.52
ORD004646,CUST01219,2023-06-04,6,2,2023-06-05,App,Pune,Delivered,Debit Card,Morning 6-10 AM,,0.0,596.08,596.08
ORD004647,CUST01223,2023-03-11,3,1,,App,Lucknow,Cancelled,Debit Card,Morning 6-10 AM,,0.0,115.74,0.0
ORD004648,CUST01223,2023-04-12,4,2,2023-04-15,App,Lucknow,Delivered,Credit Card,Morning 6-10 AM,,0.0,335.5,335.5
ORD004649,CUST01223,2023-04-09,4,2,2023-04-11,App,Lucknow,Delivered,UPI,Morning 6-10 AM,,0.0,466.24,466.24
ORD004650,CUST01223,2023-05-20,5,2,2023-05-21,App,Lucknow,Delivered,UPI,Morning 6-10 AM,,0.0,1612.6,1612.6
ORD004651,CUST01223,2023-03-11,3,1,2023-03-13,Web,Lucknow,Delivered,UPI,Evening 4-8 PM,,0.0,384.56,384.56
ORD004652,CUST01223,2023-02-10,2,1,2023-02-13,App,Lucknow,Delivered,Credit Card,Morning 6-10 AM,,0.0,848.3,848.3
ORD004653,CUST01223,2023-11-23,11,4,2023-11-24,App,Lucknow,Delivered,UPI,Morning 6-10 AM,BIGSALE23,201.83,1773.21,1571.38
ORD004654,CUST01224,2023-11-18,11,4,2023-11-19,Web,Mumbai,Delivered,COD,Evening 4-8 PM,,0.0,414.0,414.0
ORD004655,CUST01224,2023-10-24,10,4,,Web,Mumbai,Cancelled,Debit Card,Afternoon 10-2 PM,,0.0,59.36,0.0
ORD004656,CUST01224,2023-03-16,3,1,2023-03-18,App,Mumbai,Delivered,UPI,Evening 4-8 PM,,0.0,315.18,315.18
ORD004657,CUST01226,2023-05-25,5,2,2023-05-28,App,Hyderabad,Delivered,UPI,Morning 6-10 AM,,0.0,743.49,743.49
ORD004658,CUST01226,2023-12-10,12,4,2023-12-11,App,Hyderabad,Delivered,COD,Morning 6-10 AM,,0.0,2830.0,2830.0
ORD004659,CUST01226,2023-03-21,3,1,2023-03-22,App,Hyderabad,Delivered,UPI,Evening 4-8 PM,,0.0,2284.52,2284.52
ORD004660,CUST01226,2023-04-24,4,2,2023-04-27,Web,Hyderabad,Delivered,UPI,Afternoon 10-2 PM,,0.0,1268.04,1268.04
ORD004661,CUST01226,2023-10-27,10,4,2023-10-29,Web,Hyderabad,Delivered,UPI,Evening 4-8 PM,,0.0,5620.48,5620.48
ORD004662,CUST01226,2023-09-01,9,3,2023-09-03,Web,Hyderabad,Delivered,UPI,Afternoon 10-2 PM,,0.0,823.57,823.57
ORD004663,CUST01226,2023-05-28,5,2,2023-05-31,App,Hyderabad,Delivered,UPI,Morning 6-10 AM,,0.0,355.05,355.05
ORD004664,CUST01226,2023-12-11,12,4,2023-12-13,App,Hyderabad,Delivered,UPI,Morning 6-10 AM,,0.0,2651.27,2651.27
ORD004665,CUST01226,2023-06-29,6,2,2023-07-02,App,Hyderabad,Delivered,Credit Card,Morning 6-10 AM,,0.0,1872.05,1872.05
ORD004666,CUST01226,2023-09-29,9,3,2023-10-01,Web,Hyderabad,Delivered,UPI,,,0.0,2308.34,2308.34
ORD004667,CUST01226,2023-05-21,5,2,2023-05-24,App,Hyderabad,Delivered,Debit Card,Late Night 8-11 PM,,0.0,2530.24,2530.24
ORD004668,CUST01226,2023-11-08,11,4,2023-11-09,Web,Hyderabad,Delivered,UPI,Evening 4-8 PM,,0.0,1189.3,1189.3
ORD004669,CUST01226,2023-01-28,1,1,2023-01-29,Web,Hyderabad,Returned,UPI,Evening 4-8 PM,,0.0,1113.77,563.5
ORD004670,CUST01226,2023-08-07,8,3,2023-08-09,Web,Hyderabad,Delivered,Debit Card,Late Night 8-11 PM,,0.0,1490.29,1490.29
ORD004671,CUST01226,2023-03-13,3,1,2023-03-14,App,Hyderabad,Delivered,Debit Card,Afternoon 10-2 PM,,0.0,1236.77,1236.77
ORD004672,CUST01226,2023-11-24,11,4,2023-11-25,Web,Hyderabad,Delivered,Debit Card,Afternoon 10-2 PM,,0.0,3264.73,3264.73
ORD004673,CUST01226,2023-03-15,3,1,,Kiosk,Hyderabad,Cancelled,UPI,Afternoon 10-2 PM,,0.0,1405.86,0.0
ORD004674,CUST01227,2023-05-26,5,2,2023-05-28,Web,Hyderabad,Delivered,Credit Card,Afternoon 10-2 PM,,0.0,546.37,546.37
ORD004675,CUST01227,2023-07-02,7,3,2023-07-05,App,Hyderabad,Delivered,UPI,,,0.0,2510.85,2510.85
ORD004676,CUST01227,2023-01-28,1,1,2023-01-29,Kiosk,Hyderabad,Delivered,UPI,Morning 6-10 AM,,0.0,1166.84,1166.84
ORD004677,CUST01227,2023-11-15,11,4,2023-11-18,Kiosk,Hyderabad,Delivered,UPI,Evening 4-8 PM,DIWALI23SUPER,123.3,1046.56,923.26
ORD004678,CUST01227,2023-04-18,4,2,2023-04-20,Web,Hyderabad,Delivered,Credit Card,Morning 6-10 AM,,0.0,1426.03,1426.03
ORD004679,CUST01227,2023-07-04,7,3,2023-07-07,Web,Hyderabad,Delivered,COD,Morning 6-10 AM,,0.0,376.99,376.99
ORD004680,CUST01227,2023-10-13,10,4,2023-10-14,App,Hyderabad,Delivered,COD,,,0.0,211.88,211.88
ORD004681,CUST01229,2023-07-29,7,3,2023-07-30,Web,Bengaluru,Delivered,Debit Card,Evening 4-8 PM,,0.0,1821.31,1821.31
ORD004682,CUST01229,2023-08-01,8,3,2023-08-04,App,Bengaluru,Delivered,UPI,Morning 6-10 AM,,0.0,10.64,10.64
ORD004683,CUST01232,2023-07-27,7,3,2023-07-29,App,Bengaluru,Delivered,COD,Morning 6-10 AM,,0.0,856.43,856.43
ORD004684,CUST01232,2023-01-06,1,1,,Web,Bengaluru,Cancelled,UPI,Afternoon 10-2 PM,,0.0,993.92,0.0
ORD004685,CUST01232,2023-09-23,9,3,2023-09-26,App,Bengaluru,Delivered,Credit Card,Evening 4-8 PM,,0.0,2167.65,2167.65
ORD004686,CUST01232,2023-11-12,11,4,2023-11-14,App,Bengaluru,Delivered,Credit Card,Morning 6-10 AM,,0.0,1519.83,1519.83
ORD004687,CUST01232,2023-04-16,4,2,2023-04-19,Kiosk,Bengaluru,Delivered,UPI,Afternoon 10-2 PM,,0.0,1870.32,1870.32
ORD004688,CUST01232,2023-07-26,7,3,2023-07-27,Web,Bengaluru,Delivered,Debit Card,,,0.0,825.12,825.12
ORD004689,CUST01232,2023-08-15,8,3,2023-08-17,App,Bengaluru,Delivered,Credit Card,Morning 6-10 AM,,0.0,1069.31,1069.31
ORD004690,CUST01232,2023-03-04,3,1,2023-03-06,App,Bengaluru,Delivered,Credit Card,Morning 6-10 AM,,0.0,4490.05,4490.05
ORD004691,CUST01232,2023-01-17,1,1,2023-01-18,App,Bengaluru,Delivered,UPI,Afternoon 10-2 PM,,0.0,1498.34,1498.34
ORD004692,CUST01233,2023-11-24,11,4,2023-11-26,Kiosk,Delhi,Delivered,Credit Card,Afternoon 10-2 PM,BIGSALE23,90.64,718.27,627.63
ORD004693,CUST01233,2023-01-25,1,1,2023-01-27,App,Delhi,Delivered,Credit Card,Evening 4-8 PM,,0.0,1865.37,1865.37
ORD004694,CUST01233,2023-02-07,2,1,2023-02-09,Web,Delhi,Delivered,Debit Card,Afternoon 10-2 PM,,0.0,1224.45,1224.45
ORD004695,CUST01233,2023-10-19,10,4,2023-10-22,App,Delhi,Delivered,Credit Card,Morning 6-10 AM,,0.0,3149.3,3149.3
ORD004696,CUST01233,2023-01-03,1,1,,Web,Delhi,Cancelled,Wallet,Afternoon 10-2 PM,,0.0,1426.74,0.0
ORD004697,CUST01233,2023-04-09,4,2,2023-04-10,App,Delhi,Delivered,UPI,Morning 6-10 AM,,0.0,531.0,531.0
ORD004698,CUST01233,2023-09-01,9,3,2023-09-04,Kiosk,Delhi,Delivered,UPI,Morning 6-10 AM,,0.0,535.68,535.68
ORD004699,CUST01237,2023-04-28,4,2,2023-04-29,App,Delhi,Delivered,UPI,Late Night 8-11 PM,,0.0,624.37,624.37
ORD004700,CUST01238,2023-06-14,6,2,2023-06-16,App,Bengaluru,Delivered,COD,Morning 6-10 AM,,0.0,1626.8,1626.8
ORD004701,CUST01241,2023-01-26,1,1,2023-01-27,App,Mumbai,Delivered,Credit Card,Morning 6-10 AM,,0.0,265.03,265.03
ORD004702,CUST01242,2023-09-14,9,3,2023-09-15,Web,Bengaluru,Delivered,UPI,Morning 6-10 AM,,0.0,1893.7,1893.7
ORD004703,CUST01242,2023-09-19,9,3,2023-09-22,App,Bengaluru,Delivered,COD,,,0.0,1995.64,1995.64
ORD004704,CUST01242,2023-07-16,7,3,2023-07-17,App,Bengaluru,Delivered,Credit Card,Afternoon 10-2 PM,,0.0,274.7,274.7
ORD004705,CUST01244,2023-10-08,10,4,2023-10-10,App,Mumbai,Delivered,Wallet,Evening 4-8 PM,,0.0,147.78,147.78
ORD004706,CUST01244,2023-01-21,1,1,,App,Mumbai,Cancelled,Wallet,Late Night 8-11 PM,,0.0,2228.07,0.0
ORD004707,CUST01245,2023-09-19,9,3,2023-09-20,Web,Pune,Delivered,UPI,Evening 4-8 PM,,0.0,2241.06,2241.06
ORD004708,CUST01246,2023-04-30,4,2,2023-05-01,App,Ahmedabad,Delivered,Debit Card,Morning 6-10 AM,,0.0,141.78,141.78
ORD004709,CUST01250,2023-01-08,1,1,2023-01-11,App,Delhi,Delivered,COD,Evening 4-8 PM,,0.0,2933.04,2933.04
ORD004710,CUST01250,2023-07-13,7,3,2023-07-16,Web,Delhi,Delivered,UPI,Late Night 8-11 PM,,0.0,2112.85,2112.85
ORD004711,CUST01250,2023-02-20,2,1,2023-02-22,App,Delhi,Delivered,Credit Card,Evening 4-8 PM,,0.0,1109.38,1109.38
ORD004712,CUST01250,2023-11-09,11,4,2023-11-11,App,Delhi,Delivered,COD,Morning 6-10 AM,,0.0,1234.94,1234.94
ORD004713,CUST01250,2023-01-18,1,1,2023-01-20,App,Delhi,Delivered,Wallet,Morning 6-10 AM,,0.0,2032.47,2032.47
ORD004714,CUST01250,2023-05-02,5,2,,App,Delhi,Cancelled,COD,Evening 4-8 PM,,0.0,1934.73,0.0
ORD004715,CUST01250,2023-09-13,9,3,2023-09-15,App,Delhi,Delivered,UPI,Morning 6-10 AM,,0.0,3802.05,3802.05
ORD004716,CUST01250,2023-11-25,11,4,2023-11-27,App,Delhi,Delivered,Debit Card,Evening 4-8 PM,BIGSALE23,72.27,1308.56,1236.29
ORD004717,CUST01250,2023-02-14,2,1,2023-02-15,App,Delhi,Delivered,UPI,Morning 6-10 AM,,0.0,1750.45,1750.45
ORD004718,CUST01250,2023-06-29,6,2,2023-06-30,App,Delhi,Delivered,UPI,Afternoon 10-2 PM,,0.0,1576.15,1576.15
ORD004719,CUST01250,2023-10-11,10,4,2023-10-14,Web,Delhi,Delivered,COD,Morning 6-10 AM,,0.0,359.15,359.15
ORD004720,CUST01250,2023-04-16,4,2,,App,Delhi,Cancelled,Debit Card,Evening 4-8 PM,,0.0,660.57,0.0
ORD004721,CUST01250,2023-11-25,11,4,2023-11-27,App,Delhi,Returned,Debit Card,Morning 6-10 AM,,0.0,2089.63,448.4
ORD004722,CUST01250,2023-11-27,11,4,2023-11-28,App,Delhi,Delivered,Credit Card,Evening 4-8 PM,,0.0,523.13,523.13
ORD004723,CUST01250,2023-04-07,4,2,2023-04-08,Web,Delhi,Delivered,Debit Card,,,0.0,1165.83,1165.83
ORD004724,CUST01250,2023-10-04,10,4,2023-10-07,App,Delhi,Delivered,Debit Card,Evening 4-8 PM,,0.0,926.19,926.19
ORD004725,CUST01250,2023-05-30,5,2,2023-06-02,Web,Delhi,Delivered,Debit Card,Morning 6-10 AM,,0.0,3345.78,3345.78
ORD004726,CUST01254,2023-01-08,1,1,2023-01-10,App,Jaipur,Delivered,Credit Card,Afternoon 10-2 PM,,0.0,1882.2,1882.2
ORD004727,CUST01254,2023-10-07,10,4,2023-10-08,App,Jaipur,Delivered,Debit Card,Afternoon 10-2 PM,,0.0,2238.96,2238.96
ORD004728,CUST01254,2023-04-23,4,2,2023-04-26,App,Jaipur,Delivered,UPI,Morning 6-10 AM,,0.0,2270.43,2270.43
ORD004729,CUST01254,2023-12-04,12,4,2023-12-05,App,Jaipur,Delivered,Credit Card,Morning 6-10 AM,,0.0,3153.84,3153.84
ORD004730,CUST01254,2023-09-01,9,3,2023-09-02,Web,Jaipur,Delivered,UPI,Evening 4-8 PM,,0.0,1988.12,1988.12
ORD004731,CUST01254,2023-02-04,2,1,,Web,Jaipur,Cancelled,UPI,Evening 4-8 PM,,0.0,1256.07,0.0
ORD004732,CUST01254,2023-03-13,3,1,,App,Jaipur,Cancelled,COD,Afternoon 10-2 PM,,0.0,1029.95,0.0
ORD004733,CUST01254,2023-05-15,5,2,2023-05-17,Kiosk,Jaipur,Delivered,Debit Card,Afternoon 10-2 PM,,0.0,1140.09,1140.09
ORD004734,CUST01254,2023-09-15,9,3,2023-09-17,App,Jaipur,Delivered,Credit Card,Evening 4-8 PM,,0.0,2766.17,2766.17
ORD004735,CUST01254,2023-05-10,5,2,2023-05-11,App,Jaipur,Delivered,Wallet,Morning 6-10 AM,,0.0,368.23,368.23
ORD004736,CUST01254,2023-08-26,8,3,2023-08-29,App,Jaipur,Delivered,Debit Card,Evening 4-8 PM,,0.0,1078.08,1078.08
ORD004737,CUST01254,2023-05-01,5,2,2023-05-04,App,Jaipur,Delivered,UPI,Evening 4-8 PM,,0.0,861.45,861.45
ORD004738,CUST01254,2023-11-02,11,4,2023-11-03,Web,Jaipur,Returned,UPI,Morning 6-10 AM,,0.0,59.85,59.85
ORD004739,CUST01254,2023-09-12,9,3,2023-09-15,App,Jaipur,Delivered,Debit Card,Afternoon 10-2 PM,,0.0,991.24,991.24
ORD004740,CUST01254,2023-03-22,3,1,2023-03-23,App,Jaipur,Returned,Debit Card,Afternoon 10-2 PM,,0.0,1215.55,171.91
ORD004741,CUST01255,2023-09-16,9,3,2023-09-19,App,Ahmedabad,Delivered,Debit Card,Afternoon 10-2 PM,,0.0,926.79,926.79
ORD004742,CUST01255,2023-01-14,1,1,2023-01-15,Kiosk,Ahmedabad,Delivered,COD,Morning 6-10 AM,,0.0,2372.15,2372.15
ORD004743,CUST01255,2023-12-05,12,4,,App,Ahmedabad,Cancelled,Credit Card,Evening 4-8 PM,,0.0,1028.48,0.0
ORD004744,CUST01255,2023-12-20,12,4,2023-12-22,Web,Ahmedabad,Delivered,UPI,Afternoon 10-2 PM,,0.0,1433.41,1433.41
ORD004745,CUST01255,2023-12-27,12,4,2023-12-28,App,Ahmedabad,Returned,UPI,Morning 6-10 AM,,0.0,705.65,677.28
ORD004746,CUST01255,2023-11-01,11,4,2023-11-03,Web,Ahmedabad,Delivered,UPI,Morning 6-10 AM,,0.0,1121.58,1121.58
ORD004747,CUST01255,2023-10-23,10,4,2023-10-25,App,Ahmedabad,Delivered,UPI,Evening 4-8 PM,DUSSEHRA23,91.86,763.36,671.5
ORD004748,CUST01255,2023-06-21,6,2,2023-06-23,App,Ahmedabad,Returned,Debit Card,Morning 6-10 AM,,0.0,248.8,9.58
ORD004749,CUST01255,2023-07-20,7,3,,App,Ahmedabad,Cancelled,COD,Late Night 8-11 PM,,0.0,983.13,0.0
ORD004750,CUST01255,2023-09-30,9,3,2023-10-03,App,Ahmedabad,Delivered,Credit Card,Morning 6-10 AM,,0.0,1356.12,1356.12
ORD004751,CUST01255,2023-03-23,3,1,2023-03-25,App,Ahmedabad,Returned,UPI,Morning 6-10 AM,,0.0,1770.85,584.19
ORD004752,CUST01255,2023-09-20,9,3,,App,Ahmedabad,Cancelled,COD,Morning 6-10 AM,,0.0,2238.05,0.0
ORD004753,CUST01255,2023-04-17,4,2,2023-04-18,App,Ahmedabad,Delivered,Debit Card,Evening 4-8 PM,,0.0,1732.41,1732.41
ORD004754,CUST01255,2023-04-16,4,2,2023-04-18,App,Ahmedabad,Delivered,Debit Card,Morning 6-10 AM,,0.0,7538.32,7538.32
ORD004755,CUST01255,2023-10-13,10,4,2023-10-16,Kiosk,Ahmedabad,Delivered,Credit Card,Late Night 8-11 PM,,0.0,655.11,655.11
ORD004756,CUST01255,2023-04-30,4,2,2023-05-03,App,Ahmedabad,Delivered,Debit Card,Afternoon 10-2 PM,,0.0,1144.35,1144.35
ORD004757,CUST01255,2023-09-19,9,3,2023-09-21,Web,Ahmedabad,Delivered,UPI,Afternoon 10-2 PM,,0.0,2253.06,2253.06
ORD004758,CUST01255,2023-04-28,4,2,2023-04-30,App,Ahmedabad,Delivered,Wallet,Evening 4-8 PM,,0.0,1667.81,1667.81
ORD004759,CUST01255,2023-12-25,12,4,2023-12-27,App,Ahmedabad,Delivered,Wallet,Evening 4-8 PM,,0.0,1362.34,1362.34
ORD004760,CUST01255,2023-12-29,12,4,2024-01-01,Web,Ahmedabad,Delivered,COD,Afternoon 10-2 PM,XMAS23,83.14,1251.02,1167.88
ORD004761,CUST01255,2023-12-07,12,4,2023-12-09,Web,Ahmedabad,Delivered,Credit Card,Evening 4-8 PM,,0.0,2017.52,2017.52
ORD004762,CUST01255,2023-07-11,7,3,2023-07-12,Web,Ahmedabad,Delivered,COD,Morning 6-10 AM,,0.0,1505.33,1505.33
ORD004763,CUST01255,2023-06-14,6,2,2023-06-15,App,Ahmedabad,Delivered,Credit Card,Afternoon 10-2 PM,,0.0,1466.95,1466.95
ORD004764,CUST01255,2023-10-11,10,4,2023-10-14,App,Ahmedabad,Delivered,UPI,Evening 4-8 PM,,0.0,2349.37,2349.37
ORD004765,CUST01257,2023-04-01,4,2,2023-04-03,App,Mumbai,Returned,Credit Card,Afternoon 10-2 PM,,0.0,752.43,32.6
ORD004766,CUST01257,2023-11-30,11,4,2023-12-03,Web,Mumbai,Delivered,COD,Afternoon 10-2 PM,,0.0,103.89,103.89
ORD004767,CUST01257,2023-02-25,2,1,2023-02-27,App,Mumbai,Delivered,UPI,Afternoon 10-2 PM,,0.0,1997.59,1997.59
ORD004768,CUST01257,2023-04-02,4,2,2023-04-03,Kiosk,Mumbai,Delivered,Credit Card,Evening 4-8 PM,,0.0,1350.63,1350.63
ORD004769,CUST01257,2023-05-23,5,2,2023-05-25,App,Mumbai,Delivered,Credit Card,Late Night 8-11 PM,,0.0,349.91,349.91
ORD004770,CUST01257,2023-05-14,5,2,2023-05-16,App,Mumbai,Delivered,UPI,Morning 6-10 AM,,0.0,789.01,789.01
ORD004771,CUST01257,2023-03-10,3,1,2023-03-12,App,Mumbai,Delivered,COD,Morning 6-10 AM,,0.0,1193.55,1193.55
ORD004772,CUST01257,2023-08-16,8,3,,Web,Mumbai,Cancelled,UPI,Morning 6-10 AM,,0.0,2145.54,0.0
ORD004773,CUST01257,2023-07-03,7,3,,App,Mumbai,Cancelled,UPI,Late Night 8-11 PM,,0.0,157.88,0.0
ORD004774,CUST01257,2023-12-07,12,4,2023-12-08,App,Mumbai,Delivered,Debit Card,Morning 6-10 AM,,0.0,547.24,547.24
ORD004775,CUST01258,2023-09-29,9,3,2023-10-01,Web,Mumbai,Delivered,UPI,Morning 6-10 AM,,0.0,1273.55,1273.55
ORD004776,CUST01258,2023-11-07,11,4,2023-11-08,App,Mumbai,Delivered,Credit Card,Evening 4-8 PM,,0.0,1747.54,1747.54
ORD004777,CUST01258,2023-10-13,10,4,2023-10-16,App,Mumbai,Delivered,Wallet,Morning 6-10 AM,,0.0,1819.12,1819.12
ORD004778,CUST01258,2023-01-07,1,1,2023-01-08,App,Mumbai,Delivered,UPI,Morning 6-10 AM,,0.0,1270.64,1270.64
ORD004779,CUST01258,2023-12-19,12,4,2023-12-22,App,Mumbai,Delivered,UPI,Evening 4-8 PM,,0.0,1931.73,1931.73
ORD004780,CUST01258,2023-04-19,4,2,2023-04-21,Web,Mumbai,Delivered,Wallet,Morning 6-10 AM,,0.0,1240.81,1240.81
ORD004781,CUST01258,2023-11-18,11,4,2023-11-20,Web,Mumbai,Delivered,Debit Card,Morning 6-10 AM,,0.0,1108.25,1108.25
ORD004782,CUST01258,2023-01-29,1,1,2023-02-01,Web,Mumbai,Delivered,UPI,Morning 6-10 AM,,0.0,991.53,991.53
ORD004783,CUST01258,2023-05-09,5,2,2023-05-12,Web,Mumbai,Delivered,COD,Afternoon 10-2 PM,,0.0,1130.0,1130.0
ORD004784,CUST01258,2023-11-30,11,4,2023-12-02,App,Mumbai,Delivered,Debit Card,Morning 6-10 AM,,0.0,6597.46,6597.46
ORD004785,CUST01258,2023-01-27,1,1,2023-01-30,Kiosk,Mumbai,Delivered,UPI,Morning 6-10 AM,,0.0,2354.07,2354.07
ORD004786,CUST01258,2023-10-18,10,4,2023-10-21,Web,Mumbai,Delivered,Debit Card,Late Night 8-11 PM,,0.0,775.77,775.77
ORD004787,CUST01258,2023-10-06,10,4,2023-10-09,Kiosk,Mumbai,Delivered,UPI,Evening 4-8 PM,,0.0,1146.6,1146.6
ORD004788,CUST01258,2023-12-04,12,4,2023-12-07,Web,Mumbai,Delivered,UPI,Evening 4-8 PM,,0.0,1554.1,1554.1
ORD004789,CUST01258,2023-11-19,11,4,2023-11-22,App,Mumbai,Delivered,Credit Card,Evening 4-8 PM,,0.0,1203.57,1203.57
ORD004790,CUST01261,2023-02-04,2,1,2023-02-06,App,Pune,Delivered,UPI,Late Night 8-11 PM,,0.0,399.02,399.02
ORD004791,CUST01261,2023-06-25,6,2,2023-06-27,App,Pune,Delivered,UPI,Evening 4-8 PM,,0.0,936.22,936.22
ORD004792,CUST01261,2023-04-12,4,2,2023-04-15,App,Pune,Delivered,UPI,Afternoon 10-2 PM,,0.0,1272.25,1272.25
ORD004793,CUST01261,2023-09-03,9,3,2023-09-06,Web,Pune,Delivered,Credit Card,Evening 4-8 PM,,0.0,990.25,990.25
ORD004794,CUST01261,2023-10-04,10,4,2023-10-06,App,Pune,Delivered,Credit Card,Evening 4-8 PM,,0.0,1639.12,1639.12
ORD004795,CUST01261,2023-08-15,8,3,2023-08-18,App,Pune,Delivered,Debit Card,Afternoon 10-2 PM,,0.0,2630.2,2630.2
ORD004796,CUST01261,2023-02-28,2,1,,App,Pune,Cancelled,Wallet,Afternoon 10-2 PM,,0.0,976.75,0.0
ORD004797,CUST01262,2023-05-19,5,2,2023-05-20,App,Mumbai,Delivered,UPI,Afternoon 10-2 PM,,0.0,922.12,922.12
ORD004798,CUST01262,2023-06-19,6,2,,Web,Mumbai,Cancelled,Debit Card,Morning 6-10 AM,,0.0,997.29,0.0
ORD004799,CUST01262,2023-01-27,1,1,2023-01-28,App,Mumbai,Delivered,UPI,Morning 6-10 AM,,0.0,693.47,693.47
ORD004800,CUST01262,2023-06-12,6,2,2023-06-13,App,Mumbai,Delivered,UPI,Afternoon 10-2 PM,,0.0,476.74,476.74
ORD004801,CUST01262,2023-03-10,3,1,2023-03-13,App,Mumbai,Delivered,Debit Card,Afternoon 10-2 PM,,0.0,2310.38,2310.38
ORD004802,CUST01263,2023-02-04,2,1,2023-02-06,App,Delhi,Delivered,UPI,Afternoon 10-2 PM,,0.0,2170.17,2170.17
ORD004803,CUST01263,2023-02-10,2,1,2023-02-12,App,Delhi,Returned,Wallet,Afternoon 10-2 PM,,0.0,2013.37,170.28
ORD004804,CUST01263,2023-10-13,10,4,2023-10-14,App,Delhi,Delivered,Debit Card,Morning 6-10 AM,,0.0,1096.27,1096.27
ORD004805,CUST01263,2023-07-19,7,3,2023-07-21,App,Delhi,Delivered,Debit Card,Evening 4-8 PM,,0.0,3534.15,3534.15
ORD004806,CUST01263,2023-04-13,4,2,2023-04-16,App,Delhi,Delivered,UPI,Morning 6-10 AM,,0.0,5028.59,5028.59
ORD004807,CUST01263,2023-11-24,11,4,2023-11-27,Kiosk,Delhi,Delivered,UPI,Afternoon 10-2 PM,,0.0,2518.39,2518.39
ORD004808,CUST01263,2023-10-26,10,4,2023-10-27,Web,Delhi,Returned,UPI,Afternoon 10-2 PM,,0.0,682.23,247.84
ORD004809,CUST01263,2023-10-29,10,4,2023-10-31,Web,Delhi,Delivered,Wallet,Morning 6-10 AM,,0.0,2365.62,2365.62
ORD004810,CUST01263,2023-12-06,12,4,2023-12-09,Web,Delhi,Delivered,Debit Card,Evening 4-8 PM,,0.0,2804.92,2804.92
ORD004811,CUST01263,2023-10-21,10,4,2023-10-23,App,Delhi,Delivered,COD,Evening 4-8 PM,,0.0,615.21,615.21
ORD004812,CUST01263,2023-02-20,2,1,2023-02-21,Web,Delhi,Delivered,Credit Card,Afternoon 10-2 PM,,0.0,563.63,563.63
ORD004813,CUST01268,2023-08-28,8,3,2023-08-30,App,Mumbai,Delivered,UPI,Late Night 8-11 PM,,0.0,96.99,96.99
ORD004814,CUST01268,2023-09-27,9,3,2023-09-30,App,Mumbai,Delivered,UPI,Evening 4-8 PM,,0.0,324.46,324.46
ORD004815,CUST01268,2023-06-14,6,2,2023-06-15,App,Mumbai,Delivered,Wallet,Afternoon 10-2 PM,,0.0,393.7,393.7
ORD004816,CUST01270,2023-02-06,2,1,2023-02-09,Kiosk,Hyderabad,Delivered,COD,Evening 4-8 PM,,0.0,1056.17,1056.17
ORD004817,CUST01270,2023-06-23,6,2,2023-06-24,Web,Hyderabad,Delivered,UPI,Late Night 8-11 PM,,0.0,773.89,773.89
ORD004818,CUST01270,2023-06-18,6,2,2023-06-20,App,Hyderabad,Returned,Credit Card,Morning 6-10 AM,,0.0,540.1,24.97
ORD004819,CUST01270,2023-03-29,3,1,2023-03-31,Web,Hyderabad,Delivered,Credit Card,Morning 6-10 AM,,0.0,346.42,346.42
ORD004820,CUST01270,2023-08-11,8,3,2023-08-12,Kiosk,Hyderabad,Delivered,UPI,Evening 4-8 PM,,0.0,1986.38,1986.38
ORD004821,CUST01270,2023-01-04,1,1,2023-01-06,App,Hyderabad,Delivered,UPI,Morning 6-10 AM,NY2023,209.52,2140.88,1931.36
ORD004822,CUST01270,2023-11-25,11,4,2023-11-27,App,Hyderabad,Delivered,UPI,Late Night 8-11 PM,BIGSALE23,208.64,2171.33,1962.69
ORD004823,CUST01281,2023-04-13,4,2,2023-04-16,App,Delhi,Delivered,UPI,Afternoon 10-2 PM,,0.0,1283.93,1283.93
ORD004824,CUST01282,2023-09-28,9,3,2023-09-29,Web,Bengaluru,Delivered,Credit Card,Evening 4-8 PM,,0.0,4168.63,4168.63
ORD004825,CUST01282,2023-04-26,4,2,2023-04-27,App,Bengaluru,Delivered,UPI,Afternoon 10-2 PM,,0.0,1437.18,1437.18
ORD004826,CUST01282,2023-03-06,3,1,2023-03-09,Web,Bengaluru,Delivered,Wallet,Morning 6-10 AM,,0.0,1533.75,1533.75
ORD004827,CUST01282,2023-04-20,4,2,2023-04-23,App,Bengaluru,Delivered,Credit Card,Late Night 8-11 PM,,0.0,579.26,579.26
ORD004828,CUST01282,2023-08-05,8,3,2023-08-08,App,Bengaluru,Delivered,Credit Card,Afternoon 10-2 PM,,0.0,991.9,991.9
ORD004829,CUST01282,2023-04-09,4,2,2023-04-10,App,Bengaluru,Delivered,Credit Card,Afternoon 10-2 PM,,0.0,2478.63,2478.63
ORD004830,CUST01282,2023-07-25,7,3,2023-07-27,App,Bengaluru,Delivered,UPI,Morning 6-10 AM,,0.0,1426.47,1426.47
ORD004831,CUST01282,2023-05-23,5,2,2023-05-26,App,Bengaluru,Delivered,UPI,Morning 6-10 AM,,0.0,1182.37,1182.37
ORD004832,CUST01282,2023-12-22,12,4,2023-12-25,App,Bengaluru,Delivered,UPI,,,0.0,717.57,717.57
ORD004833,CUST01282,2023-01-08,1,1,2023-01-09,App,Bengaluru,Delivered,UPI,Morning 6-10 AM,,0.0,3566.81,3566.81
ORD004834,CUST01282,2023-04-18,4,2,2023-04-20,Kiosk,Bengaluru,Delivered,Credit Card,Late Night 8-11 PM,,0.0,1776.11,1776.11
ORD004835,CUST01282,2023-01-30,1,1,2023-02-01,App,Bengaluru,Delivered,UPI,Evening 4-8 PM,,0.0,4182.14,4182.14
ORD004836,CUST01282,2023-01-20,1,1,2023-01-21,App,Bengaluru,Delivered,UPI,Morning 6-10 AM,,0.0,2794.85,2794.85
ORD004837,CUST01282,2023-10-21,10,4,2023-10-22,App,Bengaluru,Delivered,UPI,Evening 4-8 PM,,0.0,412.6,412.6
ORD004838,CUST01282,2023-10-28,10,4,,App,Bengaluru,Cancelled,Debit Card,Afternoon 10-2 PM,,0.0,1636.92,0.0
ORD004839,CUST01282,2023-10-09,10,4,2023-10-11,Web,Bengaluru,Returned,UPI,Morning 6-10 AM,,0.0,2174.73,1909.37
ORD004840,CUST01282,2023-04-29,4,2,2023-05-01,App,Bengaluru,Delivered,UPI,Evening 4-8 PM,,0.0,2594.66,2594.66
ORD004841,CUST01282,2023-09-15,9,3,2023-09-17,App,Bengaluru,Delivered,COD,Afternoon 10-2 PM,,0.0,912.34,912.34
ORD004842,CUST01282,2023-08-31,8,3,2023-09-02,App,Bengaluru,Delivered,UPI,Evening 4-8 PM,,0.0,657.58,657.58
ORD004843,CUST01282,2023-08-18,8,3,,App,Bengaluru,Cancelled,COD,Morning 6-10 AM,,0.0,1451.74,0.0
ORD004844,CUST01282,2023-06-26,6,2,,App,Bengaluru,Cancelled,UPI,Afternoon 10-2 PM,,0.0,1090.58,0.0
ORD004845,CUST01282,2023-08-30,8,3,2023-08-31,App,Bengaluru,Delivered,UPI,Morning 6-10 AM,,0.0,714.05,714.05
ORD004846,CUST01282,2023-12-20,12,4,2023-12-21,App,Bengaluru,Delivered,Debit Card,Morning 6-10 AM,,0.0,2778.4,2778.4
ORD004847,CUST01282,2023-05-01,5,2,2023-05-04,App,Bengaluru,Delivered,Debit Card,Evening 4-8 PM,,0.0,2199.43,2199.43
ORD004848,CUST01282,2023-12-22,12,4,2023-12-25,App,Bengaluru,Delivered,Credit Card,Evening 4-8 PM,,0.0,328.3,328.3
ORD004849,CUST01287,2023-08-11,8,3,2023-08-12,Web,Bengaluru,Delivered,UPI,Afternoon 10-2 PM,,0.0,745.86,745.86
ORD004850,CUST01287,2023-09-26,9,3,2023-09-29,Web,Bengaluru,Delivered,COD,Afternoon 10-2 PM,,0.0,791.76,791.76
ORD004851,CUST01287,2023-12-20,12,4,2023-12-23,Web,Bengaluru,Delivered,Credit Card,,,0.0,1068.12,1068.12
ORD004852,CUST01287,2023-07-21,7,3,2023-07-22,Web,Bengaluru,Delivered,Credit Card,Late Night 8-11 PM,,0.0,549.62,549.62
ORD004853,CUST01287,2023-03-01,3,1,2023-03-02,App,Bengaluru,Delivered,Wallet,Evening 4-8 PM,,0.0,219.48,219.48
ORD004854,CUST01287,2023-09-21,9,3,2023-09-23,Kiosk,Bengaluru,Delivered,COD,Morning 6-10 AM,,0.0,764.51,764.51
ORD004855,CUST01287,2023-11-05,11,4,2023-11-08,Kiosk,Bengaluru,Delivered,UPI,Evening 4-8 PM,,0.0,342.68,342.68
ORD004856,CUST01287,2023-01-28,1,1,2023-01-29,Web,Bengaluru,Delivered,UPI,Evening 4-8 PM,,0.0,1249.5,1249.5
ORD004857,CUST01287,2023-09-25,9,3,2023-09-28,Web,Bengaluru,Delivered,UPI,Afternoon 10-2 PM,,0.0,1097.34,1097.34
ORD004858,CUST01292,2023-03-09,3,1,,Web,Bengaluru,Cancelled,Credit Card,Afternoon 10-2 PM,HOLI23,0.0,617.35,0.0
ORD004859,CUST01292,2023-03-30,3,1,2023-03-31,App,Bengaluru,Delivered,UPI,Morning 6-10 AM,,0.0,625.48,625.48
ORD004860,CUST01292,2023-02-05,2,1,2023-02-08,App,Bengaluru,Delivered,Credit Card,Evening 4-8 PM,,0.0,438.03,438.03
ORD004861,CUST01298,2023-11-01,11,4,2023-11-03,Web,Mumbai,Delivered,Debit Card,Late Night 8-11 PM,,0.0,717.35,717.35
ORD004862,CUST01299,2023-12-02,12,4,2023-12-04,App,Bengaluru,Delivered,UPI,Evening 4-8 PM,,0.0,805.94,805.94
ORD004863,CUST01300,2023-09-28,9,3,2023-09-29,App,Mumbai,Delivered,Credit Card,Morning 6-10 AM,,0.0,320.59,320.59
ORD004864,CUST01301,2023-10-05,10,4,2023-10-07,App,Delhi,Delivered,UPI,Evening 4-8 PM,,0.0,379.84,379.84
ORD004865,CUST01301,2023-09-22,9,3,2023-09-24,App,Delhi,Delivered,UPI,Afternoon 10-2 PM,,0.0,2811.12,2811.12
ORD004866,CUST01301,2023-02-19,2,1,,App,Delhi,Cancelled,UPI,Evening 4-8 PM,,0.0,2206.47,0.0
ORD004867,CUST01301,2023-08-31,8,3,2023-09-01,App,Delhi,Delivered,Credit Card,Morning 6-10 AM,,0.0,2819.45,2819.45
ORD004868,CUST01301,2023-07-23,7,3,2023-07-26,App,Delhi,Delivered,UPI,Afternoon 10-2 PM,,0.0,2177.37,2177.37
ORD004869,CUST01301,2023-01-26,1,1,2023-01-27,App,Delhi,Delivered,UPI,Afternoon 10-2 PM,,0.0,1883.57,1883.57
ORD004870,CUST01301,2023-06-23,6,2,2023-06-24,Web,Delhi,Delivered,UPI,Afternoon 10-2 PM,,0.0,604.44,604.44
ORD004871,CUST01301,2023-11-04,11,4,2023-11-06,App,Delhi,Delivered,Credit Card,Late Night 8-11 PM,,0.0,1913.86,1913.86
ORD004872,CUST01301,2023-04-06,4,2,2023-04-07,App,Delhi,Delivered,UPI,Morning 6-10 AM,,0.0,3330.26,3330.26
ORD004873,CUST01301,2023-05-11,5,2,2023-05-13,Web,Delhi,Delivered,Credit Card,Morning 6-10 AM,,0.0,691.83,691.83
ORD004874,CUST01301,2023-05-11,5,2,2023-05-13,App,Delhi,Delivered,UPI,Late Night 8-11 PM,,0.0,1428.16,1428.16
ORD004875,CUST01301,2023-06-22,6,2,,Kiosk,Delhi,Cancelled,Credit Card,Afternoon 10-2 PM,,0.0,941.6,0.0
ORD004876,CUST01301,2023-04-26,4,2,2023-04-28,App,Delhi,Delivered,COD,Afternoon 10-2 PM,,0.0,224.74,224.74
ORD004877,CUST01301,2023-11-25,11,4,2023-11-28,App,Delhi,Delivered,Credit Card,Morning 6-10 AM,,0.0,1495.36,1495.36
ORD004878,CUST01301,2023-12-19,12,4,2023-12-20,App,Delhi,Delivered,UPI,Afternoon 10-2 PM,,0.0,1296.41,1296.41
ORD004879,CUST01301,2023-03-30,3,1,2023-04-02,App,Delhi,Delivered,UPI,Morning 6-10 AM,,0.0,2596.67,2596.67
ORD004880,CUST01301,2023-05-31,5,2,2023-06-02,App,Delhi,Delivered,UPI,Afternoon 10-2 PM,,0.0,406.82,406.82
ORD004881,CUST01301,2023-10-21,10,4,2023-10-23,App,Delhi,Delivered,Credit Card,Afternoon 10-2 PM,,0.0,1332.45,1332.45
ORD004882,CUST01301,2023-12-21,12,4,2023-12-22,Kiosk,Delhi,Delivered,UPI,Evening 4-8 PM,,0.0,402.96,402.96
ORD004883,CUST01301,2023-10-19,10,4,2023-10-20,Web,Delhi,Delivered,UPI,Late Night 8-11 PM,,0.0,14.04,14.04
ORD004884,CUST01301,2023-01-03,1,1,2023-01-06,Kiosk,Delhi,Delivered,Wallet,Afternoon 10-2 PM,,0.0,1438.99,1438.99
ORD004885,CUST01301,2023-11-25,11,4,2023-11-28,App,Delhi,Delivered,UPI,Morning 6-10 AM,,0.0,2107.73,2107.73
ORD004886,CUST01301,2023-11-03,11,4,2023-11-04,Web,Delhi,Delivered,Debit Card,Evening 4-8 PM,,0.0,2082.39,2082.39
ORD004887,CUST01301,2023-02-14,2,1,2023-02-15,App,Delhi,Delivered,UPI,Evening 4-8 PM,,0.0,1532.9,1532.9
ORD004888,CUST01301,2023-08-22,8,3,2023-08-23,App,Delhi,Delivered,UPI,Morning 6-10 AM,,0.0,5024.8,5024.8
ORD004889,CUST01301,2023-12-29,12,4,2023-12-31,App,Delhi,Delivered,COD,Morning 6-10 AM,XMAS23,174.96,1307.9,1132.94
ORD004890,CUST01301,2023-01-28,1,1,2023-01-31,Kiosk,Delhi,Delivered,Credit Card,Late Night 8-11 PM,,0.0,3261.78,3261.78
ORD004891,CUST01301,2023-07-17,7,3,2023-07-20,Web,Delhi,Delivered,UPI,Late Night 8-11 PM,,0.0,3687.66,3687.66
ORD004892,CUST01301,2023-01-18,1,1,2023-01-20,Web,Delhi,Delivered,Credit Card,Late Night 8-11 PM,,0.0,102.58,102.58
ORD004893,CUST01301,2023-02-06,2,1,,Web,Delhi,Cancelled,UPI,Evening 4-8 PM,,0.0,1282.94,0.0
ORD004894,CUST01301,2023-04-28,4,2,2023-05-01,App,Delhi,Delivered,UPI,Morning 6-10 AM,,0.0,1624.79,1624.79
ORD004895,CUST01301,2023-08-26,8,3,2023-08-29,App,Delhi,Delivered,UPI,Evening 4-8 PM,,0.0,548.12,548.12
ORD004896,CUST01301,2023-09-02,9,3,2023-09-03,App,Delhi,Returned,UPI,Morning 6-10 AM,,0.0,1381.81,239.53
ORD004897,CUST01301,2023-02-16,2,1,2023-02-19,App,Delhi,Delivered,COD,Afternoon 10-2 PM,,0.0,580.05,580.05
ORD004898,CUST01306,2023-07-13,7,3,2023-07-15,App,Bengaluru,Delivered,Credit Card,Evening 4-8 PM,,0.0,2975.35,2975.35
ORD004899,CUST01306,2023-04-14,4,2,2023-04-17,App,Bengaluru,Delivered,UPI,Morning 6-10 AM,,0.0,2477.45,2477.45
ORD004900,CUST01306,2023-06-04,6,2,2023-06-05,App,Bengaluru,Delivered,UPI,Morning 6-10 AM,,0.0,490.9,490.9
ORD004901,CUST01306,2023-11-27,11,4,2023-11-28,App,Bengaluru,Delivered,UPI,Morning 6-10 AM,,0.0,1011.6,1011.6
ORD004902,CUST01306,2023-03-26,3,1,2023-03-27,Web,Bengaluru,Delivered,Credit Card,Evening 4-8 PM,,0.0,3755.31,3755.31
ORD004903,CUST01306,2023-03-31,3,1,2023-04-01,App,Bengaluru,Delivered,Credit Card,Evening 4-8 PM,,0.0,1288.41,1288.41
ORD004904,CUST01306,2023-07-06,7,3,2023-07-08,App,Bengaluru,Delivered,Credit Card,Afternoon 10-2 PM,,0.0,3769.55,3769.55
ORD004905,CUST01306,2023-07-24,7,3,2023-07-26,Web,Bengaluru,Delivered,UPI,Afternoon 10-2 PM,,0.0,953.3,953.3
ORD004906,CUST01306,2023-01-23,1,1,,App,Bengaluru,Cancelled,UPI,Evening 4-8 PM,,0.0,1598.25,0.0
ORD004907,CUST01306,2023-10-15,10,4,2023-10-16,App,Bengaluru,Delivered,UPI,Late Night 8-11 PM,,0.0,1942.93,1942.93
ORD004908,CUST01306,2023-10-03,10,4,2023-10-04,App,Bengaluru,Returned,UPI,Morning 6-10 AM,,0.0,1298.31,67.13
ORD004909,CUST01306,2023-12-12,12,4,,Web,Bengaluru,Cancelled,UPI,Afternoon 10-2 PM,,0.0,1644.95,0.0
ORD004910,CUST01306,2023-06-17,6,2,2023-06-20,App,Bengaluru,Delivered,Credit Card,Morning 6-10 AM,,0.0,1341.82,1341.82
ORD004911,CUST01306,2023-05-28,5,2,2023-05-31,Kiosk,Bengaluru,Delivered,UPI,Afternoon 10-2 PM,,0.0,1393.35,1393.35
ORD004912,CUST01306,2023-05-14,5,2,2023-05-15,App,Bengaluru,Delivered,Credit Card,Evening 4-8 PM,,0.0,1592.79,1592.79
ORD004913,CUST01306,2023-05-08,5,2,2023-05-10,Web,Bengaluru,Delivered,Debit Card,Morning 6-10 AM,,0.0,1190.57,1190.57
ORD004914,CUST01306,2023-12-27,12,4,2023-12-30,Web,Bengaluru,Delivered,UPI,Evening 4-8 PM,XMAS23,89.73,820.91,731.18
ORD004915,CUST01306,2023-05-17,5,2,2023-05-18,App,Bengaluru,Delivered,Credit Card,Evening 4-8 PM,,0.0,475.63,475.63
ORD004916,CUST01306,2023-10-06,10,4,2023-10-09,Kiosk,Bengaluru,Delivered,Credit Card,Afternoon 10-2 PM,,0.0,3436.38,3436.38
ORD004917,CUST01306,2023-07-07,7,3,2023-07-10,App,Bengaluru,Delivered,COD,Afternoon 10-2 PM,,0.0,6381.17,6381.17
ORD004918,CUST01306,2023-04-14,4,2,2023-04-15,App,Bengaluru,Delivered,COD,Afternoon 10-2 PM,,0.0,1326.58,1326.58
ORD004919,CUST01306,2023-09-23,9,3,2023-09-24,Web,Bengaluru,Delivered,Debit Card,Afternoon 10-2 PM,,0.0,1509.64,1509.64
ORD004920,CUST01306,2023-11-24,11,4,2023-11-27,App,Bengaluru,Delivered,Credit Card,Evening 4-8 PM,,0.0,3919.44,3919.44
ORD004921,CUST01306,2023-01-13,1,1,2023-01-14,App,Bengaluru,Delivered,UPI,Morning 6-10 AM,,0.0,1303.77,1303.77
ORD004922,CUST01306,2023-12-05,12,4,2023-12-06,App,Bengaluru,Delivered,UPI,Evening 4-8 PM,,0.0,778.37,778.37
ORD004923,CUST01306,2023-07-07,7,3,2023-07-10,App,Bengaluru,Delivered,COD,Morning 6-10 AM,,0.0,711.75,711.75
ORD004924,CUST01306,2023-09-25,9,3,2023-09-27,App,Bengaluru,Delivered,UPI,Afternoon 10-2 PM,,0.0,909.42,909.42
ORD004925,CUST01306,2023-12-07,12,4,2023-12-10,App,Bengaluru,Delivered,UPI,Evening 4-8 PM,,0.0,2609.55,2609.55
ORD004926,CUST01306,2023-08-22,8,3,2023-08-24,App,Bengaluru,Returned,Wallet,Late Night 8-11 PM,,0.0,1091.73,90.66
ORD004927,CUST01306,2023-12-01,12,4,2023-12-04,Web,Bengaluru,Delivered,Wallet,Morning 6-10 AM,,0.0,2236.16,2236.16
ORD004928,CUST01306,2023-11-08,11,4,2023-11-11,Web,Bengaluru,Delivered,Debit Card,Evening 4-8 PM,,0.0,963.78,963.78
ORD004929,CUST01306,2023-05-02,5,2,2023-05-03,App,Bengaluru,Delivered,Debit Card,Afternoon 10-2 PM,,0.0,1384.01,1384.01
ORD004930,CUST01306,2023-07-24,7,3,2023-07-26,Web,Bengaluru,Returned,Debit Card,Late Night 8-11 PM,,0.0,1165.04,490.66
ORD004931,CUST01306,2023-04-20,4,2,2023-04-22,App,Bengaluru,Delivered,UPI,Evening 4-8 PM,,0.0,2408.55,2408.55
ORD004932,CUST01306,2023-03-28,3,1,2023-03-31,App,Bengaluru,Delivered,Wallet,Afternoon 10-2 PM,,0.0,2882.64,2882.64
ORD004933,CUST01306,2023-02-18,2,1,2023-02-19,Web,Bengaluru,Delivered,Wallet,Afternoon 10-2 PM,,0.0,2811.88,2811.88
ORD004934,CUST01306,2023-01-09,1,1,2023-01-10,App,Bengaluru,Delivered,UPI,Morning 6-10 AM,,0.0,1103.7,1103.7
ORD004935,CUST01306,2023-05-08,5,2,2023-05-11,App,Bengaluru,Delivered,Debit Card,Afternoon 10-2 PM,,0.0,1500.41,1500.41
ORD004936,CUST01308,2023-10-30,10,4,2023-10-31,Web,Hyderabad,Delivered,UPI,Evening 4-8 PM,,0.0,1658.65,1658.65
ORD004937,CUST01308,2023-11-16,11,4,2023-11-17,App,Hyderabad,Delivered,COD,Morning 6-10 AM,,0.0,935.7,935.7
ORD004938,CUST01308,2023-11-25,11,4,,Web,Hyderabad,Cancelled,COD,Evening 4-8 PM,,0.0,1081.84,0.0
ORD004939,CUST01308,2023-12-17,12,4,2023-12-19,App,Hyderabad,Delivered,Credit Card,Morning 6-10 AM,,0.0,1000.97,1000.97
ORD004940,CUST01308,2023-02-27,2,1,2023-03-01,App,Hyderabad,Delivered,UPI,Morning 6-10 AM,,0.0,1026.83,1026.83
ORD004941,CUST01308,2023-11-20,11,4,2023-11-23,Web,Hyderabad,Delivered,Credit Card,Afternoon 10-2 PM,,0.0,1967.06,1967.06
ORD004942,CUST01308,2023-06-22,6,2,2023-06-24,Web,Hyderabad,Delivered,Debit Card,Afternoon 10-2 PM,,0.0,869.83,869.83
ORD004943,CUST01308,2023-07-15,7,3,2023-07-17,App,Hyderabad,Delivered,UPI,Evening 4-8 PM,,0.0,2627.48,2627.48
ORD004944,CUST01308,2023-12-27,12,4,2023-12-29,App,Hyderabad,Delivered,UPI,Morning 6-10 AM,XMAS23,236.19,1454.68,1218.49
ORD004945,CUST01308,2023-05-30,5,2,2023-05-31,App,Hyderabad,Delivered,Debit Card,Morning 6-10 AM,,0.0,2251.95,2251.95
ORD004946,CUST01308,2023-10-23,10,4,2023-10-25,App,Hyderabad,Delivered,COD,Late Night 8-11 PM,,0.0,125.88,125.88
ORD004947,CUST01308,2023-07-04,7,3,2023-07-06,App,Hyderabad,Returned,UPI,Late Night 8-11 PM,,0.0,1828.08,993.99
ORD004948,CUST01308,2023-11-30,11,4,2023-12-01,App,Hyderabad,Delivered,Credit Card,Morning 6-10 AM,,0.0,629.77,629.77
ORD004949,CUST01308,2023-05-07,5,2,2023-05-10,Web,Hyderabad,Delivered,Debit Card,Afternoon 10-2 PM,,0.0,430.23,430.23
ORD004950,CUST01308,2023-10-31,10,4,2023-11-02,Web,Hyderabad,Delivered,UPI,Afternoon 10-2 PM,,0.0,1125.86,1125.86
ORD004951,CUST01308,2023-11-18,11,4,2023-11-20,App,Hyderabad,Delivered,UPI,Morning 6-10 AM,,0.0,592.9,592.9
ORD004952,CUST01308,2023-06-09,6,2,2023-06-11,Kiosk,Hyderabad,Delivered,Credit Card,Morning 6-10 AM,,0.0,131.75,131.75
ORD004953,CUST01308,2023-10-04,10,4,2023-10-07,Web,Hyderabad,Delivered,Credit Card,Afternoon 10-2 PM,,0.0,1986.89,1986.89
ORD004954,CUST01308,2023-04-12,4,2,,App,Hyderabad,Cancelled,Credit Card,Afternoon 10-2 PM,,0.0,851.16,0.0
ORD004955,CUST01310,2023-08-16,8,3,2023-08-19,Web,Bengaluru,Delivered,Credit Card,,,0.0,1442.47,1442.47
ORD004956,CUST01310,2023-09-19,9,3,2023-09-20,Web,Bengaluru,Delivered,UPI,Late Night 8-11 PM,,0.0,538.66,538.66
ORD004957,CUST01310,2023-04-13,4,2,2023-04-16,App,Bengaluru,Delivered,Debit Card,Evening 4-8 PM,,0.0,1430.69,1430.69
ORD004958,CUST01310,2023-06-04,6,2,2023-06-06,Web,Bengaluru,Delivered,UPI,Afternoon 10-2 PM,,0.0,118.72,118.72
ORD004959,CUST01310,2023-03-29,3,1,2023-04-01,App,Bengaluru,Delivered,UPI,Evening 4-8 PM,,0.0,869.2,869.2
ORD004960,CUST01311,2023-12-27,12,4,2023-12-28,App,Delhi,Delivered,UPI,Late Night 8-11 PM,XMAS23,17.79,103.02,85.23
ORD004961,CUST01311,2023-01-05,1,1,2023-01-08,Web,Delhi,Delivered,Credit Card,Late Night 8-11 PM,,0.0,146.06,146.06
ORD004962,CUST01311,2023-06-20,6,2,2023-06-21,Kiosk,Delhi,Delivered,UPI,Afternoon 10-2 PM,,0.0,114.73,114.73
ORD004963,CUST01311,2023-01-24,1,1,2023-01-26,Web,Delhi,Delivered,Debit Card,Morning 6-10 AM,,0.0,273.45,273.45
ORD004964,CUST01311,2023-03-15,3,1,2023-03-17,App,Delhi,Delivered,Credit Card,Evening 4-8 PM,,0.0,1157.72,1157.72
ORD004965,CUST01312,2023-10-21,10,4,2023-10-23,Web,Delhi,Returned,Debit Card,Evening 4-8 PM,,0.0,936.04,128.32
ORD004966,CUST01312,2023-03-22,3,1,2023-03-23,App,Delhi,Delivered,UPI,Evening 4-8 PM,,0.0,3553.27,3553.27
ORD004967,CUST01312,2023-11-29,11,4,2023-12-01,App,Delhi,Delivered,Credit Card,Afternoon 10-2 PM,,0.0,1208.41,1208.41
ORD004968,CUST01312,2023-06-08,6,2,2023-06-10,App,Delhi,Delivered,Credit Card,Morning 6-10 AM,,0.0,298.82,298.82
ORD004969,CUST01312,2023-07-13,7,3,2023-07-16,Web,Delhi,Delivered,Debit Card,Morning 6-10 AM,,0.0,644.41,644.41
ORD004970,CUST01312,2023-10-15,10,4,2023-10-17,App,Delhi,Delivered,COD,Evening 4-8 PM,,0.0,1100.41,1100.41
ORD004971,CUST01312,2023-10-13,10,4,2023-10-15,App,Delhi,Delivered,UPI,Evening 4-8 PM,,0.0,466.65,466.65
ORD004972,CUST01312,2023-04-26,4,2,2023-04-27,App,Delhi,Delivered,Credit Card,Morning 6-10 AM,,0.0,1864.93,1864.93
ORD004973,CUST01312,2023-12-14,12,4,2023-12-17,App,Delhi,Delivered,UPI,,,0.0,2200.0,2200.0
ORD004974,CUST01312,2023-01-20,1,1,2023-01-23,App,Delhi,Delivered,UPI,Morning 6-10 AM,,0.0,656.6,656.6
ORD004975,CUST01312,2023-12-20,12,4,2023-12-23,Web,Delhi,Delivered,UPI,Evening 4-8 PM,,0.0,1236.67,1236.67
ORD004976,CUST01312,2023-01-24,1,1,2023-01-27,App,Delhi,Delivered,COD,Morning 6-10 AM,,0.0,1548.35,1548.35
ORD004977,CUST01312,2023-01-01,1,1,,Kiosk,Delhi,Cancelled,COD,Afternoon 10-2 PM,NY2023,0.0,4382.14,0.0
ORD004978,CUST01312,2023-08-11,8,3,2023-08-14,App,Delhi,Delivered,UPI,Morning 6-10 AM,,0.0,160.8,160.8
ORD004979,CUST01314,2023-10-01,10,4,2023-10-03,Web,Mumbai,Delivered,Debit Card,Evening 4-8 PM,,0.0,3155.33,3155.33
ORD004980,CUST01314,2023-11-27,11,4,2023-11-28,App,Mumbai,Delivered,UPI,Afternoon 10-2 PM,,0.0,1603.94,1603.94
ORD004981,CUST01314,2023-05-28,5,2,2023-05-30,App,Mumbai,Delivered,UPI,Afternoon 10-2 PM,,0.0,1186.23,1186.23
ORD004982,CUST01314,2023-06-04,6,2,2023-06-05,App,Mumbai,Delivered,Debit Card,Evening 4-8 PM,,0.0,1273.25,1273.25
ORD004983,CUST01314,2023-05-31,5,2,2023-06-01,App,Mumbai,Returned,Debit Card,Evening 4-8 PM,,0.0,1677.07,740.81
ORD004984,CUST01314,2023-05-12,5,2,2023-05-13,App,Mumbai,Delivered,Debit Card,Evening 4-8 PM,,0.0,544.15,544.15
ORD004985,CUST01314,2023-04-28,4,2,2023-04-29,Web,Mumbai,Delivered,Credit Card,Evening 4-8 PM,,0.0,959.92,959.92
ORD004986,CUST01314,2023-09-07,9,3,2023-09-08,App,Mumbai,Delivered,Wallet,Afternoon 10-2 PM,,0.0,3801.69,3801.69
ORD004987,CUST01314,2023-01-30,1,1,2023-02-02,App,Mumbai,Delivered,UPI,Evening 4-8 PM,,0.0,2392.75,2392.75
ORD004988,CUST01315,2023-06-27,6,2,2023-06-28,Web,Pune,Delivered,Credit Card,Morning 6-10 AM,,0.0,649.38,649.38
ORD004989,CUST01317,2023-11-15,11,4,2023-11-17,App,Jaipur,Delivered,Credit Card,Afternoon 10-2 PM,DIWALI23SUPER,81.21,679.0,597.79
ORD004990,CUST01319,2023-05-26,5,2,2023-05-27,App,Hyderabad,Delivered,UPI,Morning 6-10 AM,,0.0,646.43,646.43
ORD004991,CUST01319,2023-06-14,6,2,2023-06-15,Web,Hyderabad,Delivered,UPI,Morning 6-10 AM,,0.0,5026.62,5026.62
ORD004992,CUST01319,2023-06-30,6,2,2023-07-01,Web,Hyderabad,Delivered,UPI,Afternoon 10-2 PM,,0.0,346.24,346.24
ORD004993,CUST01319,2023-10-08,10,4,2023-10-10,App,Hyderabad,Delivered,UPI,Afternoon 10-2 PM,,0.0,1241.69,1241.69
ORD004994,CUST01319,2023-06-26,6,2,2023-06-29,Web,Hyderabad,Delivered,Credit Card,Evening 4-8 PM,,0.0,2338.14,2338.14
ORD004995,CUST01319,2023-04-04,4,2,2023-04-06,Web,Hyderabad,Delivered,UPI,Morning 6-10 AM,,0.0,946.16,946.16
ORD004996,CUST01319,2023-12-06,12,4,2023-12-08,App,Hyderabad,Delivered,Credit Card,Morning 6-10 AM,,0.0,1313.99,1313.99
ORD004997,CUST01320,2023-08-03,8,3,2023-08-05,App,Mumbai,Delivered,UPI,Morning 6-10 AM,,0.0,232.97,232.97
ORD004998,CUST01323,2023-01-07,1,1,2023-01-09,App,Mumbai,Delivered,COD,Afternoon 10-2 PM,,0.0,861.07,861.07
ORD004999,CUST01323,2023-11-18,11,4,2023-11-20,Web,Mumbai,Delivered,UPI,Afternoon 10-2 PM,,0.0,1232.48,1232.48
ORD005000,CUST01324,2023-11-03,11,4,,App,Pune,Cancelled,COD,Morning 6-10 AM,,0.0,2261.49,0.0
ORD005001,CUST01324,2023-05-27,5,2,2023-05-28,Web,Pune,Delivered,Debit Card,Evening 4-8 PM,,0.0,1693.45,1693.45
ORD005002,CUST01324,2023-11-12,11,4,2023-11-13,Web,Pune,Delivered,Wallet,Late Night 8-11 PM,DIWALI23SUPER,124.06,1147.83,1023.77
ORD005003,CUST01324,2023-10-23,10,4,2023-10-25,App,Pune,Delivered,Debit Card,Morning 6-10 AM,DUSSEHRA23,12.5,91.24,78.74
ORD005004,CUST01324,2023-11-15,11,4,2023-11-17,Web,Pune,Delivered,UPI,Morning 6-10 AM,,0.0,264.01,264.01
ORD005005,CUST01324,2023-05-25,5,2,,Web,Pune,Cancelled,COD,Morning 6-10 AM,,0.0,1436.77,0.0
ORD005006,CUST01324,2023-04-24,4,2,2023-04-27,App,Pune,Delivered,Credit Card,Afternoon 10-2 PM,,0.0,3544.49,3544.49
ORD005007,CUST01324,2023-12-03,12,4,2023-12-06,Web,Pune,Delivered,UPI,Afternoon 10-2 PM,,0.0,1918.98,1918.98
ORD005008,CUST01324,2023-04-24,4,2,2023-04-26,App,Pune,Delivered,COD,Evening 4-8 PM,,0.0,1776.15,1776.15
ORD005009,CUST01324,2023-10-21,10,4,2023-10-24,Web,Pune,Delivered,Credit Card,Morning 6-10 AM,DUSSEHRA23,169.02,1161.19,992.17
ORD005010,CUST01324,2023-02-21,2,1,2023-02-22,App,Pune,Delivered,UPI,Morning 6-10 AM,,0.0,2124.83,2124.83
ORD005011,CUST01324,2023-12-29,12,4,2024-01-01,Kiosk,Pune,Delivered,COD,Afternoon 10-2 PM,,0.0,2810.58,2810.58
ORD005012,CUST01324,2023-01-03,1,1,2023-01-06,Web,Pune,Delivered,UPI,Morning 6-10 AM,,0.0,1361.56,1361.56
ORD005013,CUST01324,2023-05-07,5,2,2023-05-08,App,Pune,Delivered,UPI,Evening 4-8 PM,,0.0,2484.7,2484.7
ORD005014,CUST01324,2023-10-06,10,4,2023-10-09,App,Pune,Delivered,Wallet,Morning 6-10 AM,,0.0,1223.57,1223.57
ORD005015,CUST01324,2023-07-30,7,3,2023-07-31,App,Pune,Delivered,Credit Card,Evening 4-8 PM,,0.0,748.74,748.74
ORD005016,CUST01325,2023-06-03,6,2,2023-06-06,App,Delhi,Delivered,Debit Card,Afternoon 10-2 PM,,0.0,527.3,527.3
ORD005017,CUST01326,2023-05-23,5,2,2023-05-24,Web,Bengaluru,Delivered,UPI,Late Night 8-11 PM,,0.0,1042.1,1042.1
ORD005018,CUST01326,2023-06-01,6,2,2023-06-04,Web,Bengaluru,Delivered,COD,Evening 4-8 PM,,0.0,362.36,362.36
ORD005019,CUST01326,2023-05-16,5,2,2023-05-18,App,Bengaluru,Delivered,Credit Card,Morning 6-10 AM,,0.0,2366.27,2366.27
ORD005020,CUST01326,2023-09-14,9,3,,App,Bengaluru,Cancelled,Debit Card,Morning 6-10 AM,,0.0,4681.09,0.0
ORD005021,CUST01326,2023-06-19,6,2,2023-06-21,Web,Bengaluru,Delivered,Wallet,Evening 4-8 PM,,0.0,189.57,189.57
ORD005022,CUST01326,2023-06-02,6,2,2023-06-04,App,Bengaluru,Delivered,COD,Morning 6-10 AM,,0.0,2806.02,2806.02
ORD005023,CUST01326,2023-06-23,6,2,2023-06-24,App,Bengaluru,Delivered,Credit Card,Evening 4-8 PM,,0.0,247.44,247.44
ORD005024,CUST01326,2023-10-03,10,4,2023-10-04,App,Bengaluru,Delivered,COD,Afternoon 10-2 PM,,0.0,338.82,338.82
ORD005025,CUST01326,2023-09-26,9,3,,Web,Bengaluru,Cancelled,UPI,Late Night 8-11 PM,,0.0,842.81,0.0
ORD005026,CUST01326,2023-04-06,4,2,,Web,Bengaluru,Cancelled,Credit Card,Afternoon 10-2 PM,,0.0,987.56,0.0
ORD005027,CUST01326,2023-04-14,4,2,2023-04-15,Web,Bengaluru,Delivered,Credit Card,Late Night 8-11 PM,,0.0,1802.58,1802.58
ORD005028,CUST01326,2023-04-19,4,2,2023-04-21,Web,Bengaluru,Delivered,UPI,Afternoon 10-2 PM,,0.0,739.05,739.05
ORD005029,CUST01326,2023-05-21,5,2,2023-05-22,Web,Bengaluru,Delivered,UPI,Evening 4-8 PM,,0.0,1848.59,1848.59
ORD005030,CUST01326,2023-09-15,9,3,2023-09-16,Web,Bengaluru,Returned,Debit Card,Evening 4-8 PM,,0.0,2690.86,256.94
ORD005031,CUST01326,2023-11-10,11,4,2023-11-13,Web,Bengaluru,Delivered,Debit Card,Afternoon 10-2 PM,DIWALI23SUPER,47.56,648.08,600.52
ORD005032,CUST01326,2023-05-08,5,2,2023-05-09,App,Bengaluru,Delivered,UPI,Afternoon 10-2 PM,,0.0,990.38,990.38
ORD005033,CUST01326,2023-09-19,9,3,2023-09-22,App,Bengaluru,Delivered,Wallet,Late Night 8-11 PM,,0.0,1368.5,1368.5
ORD005034,CUST01326,2023-08-30,8,3,2023-09-02,App,Bengaluru,Delivered,UPI,Evening 4-8 PM,,0.0,2283.92,2283.92
ORD005035,CUST01326,2023-09-16,9,3,2023-09-18,App,Bengaluru,Returned,COD,Morning 6-10 AM,,0.0,3191.18,775.08
ORD005036,CUST01326,2023-10-04,10,4,2023-10-06,App,Bengaluru,Delivered,Debit Card,Evening 4-8 PM,,0.0,1800.17,1800.17
ORD005037,CUST01326,2023-12-08,12,4,2023-12-10,Web,Bengaluru,Delivered,UPI,Late Night 8-11 PM,,0.0,1153.38,1153.38
ORD005038,CUST01326,2023-02-06,2,1,2023-02-07,App,Bengaluru,Returned,Credit Card,Evening 4-8 PM,,0.0,899.37,698.28
ORD005039,CUST01326,2023-11-24,11,4,2023-11-26,Kiosk,Bengaluru,Delivered,Credit Card,Evening 4-8 PM,BIGSALE23,182.78,1268.12,1085.34
ORD005040,CUST01327,2023-12-02,12,4,2023-12-05,App,Bengaluru,Delivered,Credit Card,Morning 6-10 AM,,0.0,253.45,253.45
ORD005041,CUST01327,2023-12-11,12,4,2023-12-12,App,Bengaluru,Delivered,Credit Card,Evening 4-8 PM,,0.0,2231.04,2231.04
ORD005042,CUST01327,2023-04-01,4,2,2023-04-02,Web,Bengaluru,Delivered,UPI,Evening 4-8 PM,,0.0,1431.17,1431.17
ORD005043,CUST01327,2023-12-08,12,4,,Web,Bengaluru,Cancelled,UPI,Late Night 8-11 PM,,0.0,2238.32,0.0
ORD005044,CUST01327,2023-03-21,3,1,2023-03-23,App,Bengaluru,Delivered,Debit Card,Evening 4-8 PM,,0.0,2306.8,2306.8
ORD005045,CUST01327,2023-11-01,11,4,2023-11-03,App,Bengaluru,Delivered,Debit Card,Afternoon 10-2 PM,,0.0,2378.18,2378.18
ORD005046,CUST01327,2023-03-16,3,1,2023-03-18,App,Bengaluru,Delivered,UPI,Afternoon 10-2 PM,,0.0,1477.64,1477.64
ORD005047,CUST01327,2023-07-05,7,3,2023-07-08,App,Bengaluru,Delivered,UPI,Morning 6-10 AM,,0.0,2011.66,2011.66
ORD005048,CUST01327,2023-07-04,7,3,2023-07-06,App,Bengaluru,Delivered,UPI,Afternoon 10-2 PM,,0.0,5319.75,5319.75
ORD005049,CUST01327,2023-11-17,11,4,2023-11-19,App,Bengaluru,Delivered,Wallet,Afternoon 10-2 PM,,0.0,722.74,722.74
ORD005050,CUST01327,2023-12-27,12,4,2023-12-30,Web,Bengaluru,Delivered,Credit Card,Morning 6-10 AM,XMAS23,40.93,590.59,549.66
ORD005051,CUST01327,2023-12-13,12,4,2023-12-14,Web,Bengaluru,Delivered,Credit Card,,,0.0,1730.09,1730.09
ORD005052,CUST01327,2023-12-03,12,4,2023-12-06,App,Bengaluru,Delivered,UPI,Morning 6-10 AM,,0.0,1401.72,1401.72
ORD005053,CUST01327,2023-12-10,12,4,2023-12-11,Web,Bengaluru,Delivered,UPI,Evening 4-8 PM,,0.0,828.69,828.69
ORD005054,CUST01327,2023-02-20,2,1,2023-02-23,Web,Bengaluru,Delivered,Debit Card,Afternoon 10-2 PM,,0.0,752.62,752.62
ORD005055,CUST01328,2023-10-27,10,4,,Web,Delhi,Cancelled,UPI,Afternoon 10-2 PM,,0.0,432.39,0.0
ORD005056,CUST01328,2023-02-14,2,1,2023-02-16,Web,Delhi,Delivered,COD,Morning 6-10 AM,,0.0,1551.33,1551.33
ORD005057,CUST01328,2023-07-03,7,3,2023-07-06,Web,Delhi,Delivered,Debit Card,Morning 6-10 AM,,0.0,1042.93,1042.93
ORD005058,CUST01328,2023-03-05,3,1,2023-03-06,App,Delhi,Delivered,Credit Card,Evening 4-8 PM,,0.0,1059.05,1059.05
ORD005059,CUST01328,2023-11-18,11,4,2023-11-21,Web,Delhi,Delivered,UPI,Morning 6-10 AM,,0.0,2140.24,2140.24
ORD005060,CUST01328,2023-06-12,6,2,,App,Delhi,Cancelled,UPI,Afternoon 10-2 PM,,0.0,1817.32,0.0
ORD005061,CUST01328,2023-01-14,1,1,2023-01-15,App,Delhi,Delivered,Credit Card,Evening 4-8 PM,,0.0,991.59,991.59
ORD005062,CUST01328,2023-08-22,8,3,2023-08-23,App,Delhi,Delivered,Credit Card,Evening 4-8 PM,,0.0,936.76,936.76
ORD005063,CUST01328,2023-09-19,9,3,2023-09-22,App,Delhi,Delivered,Debit Card,Morning 6-10 AM,,0.0,1016.91,1016.91
ORD005064,CUST01328,2023-08-09,8,3,2023-08-10,Kiosk,Delhi,Delivered,UPI,Evening 4-8 PM,,0.0,482.31,482.31
ORD005065,CUST01328,2023-04-19,4,2,2023-04-22,App,Delhi,Delivered,Credit Card,Late Night 8-11 PM,,0.0,731.91,731.91
ORD005066,CUST01328,2023-08-11,8,3,2023-08-14,App,Delhi,Delivered,UPI,Afternoon 10-2 PM,,0.0,2372.0,2372.0
ORD005067,CUST01329,2023-09-16,9,3,2023-09-17,App,Bengaluru,Delivered,UPI,Morning 6-10 AM,,0.0,841.03,841.03
ORD005068,CUST01329,2023-12-12,12,4,,App,Bengaluru,Cancelled,UPI,Evening 4-8 PM,,0.0,1602.08,0.0
ORD005069,CUST01329,2023-11-01,11,4,2023-11-03,App,Bengaluru,Returned,UPI,,,0.0,739.48,569.68
ORD005070,CUST01329,2023-05-23,5,2,2023-05-26,App,Bengaluru,Delivered,COD,Morning 6-10 AM,,0.0,995.52,995.52
ORD005071,CUST01329,2023-10-22,10,4,2023-10-23,App,Bengaluru,Delivered,Debit Card,Morning 6-10 AM,,0.0,2442.12,2442.12
ORD005072,CUST01329,2023-09-23,9,3,2023-09-24,Web,Bengaluru,Delivered,UPI,Afternoon 10-2 PM,,0.0,559.24,559.24
ORD005073,CUST01331,2023-02-07,2,1,2023-02-09,App,Delhi,Delivered,UPI,Evening 4-8 PM,,0.0,2214.2,2214.2
ORD005074,CUST01331,2023-10-03,10,4,2023-10-04,App,Delhi,Delivered,Credit Card,Morning 6-10 AM,,0.0,519.69,519.69
ORD005075,CUST01331,2023-05-05,5,2,2023-05-08,Web,Delhi,Delivered,Wallet,Afternoon 10-2 PM,,0.0,620.86,620.86
ORD005076,CUST01331,2023-02-13,2,1,2023-02-15,Kiosk,Delhi,Delivered,UPI,Late Night 8-11 PM,,0.0,212.94,212.94
ORD005077,CUST01331,2023-04-23,4,2,2023-04-24,Kiosk,Delhi,Delivered,UPI,Evening 4-8 PM,,0.0,1714.86,1714.86
ORD005078,CUST01331,2023-02-22,2,1,2023-02-23,Kiosk,Delhi,Delivered,COD,Late Night 8-11 PM,,0.0,767.41,767.41
ORD005079,CUST01332,2023-11-22,11,4,,App,Bengaluru,Cancelled,Credit Card,Evening 4-8 PM,,0.0,1165.26,0.0
ORD005080,CUST01332,2023-03-23,3,1,2023-03-24,App,Bengaluru,Delivered,Debit Card,Evening 4-8 PM,,0.0,1340.75,1340.75
ORD005081,CUST01332,2023-08-18,8,3,2023-08-21,App,Bengaluru,Delivered,Credit Card,Afternoon 10-2 PM,,0.0,288.89,288.89
ORD005082,CUST01332,2023-05-07,5,2,2023-05-09,App,Bengaluru,Delivered,Credit Card,Afternoon 10-2 PM,,0.0,1918.04,1918.04
ORD005083,CUST01332,2023-09-17,9,3,2023-09-20,App,Bengaluru,Delivered,Credit Card,,,0.0,2503.56,2503.56
ORD005084,CUST01332,2023-08-20,8,3,,Web,Bengaluru,Cancelled,Credit Card,Evening 4-8 PM,,0.0,2207.78,0.0
ORD005085,CUST01332,2023-10-30,10,4,2023-11-02,Web,Bengaluru,Delivered,Credit Card,Evening 4-8 PM,,0.0,6458.21,6458.21
ORD005086,CUST01332,2023-11-19,11,4,2023-11-22,App,Bengaluru,Delivered,UPI,Late Night 8-11 PM,,0.0,1528.46,1528.46
ORD005087,CUST01332,2023-04-13,4,2,2023-04-15,Web,Bengaluru,Delivered,UPI,Afternoon 10-2 PM,,0.0,1111.58,1111.58
ORD005088,CUST01332,2023-06-10,6,2,2023-06-12,Web,Bengaluru,Delivered,UPI,Morning 6-10 AM,,0.0,766.33,766.33
ORD005089,CUST01332,2023-07-22,7,3,2023-07-24,App,Bengaluru,Returned,UPI,Afternoon 10-2 PM,,0.0,1177.32,345.19
ORD005090,CUST01332,2023-06-18,6,2,2023-06-21,Web,Bengaluru,Delivered,Credit Card,Morning 6-10 AM,,0.0,2606.5,2606.5
ORD005091,CUST01332,2023-11-21,11,4,2023-11-24,App,Bengaluru,Delivered,UPI,Evening 4-8 PM,,0.0,1818.26,1818.26
ORD005092,CUST01332,2023-11-18,11,4,2023-11-19,Web,Bengaluru,Delivered,Credit Card,Evening 4-8 PM,,0.0,2325.13,2325.13
ORD005093,CUST01332,2023-05-25,5,2,2023-05-27,App,Bengaluru,Delivered,Wallet,Evening 4-8 PM,,0.0,2817.06,2817.06
ORD005094,CUST01332,2023-11-09,11,4,2023-11-12,Web,Bengaluru,Delivered,UPI,Afternoon 10-2 PM,,0.0,2672.31,2672.31
ORD005095,CUST01332,2023-07-15,7,3,,Kiosk,Bengaluru,Cancelled,UPI,Afternoon 10-2 PM,,0.0,572.24,0.0
ORD005096,CUST01332,2023-02-13,2,1,2023-02-14,App,Bengaluru,Delivered,Wallet,Afternoon 10-2 PM,LOVEFEB,327.16,1943.57,1616.41
ORD005097,CUST01332,2023-05-02,5,2,2023-05-05,App,Bengaluru,Delivered,UPI,Evening 4-8 PM,,0.0,1329.86,1329.86
ORD005098,CUST01332,2023-12-17,12,4,2023-12-20,App,Bengaluru,Delivered,UPI,Morning 6-10 AM,,0.0,118.56,118.56
ORD005099,CUST01332,2023-09-05,9,3,2023-09-06,Web,Bengaluru,Delivered,Credit Card,Morning 6-10 AM,,0.0,2884.59,2884.59
ORD005100,CUST01332,2023-10-03,10,4,2023-10-06,Web,Bengaluru,Delivered,COD,Afternoon 10-2 PM,,0.0,1540.23,1540.23
ORD005101,CUST01332,2023-11-08,11,4,2023-11-10,App,Bengaluru,Delivered,Credit Card,Evening 4-8 PM,,0.0,2340.51,2340.51
ORD005102,CUST01332,2023-10-27,10,4,2023-10-30,App,Bengaluru,Delivered,Credit Card,Evening 4-8 PM,,0.0,970.09,970.09
ORD005103,CUST01332,2023-09-27,9,3,2023-09-30,Web,Bengaluru,Delivered,UPI,Morning 6-10 AM,,0.0,1623.79,1623.79
ORD005104,CUST01332,2023-01-04,1,1,2023-01-05,Web,Bengaluru,Delivered,COD,Afternoon 10-2 PM,NY2023,174.99,975.52,800.53
ORD005105,CUST01332,2023-05-19,5,2,2023-05-20,App,Bengaluru,Delivered,UPI,Morning 6-10 AM,,0.0,3443.02,3443.02
ORD005106,CUST01332,2023-01-11,1,1,2023-01-12,App,Bengaluru,Delivered,UPI,Morning 6-10 AM,,0.0,2428.05,2428.05
ORD005107,CUST01332,2023-01-06,1,1,2023-01-09,Web,Bengaluru,Delivered,Wallet,Late Night 8-11 PM,,0.0,894.12,894.12
ORD005108,CUST01333,2023-02-25,2,1,2023-02-28,App,Hyderabad,Delivered,Credit Card,Morning 6-10 AM,,0.0,502.37,502.37
ORD005109,CUST01333,2023-10-29,10,4,2023-10-30,App,Hyderabad,Delivered,UPI,Afternoon 10-2 PM,,0.0,2289.95,2289.95
ORD005110,CUST01333,2023-11-27,11,4,2023-11-28,App,Hyderabad,Delivered,Debit Card,Morning 6-10 AM,,0.0,215.2,215.2
ORD005111,CUST01333,2023-03-30,3,1,2023-03-31,App,Hyderabad,Delivered,UPI,Morning 6-10 AM,,0.0,1527.24,1527.24
ORD005112,CUST01333,2023-05-07,5,2,2023-05-09,App,Hyderabad,Delivered,Credit Card,Morning 6-10 AM,,0.0,58.51,58.51
ORD005113,CUST01333,2023-08-05,8,3,2023-08-08,App,Hyderabad,Delivered,UPI,Evening 4-8 PM,,0.0,1584.87,1584.87
ORD005114,CUST01333,2023-05-15,5,2,2023-05-18,Web,Hyderabad,Delivered,COD,Morning 6-10 AM,,0.0,59.7,59.7
ORD005115,CUST01333,2023-02-22,2,1,2023-02-23,App,Hyderabad,Delivered,Debit Card,Late Night 8-11 PM,,0.0,950.67,950.67
ORD005116,CUST01334,2023-10-13,10,4,2023-10-14,Web,Hyderabad,Delivered,Credit Card,Morning 6-10 AM,,0.0,87.78,87.78
ORD005117,CUST01337,2023-05-29,5,2,2023-05-31,App,Mumbai,Delivered,UPI,Evening 4-8 PM,,0.0,2022.24,2022.24
ORD005118,CUST01337,2023-04-23,4,2,2023-04-24,Web,Mumbai,Delivered,Debit Card,Afternoon 10-2 PM,,0.0,1214.86,1214.86
ORD005119,CUST01337,2023-04-12,4,2,2023-04-15,Kiosk,Mumbai,Delivered,COD,Morning 6-10 AM,,0.0,1349.86,1349.86
ORD005120,CUST01337,2023-06-17,6,2,2023-06-19,App,Mumbai,Delivered,UPI,Morning 6-10 AM,,0.0,2895.68,2895.68
ORD005121,CUST01337,2023-02-27,2,1,2023-03-01,Web,Mumbai,Delivered,Debit Card,,,0.0,837.6,837.6
ORD005122,CUST01337,2023-07-01,7,3,2023-07-03,App,Mumbai,Delivered,Wallet,Afternoon 10-2 PM,,0.0,1642.78,1642.78
ORD005123,CUST01337,2023-05-04,5,2,2023-05-05,App,Mumbai,Delivered,Debit Card,Evening 4-8 PM,,0.0,1483.07,1483.07
ORD005124,CUST01337,2023-03-28,3,1,2023-03-29,App,Mumbai,Delivered,Wallet,Afternoon 10-2 PM,,0.0,1008.32,1008.32
ORD005125,CUST01337,2023-08-19,8,3,2023-08-20,App,Mumbai,Delivered,UPI,Morning 6-10 AM,,0.0,2010.03,2010.03
ORD005126,CUST01337,2023-01-09,1,1,,App,Mumbai,Cancelled,UPI,Evening 4-8 PM,,0.0,3212.1,0.0
ORD005127,CUST01337,2023-04-06,4,2,,App,Mumbai,Cancelled,COD,Morning 6-10 AM,,0.0,457.51,0.0
ORD005128,CUST01337,2023-10-22,10,4,2023-10-24,App,Mumbai,Delivered,COD,Afternoon 10-2 PM,,0.0,2865.44,2865.44
ORD005129,CUST01337,2023-07-01,7,3,2023-07-02,Web,Mumbai,Delivered,Credit Card,Morning 6-10 AM,,0.0,1375.44,1375.44
ORD005130,CUST01337,2023-04-18,4,2,2023-04-20,App,Mumbai,Delivered,UPI,Afternoon 10-2 PM,,0.0,469.19,469.19
ORD005131,CUST01337,2023-06-02,6,2,2023-06-03,App,Mumbai,Delivered,UPI,Morning 6-10 AM,,0.0,2891.28,2891.28
ORD005132,CUST01337,2023-04-28,4,2,2023-05-01,Web,Mumbai,Delivered,Credit Card,Morning 6-10 AM,,0.0,1080.45,1080.45
ORD005133,CUST01337,2023-06-19,6,2,2023-06-22,App,Mumbai,Delivered,Debit Card,Afternoon 10-2 PM,,0.0,2365.1,2365.1
ORD005134,CUST01337,2023-09-09,9,3,2023-09-10,App,Mumbai,Delivered,UPI,Afternoon 10-2 PM,,0.0,1198.96,1198.96
ORD005135,CUST01338,2023-12-22,12,4,2023-12-23,App,Pune,Delivered,Credit Card,Morning 6-10 AM,,0.0,457.26,457.26
ORD005136,CUST01338,2023-08-11,8,3,2023-08-13,App,Pune,Delivered,Credit Card,Morning 6-10 AM,,0.0,528.19,528.19
ORD005137,CUST01338,2023-05-25,5,2,2023-05-28,App,Pune,Delivered,UPI,Afternoon 10-2 PM,,0.0,1716.05,1716.05
ORD005138,CUST01338,2023-08-03,8,3,2023-08-05,App,Pune,Delivered,UPI,Morning 6-10 AM,,0.0,554.66,554.66
ORD005139,CUST01339,2023-11-21,11,4,2023-11-23,App,Hyderabad,Delivered,Debit Card,Evening 4-8 PM,,0.0,1104.85,1104.85
ORD005140,CUST01339,2023-10-09,10,4,2023-10-10,App,Hyderabad,Delivered,Credit Card,Morning 6-10 AM,,0.0,933.81,933.81
ORD005141,CUST01339,2023-09-13,9,3,2023-09-14,App,Hyderabad,Delivered,Wallet,Morning 6-10 AM,,0.0,1438.93,1438.93
ORD005142,CUST01339,2023-06-02,6,2,2023-06-03,App,Hyderabad,Delivered,Credit Card,Afternoon 10-2 PM,,0.0,689.99,689.99
ORD005143,CUST01339,2023-11-10,11,4,2023-11-12,Web,Hyderabad,Delivered,UPI,Late Night 8-11 PM,DIWALI23SUPER,131.61,952.27,820.66
ORD005144,CUST01339,2023-04-06,4,2,2023-04-09,App,Hyderabad,Delivered,Debit Card,Evening 4-8 PM,,0.0,987.27,987.27
ORD005145,CUST01339,2023-07-07,7,3,2023-07-08,App,Hyderabad,Delivered,UPI,Evening 4-8 PM,,0.0,499.55,499.55
ORD005146,CUST01340,2023-02-05,2,1,2023-02-08,App,Bengaluru,Delivered,COD,Evening 4-8 PM,,0.0,1822.06,1822.06
ORD005147,CUST01342,2023-12-25,12,4,2023-12-27,App,Hyderabad,Delivered,COD,Afternoon 10-2 PM,,0.0,1490.66,1490.66
ORD005148,CUST01342,2023-01-17,1,1,,Web,Hyderabad,Cancelled,Wallet,Afternoon 10-2 PM,,0.0,1419.45,0.0
ORD005149,CUST01342,2023-11-11,11,4,2023-11-12,App,Hyderabad,Delivered,Debit Card,Evening 4-8 PM,,0.0,428.16,428.16
ORD005150,CUST01342,2023-04-29,4,2,2023-05-01,App,Hyderabad,Delivered,UPI,Morning 6-10 AM,,0.0,725.16,725.16
ORD005151,CUST01342,2023-10-22,10,4,2023-10-25,App,Hyderabad,Delivered,UPI,Morning 6-10 AM,DUSSEHRA23,120.92,947.22,826.3
ORD005152,CUST01343,2023-03-16,3,1,2023-03-18,Web,Ahmedabad,Delivered,UPI,Morning 6-10 AM,,0.0,2183.73,2183.73
ORD005153,CUST01346,2023-07-30,7,3,2023-07-31,Web,Pune,Delivered,Debit Card,Morning 6-10 AM,,0.0,781.85,781.85
ORD005154,CUST01346,2023-06-23,6,2,2023-06-26,Web,Pune,Delivered,Wallet,Morning 6-10 AM,,0.0,709.67,709.67
ORD005155,CUST01346,2023-10-09,10,4,2023-10-12,Kiosk,Pune,Delivered,Debit Card,Afternoon 10-2 PM,,0.0,1007.42,1007.42
ORD005156,CUST01346,2023-11-03,11,4,2023-11-04,Web,Pune,Delivered,UPI,Morning 6-10 AM,,0.0,361.38,361.38
ORD005157,CUST01346,2023-07-25,7,3,2023-07-26,Web,Pune,Delivered,UPI,Morning 6-10 AM,,0.0,790.33,790.33
ORD005158,CUST01346,2023-08-05,8,3,2023-08-07,App,Pune,Delivered,UPI,Evening 4-8 PM,,0.0,1478.48,1478.48
ORD005159,CUST01348,2023-01-16,1,1,2023-01-18,App,Delhi,Delivered,COD,Morning 6-10 AM,,0.0,1866.85,1866.85
ORD005160,CUST01348,2023-02-03,2,1,2023-02-04,App,Delhi,Delivered,UPI,Morning 6-10 AM,,0.0,624.16,624.16
ORD005161,CUST01348,2023-12-11,12,4,2023-12-12,App,Delhi,Delivered,Credit Card,Evening 4-8 PM,,0.0,377.25,377.25
ORD005162,CUST01348,2023-10-02,10,4,2023-10-04,Kiosk,Delhi,Delivered,UPI,Morning 6-10 AM,,0.0,486.87,486.87
ORD005163,CUST01348,2023-07-18,7,3,2023-07-21,Web,Delhi,Delivered,UPI,Evening 4-8 PM,,0.0,1293.18,1293.18
ORD005164,CUST01348,2023-11-03,11,4,2023-11-06,Kiosk,Delhi,Delivered,UPI,Evening 4-8 PM,,0.0,680.33,680.33
ORD005165,CUST01348,2023-04-03,4,2,2023-04-04,App,Delhi,Delivered,Debit Card,Evening 4-8 PM,,0.0,867.64,867.64
ORD005166,CUST01348,2023-12-19,12,4,2023-12-22,App,Delhi,Delivered,UPI,Evening 4-8 PM,,0.0,350.89,350.89
ORD005167,CUST01348,2023-10-25,10,4,2023-10-27,App,Delhi,Delivered,Debit Card,Afternoon 10-2 PM,,0.0,3301.61,3301.61
ORD005168,CUST01348,2023-12-17,12,4,2023-12-20,App,Delhi,Delivered,UPI,Afternoon 10-2 PM,,0.0,1229.41,1229.41
ORD005169,CUST01348,2023-06-28,6,2,2023-07-01,Web,Delhi,Delivered,Wallet,Evening 4-8 PM,,0.0,651.53,651.53
ORD005170,CUST01348,2023-11-14,11,4,2023-11-15,Web,Delhi,Delivered,UPI,Afternoon 10-2 PM,DIWALI23SUPER,67.02,549.72,482.7
ORD005171,CUST01350,2023-08-10,8,3,2023-08-11,App,Bengaluru,Delivered,Credit Card,Afternoon 10-2 PM,,0.0,1481.2,1481.2
ORD005172,CUST01350,2023-12-29,12,4,2023-12-30,Web,Bengaluru,Delivered,Debit Card,Morning 6-10 AM,,0.0,581.54,581.54
ORD005173,CUST01350,2023-08-02,8,3,2023-08-04,Kiosk,Bengaluru,Delivered,Debit Card,Morning 6-10 AM,,0.0,2879.45,2879.45
ORD005174,CUST01350,2023-12-21,12,4,2023-12-24,App,Bengaluru,Delivered,Wallet,Evening 4-8 PM,,0.0,1363.5,1363.5
ORD005175,CUST01350,2023-12-31,12,4,2024-01-01,App,Bengaluru,Delivered,Wallet,Late Night 8-11 PM,XMAS23,31.99,346.55,314.56
ORD005176,CUST01350,2023-05-23,5,2,2023-05-26,App,Bengaluru,Delivered,Debit Card,Morning 6-10 AM,,0.0,1891.92,1891.92
ORD005177,CUST01350,2023-02-25,2,1,2023-02-27,App,Bengaluru,Delivered,COD,Morning 6-10 AM,,0.0,767.0,767.0
ORD005178,CUST01350,2023-03-28,3,1,2023-03-30,App,Bengaluru,Delivered,UPI,Evening 4-8 PM,,0.0,1340.2,1340.2
ORD005179,CUST01351,2023-12-17,12,4,2023-12-18,App,Delhi,Returned,UPI,Afternoon 10-2 PM,,0.0,865.34,643.86
ORD005180,CUST01351,2023-01-29,1,1,2023-01-30,Web,Delhi,Delivered,Wallet,Evening 4-8 PM,,0.0,1351.3,1351.3
ORD005181,CUST01352,2023-01-19,1,1,2023-01-21,App,Pune,Delivered,UPI,Evening 4-8 PM,,0.0,3607.27,3607.27
ORD005182,CUST01352,2023-11-14,11,4,2023-11-15,Web,Pune,Delivered,UPI,Late Night 8-11 PM,DIWALI23SUPER,180.67,1974.49,1793.82
ORD005183,CUST01352,2023-09-22,9,3,2023-09-24,Web,Pune,Delivered,Wallet,Late Night 8-11 PM,,0.0,2419.23,2419.23
ORD005184,CUST01352,2023-01-06,1,1,2023-01-08,Web,Pune,Delivered,Credit Card,Morning 6-10 AM,,0.0,2704.86,2704.86
ORD005185,CUST01352,2023-05-30,5,2,2023-05-31,App,Pune,Delivered,Credit Card,Afternoon 10-2 PM,,0.0,1877.46,1877.46
ORD005186,CUST01352,2023-05-01,5,2,,App,Pune,Cancelled,UPI,Morning 6-10 AM,,0.0,2555.4,0.0
ORD005187,CUST01352,2023-08-23,8,3,2023-08-26,Web,Pune,Delivered,Debit Card,Evening 4-8 PM,,0.0,1164.24,1164.24
ORD005188,CUST01352,2023-02-23,2,1,2023-02-24,App,Pune,Delivered,UPI,Morning 6-10 AM,,0.0,1773.92,1773.92
ORD005189,CUST01352,2023-11-15,11,4,,App,Pune,Cancelled,Credit Card,Morning 6-10 AM,DIWALI23SUPER,0.0,867.26,0.0
ORD005190,CUST01352,2023-12-11,12,4,2023-12-14,Web,Pune,Delivered,UPI,Evening 4-8 PM,,0.0,2531.04,2531.04
ORD005191,CUST01352,2023-05-19,5,2,2023-05-22,App,Pune,Delivered,UPI,Morning 6-10 AM,,0.0,1869.5,1869.5
ORD005192,CUST01352,2023-09-08,9,3,2023-09-11,Kiosk,Pune,Delivered,COD,Evening 4-8 PM,,0.0,861.92,861.92
ORD005193,CUST01352,2023-07-25,7,3,2023-07-27,App,Pune,Delivered,UPI,Afternoon 10-2 PM,,0.0,1666.54,1666.54
ORD005194,CUST01352,2023-07-17,7,3,2023-07-19,App,Pune,Delivered,UPI,Evening 4-8 PM,,0.0,3285.48,3285.48
ORD005195,CUST01352,2023-01-03,1,1,2023-01-06,App,Pune,Delivered,Wallet,Afternoon 10-2 PM,NY2023,317.88,2757.06,2439.18
ORD005196,CUST01352,2023-12-04,12,4,2023-12-07,Web,Pune,Delivered,Credit Card,Afternoon 10-2 PM,,0.0,1188.39,1188.39
ORD005197,CUST01353,2023-07-30,7,3,2023-07-31,Web,Delhi,Delivered,UPI,Morning 6-10 AM,,0.0,1162.28,1162.28
ORD005198,CUST01356,2023-02-17,2,1,2023-02-19,Web,Mumbai,Delivered,Credit Card,Morning 6-10 AM,,0.0,1365.65,1365.65
ORD005199,CUST01356,2023-06-13,6,2,2023-06-16,Web,Mumbai,Delivered,Credit Card,Late Night 8-11 PM,,0.0,1983.58,1983.58
ORD005200,CUST01357,2023-12-02,12,4,2023-12-03,App,Hyderabad,Delivered,COD,Afternoon 10-2 PM,,0.0,210.99,210.99
ORD005201,CUST01359,2023-05-03,5,2,,App,Jaipur,Cancelled,COD,Afternoon 10-2 PM,,0.0,383.61,0.0
ORD005202,CUST01360,2023-06-21,6,2,2023-06-23,App,Delhi,Delivered,Credit Card,Afternoon 10-2 PM,,0.0,570.97,570.97
ORD005203,CUST01360,2023-05-25,5,2,2023-05-27,App,Delhi,Delivered,Debit Card,Evening 4-8 PM,,0.0,982.53,982.53
ORD005204,CUST01360,2023-11-29,11,4,2023-11-30,Kiosk,Delhi,Delivered,UPI,Evening 4-8 PM,,0.0,1529.61,1529.61
ORD005205,CUST01360,2023-06-26,6,2,2023-06-29,App,Delhi,Delivered,UPI,Late Night 8-11 PM,,0.0,2216.12,2216.12
ORD005206,CUST01360,2023-06-22,6,2,2023-06-25,App,Delhi,Delivered,UPI,Late Night 8-11 PM,,0.0,1102.96,1102.96
ORD005207,CUST01361,2023-10-07,10,4,2023-10-09,App,Hyderabad,Delivered,Credit Card,Evening 4-8 PM,,0.0,488.88,488.88
ORD005208,CUST01363,2023-06-25,6,2,,App,Pune,Cancelled,UPI,Afternoon 10-2 PM,,0.0,899.89,0.0
ORD005209,CUST01366,2023-09-11,9,3,2023-09-14,App,Mumbai,Delivered,Credit Card,Morning 6-10 AM,,0.0,658.13,658.13
ORD005210,CUST01366,2023-12-22,12,4,2023-12-25,App,Mumbai,Delivered,UPI,Morning 6-10 AM,,0.0,484.12,484.12
ORD005211,CUST01366,2023-11-20,11,4,,Web,Mumbai,Cancelled,UPI,Evening 4-8 PM,BIGSALE23,0.0,752.26,0.0
ORD005212,CUST01367,2023-05-15,5,2,2023-05-17,App,Mumbai,Delivered,UPI,Evening 4-8 PM,,0.0,110.58,110.58
ORD005213,CUST01368,2023-04-26,4,2,,Web,Mumbai,Cancelled,UPI,Morning 6-10 AM,,0.0,294.29,0.0
ORD005214,CUST01368,2023-02-25,2,1,2023-02-28,App,Mumbai,Delivered,Credit Card,Morning 6-10 AM,,0.0,987.34,987.34
ORD005215,CUST01368,2023-05-24,5,2,2023-05-26,App,Mumbai,Delivered,Credit Card,Evening 4-8 PM,,0.0,777.03,777.03
ORD005216,CUST01368,2023-07-20,7,3,2023-07-21,Web,Mumbai,Delivered,UPI,Morning 6-10 AM,,0.0,617.56,617.56
ORD005217,CUST01368,2023-09-24,9,3,2023-09-27,Web,Mumbai,Delivered,Debit Card,Evening 4-8 PM,,0.0,932.56,932.56
ORD005218,CUST01368,2023-12-29,12,4,2023-12-31,App,Mumbai,Delivered,UPI,Morning 6-10 AM,,0.0,1659.7,1659.7
ORD005219,CUST01368,2023-12-21,12,4,2023-12-24,App,Mumbai,Delivered,Debit Card,Morning 6-10 AM,,0.0,789.9,789.9
ORD005220,CUST01368,2023-11-19,11,4,2023-11-21,App,Mumbai,Delivered,UPI,Evening 4-8 PM,,0.0,1900.28,1900.28
ORD005221,CUST01368,2023-09-12,9,3,2023-09-15,Kiosk,Mumbai,Delivered,Debit Card,Afternoon 10-2 PM,,0.0,1510.09,1510.09
ORD005222,CUST01368,2023-08-30,8,3,2023-08-31,Web,Mumbai,Delivered,Credit Card,Morning 6-10 AM,,0.0,1013.23,1013.23
ORD005223,CUST01368,2023-11-05,11,4,2023-11-08,App,Mumbai,Delivered,UPI,Evening 4-8 PM,,0.0,801.53,801.53
ORD005224,CUST01368,2023-06-21,6,2,2023-06-24,App,Mumbai,Delivered,Wallet,Afternoon 10-2 PM,,0.0,333.05,333.05
ORD005225,CUST01371,2023-05-05,5,2,,Web,Bengaluru,Cancelled,Credit Card,Afternoon 10-2 PM,,0.0,695.84,0.0
ORD005226,CUST01371,2023-12-25,12,4,2023-12-27,App,Bengaluru,Delivered,UPI,Morning 6-10 AM,,0.0,697.73,697.73
ORD005227,CUST01371,2023-11-28,11,4,2023-11-29,App,Bengaluru,Delivered,Credit Card,Morning 6-10 AM,,0.0,2549.74,2549.74
ORD005228,CUST01371,2023-02-05,2,1,2023-02-07,Web,Bengaluru,Delivered,UPI,Afternoon 10-2 PM,,0.0,573.16,573.16
ORD005229,CUST01371,2023-12-10,12,4,2023-12-11,Web,Bengaluru,Delivered,UPI,Evening 4-8 PM,,0.0,577.02,577.02
ORD005230,CUST01371,2023-06-19,6,2,2023-06-21,App,Bengaluru,Delivered,COD,Late Night 8-11 PM,,0.0,1394.37,1394.37
ORD005231,CUST01371,2023-09-24,9,3,,Web,Bengaluru,Cancelled,COD,Afternoon 10-2 PM,,0.0,856.61,0.0
ORD005232,CUST01371,2023-09-25,9,3,2023-09-26,App,Bengaluru,Delivered,Debit Card,Afternoon 10-2 PM,,0.0,502.37,502.37
ORD005233,CUST01371,2023-12-25,12,4,2023-12-28,App,Bengaluru,Delivered,Debit Card,Morning 6-10 AM,,0.0,753.15,753.15
ORD005234,CUST01371,2023-10-31,10,4,2023-11-03,Web,Bengaluru,Delivered,UPI,Evening 4-8 PM,,0.0,1395.51,1395.51
ORD005235,CUST01371,2023-10-25,10,4,,Web,Bengaluru,Cancelled,Debit Card,Evening 4-8 PM,,0.0,1849.47,0.0
ORD005236,CUST01371,2023-10-14,10,4,2023-10-15,App,Bengaluru,Delivered,Debit Card,Evening 4-8 PM,,0.0,1156.85,1156.85
ORD005237,CUST01371,2023-05-24,5,2,2023-05-25,App,Bengaluru,Delivered,Debit Card,Afternoon 10-2 PM,,0.0,1880.0,1880.0
ORD005238,CUST01371,2023-06-09,6,2,2023-06-12,App,Bengaluru,Delivered,UPI,Morning 6-10 AM,,0.0,1778.83,1778.83
ORD005239,CUST01371,2023-06-20,6,2,2023-06-23,Web,Bengaluru,Delivered,UPI,Evening 4-8 PM,,0.0,77.17,77.17
ORD005240,CUST01371,2023-09-14,9,3,2023-09-16,Kiosk,Bengaluru,Delivered,UPI,Afternoon 10-2 PM,,0.0,276.68,276.68
ORD005241,CUST01372,2023-03-11,3,1,2023-03-12,App,Delhi,Delivered,Debit Card,Morning 6-10 AM,,0.0,1225.73,1225.73
ORD005242,CUST01372,2023-04-14,4,2,,Web,Delhi,Cancelled,UPI,Evening 4-8 PM,,0.0,1708.16,0.0
ORD005243,CUST01372,2023-06-05,6,2,2023-06-06,Web,Delhi,Delivered,Debit Card,Afternoon 10-2 PM,,0.0,278.44,278.44
ORD005244,CUST01372,2023-01-10,1,1,2023-01-12,App,Delhi,Delivered,UPI,Afternoon 10-2 PM,,0.0,1201.46,1201.46
ORD005245,CUST01372,2023-08-16,8,3,2023-08-19,Web,Delhi,Delivered,Credit Card,Morning 6-10 AM,,0.0,1627.45,1627.45
ORD005246,CUST01372,2023-07-03,7,3,2023-07-06,App,Delhi,Delivered,Debit Card,Morning 6-10 AM,,0.0,2950.64,2950.64
ORD005247,CUST01372,2023-11-10,11,4,2023-11-13,Web,Delhi,Delivered,Wallet,Evening 4-8 PM,,0.0,3449.57,3449.57
ORD005248,CUST01372,2023-06-13,6,2,,Web,Delhi,Cancelled,Credit Card,Morning 6-10 AM,,0.0,937.13,0.0
ORD005249,CUST01372,2023-02-01,2,1,2023-02-02,Web,Delhi,Delivered,Credit Card,,,0.0,300.96,300.96
ORD005250,CUST01372,2023-08-31,8,3,2023-09-01,App,Delhi,Delivered,COD,Morning 6-10 AM,,0.0,1925.63,1925.63
ORD005251,CUST01372,2023-04-13,4,2,2023-04-15,Web,Delhi,Delivered,Debit Card,Morning 6-10 AM,,0.0,1410.68,1410.68
ORD005252,CUST01372,2023-10-07,10,4,2023-10-09,App,Delhi,Returned,UPI,Morning 6-10 AM,,0.0,685.65,8.71
ORD005253,CUST01372,2023-05-29,5,2,2023-06-01,App,Delhi,Delivered,COD,Morning 6-10 AM,,0.0,648.22,648.22
ORD005254,CUST01372,2023-08-22,8,3,2023-08-23,App,Delhi,Delivered,Credit Card,Late Night 8-11 PM,,0.0,686.36,686.36
ORD005255,CUST01372,2023-04-02,4,2,2023-04-05,Web,Delhi,Delivered,Wallet,Afternoon 10-2 PM,,0.0,1082.35,1082.35
ORD005256,CUST01372,2023-06-27,6,2,2023-06-29,Web,Delhi,Delivered,UPI,Morning 6-10 AM,,0.0,3870.61,3870.61
ORD005257,CUST01372,2023-01-01,1,1,2023-01-04,App,Delhi,Delivered,UPI,Evening 4-8 PM,,0.0,611.88,611.88
ORD005258,CUST01374,2023-07-04,7,3,2023-07-05,Web,Ahmedabad,Delivered,UPI,Morning 6-10 AM,,0.0,3130.62,3130.62
ORD005259,CUST01378,2023-04-12,4,2,2023-04-13,Web,Jaipur,Delivered,UPI,Afternoon 10-2 PM,,0.0,659.05,659.05
ORD005260,CUST01378,2023-03-08,3,1,2023-03-10,Web,Jaipur,Delivered,Wallet,Morning 6-10 AM,,0.0,944.23,944.23
ORD005261,CUST01378,2023-10-03,10,4,2023-10-04,App,Jaipur,Delivered,Debit Card,Morning 6-10 AM,,0.0,794.27,794.27
ORD005262,CUST01378,2023-01-12,1,1,2023-01-13,App,Jaipur,Delivered,Wallet,Afternoon 10-2 PM,,0.0,1491.33,1491.33
ORD005263,CUST01378,2023-02-10,2,1,2023-02-11,App,Jaipur,Delivered,Credit Card,Late Night 8-11 PM,,0.0,53.19,53.19
ORD005264,CUST01378,2023-06-03,6,2,2023-06-05,Web,Jaipur,Delivered,UPI,Late Night 8-11 PM,,0.0,862.83,862.83
ORD005265,CUST01378,2023-01-23,1,1,2023-01-25,App,Jaipur,Delivered,Credit Card,Evening 4-8 PM,,0.0,1864.4,1864.4
ORD005266,CUST01378,2023-10-07,10,4,2023-10-08,App,Jaipur,Delivered,Credit Card,Morning 6-10 AM,,0.0,1410.61,1410.61
ORD005267,CUST01378,2023-12-25,12,4,,App,Jaipur,Cancelled,UPI,Late Night 8-11 PM,,0.0,1026.73,0.0
ORD005268,CUST01379,2023-08-10,8,3,2023-08-11,App,Pune,Returned,Credit Card,Evening 4-8 PM,,0.0,437.02,73.66
ORD005269,CUST01379,2023-10-23,10,4,,Web,Pune,Cancelled,COD,Morning 6-10 AM,DUSSEHRA23,0.0,1294.4,0.0
ORD005270,CUST01381,2023-06-16,6,2,2023-06-19,Web,Delhi,Delivered,UPI,Evening 4-8 PM,,0.0,1440.08,1440.08
ORD005271,CUST01382,2023-10-02,10,4,2023-10-04,App,Lucknow,Delivered,UPI,Morning 6-10 AM,,0.0,2453.53,2453.53
ORD005272,CUST01383,2023-05-18,5,2,2023-05-19,App,Jaipur,Delivered,Wallet,Morning 6-10 AM,,0.0,1366.92,1366.92
ORD005273,CUST01383,2023-05-14,5,2,2023-05-15,App,Jaipur,Delivered,UPI,Afternoon 10-2 PM,,0.0,120.98,120.98
ORD005274,CUST01383,2023-06-12,6,2,2023-06-14,Web,Jaipur,Delivered,UPI,Late Night 8-11 PM,,0.0,609.0,609.0
ORD005275,CUST01383,2023-05-04,5,2,2023-05-07,Kiosk,Jaipur,Delivered,Debit Card,Morning 6-10 AM,,0.0,2666.51,2666.51
ORD005276,CUST01383,2023-07-14,7,3,2023-07-15,App,Jaipur,Delivered,UPI,Afternoon 10-2 PM,,0.0,335.46,335.46
ORD005277,CUST01383,2023-10-23,10,4,2023-10-25,Web,Jaipur,Delivered,Debit Card,Afternoon 10-2 PM,DUSSEHRA23,112.16,1620.25,1508.09
ORD005278,CUST01383,2023-01-31,1,1,2023-02-01,App,Jaipur,Returned,COD,Evening 4-8 PM,,0.0,520.8,17.02
ORD005279,CUST01383,2023-01-12,1,1,2023-01-14,Web,Jaipur,Returned,Debit Card,Morning 6-10 AM,,0.0,892.18,110.39
ORD005280,CUST01383,2023-04-20,4,2,2023-04-21,Kiosk,Jaipur,Delivered,UPI,Evening 4-8 PM,,0.0,4752.75,4752.75
ORD005281,CUST01383,2023-05-09,5,2,2023-05-10,App,Jaipur,Delivered,COD,Afternoon 10-2 PM,,0.0,1380.35,1380.35
ORD005282,CUST01383,2023-04-25,4,2,2023-04-26,App,Jaipur,Returned,Wallet,Morning 6-10 AM,,0.0,703.79,50.01
ORD005283,CUST01386,2023-09-26,9,3,2023-09-28,App,Mumbai,Delivered,UPI,Evening 4-8 PM,,0.0,2153.89,2153.89
ORD005284,CUST01386,2023-06-13,6,2,2023-06-14,App,Mumbai,Delivered,Credit Card,Evening 4-8 PM,,0.0,1279.24,1279.24
ORD005285,CUST01386,2023-11-08,11,4,2023-11-10,Web,Mumbai,Delivered,Debit Card,Afternoon 10-2 PM,,0.0,1004.81,1004.81
ORD005286,CUST01386,2023-09-09,9,3,2023-09-11,App,Mumbai,Returned,UPI,Afternoon 10-2 PM,,0.0,1204.06,744.55
ORD005287,CUST01386,2023-06-19,6,2,2023-06-20,Web,Mumbai,Delivered,UPI,Evening 4-8 PM,,0.0,1567.66,1567.66
ORD005288,CUST01386,2023-10-27,10,4,2023-10-28,Web,Mumbai,Delivered,UPI,Afternoon 10-2 PM,,0.0,4428.04,4428.04
ORD005289,CUST01386,2023-12-06,12,4,,App,Mumbai,Cancelled,UPI,Evening 4-8 PM,,0.0,1716.01,0.0
ORD005290,CUST01386,2023-06-14,6,2,2023-06-16,Web,Mumbai,Delivered,Credit Card,Evening 4-8 PM,,0.0,1967.16,1967.16
ORD005291,CUST01386,2023-01-29,1,1,2023-01-30,App,Mumbai,Returned,UPI,Afternoon 10-2 PM,,0.0,1494.33,682.26
ORD005292,CUST01386,2023-01-07,1,1,,App,Mumbai,Cancelled,Debit Card,Evening 4-8 PM,,0.0,1429.83,0.0
ORD005293,CUST01386,2023-08-01,8,3,2023-08-03,App,Mumbai,Returned,COD,Late Night 8-11 PM,,0.0,2732.98,516.48
ORD005294,CUST01386,2023-06-12,6,2,2023-06-13,Kiosk,Mumbai,Delivered,UPI,Afternoon 10-2 PM,,0.0,1616.16,1616.16
ORD005295,CUST01386,2023-11-17,11,4,2023-11-19,App,Mumbai,Delivered,Wallet,Afternoon 10-2 PM,,0.0,1349.79,1349.79
ORD005296,CUST01386,2023-06-06,6,2,2023-06-08,Kiosk,Mumbai,Delivered,Credit Card,Morning 6-10 AM,,0.0,2783.31,2783.31
ORD005297,CUST01386,2023-11-16,11,4,2023-11-19,App,Mumbai,Delivered,Credit Card,Late Night 8-11 PM,,0.0,2444.85,2444.85
ORD005298,CUST01386,2023-12-08,12,4,,App,Mumbai,Cancelled,UPI,Evening 4-8 PM,,0.0,2004.8,0.0
ORD005299,CUST01386,2023-06-01,6,2,2023-06-03,App,Mumbai,Delivered,UPI,Morning 6-10 AM,,0.0,2706.95,2706.95
ORD005300,CUST01387,2023-04-20,4,2,2023-04-21,App,Mumbai,Delivered,UPI,Morning 6-10 AM,,0.0,10.14,10.14
ORD005301,CUST01388,2023-05-06,5,2,2023-05-08,Web,Delhi,Delivered,Debit Card,Morning 6-10 AM,,0.0,463.14,463.14
ORD005302,CUST01389,2023-02-21,2,1,2023-02-22,App,Bengaluru,Delivered,Credit Card,Morning 6-10 AM,,0.0,1508.33,1508.33
ORD005303,CUST01389,2023-09-05,9,3,,App,Bengaluru,Cancelled,UPI,Morning 6-10 AM,,0.0,266.91,0.0
ORD005304,CUST01389,2023-06-19,6,2,2023-06-20,App,Bengaluru,Delivered,UPI,Morning 6-10 AM,,0.0,862.42,862.42
ORD005305,CUST01389,2023-05-07,5,2,2023-05-09,Web,Bengaluru,Delivered,Debit Card,Late Night 8-11 PM,,0.0,433.65,433.65
ORD005306,CUST01389,2023-03-17,3,1,2023-03-20,App,Bengaluru,Delivered,Credit Card,Morning 6-10 AM,,0.0,490.9,490.9
ORD005307,CUST01389,2023-07-31,7,3,2023-08-02,Kiosk,Bengaluru,Delivered,Debit Card,Late Night 8-11 PM,,0.0,1912.34,1912.34
ORD005308,CUST01389,2023-07-03,7,3,2023-07-04,App,Bengaluru,Delivered,Wallet,Evening 4-8 PM,,0.0,562.54,562.54
ORD005309,CUST01389,2023-09-15,9,3,2023-09-18,App,Bengaluru,Delivered,Debit Card,Morning 6-10 AM,,0.0,1083.36,1083.36
ORD005310,CUST01390,2023-05-21,5,2,2023-05-23,App,Mumbai,Delivered,Wallet,Morning 6-10 AM,,0.0,165.99,165.99
ORD005311,CUST01390,2023-07-03,7,3,2023-07-04,App,Mumbai,Delivered,Debit Card,Afternoon 10-2 PM,,0.0,871.4,871.4
ORD005312,CUST01395,2023-04-06,4,2,,App,Delhi,Cancelled,Debit Card,Afternoon 10-2 PM,,0.0,1526.67,0.0
ORD005313,CUST01397,2023-01-04,1,1,2023-01-05,App,Ahmedabad,Delivered,COD,Late Night 8-11 PM,,0.0,1869.53,1869.53
ORD005314,CUST01397,2023-10-22,10,4,,App,Ahmedabad,Cancelled,COD,Afternoon 10-2 PM,,0.0,1819.94,0.0
ORD005315,CUST01397,2023-10-30,10,4,2023-11-01,App,Ahmedabad,Delivered,UPI,Evening 4-8 PM,,0.0,1395.09,1395.09
ORD005316,CUST01397,2023-08-12,8,3,2023-08-14,App,Ahmedabad,Delivered,Credit Card,Evening 4-8 PM,,0.0,3317.6,3317.6
ORD005317,CUST01397,2023-06-09,6,2,2023-06-11,Web,Ahmedabad,Delivered,UPI,Morning 6-10 AM,,0.0,1347.2,1347.2
ORD005318,CUST01397,2023-11-04,11,4,2023-11-05,App,Ahmedabad,Delivered,Credit Card,Morning 6-10 AM,,0.0,155.1,155.1
ORD005319,CUST01397,2023-11-12,11,4,2023-11-13,App,Ahmedabad,Delivered,UPI,Morning 6-10 AM,,0.0,2037.66,2037.66
ORD005320,CUST01397,2023-07-19,7,3,2023-07-22,Web,Ahmedabad,Delivered,UPI,Evening 4-8 PM,,0.0,435.36,435.36
ORD005321,CUST01397,2023-10-20,10,4,2023-10-21,App,Ahmedabad,Delivered,UPI,Late Night 8-11 PM,,0.0,564.04,564.04
ORD005322,CUST01398,2023-05-15,5,2,2023-05-18,App,Bengaluru,Delivered,UPI,Morning 6-10 AM,,0.0,269.88,269.88
ORD005323,CUST01398,2023-01-29,1,1,2023-01-31,Web,Bengaluru,Delivered,UPI,Morning 6-10 AM,,0.0,415.99,415.99
ORD005324,CUST01398,2023-08-19,8,3,2023-08-22,App,Bengaluru,Delivered,UPI,Morning 6-10 AM,,0.0,544.86,544.86
ORD005325,CUST01398,2023-01-18,1,1,2023-01-19,App,Bengaluru,Delivered,UPI,Evening 4-8 PM,,0.0,2129.22,2129.22
ORD005326,CUST01398,2023-12-14,12,4,2023-12-15,Web,Bengaluru,Delivered,UPI,Evening 4-8 PM,,0.0,477.26,477.26
ORD005327,CUST01398,2023-06-29,6,2,2023-07-02,Web,Bengaluru,Delivered,UPI,Morning 6-10 AM,,0.0,417.63,417.63
ORD005328,CUST01398,2023-08-31,8,3,2023-09-01,Kiosk,Bengaluru,Delivered,UPI,Morning 6-10 AM,,0.0,1766.6,1766.6
ORD005329,CUST01398,2023-04-22,4,2,2023-04-23,App,Bengaluru,Delivered,Credit Card,Morning 6-10 AM,,0.0,2316.41,2316.41
ORD005330,CUST01400,2023-11-15,11,4,2023-11-17,App,Mumbai,Delivered,Wallet,Afternoon 10-2 PM,DIWALI23SUPER,23.39,266.29,242.9
ORD005331,CUST01405,2023-03-16,3,1,2023-03-17,App,Bengaluru,Delivered,Debit Card,Afternoon 10-2 PM,,0.0,120.86,120.86
ORD005332,CUST01407,2023-10-15,10,4,2023-10-18,App,Mumbai,Delivered,Debit Card,Evening 4-8 PM,,0.0,2150.75,2150.75
ORD005333,CUST01407,2023-09-03,9,3,2023-09-05,App,Mumbai,Delivered,Wallet,Morning 6-10 AM,,0.0,678.8,678.8
ORD005334,CUST01407,2023-10-09,10,4,2023-10-11,App,Mumbai,Delivered,UPI,Afternoon 10-2 PM,,0.0,525.29,525.29
ORD005335,CUST01407,2023-12-18,12,4,2023-12-20,Web,Mumbai,Delivered,COD,Morning 6-10 AM,,0.0,2693.51,2693.51
ORD005336,CUST01407,2023-03-24,3,1,2023-03-26,App,Mumbai,Delivered,Credit Card,Morning 6-10 AM,,0.0,2912.85,2912.85
ORD005337,CUST01407,2023-03-04,3,1,2023-03-05,App,Mumbai,Returned,UPI,Morning 6-10 AM,,0.0,1861.16,368.79
ORD005338,CUST01407,2023-06-03,6,2,2023-06-05,Web,Mumbai,Delivered,Credit Card,Evening 4-8 PM,,0.0,1131.19,1131.19
ORD005339,CUST01407,2023-04-28,4,2,2023-05-01,App,Mumbai,Delivered,UPI,Morning 6-10 AM,,0.0,4192.8,4192.8
ORD005340,CUST01407,2023-01-02,1,1,,App,Mumbai,Cancelled,UPI,Evening 4-8 PM,,0.0,1975.23,0.0
ORD005341,CUST01407,2023-02-10,2,1,2023-02-11,App,Mumbai,Delivered,UPI,Morning 6-10 AM,LOVEFEB,39.72,222.56,182.84
ORD005342,CUST01407,2023-08-20,8,3,2023-08-23,App,Mumbai,Delivered,Debit Card,Afternoon 10-2 PM,,0.0,1265.52,1265.52
ORD005343,CUST01407,2023-05-12,5,2,2023-05-14,App,Mumbai,Delivered,Wallet,Morning 6-10 AM,,0.0,1113.09,1113.09
ORD005344,CUST01407,2023-09-26,9,3,2023-09-28,App,Mumbai,Delivered,Credit Card,Morning 6-10 AM,,0.0,501.41,501.41
ORD005345,CUST01407,2023-06-24,6,2,2023-06-26,App,Mumbai,Delivered,Credit Card,Afternoon 10-2 PM,,0.0,538.51,538.51
ORD005346,CUST01407,2023-04-24,4,2,2023-04-26,App,Mumbai,Returned,Wallet,Morning 6-10 AM,,0.0,873.83,34.13
ORD005347,CUST01407,2023-06-25,6,2,2023-06-26,App,Mumbai,Delivered,UPI,Evening 4-8 PM,,0.0,3372.18,3372.18
ORD005348,CUST01407,2023-04-04,4,2,2023-04-07,App,Mumbai,Delivered,Wallet,Late Night 8-11 PM,,0.0,322.26,322.26
ORD005349,CUST01407,2023-07-09,7,3,2023-07-12,Kiosk,Mumbai,Delivered,UPI,Morning 6-10 AM,,0.0,1457.1,1457.1
ORD005350,CUST01407,2023-06-24,6,2,,Web,Mumbai,Cancelled,Credit Card,Afternoon 10-2 PM,,0.0,399.36,0.0
ORD005351,CUST01407,2023-07-08,7,3,2023-07-10,App,Mumbai,Delivered,Wallet,Evening 4-8 PM,,0.0,1167.96,1167.96
ORD005352,CUST01407,2023-12-24,12,4,2023-12-27,App,Mumbai,Delivered,UPI,Morning 6-10 AM,,0.0,3142.5,3142.5
ORD005353,CUST01407,2023-11-23,11,4,2023-11-25,Web,Mumbai,Delivered,UPI,Morning 6-10 AM,,0.0,709.76,709.76
ORD005354,CUST01407,2023-04-01,4,2,2023-04-03,Kiosk,Mumbai,Returned,UPI,,,0.0,2459.64,719.56
ORD005355,CUST01408,2023-01-06,1,1,2023-01-08,App,Hyderabad,Delivered,Wallet,Afternoon 10-2 PM,,0.0,1605.15,1605.15
ORD005356,CUST01408,2023-02-28,2,1,,Web,Hyderabad,Cancelled,Credit Card,Evening 4-8 PM,,0.0,530.41,0.0
ORD005357,CUST01408,2023-08-30,8,3,2023-08-31,Web,Hyderabad,Delivered,UPI,Evening 4-8 PM,,0.0,1741.53,1741.53
ORD005358,CUST01408,2023-08-04,8,3,2023-08-07,Web,Hyderabad,Delivered,Debit Card,Evening 4-8 PM,,0.0,206.62,206.62
ORD005359,CUST01408,2023-11-11,11,4,,Web,Hyderabad,Cancelled,Debit Card,Late Night 8-11 PM,,0.0,3261.4,0.0
ORD005360,CUST01408,2023-04-10,4,2,2023-04-12,Web,Hyderabad,Delivered,UPI,Morning 6-10 AM,,0.0,1698.12,1698.12
ORD005361,CUST01408,2023-12-15,12,4,2023-12-18,App,Hyderabad,Delivered,COD,Morning 6-10 AM,,0.0,1392.56,1392.56
ORD005362,CUST01408,2023-06-07,6,2,2023-06-10,App,Hyderabad,Delivered,Credit Card,Morning 6-10 AM,,0.0,3425.9,3425.9
ORD005363,CUST01408,2023-06-12,6,2,2023-06-13,App,Hyderabad,Delivered,UPI,Evening 4-8 PM,,0.0,762.12,762.12
ORD005364,CUST01408,2023-12-10,12,4,2023-12-12,Web,Hyderabad,Delivered,COD,Morning 6-10 AM,,0.0,1981.66,1981.66
ORD005365,CUST01408,2023-04-05,4,2,2023-04-08,App,Hyderabad,Delivered,Wallet,Morning 6-10 AM,,0.0,809.58,809.58
ORD005366,CUST01408,2023-10-25,10,4,2023-10-27,App,Hyderabad,Delivered,Debit Card,Afternoon 10-2 PM,,0.0,2438.63,2438.63
ORD005367,CUST01408,2023-10-08,10,4,2023-10-11,App,Hyderabad,Delivered,Credit Card,Evening 4-8 PM,,0.0,597.01,597.01
ORD005368,CUST01408,2023-05-19,5,2,2023-05-21,Web,Hyderabad,Delivered,UPI,Afternoon 10-2 PM,,0.0,2714.13,2714.13
ORD005369,CUST01408,2023-11-11,11,4,2023-11-12,App,Hyderabad,Delivered,UPI,Evening 4-8 PM,,0.0,906.08,906.08
ORD005370,CUST01408,2023-06-02,6,2,2023-06-04,App,Hyderabad,Delivered,COD,Morning 6-10 AM,,0.0,1516.51,1516.51
ORD005371,CUST01408,2023-01-27,1,1,2023-01-30,App,Hyderabad,Delivered,UPI,Afternoon 10-2 PM,,0.0,21.06,21.06
ORD005372,CUST01410,2023-09-26,9,3,2023-09-27,Web,Lucknow,Returned,UPI,Evening 4-8 PM,,0.0,560.93,524.76
ORD005373,CUST01411,2023-07-19,7,3,2023-07-20,App,Delhi,Returned,UPI,Late Night 8-11 PM,,0.0,2640.85,1060.44
ORD005374,CUST01411,2023-09-26,9,3,2023-09-29,Web,Delhi,Delivered,Debit Card,Morning 6-10 AM,,0.0,1118.65,1118.65
ORD005375,CUST01411,2023-06-13,6,2,2023-06-15,Web,Delhi,Returned,COD,Evening 4-8 PM,,0.0,1167.26,496.38
ORD005376,CUST01411,2023-10-23,10,4,2023-10-25,Web,Delhi,Delivered,UPI,Morning 6-10 AM,DUSSEHRA23,20.44,153.68,133.24
ORD005377,CUST01411,2023-10-19,10,4,2023-10-20,App,Delhi,Delivered,UPI,Afternoon 10-2 PM,,0.0,1691.38,1691.38
ORD005378,CUST01411,2023-02-21,2,1,2023-02-23,App,Delhi,Delivered,UPI,Evening 4-8 PM,,0.0,1363.36,1363.36
ORD005379,CUST01411,2023-08-28,8,3,2023-08-31,App,Delhi,Delivered,Credit Card,Afternoon 10-2 PM,,0.0,1044.43,1044.43
ORD005380,CUST01411,2023-11-09,11,4,,Web,Delhi,Cancelled,UPI,Morning 6-10 AM,,0.0,4131.1,0.0
ORD005381,CUST01411,2023-05-13,5,2,2023-05-15,Web,Delhi,Delivered,UPI,Morning 6-10 AM,,0.0,897.23,897.23
ORD005382,CUST01411,2023-12-24,12,4,2023-12-25,App,Delhi,Delivered,Debit Card,Morning 6-10 AM,,0.0,2416.85,2416.85
ORD005383,CUST01411,2023-07-22,7,3,2023-07-23,App,Delhi,Delivered,UPI,Evening 4-8 PM,,0.0,1469.4,1469.4
ORD005384,CUST01411,2023-05-07,5,2,2023-05-08,App,Delhi,Delivered,UPI,Late Night 8-11 PM,,0.0,2274.27,2274.27
ORD005385,CUST01411,2023-09-07,9,3,2023-09-09,Web,Delhi,Delivered,UPI,Evening 4-8 PM,,0.0,531.37,531.37
ORD005386,CUST01411,2023-09-22,9,3,2023-09-24,App,Delhi,Delivered,UPI,Evening 4-8 PM,,0.0,895.81,895.81
ORD005387,CUST01412,2023-04-29,4,2,2023-05-02,App,Jaipur,Delivered,Credit Card,Afternoon 10-2 PM,,0.0,293.32,293.32
ORD005388,CUST01413,2023-01-31,1,1,2023-02-02,App,Jaipur,Delivered,UPI,Evening 4-8 PM,,0.0,1102.2,1102.2
ORD005389,CUST01413,2023-07-05,7,3,2023-07-08,Web,Jaipur,Delivered,Credit Card,Evening 4-8 PM,,0.0,628.11,628.11
ORD005390,CUST01413,2023-06-23,6,2,2023-06-24,App,Jaipur,Returned,Debit Card,Afternoon 10-2 PM,,0.0,765.58,69.65
ORD005391,CUST01413,2023-04-29,4,2,2023-05-01,Web,Jaipur,Delivered,COD,Morning 6-10 AM,,0.0,97.91,97.91
ORD005392,CUST01413,2023-05-02,5,2,2023-05-05,App,Jaipur,Delivered,UPI,Morning 6-10 AM,,0.0,87.42,87.42
ORD005393,CUST01413,2023-08-02,8,3,2023-08-05,App,Jaipur,Delivered,UPI,Afternoon 10-2 PM,,0.0,1074.88,1074.88
ORD005394,CUST01413,2023-02-23,2,1,2023-02-25,App,Jaipur,Delivered,Credit Card,Evening 4-8 PM,,0.0,2535.16,2535.16
ORD005395,CUST01413,2023-07-20,7,3,2023-07-23,Web,Jaipur,Delivered,UPI,,,0.0,524.93,524.93
ORD005396,CUST01413,2023-08-23,8,3,2023-08-25,Web,Jaipur,Delivered,UPI,Morning 6-10 AM,,0.0,562.58,562.58
ORD005397,CUST01413,2023-09-23,9,3,2023-09-26,App,Jaipur,Delivered,UPI,Morning 6-10 AM,,0.0,640.55,640.55
ORD005398,CUST01413,2023-11-06,11,4,2023-11-07,Web,Jaipur,Delivered,UPI,Morning 6-10 AM,,0.0,1104.12,1104.12
ORD005399,CUST01414,2023-07-20,7,3,2023-07-22,Web,Delhi,Delivered,Debit Card,Evening 4-8 PM,,0.0,356.36,356.36
ORD005400,CUST01414,2023-01-28,1,1,2023-01-29,App,Delhi,Delivered,Credit Card,Morning 6-10 AM,,0.0,749.73,749.73
ORD005401,CUST01414,2023-01-04,1,1,2023-01-06,Web,Delhi,Delivered,Credit Card,Late Night 8-11 PM,,0.0,2081.18,2081.18
ORD005402,CUST01414,2023-06-29,6,2,2023-07-02,App,Delhi,Delivered,Credit Card,Afternoon 10-2 PM,,0.0,790.54,790.54
ORD005403,CUST01414,2023-08-03,8,3,2023-08-05,App,Delhi,Delivered,UPI,Morning 6-10 AM,,0.0,1167.04,1167.04
ORD005404,CUST01414,2023-01-02,1,1,2023-01-04,App,Delhi,Delivered,UPI,Morning 6-10 AM,,0.0,926.31,926.31
ORD005405,CUST01414,2023-12-23,12,4,2023-12-24,Kiosk,Delhi,Delivered,UPI,Evening 4-8 PM,,0.0,260.89,260.89
ORD005406,CUST01414,2023-12-25,12,4,2023-12-27,App,Delhi,Returned,UPI,Morning 6-10 AM,,0.0,2423.83,952.58
ORD005407,CUST01414,2023-02-05,2,1,2023-02-06,App,Delhi,Delivered,Credit Card,Late Night 8-11 PM,,0.0,752.54,752.54
ORD005408,CUST01414,2023-07-31,7,3,2023-08-01,Kiosk,Delhi,Delivered,UPI,Afternoon 10-2 PM,,0.0,2898.65,2898.65
ORD005409,CUST01414,2023-04-14,4,2,2023-04-16,App,Delhi,Delivered,UPI,Afternoon 10-2 PM,,0.0,49.23,49.23
ORD005410,CUST01416,2023-10-17,10,4,2023-10-19,App,Pune,Delivered,UPI,Morning 6-10 AM,,0.0,415.88,415.88
ORD005411,CUST01416,2023-03-12,3,1,2023-03-13,App,Pune,Delivered,Wallet,Evening 4-8 PM,,0.0,195.36,195.36
ORD005412,CUST01416,2023-12-04,12,4,2023-12-05,App,Pune,Delivered,Credit Card,Morning 6-10 AM,,0.0,733.41,733.41
ORD005413,CUST01418,2023-11-29,11,4,2023-12-01,App,Hyderabad,Delivered,COD,Late Night 8-11 PM,,0.0,296.64,296.64
ORD005414,CUST01418,2023-07-27,7,3,2023-07-29,App,Hyderabad,Delivered,Credit Card,Morning 6-10 AM,,0.0,1511.19,1511.19
ORD005415,CUST01418,2023-02-13,2,1,2023-02-16,App,Hyderabad,Delivered,UPI,Afternoon 10-2 PM,LOVEFEB,288.34,1602.4,1314.06
ORD005416,CUST01418,2023-10-25,10,4,2023-10-26,Web,Hyderabad,Delivered,Credit Card,Evening 4-8 PM,,0.0,4342.84,4342.84
ORD005417,CUST01418,2023-10-14,10,4,2023-10-16,Web,Hyderabad,Delivered,UPI,Afternoon 10-2 PM,,0.0,1195.44,1195.44
ORD005418,CUST01420,2023-11-13,11,4,2023-11-16,App,Mumbai,Delivered,Debit Card,Morning 6-10 AM,,0.0,512.27,512.27
ORD005419,CUST01420,2023-11-01,11,4,,App,Mumbai,Cancelled,Credit Card,Morning 6-10 AM,,0.0,218.64,0.0
ORD005420,CUST01421,2023-06-12,6,2,2023-06-14,App,Delhi,Returned,Credit Card,Late Night 8-11 PM,,0.0,289.37,2.78
ORD005421,CUST01421,2023-08-02,8,3,2023-08-05,App,Delhi,Delivered,COD,Evening 4-8 PM,,0.0,2229.46,2229.46
ORD005422,CUST01421,2023-04-27,4,2,2023-04-29,App,Delhi,Delivered,UPI,Evening 4-8 PM,,0.0,856.48,856.48
ORD005423,CUST01423,2023-10-22,10,4,2023-10-23,Web,Ahmedabad,Delivered,Debit Card,Evening 4-8 PM,DUSSEHRA23,52.16,607.88,555.72
ORD005424,CUST01425,2023-09-07,9,3,2023-09-10,App,Jaipur,Delivered,COD,Morning 6-10 AM,,0.0,694.02,694.02
ORD005425,CUST01425,2023-05-08,5,2,2023-05-09,Kiosk,Jaipur,Delivered,COD,Morning 6-10 AM,,0.0,728.01,728.01
ORD005426,CUST01425,2023-05-17,5,2,2023-05-18,Kiosk,Jaipur,Delivered,Debit Card,Evening 4-8 PM,,0.0,162.24,162.24
ORD005427,CUST01425,2023-03-01,3,1,2023-03-04,Web,Jaipur,Delivered,UPI,Evening 4-8 PM,,0.0,211.98,211.98
ORD005428,CUST01425,2023-10-29,10,4,2023-10-30,App,Jaipur,Delivered,Credit Card,Morning 6-10 AM,,0.0,254.56,254.56
ORD005429,CUST01426,2023-03-28,3,1,,App,Jaipur,Cancelled,Wallet,Late Night 8-11 PM,,0.0,562.73,0.0
ORD005430,CUST01426,2023-02-05,2,1,2023-02-07,App,Jaipur,Delivered,UPI,Morning 6-10 AM,,0.0,2228.23,2228.23
ORD005431,CUST01426,2023-01-10,1,1,2023-01-13,App,Jaipur,Delivered,Credit Card,Evening 4-8 PM,,0.0,1891.14,1891.14
ORD005432,CUST01426,2023-02-14,2,1,2023-02-15,App,Jaipur,Delivered,UPI,Morning 6-10 AM,,0.0,135.99,135.99
ORD005433,CUST01426,2023-05-13,5,2,2023-05-14,App,Jaipur,Returned,COD,Afternoon 10-2 PM,,0.0,123.23,123.23
ORD005434,CUST01427,2023-04-17,4,2,2023-04-18,App,Bengaluru,Delivered,UPI,Morning 6-10 AM,,0.0,238.58,238.58
ORD005435,CUST01427,2023-08-08,8,3,2023-08-09,App,Bengaluru,Delivered,UPI,Evening 4-8 PM,,0.0,720.55,720.55
ORD005436,CUST01427,2023-10-20,10,4,2023-10-23,App,Bengaluru,Delivered,Wallet,Afternoon 10-2 PM,,0.0,1762.61,1762.61
ORD005437,CUST01428,2023-04-12,4,2,,App,Bengaluru,Cancelled,UPI,Morning 6-10 AM,,0.0,3048.56,0.0
ORD005438,CUST01428,2023-07-22,7,3,2023-07-24,Web,Bengaluru,Delivered,UPI,Evening 4-8 PM,,0.0,172.29,172.29
ORD005439,CUST01428,2023-12-05,12,4,2023-12-08,App,Bengaluru,Delivered,UPI,Evening 4-8 PM,,0.0,561.58,561.58
ORD005440,CUST01428,2023-07-15,7,3,2023-07-18,App,Bengaluru,Delivered,UPI,Morning 6-10 AM,,0.0,666.4,666.4
ORD005441,CUST01429,2023-03-22,3,1,2023-03-24,Kiosk,Mumbai,Delivered,UPI,Afternoon 10-2 PM,,0.0,282.93,282.93
ORD005442,CUST01432,2023-05-30,5,2,2023-06-01,App,Lucknow,Delivered,UPI,Morning 6-10 AM,,0.0,647.49,647.49
ORD005443,CUST01432,2023-11-12,11,4,2023-11-13,Kiosk,Lucknow,Delivered,UPI,Late Night 8-11 PM,DIWALI23SUPER,224.81,1997.01,1772.2
ORD005444,CUST01432,2023-12-11,12,4,2023-12-13,Web,Lucknow,Delivered,UPI,Morning 6-10 AM,,0.0,356.02,356.02
ORD005445,CUST01432,2023-08-06,8,3,2023-08-09,App,Lucknow,Delivered,COD,Evening 4-8 PM,,0.0,740.86,740.86
ORD005446,CUST01432,2023-06-10,6,2,,Kiosk,Lucknow,Cancelled,UPI,Evening 4-8 PM,,0.0,383.21,0.0
ORD005447,CUST01432,2023-06-04,6,2,2023-06-07,Web,Lucknow,Delivered,UPI,Afternoon 10-2 PM,,0.0,672.46,672.46
ORD005448,CUST01432,2023-03-19,3,1,2023-03-21,Kiosk,Lucknow,Delivered,UPI,Morning 6-10 AM,,0.0,1972.77,1972.77
ORD005449,CUST01436,2023-05-17,5,2,2023-05-20,App,Mumbai,Delivered,Debit Card,Evening 4-8 PM,,0.0,1244.0,1244.0
ORD005450,CUST01436,2023-12-14,12,4,2023-12-17,Web,Mumbai,Delivered,UPI,Evening 4-8 PM,,0.0,733.79,733.79
ORD005451,CUST01436,2023-05-21,5,2,2023-05-23,Kiosk,Mumbai,Delivered,UPI,Morning 6-10 AM,,0.0,1777.68,1777.68
ORD005452,CUST01439,2023-10-23,10,4,2023-10-26,App,Mumbai,Delivered,UPI,Late Night 8-11 PM,,0.0,484.85,484.85
ORD005453,CUST01439,2023-07-12,7,3,2023-07-14,App,Mumbai,Returned,Debit Card,Evening 4-8 PM,,0.0,413.28,206.3
ORD005454,CUST01439,2023-10-26,10,4,2023-10-29,Web,Mumbai,Delivered,Credit Card,Morning 6-10 AM,,0.0,859.9,859.9
ORD005455,CUST01439,2023-09-07,9,3,2023-09-09,App,Mumbai,Delivered,COD,Morning 6-10 AM,,0.0,587.24,587.24
ORD005456,CUST01441,2023-11-14,11,4,2023-11-15,Web,Mumbai,Delivered,COD,Afternoon 10-2 PM,DIWALI23SUPER,109.29,927.43,818.14
ORD005457,CUST01443,2023-02-13,2,1,2023-02-15,Web,Hyderabad,Delivered,Debit Card,Morning 6-10 AM,,0.0,1382.53,1382.53
ORD005458,CUST01443,2023-10-08,10,4,,App,Hyderabad,Cancelled,Credit Card,Late Night 8-11 PM,,0.0,4726.89,0.0
ORD005459,CUST01443,2023-07-08,7,3,2023-07-09,App,Hyderabad,Delivered,UPI,Morning 6-10 AM,,0.0,2496.38,2496.38
ORD005460,CUST01443,2023-09-02,9,3,2023-09-03,Web,Hyderabad,Delivered,UPI,Evening 4-8 PM,,0.0,2017.61,2017.61
ORD005461,CUST01443,2023-01-03,1,1,2023-01-05,App,Hyderabad,Delivered,COD,Afternoon 10-2 PM,,0.0,686.98,686.98
ORD005462,CUST01443,2023-09-25,9,3,2023-09-26,Web,Hyderabad,Delivered,Debit Card,Afternoon 10-2 PM,,0.0,441.62,441.62
ORD005463,CUST01443,2023-03-18,3,1,2023-03-20,Web,Hyderabad,Delivered,UPI,Morning 6-10 AM,,0.0,1042.47,1042.47
ORD005464,CUST01443,2023-07-04,7,3,2023-07-06,App,Hyderabad,Delivered,Wallet,Morning 6-10 AM,,0.0,2819.84,2819.84
ORD005465,CUST01443,2023-01-19,1,1,2023-01-22,Web,Hyderabad,Delivered,UPI,Afternoon 10-2 PM,,0.0,1959.84,1959.84
ORD005466,CUST01443,2023-09-29,9,3,2023-10-02,Kiosk,Hyderabad,Delivered,UPI,Late Night 8-11 PM,,0.0,2352.36,2352.36
ORD005467,CUST01443,2023-02-10,2,1,2023-02-11,App,Hyderabad,Delivered,UPI,Morning 6-10 AM,,0.0,1007.24,1007.24
ORD005468,CUST01443,2023-08-03,8,3,2023-08-04,App,Hyderabad,Delivered,Debit Card,Afternoon 10-2 PM,,0.0,1285.57,1285.57
ORD005469,CUST01443,2023-08-13,8,3,2023-08-16,App,Hyderabad,Delivered,UPI,Evening 4-8 PM,,0.0,233.16,233.16
ORD005470,CUST01443,2023-05-29,5,2,2023-05-30,App,Hyderabad,Delivered,UPI,Morning 6-10 AM,,0.0,3755.77,3755.77
ORD005471,CUST01443,2023-11-27,11,4,2023-11-28,Web,Hyderabad,Delivered,Credit Card,Morning 6-10 AM,,0.0,3920.27,3920.27
ORD005472,CUST01443,2023-02-27,2,1,2023-02-28,Web,Hyderabad,Delivered,Credit Card,Morning 6-10 AM,,0.0,1208.47,1208.47
ORD005473,CUST01443,2023-03-01,3,1,2023-03-03,App,Hyderabad,Delivered,COD,Afternoon 10-2 PM,,0.0,1837.79,1837.79
ORD005474,CUST01443,2023-02-13,2,1,2023-02-16,App,Hyderabad,Delivered,Debit Card,Afternoon 10-2 PM,,0.0,683.02,683.02
ORD005475,CUST01443,2023-03-14,3,1,2023-03-15,App,Hyderabad,Delivered,UPI,Morning 6-10 AM,,0.0,919.76,919.76
ORD005476,CUST01443,2023-10-22,10,4,2023-10-25,App,Hyderabad,Delivered,Credit Card,Evening 4-8 PM,DUSSEHRA23,299.4,1962.62,1663.22
ORD005477,CUST01443,2023-12-01,12,4,2023-12-02,App,Hyderabad,Delivered,UPI,Morning 6-10 AM,,0.0,3558.22,3558.22
ORD005478,CUST01443,2023-04-10,4,2,2023-04-12,App,Hyderabad,Delivered,UPI,Morning 6-10 AM,,0.0,2849.89,2849.89
ORD005479,CUST01443,2023-04-11,4,2,2023-04-13,App,Hyderabad,Delivered,Debit Card,Late Night 8-11 PM,,0.0,477.45,477.45
ORD005480,CUST01443,2023-07-31,7,3,2023-08-01,Web,Hyderabad,Delivered,Debit Card,Late Night 8-11 PM,,0.0,1435.03,1435.03
ORD005481,CUST01443,2023-11-07,11,4,2023-11-09,App,Hyderabad,Delivered,UPI,Afternoon 10-2 PM,,0.0,2001.34,2001.34
ORD005482,CUST01443,2023-02-14,2,1,2023-02-17,Web,Hyderabad,Delivered,UPI,Morning 6-10 AM,,0.0,605.49,605.49
ORD005483,CUST01443,2023-01-03,1,1,2023-01-04,App,Hyderabad,Delivered,Wallet,Morning 6-10 AM,,0.0,1968.2,1968.2
ORD005484,CUST01443,2023-12-19,12,4,2023-12-21,Web,Hyderabad,Delivered,UPI,Evening 4-8 PM,,0.0,3720.35,3720.35
ORD005485,CUST01443,2023-07-24,7,3,2023-07-25,App,Hyderabad,Returned,Credit Card,Morning 6-10 AM,,0.0,1758.58,1409.37
ORD005486,CUST01443,2023-03-26,3,1,2023-03-27,App,Hyderabad,Delivered,UPI,Morning 6-10 AM,,0.0,2291.3,2291.3
ORD005487,CUST01443,2023-11-14,11,4,2023-11-17,App,Hyderabad,Delivered,Debit Card,Afternoon 10-2 PM,DIWALI23SUPER,347.97,2276.21,1928.24
ORD005488,CUST01443,2023-12-25,12,4,2023-12-28,App,Hyderabad,Delivered,Credit Card,Evening 4-8 PM,,0.0,2070.07,2070.07
ORD005489,CUST01443,2023-02-10,2,1,2023-02-11,Kiosk,Hyderabad,Delivered,UPI,Morning 6-10 AM,,0.0,1391.18,1391.18
ORD005490,CUST01443,2023-09-29,9,3,2023-10-01,App,Hyderabad,Delivered,COD,Afternoon 10-2 PM,,0.0,4166.22,4166.22
ORD005491,CUST01446,2023-10-22,10,4,2023-10-25,App,Bengaluru,Delivered,Debit Card,Morning 6-10 AM,,0.0,2150.16,2150.16
ORD005492,CUST01446,2023-03-21,3,1,2023-03-22,App,Bengaluru,Delivered,Credit Card,Evening 4-8 PM,,0.0,211.03,211.03
ORD005493,CUST01446,2023-11-30,11,4,2023-12-01,App,Bengaluru,Delivered,UPI,Morning 6-10 AM,,0.0,930.69,930.69
ORD005494,CUST01447,2023-12-16,12,4,2023-12-18,App,Mumbai,Delivered,Debit Card,Afternoon 10-2 PM,,0.0,406.63,406.63
ORD005495,CUST01449,2023-06-10,6,2,2023-06-11,App,Hyderabad,Delivered,Credit Card,Morning 6-10 AM,,0.0,315.91,315.91
ORD005496,CUST01449,2023-05-18,5,2,2023-05-21,Web,Hyderabad,Delivered,UPI,Morning 6-10 AM,,0.0,352.9,352.9
ORD005497,CUST01450,2023-10-29,10,4,2023-10-30,Web,Mumbai,Delivered,Credit Card,Afternoon 10-2 PM,,0.0,1206.6,1206.6
ORD005498,CUST01450,2023-02-22,2,1,2023-02-23,App,Mumbai,Delivered,Credit Card,Evening 4-8 PM,,0.0,526.17,526.17
ORD005499,CUST01452,2023-06-13,6,2,2023-06-16,App,Pune,Delivered,Wallet,Evening 4-8 PM,,0.0,1260.38,1260.38
ORD005500,CUST01454,2023-05-20,5,2,2023-05-21,Web,Pune,Delivered,UPI,Afternoon 10-2 PM,,0.0,106.6,106.6
ORD005501,CUST01455,2023-03-21,3,1,2023-03-24,App,Bengaluru,Delivered,UPI,Afternoon 10-2 PM,,0.0,1784.02,1784.02
ORD005502,CUST01455,2023-02-03,2,1,2023-02-04,App,Bengaluru,Delivered,COD,Morning 6-10 AM,,0.0,1076.15,1076.15
ORD005503,CUST01455,2023-02-27,2,1,,App,Bengaluru,Cancelled,UPI,Afternoon 10-2 PM,,0.0,286.7,0.0
ORD005504,CUST01455,2023-03-08,3,1,2023-03-09,App,Bengaluru,Delivered,UPI,Evening 4-8 PM,HOLI23,60.25,1169.92,1109.67
ORD005505,CUST01455,2023-01-06,1,1,2023-01-07,App,Bengaluru,Delivered,Wallet,Morning 6-10 AM,,0.0,764.12,764.12
ORD005506,CUST01459,2023-12-07,12,4,2023-12-10,App,Lucknow,Delivered,UPI,Afternoon 10-2 PM,,0.0,1980.23,1980.23
ORD005507,CUST01459,2023-04-21,4,2,2023-04-22,App,Lucknow,Delivered,UPI,Evening 4-8 PM,,0.0,376.05,376.05
ORD005508,CUST01459,2023-01-23,1,1,2023-01-26,Kiosk,Lucknow,Delivered,UPI,Afternoon 10-2 PM,,0.0,1377.96,1377.96
ORD005509,CUST01459,2023-09-29,9,3,,App,Lucknow,Cancelled,Credit Card,Morning 6-10 AM,,0.0,3293.1,0.0
ORD005510,CUST01459,2023-12-23,12,4,2023-12-26,App,Lucknow,Delivered,UPI,Morning 6-10 AM,,0.0,1464.95,1464.95
ORD005511,CUST01459,2023-06-15,6,2,,App,Lucknow,Cancelled,Credit Card,Evening 4-8 PM,,0.0,611.94,0.0
ORD005512,CUST01459,2023-11-28,11,4,2023-11-30,App,Lucknow,Returned,Credit Card,Morning 6-10 AM,,0.0,1238.47,213.58
ORD005513,CUST01459,2023-03-13,3,1,2023-03-14,Web,Lucknow,Returned,COD,Morning 6-10 AM,,0.0,1463.35,170.86
ORD005514,CUST01459,2023-12-28,12,4,2023-12-30,Web,Lucknow,Delivered,Credit Card,Late Night 8-11 PM,,0.0,1390.83,1390.83
ORD005515,CUST01460,2023-05-31,5,2,2023-06-01,App,Bengaluru,Returned,UPI,,,0.0,311.13,195.11
ORD005516,CUST01460,2023-03-16,3,1,2023-03-17,Web,Bengaluru,Delivered,Credit Card,Morning 6-10 AM,,0.0,455.7,455.7
ORD005517,CUST01460,2023-03-13,3,1,2023-03-14,Kiosk,Bengaluru,Delivered,UPI,Morning 6-10 AM,,0.0,980.35,980.35
ORD005518,CUST01460,2023-04-16,4,2,2023-04-18,App,Bengaluru,Delivered,UPI,Morning 6-10 AM,,0.0,658.82,658.82
ORD005519,CUST01461,2023-06-17,6,2,2023-06-19,App,Lucknow,Delivered,UPI,Morning 6-10 AM,,0.0,3375.13,3375.13
ORD005520,CUST01461,2023-03-13,3,1,2023-03-14,App,Lucknow,Returned,UPI,Morning 6-10 AM,,0.0,1227.71,1206.15
ORD005521,CUST01461,2023-06-15,6,2,2023-06-16,App,Lucknow,Delivered,COD,Evening 4-8 PM,,0.0,569.79,569.79
ORD005522,CUST01461,2023-12-04,12,4,2023-12-07,App,Lucknow,Delivered,COD,Morning 6-10 AM,,0.0,885.12,885.12
ORD005523,CUST01461,2023-02-25,2,1,2023-02-27,App,Lucknow,Delivered,COD,Morning 6-10 AM,,0.0,2162.7,2162.7
ORD005524,CUST01461,2023-05-03,5,2,2023-05-05,App,Lucknow,Delivered,Debit Card,Evening 4-8 PM,,0.0,1919.68,1919.68
ORD005525,CUST01461,2023-12-02,12,4,2023-12-04,App,Lucknow,Returned,COD,Morning 6-10 AM,,0.0,515.05,302.38
ORD005526,CUST01461,2023-12-14,12,4,2023-12-15,App,Lucknow,Delivered,Wallet,Evening 4-8 PM,,0.0,1779.62,1779.62
ORD005527,CUST01461,2023-07-21,7,3,2023-07-24,App,Lucknow,Delivered,UPI,Morning 6-10 AM,,0.0,1581.26,1581.26
ORD005528,CUST01461,2023-11-14,11,4,2023-11-17,App,Lucknow,Delivered,UPI,Evening 4-8 PM,,0.0,542.44,542.44
ORD005529,CUST01461,2023-01-03,1,1,2023-01-05,App,Lucknow,Delivered,UPI,Morning 6-10 AM,,0.0,2044.85,2044.85
ORD005530,CUST01461,2023-09-05,9,3,2023-09-08,Web,Lucknow,Delivered,UPI,Afternoon 10-2 PM,,0.0,2183.06,2183.06
ORD005531,CUST01462,2023-02-26,2,1,2023-02-27,Web,Jaipur,Delivered,UPI,Morning 6-10 AM,,0.0,637.93,637.93
ORD005532,CUST01462,2023-08-04,8,3,2023-08-07,Kiosk,Jaipur,Delivered,Wallet,Evening 4-8 PM,,0.0,3664.33,3664.33
ORD005533,CUST01462,2023-09-12,9,3,2023-09-14,Web,Jaipur,Delivered,Wallet,Morning 6-10 AM,,0.0,1482.48,1482.48
ORD005534,CUST01462,2023-12-30,12,4,2024-01-02,App,Jaipur,Delivered,Credit Card,Evening 4-8 PM,XMAS23,30.57,595.75,565.18
ORD005535,CUST01462,2023-08-03,8,3,2023-08-06,App,Jaipur,Delivered,UPI,Morning 6-10 AM,,0.0,1133.83,1133.83
ORD005536,CUST01462,2023-10-12,10,4,2023-10-13,Web,Jaipur,Delivered,Debit Card,Morning 6-10 AM,,0.0,2851.77,2851.77
ORD005537,CUST01462,2023-11-22,11,4,2023-11-24,App,Jaipur,Delivered,UPI,Morning 6-10 AM,BIGSALE23,140.8,983.69,842.89
ORD005538,CUST01462,2023-03-29,3,1,2023-03-30,App,Jaipur,Delivered,UPI,Morning 6-10 AM,,0.0,3352.34,3352.34
ORD005539,CUST01462,2023-11-29,11,4,2023-12-01,App,Jaipur,Delivered,Credit Card,Afternoon 10-2 PM,,0.0,1589.28,1589.28
ORD005540,CUST01462,2023-07-02,7,3,2023-07-04,App,Jaipur,Delivered,UPI,,,0.0,2135.14,2135.14
ORD005541,CUST01462,2023-06-13,6,2,2023-06-16,Web,Jaipur,Delivered,UPI,Afternoon 10-2 PM,,0.0,620.4,620.4
ORD005542,CUST01462,2023-05-10,5,2,2023-05-11,App,Jaipur,Returned,UPI,Afternoon 10-2 PM,,0.0,2029.06,672.28
ORD005543,CUST01462,2023-07-16,7,3,2023-07-18,Kiosk,Jaipur,Delivered,UPI,Morning 6-10 AM,,0.0,805.6,805.6
ORD005544,CUST01462,2023-10-27,10,4,2023-10-29,App,Jaipur,Delivered,COD,Afternoon 10-2 PM,,0.0,1548.53,1548.53
ORD005545,CUST01462,2023-12-06,12,4,2023-12-09,Web,Jaipur,Delivered,UPI,Morning 6-10 AM,,0.0,1178.14,1178.14
ORD005546,CUST01462,2023-04-07,4,2,2023-04-09,Kiosk,Jaipur,Delivered,UPI,Morning 6-10 AM,,0.0,1465.85,1465.85
ORD005547,CUST01462,2023-04-14,4,2,2023-04-16,App,Jaipur,Delivered,Credit Card,Morning 6-10 AM,,0.0,1704.22,1704.22
ORD005548,CUST01462,2023-10-22,10,4,2023-10-24,App,Jaipur,Delivered,Credit Card,,,0.0,1051.88,1051.88
ORD005549,CUST01462,2023-06-24,6,2,2023-06-25,App,Jaipur,Delivered,Credit Card,Evening 4-8 PM,,0.0,2115.69,2115.69
ORD005550,CUST01462,2023-04-21,4,2,2023-04-22,Web,Jaipur,Returned,UPI,Evening 4-8 PM,,0.0,929.67,25.71
ORD005551,CUST01462,2023-08-30,8,3,2023-09-01,App,Jaipur,Delivered,Credit Card,Late Night 8-11 PM,,0.0,900.32,900.32
ORD005552,CUST01462,2023-12-09,12,4,2023-12-11,App,Jaipur,Delivered,Credit Card,Afternoon 10-2 PM,,0.0,621.21,621.21
ORD005553,CUST01462,2023-05-07,5,2,2023-05-09,App,Jaipur,Delivered,UPI,Late Night 8-11 PM,,0.0,2821.2,2821.2
ORD005554,CUST01463,2023-07-28,7,3,2023-07-30,Web,Mumbai,Delivered,Credit Card,Morning 6-10 AM,,0.0,480.25,480.25
ORD005555,CUST01463,2023-12-19,12,4,2023-12-21,Web,Mumbai,Delivered,UPI,Evening 4-8 PM,,0.0,1018.92,1018.92
ORD005556,CUST01463,2023-01-03,1,1,2023-01-06,App,Mumbai,Delivered,UPI,Afternoon 10-2 PM,NY2023,90.5,910.86,820.36
ORD005557,CUST01463,2023-07-29,7,3,2023-07-31,App,Mumbai,Delivered,Debit Card,Morning 6-10 AM,,0.0,1455.41,1455.41
ORD005558,CUST01463,2023-12-09,12,4,2023-12-11,Web,Mumbai,Delivered,UPI,Evening 4-8 PM,,0.0,30.52,30.52
ORD005559,CUST01464,2023-12-29,12,4,2023-12-31,App,Ahmedabad,Returned,COD,Afternoon 10-2 PM,,0.0,703.91,591.76
ORD005560,CUST01464,2023-06-27,6,2,,Web,Ahmedabad,Cancelled,COD,Evening 4-8 PM,,0.0,2160.52,0.0
ORD005561,CUST01464,2023-06-10,6,2,2023-06-11,App,Ahmedabad,Delivered,Debit Card,Evening 4-8 PM,,0.0,458.77,458.77
ORD005562,CUST01464,2023-08-05,8,3,2023-08-06,App,Ahmedabad,Delivered,Debit Card,Afternoon 10-2 PM,,0.0,289.51,289.51
ORD005563,CUST01464,2023-12-03,12,4,2023-12-05,App,Ahmedabad,Delivered,Credit Card,Morning 6-10 AM,,0.0,1375.97,1375.97
ORD005564,CUST01464,2023-10-02,10,4,,App,Ahmedabad,Cancelled,Wallet,Morning 6-10 AM,,0.0,324.6,0.0
ORD005565,CUST01464,2023-12-09,12,4,2023-12-10,App,Ahmedabad,Delivered,Wallet,Afternoon 10-2 PM,,0.0,3812.23,3812.23
ORD005566,CUST01464,2023-12-18,12,4,2023-12-20,Kiosk,Ahmedabad,Delivered,UPI,Morning 6-10 AM,,0.0,2498.31,2498.31
ORD005567,CUST01464,2023-11-22,11,4,2023-11-23,App,Ahmedabad,Delivered,UPI,Morning 6-10 AM,,0.0,422.72,422.72
ORD005568,CUST01464,2023-10-03,10,4,2023-10-06,App,Ahmedabad,Delivered,UPI,Late Night 8-11 PM,,0.0,934.04,934.04
ORD005569,CUST01464,2023-01-29,1,1,2023-01-31,App,Ahmedabad,Delivered,UPI,Late Night 8-11 PM,,0.0,669.81,669.81
ORD005570,CUST01464,2023-04-07,4,2,2023-04-08,App,Ahmedabad,Delivered,COD,Morning 6-10 AM,,0.0,867.39,867.39
ORD005571,CUST01464,2023-08-05,8,3,2023-08-06,Web,Ahmedabad,Delivered,UPI,Evening 4-8 PM,,0.0,644.32,644.32
ORD005572,CUST01464,2023-09-25,9,3,2023-09-27,Web,Ahmedabad,Delivered,UPI,Evening 4-8 PM,,0.0,858.76,858.76
ORD005573,CUST01464,2023-10-02,10,4,2023-10-05,App,Ahmedabad,Delivered,COD,Late Night 8-11 PM,,0.0,1900.26,1900.26
ORD005574,CUST01464,2023-03-15,3,1,2023-03-16,App,Ahmedabad,Delivered,Debit Card,Morning 6-10 AM,,0.0,99.81,99.81
ORD005575,CUST01464,2023-01-12,1,1,2023-01-13,Web,Ahmedabad,Delivered,UPI,Afternoon 10-2 PM,,0.0,1598.11,1598.11
ORD005576,CUST01464,2023-06-30,6,2,2023-07-03,App,Ahmedabad,Delivered,UPI,Evening 4-8 PM,,0.0,900.49,900.49
ORD005577,CUST01464,2023-06-23,6,2,2023-06-25,App,Ahmedabad,Delivered,UPI,Afternoon 10-2 PM,,0.0,1175.21,1175.21
ORD005578,CUST01464,2023-06-05,6,2,2023-06-06,App,Ahmedabad,Delivered,UPI,Morning 6-10 AM,,0.0,2109.0,2109.0
ORD005579,CUST01464,2023-12-01,12,4,2023-12-03,App,Ahmedabad,Delivered,UPI,Afternoon 10-2 PM,,0.0,561.37,561.37
ORD005580,CUST01464,2023-07-08,7,3,2023-07-10,App,Ahmedabad,Delivered,Debit Card,Afternoon 10-2 PM,,0.0,664.97,664.97
ORD005581,CUST01464,2023-12-29,12,4,2023-12-31,App,Ahmedabad,Delivered,UPI,Late Night 8-11 PM,,0.0,2460.78,2460.78
ORD005582,CUST01464,2023-09-06,9,3,2023-09-08,App,Ahmedabad,Delivered,Debit Card,Morning 6-10 AM,,0.0,730.39,730.39
ORD005583,CUST01464,2023-03-03,3,1,2023-03-04,App,Ahmedabad,Delivered,UPI,Afternoon 10-2 PM,,0.0,1223.97,1223.97
ORD005584,CUST01464,2023-09-04,9,3,2023-09-07,Web,Ahmedabad,Delivered,UPI,Morning 6-10 AM,,0.0,1421.4,1421.4
ORD005585,CUST01464,2023-06-18,6,2,,App,Ahmedabad,Cancelled,Credit Card,Afternoon 10-2 PM,,0.0,2721.69,0.0
ORD005586,CUST01464,2023-02-17,2,1,2023-02-20,App,Ahmedabad,Delivered,UPI,Morning 6-10 AM,,0.0,1155.73,1155.73
ORD005587,CUST01464,2023-01-21,1,1,2023-01-22,Kiosk,Ahmedabad,Delivered,UPI,,,0.0,1244.24,1244.24
ORD005588,CUST01464,2023-10-18,10,4,2023-10-21,App,Ahmedabad,Delivered,Credit Card,Morning 6-10 AM,,0.0,532.46,532.46
ORD005589,CUST01465,2023-01-19,1,1,2023-01-22,App,Hyderabad,Delivered,Debit Card,Evening 4-8 PM,,0.0,1142.6,1142.6
ORD005590,CUST01466,2023-08-25,8,3,2023-08-28,Web,Pune,Delivered,Credit Card,Morning 6-10 AM,,0.0,1357.83,1357.83
ORD005591,CUST01466,2023-07-10,7,3,2023-07-11,Web,Pune,Delivered,Credit Card,Evening 4-8 PM,,0.0,1370.45,1370.45
ORD005592,CUST01466,2023-05-09,5,2,2023-05-10,App,Pune,Delivered,Debit Card,Morning 6-10 AM,,0.0,553.32,553.32
ORD005593,CUST01466,2023-11-11,11,4,2023-11-14,Web,Pune,Delivered,Credit Card,Morning 6-10 AM,DIWALI23SUPER,164.01,978.01,814.0
ORD005594,CUST01466,2023-09-19,9,3,2023-09-22,App,Pune,Delivered,Credit Card,Morning 6-10 AM,,0.0,1834.06,1834.06
ORD005595,CUST01467,2023-04-11,4,2,2023-04-12,App,Jaipur,Delivered,Debit Card,Morning 6-10 AM,,0.0,314.83,314.83
ORD005596,CUST01467,2023-10-09,10,4,2023-10-11,Web,Jaipur,Returned,Credit Card,Evening 4-8 PM,,0.0,2574.38,1427.58
ORD005597,CUST01468,2023-03-30,3,1,2023-03-31,App,Delhi,Delivered,UPI,Evening 4-8 PM,,0.0,654.87,654.87
ORD005598,CUST01468,2023-05-25,5,2,2023-05-26,App,Delhi,Delivered,UPI,Afternoon 10-2 PM,,0.0,1447.51,1447.51
ORD005599,CUST01468,2023-07-02,7,3,2023-07-05,Kiosk,Delhi,Delivered,Wallet,Late Night 8-11 PM,,0.0,1239.27,1239.27
ORD005600,CUST01468,2023-11-21,11,4,2023-11-22,Web,Delhi,Delivered,Debit Card,Afternoon 10-2 PM,BIGSALE23,110.5,729.88,619.38
ORD005601,CUST01468,2023-06-21,6,2,2023-06-24,Kiosk,Delhi,Delivered,Credit Card,Evening 4-8 PM,,0.0,3214.11,3214.11
ORD005602,CUST01468,2023-09-27,9,3,2023-09-30,Web,Delhi,Delivered,Credit Card,Morning 6-10 AM,,0.0,1225.87,1225.87
ORD005603,CUST01468,2023-07-20,7,3,2023-07-22,App,Delhi,Delivered,UPI,Morning 6-10 AM,,0.0,302.59,302.59
ORD005604,CUST01468,2023-02-12,2,1,2023-02-13,App,Delhi,Returned,Credit Card,Evening 4-8 PM,,0.0,411.34,326.63
ORD005605,CUST01468,2023-06-12,6,2,2023-06-15,App,Delhi,Delivered,Debit Card,Morning 6-10 AM,,0.0,93.94,93.94
ORD005606,CUST01468,2023-04-30,4,2,2023-05-03,Web,Delhi,Delivered,COD,Evening 4-8 PM,,0.0,158.34,158.34
ORD005607,CUST01468,2023-03-18,3,1,2023-03-20,App,Delhi,Delivered,UPI,Evening 4-8 PM,,0.0,931.8,931.8
ORD005608,CUST01468,2023-08-17,8,3,2023-08-20,App,Delhi,Delivered,Debit Card,Late Night 8-11 PM,,0.0,1262.16,1262.16
ORD005609,CUST01468,2023-11-18,11,4,2023-11-19,Web,Delhi,Delivered,UPI,Afternoon 10-2 PM,,0.0,3062.81,3062.81
ORD005610,CUST01468,2023-08-25,8,3,,Web,Delhi,Cancelled,Credit Card,Afternoon 10-2 PM,,0.0,2271.47,0.0
ORD005611,CUST01468,2023-05-01,5,2,2023-05-02,Kiosk,Delhi,Delivered,Credit Card,Morning 6-10 AM,,0.0,3161.22,3161.22
ORD005612,CUST01468,2023-07-22,7,3,,Web,Delhi,Cancelled,UPI,Afternoon 10-2 PM,,0.0,1359.1,0.0
ORD005613,CUST01469,2023-01-07,1,1,2023-01-08,Kiosk,Mumbai,Delivered,COD,Evening 4-8 PM,,0.0,977.39,977.39
ORD005614,CUST01469,2023-12-02,12,4,2023-12-04,Web,Mumbai,Delivered,UPI,Evening 4-8 PM,,0.0,357.44,357.44
ORD005615,CUST01469,2023-01-12,1,1,2023-01-13,App,Mumbai,Delivered,UPI,Morning 6-10 AM,,0.0,724.64,724.64
ORD005616,CUST01471,2023-01-18,1,1,2023-01-20,App,Mumbai,Delivered,UPI,Late Night 8-11 PM,,0.0,572.13,572.13
ORD005617,CUST01471,2023-07-12,7,3,2023-07-14,Web,Mumbai,Delivered,UPI,Evening 4-8 PM,,0.0,1400.22,1400.22
ORD005618,CUST01471,2023-03-27,3,1,2023-03-30,App,Mumbai,Delivered,Credit Card,Morning 6-10 AM,,0.0,864.72,864.72
ORD005619,CUST01471,2023-04-21,4,2,2023-04-23,App,Mumbai,Delivered,UPI,Morning 6-10 AM,,0.0,1302.51,1302.51
ORD005620,CUST01471,2023-10-17,10,4,2023-10-18,App,Mumbai,Delivered,Credit Card,Morning 6-10 AM,,0.0,2745.68,2745.68
ORD005621,CUST01471,2023-02-22,2,1,2023-02-23,App,Mumbai,Delivered,COD,Morning 6-10 AM,,0.0,1471.78,1471.78
ORD005622,CUST01471,2023-10-02,10,4,2023-10-03,App,Mumbai,Delivered,Credit Card,Afternoon 10-2 PM,,0.0,834.12,834.12
ORD005623,CUST01471,2023-03-05,3,1,2023-03-08,App,Mumbai,Delivered,Wallet,Morning 6-10 AM,,0.0,50.57,50.57
ORD005624,CUST01471,2023-02-08,2,1,2023-02-10,App,Mumbai,Delivered,Credit Card,Late Night 8-11 PM,,0.0,553.16,553.16
ORD005625,CUST01471,2023-11-05,11,4,2023-11-06,App,Mumbai,Delivered,Credit Card,Morning 6-10 AM,,0.0,3880.66,3880.66
ORD005626,CUST01471,2023-01-31,1,1,2023-02-03,App,Mumbai,Delivered,UPI,Evening 4-8 PM,,0.0,728.25,728.25
ORD005627,CUST01472,2023-09-01,9,3,2023-09-02,App,Pune,Delivered,UPI,Afternoon 10-2 PM,,0.0,127.14,127.14
ORD005628,CUST01472,2023-02-13,2,1,,Web,Pune,Cancelled,Credit Card,Late Night 8-11 PM,,0.0,1491.16,0.0
ORD005629,CUST01472,2023-04-12,4,2,2023-04-13,Web,Pune,Delivered,Debit Card,Afternoon 10-2 PM,,0.0,550.04,550.04
ORD005630,CUST01473,2023-08-15,8,3,2023-08-18,Kiosk,Bengaluru,Delivered,UPI,Evening 4-8 PM,,0.0,37.04,37.04
ORD005631,CUST01473,2023-03-10,3,1,2023-03-13,App,Bengaluru,Delivered,COD,Evening 4-8 PM,,0.0,866.65,866.65
ORD005632,CUST01473,2023-09-10,9,3,2023-09-12,App,Bengaluru,Delivered,Debit Card,Evening 4-8 PM,,0.0,937.81,937.81
ORD005633,CUST01473,2023-01-26,1,1,2023-01-27,Web,Bengaluru,Delivered,UPI,Morning 6-10 AM,,0.0,2602.62,2602.62
ORD005634,CUST01473,2023-03-23,3,1,2023-03-24,App,Bengaluru,Delivered,Wallet,Morning 6-10 AM,,0.0,784.84,784.84
ORD005635,CUST01473,2023-10-28,10,4,2023-10-30,App,Bengaluru,Delivered,COD,Afternoon 10-2 PM,,0.0,642.32,642.32
ORD005636,CUST01473,2023-05-25,5,2,2023-05-28,App,Bengaluru,Delivered,UPI,Morning 6-10 AM,,0.0,7553.25,7553.25
ORD005637,CUST01473,2023-05-31,5,2,2023-06-01,Web,Bengaluru,Delivered,UPI,Evening 4-8 PM,,0.0,1929.04,1929.04
ORD005638,CUST01473,2023-03-31,3,1,2023-04-02,App,Bengaluru,Delivered,Wallet,Evening 4-8 PM,,0.0,1109.09,1109.09
ORD005639,CUST01473,2023-01-16,1,1,2023-01-19,App,Bengaluru,Delivered,Debit Card,Afternoon 10-2 PM,,0.0,1545.45,1545.45
ORD005640,CUST01473,2023-01-27,1,1,2023-01-28,Web,Bengaluru,Delivered,UPI,Evening 4-8 PM,,0.0,521.54,521.54
ORD005641,CUST01473,2023-04-20,4,2,2023-04-23,App,Bengaluru,Delivered,UPI,Late Night 8-11 PM,,0.0,1575.44,1575.44
ORD005642,CUST01473,2023-07-11,7,3,2023-07-13,Web,Bengaluru,Delivered,UPI,Evening 4-8 PM,,0.0,631.55,631.55
ORD005643,CUST01473,2023-10-31,10,4,2023-11-02,App,Bengaluru,Delivered,COD,Morning 6-10 AM,,0.0,830.21,830.21
ORD005644,CUST01473,2023-02-18,2,1,2023-02-19,App,Bengaluru,Delivered,UPI,Evening 4-8 PM,,0.0,245.02,245.02
ORD005645,CUST01477,2023-03-03,3,1,2023-03-04,Kiosk,Hyderabad,Delivered,Debit Card,Morning 6-10 AM,,0.0,2775.6,2775.6
ORD005646,CUST01477,2023-01-03,1,1,2023-01-06,App,Hyderabad,Delivered,Credit Card,Evening 4-8 PM,NY2023,58.67,400.06,341.39
ORD005647,CUST01477,2023-10-21,10,4,2023-10-24,Web,Hyderabad,Delivered,Debit Card,Evening 4-8 PM,,0.0,159.58,159.58
ORD005648,CUST01477,2023-02-26,2,1,2023-02-27,App,Hyderabad,Delivered,UPI,Late Night 8-11 PM,,0.0,1061.59,1061.59
ORD005649,CUST01477,2023-08-28,8,3,2023-08-31,App,Hyderabad,Delivered,UPI,Late Night 8-11 PM,,0.0,1600.39,1600.39
ORD005650,CUST01477,2023-11-21,11,4,2023-11-22,App,Hyderabad,Delivered,UPI,Morning 6-10 AM,,0.0,1922.65,1922.65
ORD005651,CUST01477,2023-12-21,12,4,2023-12-22,Web,Hyderabad,Delivered,UPI,Morning 6-10 AM,,0.0,1889.3,1889.3
ORD005652,CUST01477,2023-01-26,1,1,2023-01-28,Web,Hyderabad,Delivered,Debit Card,Evening 4-8 PM,,0.0,2462.5,2462.5
ORD005653,CUST01477,2023-02-24,2,1,2023-02-25,App,Hyderabad,Delivered,Credit Card,Late Night 8-11 PM,,0.0,2621.45,2621.45
ORD005654,CUST01477,2023-07-09,7,3,2023-07-12,App,Hyderabad,Delivered,Credit Card,Evening 4-8 PM,,0.0,1117.69,1117.69
ORD005655,CUST01478,2023-10-17,10,4,2023-10-18,App,Mumbai,Delivered,UPI,Afternoon 10-2 PM,,0.0,507.9,507.9
ORD005656,CUST01478,2023-06-25,6,2,2023-06-26,App,Mumbai,Delivered,UPI,Morning 6-10 AM,,0.0,2585.85,2585.85
ORD005657,CUST01478,2023-06-04,6,2,2023-06-05,App,Mumbai,Delivered,Credit Card,Late Night 8-11 PM,,0.0,932.31,932.31
ORD005658,CUST01480,2023-07-26,7,3,2023-07-29,App,Ahmedabad,Delivered,UPI,Evening 4-8 PM,,0.0,193.83,193.83
ORD005659,CUST01480,2023-05-09,5,2,2023-05-11,Web,Ahmedabad,Delivered,UPI,Morning 6-10 AM,,0.0,211.66,211.66
ORD005660,CUST01482,2023-12-05,12,4,2023-12-07,App,Pune,Delivered,UPI,Evening 4-8 PM,,0.0,1287.07,1287.07
ORD005661,CUST01482,2023-01-16,1,1,2023-01-19,App,Pune,Delivered,UPI,Evening 4-8 PM,,0.0,426.29,426.29
ORD005662,CUST01485,2023-08-26,8,3,2023-08-28,Web,Hyderabad,Delivered,UPI,Late Night 8-11 PM,,0.0,2846.56,2846.56
ORD005663,CUST01485,2023-05-06,5,2,2023-05-09,App,Hyderabad,Delivered,UPI,Late Night 8-11 PM,,0.0,104.16,104.16
ORD005664,CUST01485,2023-08-10,8,3,2023-08-12,Kiosk,Hyderabad,Delivered,UPI,Morning 6-10 AM,,0.0,1368.89,1368.89
ORD005665,CUST01485,2023-06-26,6,2,,App,Hyderabad,Cancelled,COD,Evening 4-8 PM,,0.0,2343.9,0.0
ORD005666,CUST01485,2023-11-18,11,4,2023-11-19,App,Hyderabad,Delivered,UPI,Morning 6-10 AM,,0.0,701.04,701.04
ORD005667,CUST01485,2023-06-13,6,2,2023-06-14,App,Hyderabad,Delivered,Debit Card,Afternoon 10-2 PM,,0.0,222.26,222.26
ORD005668,CUST01485,2023-08-26,8,3,2023-08-29,App,Hyderabad,Delivered,Debit Card,Morning 6-10 AM,,0.0,877.07,877.07
ORD005669,CUST01486,2023-11-16,11,4,2023-11-17,App,Mumbai,Delivered,Wallet,Morning 6-10 AM,,0.0,1034.45,1034.45
ORD005670,CUST01490,2023-06-20,6,2,2023-06-23,App,Bengaluru,Delivered,Debit Card,Morning 6-10 AM,,0.0,406.99,406.99
ORD005671,CUST01490,2023-02-02,2,1,2023-02-05,Web,Bengaluru,Delivered,UPI,Late Night 8-11 PM,,0.0,1267.05,1267.05
ORD005672,CUST01490,2023-09-29,9,3,2023-10-01,App,Bengaluru,Delivered,UPI,Evening 4-8 PM,,0.0,1110.37,1110.37
ORD005673,CUST01490,2023-11-15,11,4,2023-11-16,Web,Bengaluru,Delivered,Debit Card,Morning 6-10 AM,,0.0,1636.59,1636.59
ORD005674,CUST01490,2023-01-12,1,1,2023-01-15,App,Bengaluru,Delivered,Credit Card,Morning 6-10 AM,,0.0,599.37,599.37
ORD005675,CUST01490,2023-10-29,10,4,,Web,Bengaluru,Cancelled,UPI,Evening 4-8 PM,,0.0,430.01,0.0
ORD005676,CUST01490,2023-05-08,5,2,2023-05-09,App,Bengaluru,Delivered,UPI,Afternoon 10-2 PM,,0.0,670.68,670.68
ORD005677,CUST01491,2023-06-12,6,2,2023-06-14,Web,Hyderabad,Delivered,UPI,Afternoon 10-2 PM,,0.0,1097.87,1097.87
ORD005678,CUST01492,2023-08-21,8,3,2023-08-23,Web,Mumbai,Delivered,Wallet,Morning 6-10 AM,,0.0,179.65,179.65
ORD005679,CUST01492,2023-04-29,4,2,2023-05-01,App,Mumbai,Delivered,UPI,Evening 4-8 PM,,0.0,2018.22,2018.22
ORD005680,CUST01492,2023-10-29,10,4,2023-11-01,App,Mumbai,Delivered,UPI,Afternoon 10-2 PM,,0.0,336.36,336.36
ORD005681,CUST01492,2023-07-09,7,3,2023-07-12,Web,Mumbai,Delivered,Debit Card,Afternoon 10-2 PM,,0.0,2109.82,2109.82
ORD005682,CUST01492,2023-05-11,5,2,2023-05-13,App,Mumbai,Delivered,UPI,Evening 4-8 PM,,0.0,657.01,657.01
ORD005683,CUST01493,2023-09-28,9,3,2023-09-30,App,Mumbai,Delivered,Debit Card,Evening 4-8 PM,,0.0,807.81,807.81
ORD005684,CUST01493,2023-08-11,8,3,2023-08-12,Web,Mumbai,Delivered,Credit Card,Evening 4-8 PM,,0.0,97.23,97.23
ORD005685,CUST01493,2023-09-25,9,3,2023-09-28,Web,Mumbai,Delivered,UPI,Late Night 8-11 PM,,0.0,764.8,764.8
ORD005686,CUST01493,2023-08-25,8,3,2023-08-28,Web,Mumbai,Delivered,Credit Card,Morning 6-10 AM,,0.0,291.64,291.64
ORD005687,CUST01494,2023-09-08,9,3,2023-09-10,App,Lucknow,Delivered,UPI,Afternoon 10-2 PM,,0.0,554.24,554.24
ORD005688,CUST01494,2023-12-20,12,4,2023-12-23,App,Lucknow,Delivered,COD,Afternoon 10-2 PM,,0.0,171.75,171.75
ORD005689,CUST01495,2023-07-06,7,3,2023-07-07,App,Delhi,Delivered,UPI,Afternoon 10-2 PM,,0.0,2500.08,2500.08
ORD005690,CUST01495,2023-03-12,3,1,2023-03-13,App,Delhi,Delivered,Debit Card,Morning 6-10 AM,,0.0,1354.51,1354.51
ORD005691,CUST01495,2023-05-15,5,2,2023-05-16,App,Delhi,Delivered,Credit Card,Morning 6-10 AM,,0.0,923.13,923.13
ORD005692,CUST01495,2023-11-01,11,4,2023-11-02,Kiosk,Delhi,Delivered,UPI,Morning 6-10 AM,,0.0,656.32,656.32
ORD005693,CUST01495,2023-05-08,5,2,2023-05-10,Web,Delhi,Delivered,Debit Card,Afternoon 10-2 PM,,0.0,1318.68,1318.68
ORD005694,CUST01495,2023-10-06,10,4,2023-10-09,App,Delhi,Delivered,Credit Card,Morning 6-10 AM,,0.0,3304.94,3304.94
ORD005695,CUST01495,2023-02-23,2,1,2023-02-26,App,Delhi,Delivered,Wallet,Afternoon 10-2 PM,,0.0,858.18,858.18
ORD005696,CUST01496,2023-12-08,12,4,2023-12-10,Web,Delhi,Delivered,COD,Morning 6-10 AM,,0.0,1587.72,1587.72
ORD005697,CUST01498,2023-12-02,12,4,,Web,Delhi,Cancelled,UPI,Evening 4-8 PM,,0.0,617.25,0.0
ORD005698,CUST01498,2023-08-22,8,3,2023-08-25,App,Delhi,Delivered,UPI,Evening 4-8 PM,,0.0,1653.64,1653.64
ORD005699,CUST01498,2023-04-28,4,2,2023-04-29,App,Delhi,Delivered,Debit Card,Afternoon 10-2 PM,,0.0,548.55,548.55
ORD005700,CUST01498,2023-01-25,1,1,,Web,Delhi,Cancelled,Credit Card,Afternoon 10-2 PM,,0.0,1145.21,0.0
ORD005701,CUST01498,2023-08-08,8,3,2023-08-11,App,Delhi,Delivered,Credit Card,Evening 4-8 PM,,0.0,481.83,481.83
ORD005702,CUST01498,2023-06-07,6,2,,App,Delhi,Cancelled,COD,Afternoon 10-2 PM,,0.0,41.21,0.0
ORD005703,CUST01498,2023-08-08,8,3,2023-08-09,App,Delhi,Delivered,Credit Card,Late Night 8-11 PM,,0.0,1372.56,1372.56
ORD005704,CUST01498,2023-11-18,11,4,2023-11-19,App,Delhi,Delivered,Wallet,Morning 6-10 AM,,0.0,1586.0,1586.0
ORD005705,CUST01498,2023-09-01,9,3,2023-09-02,App,Delhi,Delivered,UPI,Evening 4-8 PM,,0.0,598.9,598.9
ORD005706,CUST01498,2023-02-14,2,1,2023-02-16,App,Delhi,Delivered,UPI,Afternoon 10-2 PM,LOVEFEB,545.23,4384.11,3838.88
ORD005707,CUST01498,2023-09-28,9,3,2023-09-30,Web,Delhi,Delivered,UPI,Evening 4-8 PM,,0.0,1621.61,1621.61
ORD005708,CUST01498,2023-11-26,11,4,2023-11-27,App,Delhi,Delivered,Wallet,Evening 4-8 PM,,0.0,1106.62,1106.62
ORD005709,CUST01498,2023-01-01,1,1,,Web,Delhi,Cancelled,Credit Card,Evening 4-8 PM,,0.0,2895.89,0.0
ORD005710,CUST01498,2023-12-01,12,4,2023-12-02,Kiosk,Delhi,Delivered,Debit Card,Morning 6-10 AM,,0.0,710.49,710.49
ORD005711,CUST01498,2023-11-11,11,4,2023-11-14,Web,Delhi,Delivered,COD,Afternoon 10-2 PM,,0.0,151.85,151.85
ORD005712,CUST01498,2023-01-21,1,1,2023-01-24,Web,Delhi,Delivered,UPI,Morning 6-10 AM,,0.0,2539.93,2539.93
ORD005713,CUST01498,2023-07-31,7,3,2023-08-02,App,Delhi,Delivered,UPI,Morning 6-10 AM,,0.0,429.52,429.52
ORD005714,CUST01498,2023-01-18,1,1,2023-01-21,App,Delhi,Delivered,UPI,Morning 6-10 AM,,0.0,1222.51,1222.51
ORD005715,CUST01498,2023-03-14,3,1,2023-03-15,App,Delhi,Delivered,Wallet,Evening 4-8 PM,,0.0,1824.78,1824.78
ORD005716,CUST01501,2023-01-14,1,1,2023-01-17,App,Mumbai,Delivered,UPI,Evening 4-8 PM,,0.0,1045.75,1045.75
ORD005717,CUST01501,2023-04-21,4,2,2023-04-22,App,Mumbai,Delivered,UPI,Evening 4-8 PM,,0.0,240.54,240.54
ORD005718,CUST01501,2023-12-19,12,4,2023-12-21,App,Mumbai,Delivered,Debit Card,Afternoon 10-2 PM,,0.0,793.11,793.11
ORD005719,CUST01501,2023-06-09,6,2,2023-06-11,App,Mumbai,Delivered,COD,Morning 6-10 AM,,0.0,1257.12,1257.12
ORD005720,CUST01501,2023-10-16,10,4,2023-10-18,Web,Mumbai,Delivered,Credit Card,Evening 4-8 PM,,0.0,180.84,180.84
ORD005721,CUST01501,2023-09-03,9,3,2023-09-06,App,Mumbai,Delivered,Debit Card,Afternoon 10-2 PM,,0.0,1505.04,1505.04
ORD005722,CUST01501,2023-02-20,2,1,2023-02-22,App,Mumbai,Delivered,Credit Card,Morning 6-10 AM,,0.0,1572.04,1572.04
ORD005723,CUST01501,2023-10-01,10,4,2023-10-03,App,Mumbai,Delivered,Debit Card,Evening 4-8 PM,,0.0,749.43,749.43
ORD005724,CUST01501,2023-12-04,12,4,,App,Mumbai,Cancelled,UPI,Evening 4-8 PM,,0.0,772.23,0.0
ORD005725,CUST01501,2023-05-25,5,2,2023-05-27,Web,Mumbai,Delivered,Credit Card,Morning 6-10 AM,,0.0,1103.69,1103.69
ORD005726,CUST01501,2023-10-27,10,4,2023-10-28,App,Mumbai,Delivered,UPI,Evening 4-8 PM,,0.0,1439.42,1439.42
ORD005727,CUST01501,2023-03-03,3,1,2023-03-04,App,Mumbai,Delivered,UPI,Morning 6-10 AM,,0.0,1036.35,1036.35
ORD005728,CUST01501,2023-08-04,8,3,2023-08-06,App,Mumbai,Delivered,Debit Card,Evening 4-8 PM,,0.0,2412.16,2412.16
ORD005729,CUST01501,2023-10-21,10,4,2023-10-23,App,Mumbai,Delivered,Debit Card,Morning 6-10 AM,DUSSEHRA23,181.12,1400.51,1219.39
ORD005730,CUST01501,2023-01-08,1,1,2023-01-11,App,Mumbai,Delivered,COD,Afternoon 10-2 PM,,0.0,1085.32,1085.32
ORD005731,CUST01501,2023-10-28,10,4,2023-10-29,Web,Mumbai,Delivered,UPI,Morning 6-10 AM,,0.0,456.26,456.26
ORD005732,CUST01501,2023-10-27,10,4,2023-10-28,App,Mumbai,Delivered,UPI,Evening 4-8 PM,,0.0,542.44,542.44
ORD005733,CUST01501,2023-11-27,11,4,2023-11-30,App,Mumbai,Delivered,COD,Evening 4-8 PM,,0.0,534.54,534.54
ORD005734,CUST01501,2023-08-07,8,3,2023-08-09,App,Mumbai,Delivered,UPI,Evening 4-8 PM,,0.0,1091.2,1091.2
ORD005735,CUST01501,2023-03-12,3,1,2023-03-15,App,Mumbai,Delivered,Wallet,Late Night 8-11 PM,,0.0,1401.58,1401.58
ORD005736,CUST01501,2023-11-20,11,4,2023-11-22,App,Mumbai,Delivered,COD,Late Night 8-11 PM,,0.0,1219.34,1219.34
ORD005737,CUST01501,2023-04-26,4,2,2023-04-29,Web,Mumbai,Delivered,UPI,Morning 6-10 AM,,0.0,1231.19,1231.19
ORD005738,CUST01502,2023-11-13,11,4,2023-11-14,App,Mumbai,Delivered,UPI,Morning 6-10 AM,,0.0,733.19,733.19
ORD005739,CUST01503,2023-03-21,3,1,,Web,Mumbai,Cancelled,UPI,Morning 6-10 AM,,0.0,377.56,0.0
ORD005740,CUST01503,2023-10-17,10,4,2023-10-20,Web,Mumbai,Delivered,Wallet,Morning 6-10 AM,,0.0,438.09,438.09
ORD005741,CUST01503,2023-03-15,3,1,2023-03-18,App,Mumbai,Delivered,Credit Card,Afternoon 10-2 PM,,0.0,128.16,128.16
ORD005742,CUST01503,2023-08-20,8,3,,Web,Mumbai,Cancelled,Credit Card,Afternoon 10-2 PM,,0.0,1188.26,0.0
ORD005743,CUST01504,2023-07-02,7,3,2023-07-05,App,Bengaluru,Delivered,UPI,Afternoon 10-2 PM,,0.0,3083.0,3083.0
ORD005744,CUST01504,2023-04-23,4,2,2023-04-26,Web,Bengaluru,Delivered,UPI,Evening 4-8 PM,,0.0,1121.23,1121.23
ORD005745,CUST01504,2023-09-06,9,3,2023-09-09,App,Bengaluru,Delivered,UPI,Afternoon 10-2 PM,,0.0,597.47,597.47
ORD005746,CUST01504,2023-12-29,12,4,2023-12-31,Web,Bengaluru,Delivered,Debit Card,Afternoon 10-2 PM,XMAS23,34.77,473.85,439.08
ORD005747,CUST01504,2023-09-07,9,3,2023-09-10,Web,Bengaluru,Delivered,UPI,Afternoon 10-2 PM,,0.0,3533.87,3533.87
ORD005748,CUST01504,2023-09-27,9,3,2023-09-28,App,Bengaluru,Delivered,Credit Card,Morning 6-10 AM,,0.0,311.48,311.48
ORD005749,CUST01504,2023-05-31,5,2,2023-06-01,App,Bengaluru,Returned,Credit Card,Afternoon 10-2 PM,,0.0,710.35,352.7
ORD005750,CUST01504,2023-12-01,12,4,2023-12-02,Web,Bengaluru,Delivered,UPI,Morning 6-10 AM,,0.0,2442.37,2442.37
ORD005751,CUST01504,2023-12-04,12,4,2023-12-05,Kiosk,Bengaluru,Delivered,Credit Card,Morning 6-10 AM,,0.0,796.06,796.06
ORD005752,CUST01506,2023-05-24,5,2,2023-05-25,Web,Delhi,Delivered,Credit Card,Evening 4-8 PM,,0.0,2668.58,2668.58
ORD005753,CUST01506,2023-01-20,1,1,2023-01-23,App,Delhi,Delivered,UPI,Afternoon 10-2 PM,,0.0,2106.28,2106.28
ORD005754,CUST01506,2023-07-08,7,3,2023-07-10,Web,Delhi,Delivered,UPI,Afternoon 10-2 PM,,0.0,3066.25,3066.25
ORD005755,CUST01506,2023-11-19,11,4,2023-11-20,Web,Delhi,Delivered,Debit Card,Evening 4-8 PM,,0.0,1253.09,1253.09
ORD005756,CUST01506,2023-10-12,10,4,2023-10-14,App,Delhi,Delivered,Credit Card,Evening 4-8 PM,,0.0,1923.37,1923.37
ORD005757,CUST01506,2023-12-12,12,4,2023-12-15,App,Delhi,Delivered,UPI,Afternoon 10-2 PM,,0.0,1501.64,1501.64
ORD005758,CUST01506,2023-09-16,9,3,2023-09-17,App,Delhi,Delivered,UPI,Afternoon 10-2 PM,,0.0,884.91,884.91
ORD005759,CUST01506,2023-02-14,2,1,2023-02-17,App,Delhi,Delivered,UPI,Morning 6-10 AM,,0.0,1900.59,1900.59
ORD005760,CUST01506,2023-10-11,10,4,2023-10-14,Kiosk,Delhi,Delivered,COD,Morning 6-10 AM,,0.0,1496.28,1496.28
ORD005761,CUST01506,2023-12-14,12,4,2023-12-16,App,Delhi,Delivered,COD,Evening 4-8 PM,,0.0,801.25,801.25
ORD005762,CUST01506,2023-05-06,5,2,2023-05-08,Web,Delhi,Delivered,UPI,Late Night 8-11 PM,,0.0,1163.39,1163.39
ORD005763,CUST01506,2023-01-09,1,1,,App,Delhi,Cancelled,Credit Card,Morning 6-10 AM,,0.0,3319.99,0.0
ORD005764,CUST01506,2023-11-19,11,4,2023-11-21,Web,Delhi,Delivered,Debit Card,Morning 6-10 AM,,0.0,2728.84,2728.84
ORD005765,CUST01506,2023-04-30,4,2,2023-05-03,App,Delhi,Delivered,COD,Evening 4-8 PM,,0.0,217.82,217.82
ORD005766,CUST01506,2023-03-30,3,1,2023-04-01,Web,Delhi,Delivered,Debit Card,Evening 4-8 PM,,0.0,1793.07,1793.07
ORD005767,CUST01506,2023-07-10,7,3,2023-07-13,Web,Delhi,Delivered,UPI,Late Night 8-11 PM,,0.0,244.9,244.9
ORD005768,CUST01509,2023-09-17,9,3,2023-09-18,App,Mumbai,Delivered,UPI,Morning 6-10 AM,,0.0,899.88,899.88
ORD005769,CUST01509,2023-04-21,4,2,2023-04-24,App,Mumbai,Delivered,UPI,Morning 6-10 AM,,0.0,599.46,599.46
ORD005770,CUST01509,2023-09-16,9,3,2023-09-18,Web,Mumbai,Delivered,UPI,Late Night 8-11 PM,,0.0,1727.39,1727.39
ORD005771,CUST01510,2023-03-24,3,1,2023-03-26,App,Pune,Delivered,Debit Card,Morning 6-10 AM,,0.0,271.16,271.16
ORD005772,CUST01514,2023-10-01,10,4,2023-10-04,App,Bengaluru,Delivered,UPI,Evening 4-8 PM,,0.0,1322.71,1322.71
ORD005773,CUST01514,2023-12-09,12,4,2023-12-11,App,Bengaluru,Returned,Credit Card,Afternoon 10-2 PM,,0.0,919.02,345.28
ORD005774,CUST01514,2023-12-12,12,4,2023-12-15,App,Bengaluru,Delivered,UPI,Morning 6-10 AM,,0.0,991.41,991.41
ORD005775,CUST01514,2023-10-26,10,4,2023-10-27,App,Bengaluru,Delivered,Credit Card,Afternoon 10-2 PM,,0.0,1571.0,1571.0
ORD005776,CUST01514,2023-06-27,6,2,2023-06-28,App,Bengaluru,Delivered,UPI,Morning 6-10 AM,,0.0,3301.5,3301.5
ORD005777,CUST01517,2023-11-02,11,4,2023-11-04,App,Bengaluru,Delivered,UPI,Afternoon 10-2 PM,,0.0,4302.38,4302.38
ORD005778,CUST01517,2023-06-25,6,2,2023-06-26,App,Bengaluru,Delivered,Debit Card,Afternoon 10-2 PM,,0.0,584.41,584.41
ORD005779,CUST01517,2023-06-22,6,2,2023-06-25,App,Bengaluru,Delivered,UPI,Morning 6-10 AM,,0.0,2694.85,2694.85
ORD005780,CUST01517,2023-02-02,2,1,2023-02-04,App,Bengaluru,Delivered,Credit Card,Morning 6-10 AM,,0.0,2415.89,2415.89
ORD005781,CUST01517,2023-01-05,1,1,2023-01-06,App,Bengaluru,Delivered,Wallet,Afternoon 10-2 PM,,0.0,755.02,755.02
ORD005782,CUST01517,2023-06-24,6,2,,App,Bengaluru,Cancelled,UPI,Afternoon 10-2 PM,,0.0,2286.54,0.0
ORD005783,CUST01517,2023-04-27,4,2,2023-04-30,App,Bengaluru,Delivered,UPI,Afternoon 10-2 PM,,0.0,505.75,505.75
ORD005784,CUST01517,2023-05-29,5,2,2023-06-01,App,Bengaluru,Delivered,UPI,Afternoon 10-2 PM,,0.0,754.62,754.62
ORD005785,CUST01517,2023-10-11,10,4,2023-10-12,Web,Bengaluru,Delivered,Wallet,Evening 4-8 PM,,0.0,235.8,235.8
ORD005786,CUST01517,2023-09-24,9,3,2023-09-27,App,Bengaluru,Delivered,COD,Morning 6-10 AM,,0.0,810.54,810.54
ORD005787,CUST01517,2023-08-05,8,3,2023-08-06,Kiosk,Bengaluru,Delivered,COD,Evening 4-8 PM,,0.0,472.95,472.95
ORD005788,CUST01517,2023-12-04,12,4,2023-12-06,App,Bengaluru,Delivered,COD,Evening 4-8 PM,,0.0,458.24,458.24
ORD005789,CUST01517,2023-11-13,11,4,2023-11-16,Web,Bengaluru,Delivered,UPI,Morning 6-10 AM,,0.0,2211.47,2211.47
ORD005790,CUST01517,2023-05-01,5,2,2023-05-02,Web,Bengaluru,Returned,UPI,Evening 4-8 PM,,0.0,2531.69,513.2
ORD005791,CUST01517,2023-05-10,5,2,2023-05-12,App,Bengaluru,Delivered,UPI,Evening 4-8 PM,,0.0,1815.2,1815.2
ORD005792,CUST01517,2023-10-05,10,4,2023-10-07,App,Bengaluru,Delivered,UPI,Afternoon 10-2 PM,,0.0,1140.26,1140.26
ORD005793,CUST01517,2023-12-23,12,4,2023-12-25,App,Bengaluru,Delivered,UPI,Morning 6-10 AM,,0.0,1387.07,1387.07
ORD005794,CUST01517,2023-02-03,2,1,2023-02-06,Web,Bengaluru,Delivered,Credit Card,Afternoon 10-2 PM,,0.0,562.18,562.18
ORD005795,CUST01517,2023-11-07,11,4,2023-11-10,App,Bengaluru,Delivered,Credit Card,Evening 4-8 PM,,0.0,386.2,386.2
ORD005796,CUST01517,2023-05-09,5,2,2023-05-11,Web,Bengaluru,Delivered,Credit Card,Afternoon 10-2 PM,,0.0,1083.92,1083.92
ORD005797,CUST01517,2023-10-08,10,4,2023-10-10,App,Bengaluru,Returned,UPI,Morning 6-10 AM,,0.0,211.26,5.91
ORD005798,CUST01517,2023-08-15,8,3,2023-08-16,App,Bengaluru,Delivered,Debit Card,Evening 4-8 PM,FREEDOM23,38.07,471.7,433.63
ORD005799,CUST01517,2023-02-05,2,1,2023-02-06,Web,Bengaluru,Delivered,COD,Morning 6-10 AM,,0.0,1179.06,1179.06
ORD005800,CUST01517,2023-11-22,11,4,2023-11-24,App,Bengaluru,Delivered,COD,Morning 6-10 AM,,0.0,1537.34,1537.34
ORD005801,CUST01517,2023-12-07,12,4,2023-12-08,App,Bengaluru,Delivered,UPI,Afternoon 10-2 PM,,0.0,2544.05,2544.05
ORD005802,CUST01517,2023-08-08,8,3,2023-08-09,App,Bengaluru,Delivered,COD,Morning 6-10 AM,,0.0,1091.09,1091.09
ORD005803,CUST01517,2023-06-14,6,2,2023-06-16,App,Bengaluru,Delivered,UPI,Morning 6-10 AM,,0.0,2470.68,2470.68
ORD005804,CUST01517,2023-03-13,3,1,2023-03-14,Web,Bengaluru,Delivered,UPI,Evening 4-8 PM,,0.0,2343.06,2343.06
ORD005805,CUST01517,2023-09-11,9,3,2023-09-14,App,Bengaluru,Delivered,Wallet,Afternoon 10-2 PM,,0.0,1245.88,1245.88
ORD005806,CUST01517,2023-11-03,11,4,,App,Bengaluru,Cancelled,COD,Evening 4-8 PM,,0.0,5703.34,0.0
ORD005807,CUST01517,2023-06-06,6,2,2023-06-07,App,Bengaluru,Delivered,Debit Card,Late Night 8-11 PM,,0.0,810.73,810.73
ORD005808,CUST01517,2023-12-16,12,4,2023-12-18,Web,Bengaluru,Delivered,Debit Card,Afternoon 10-2 PM,,0.0,3969.09,3969.09
ORD005809,CUST01517,2023-02-04,2,1,2023-02-05,Web,Bengaluru,Delivered,UPI,Morning 6-10 AM,,0.0,356.2,356.2
ORD005810,CUST01517,2023-12-16,12,4,2023-12-18,Web,Bengaluru,Delivered,UPI,Morning 6-10 AM,,0.0,1029.63,1029.63
ORD005811,CUST01517,2023-09-04,9,3,2023-09-05,Web,Bengaluru,Delivered,UPI,Morning 6-10 AM,,0.0,1906.34,1906.34
ORD005812,CUST01517,2023-09-08,9,3,2023-09-11,App,Bengaluru,Delivered,Debit Card,Morning 6-10 AM,,0.0,1084.08,1084.08
ORD005813,CUST01517,2023-04-07,4,2,2023-04-09,Web,Bengaluru,Returned,Debit Card,Afternoon 10-2 PM,,0.0,5691.24,3346.09
ORD005814,CUST01517,2023-10-20,10,4,2023-10-21,App,Bengaluru,Delivered,UPI,Morning 6-10 AM,,0.0,1777.02,1777.02
ORD005815,CUST01517,2023-03-05,3,1,2023-03-06,Web,Bengaluru,Delivered,Wallet,Evening 4-8 PM,,0.0,1269.14,1269.14
ORD005816,CUST01517,2023-05-11,5,2,2023-05-12,App,Bengaluru,Delivered,UPI,Evening 4-8 PM,,0.0,870.77,870.77
ORD005817,CUST01518,2023-07-14,7,3,2023-07-15,App,Hyderabad,Delivered,Debit Card,Morning 6-10 AM,,0.0,307.87,307.87
ORD005818,CUST01518,2023-08-23,8,3,2023-08-26,App,Hyderabad,Delivered,UPI,Afternoon 10-2 PM,,0.0,54.13,54.13
ORD005819,CUST01520,2023-12-22,12,4,,App,Mumbai,Cancelled,Credit Card,Morning 6-10 AM,,0.0,1006.43,0.0
ORD005820,CUST01520,2023-09-26,9,3,,App,Mumbai,Cancelled,UPI,Afternoon 10-2 PM,,0.0,1179.42,0.0
ORD005821,CUST01520,2023-09-27,9,3,2023-09-28,Kiosk,Mumbai,Delivered,Wallet,Morning 6-10 AM,,0.0,1298.88,1298.88
ORD005822,CUST01520,2023-10-14,10,4,2023-10-15,Web,Mumbai,Delivered,Credit Card,Morning 6-10 AM,,0.0,1766.92,1766.92
ORD005823,CUST01520,2023-08-29,8,3,2023-08-31,App,Mumbai,Delivered,UPI,Evening 4-8 PM,,0.0,732.8,732.8
ORD005824,CUST01520,2023-09-10,9,3,2023-09-13,App,Mumbai,Delivered,Wallet,Evening 4-8 PM,,0.0,2655.63,2655.63
ORD005825,CUST01520,2023-03-27,3,1,2023-03-30,Web,Mumbai,Delivered,UPI,Afternoon 10-2 PM,,0.0,2375.76,2375.76
ORD005826,CUST01520,2023-06-18,6,2,2023-06-21,App,Mumbai,Delivered,Credit Card,Afternoon 10-2 PM,,0.0,1278.9,1278.9
ORD005827,CUST01520,2023-01-22,1,1,2023-01-25,App,Mumbai,Delivered,COD,Evening 4-8 PM,,0.0,1427.12,1427.12
ORD005828,CUST01522,2023-07-29,7,3,2023-07-31,App,Hyderabad,Delivered,Credit Card,Evening 4-8 PM,,0.0,85.16,85.16
ORD005829,CUST01523,2023-10-26,10,4,2023-10-27,App,Ahmedabad,Delivered,UPI,Afternoon 10-2 PM,,0.0,1733.99,1733.99
ORD005830,CUST01523,2023-01-27,1,1,,App,Ahmedabad,Cancelled,UPI,Morning 6-10 AM,,0.0,1724.23,0.0
ORD005831,CUST01523,2023-10-11,10,4,2023-10-12,App,Ahmedabad,Delivered,Wallet,Afternoon 10-2 PM,,0.0,399.47,399.47
ORD005832,CUST01523,2023-12-03,12,4,2023-12-06,App,Ahmedabad,Delivered,COD,Afternoon 10-2 PM,,0.0,702.72,702.72
ORD005833,CUST01523,2023-12-16,12,4,2023-12-19,Web,Ahmedabad,Delivered,Wallet,Evening 4-8 PM,,0.0,1337.26,1337.26
ORD005834,CUST01523,2023-11-13,11,4,2023-11-16,Web,Ahmedabad,Delivered,COD,Morning 6-10 AM,,0.0,697.7,697.7
ORD005835,CUST01523,2023-01-04,1,1,2023-01-05,App,Ahmedabad,Delivered,UPI,Morning 6-10 AM,,0.0,1710.37,1710.37
ORD005836,CUST01523,2023-09-15,9,3,,App,Ahmedabad,Cancelled,UPI,Morning 6-10 AM,,0.0,3288.18,0.0
ORD005837,CUST01523,2023-01-08,1,1,2023-01-10,Web,Ahmedabad,Delivered,UPI,Morning 6-10 AM,,0.0,641.0,641.0
ORD005838,CUST01523,2023-02-18,2,1,2023-02-21,App,Ahmedabad,Delivered,Wallet,Afternoon 10-2 PM,,0.0,3747.89,3747.89
ORD005839,CUST01523,2023-07-09,7,3,2023-07-11,Web,Ahmedabad,Delivered,UPI,Afternoon 10-2 PM,,0.0,1281.17,1281.17
ORD005840,CUST01523,2023-08-30,8,3,2023-09-02,App,Ahmedabad,Delivered,UPI,Afternoon 10-2 PM,,0.0,1970.08,1970.08
ORD005841,CUST01523,2023-01-05,1,1,2023-01-06,Web,Ahmedabad,Delivered,COD,Afternoon 10-2 PM,,0.0,1187.6,1187.6
ORD005842,CUST01523,2023-03-12,3,1,2023-03-15,App,Ahmedabad,Delivered,COD,Morning 6-10 AM,,0.0,2412.2,2412.2
ORD005843,CUST01523,2023-07-28,7,3,2023-07-30,App,Ahmedabad,Delivered,UPI,Morning 6-10 AM,,0.0,678.2,678.2
ORD005844,CUST01523,2023-10-07,10,4,2023-10-10,Web,Ahmedabad,Delivered,Wallet,Morning 6-10 AM,,0.0,2417.49,2417.49
ORD005845,CUST01523,2023-07-13,7,3,2023-07-16,Web,Ahmedabad,Delivered,UPI,Evening 4-8 PM,,0.0,2182.81,2182.81
ORD005846,CUST01523,2023-05-21,5,2,2023-05-23,Web,Ahmedabad,Delivered,Debit Card,Morning 6-10 AM,,0.0,3346.67,3346.67
ORD005847,CUST01523,2023-10-22,10,4,2023-10-25,Web,Ahmedabad,Delivered,UPI,Afternoon 10-2 PM,,0.0,888.8,888.8
ORD005848,CUST01523,2023-04-20,4,2,2023-04-23,App,Ahmedabad,Delivered,UPI,Morning 6-10 AM,,0.0,1107.85,1107.85
ORD005849,CUST01523,2023-10-29,10,4,2023-10-30,App,Ahmedabad,Delivered,Credit Card,Evening 4-8 PM,,0.0,2076.81,2076.81
ORD005850,CUST01523,2023-08-28,8,3,2023-08-31,Web,Ahmedabad,Delivered,UPI,Afternoon 10-2 PM,,0.0,4352.36,4352.36
ORD005851,CUST01523,2023-01-06,1,1,2023-01-08,Web,Ahmedabad,Delivered,UPI,Late Night 8-11 PM,,0.0,1223.61,1223.61
ORD005852,CUST01523,2023-12-06,12,4,,Web,Ahmedabad,Cancelled,Credit Card,Morning 6-10 AM,,0.0,1003.76,0.0
ORD005853,CUST01523,2023-07-28,7,3,2023-07-31,App,Ahmedabad,Delivered,UPI,Late Night 8-11 PM,,0.0,1501.32,1501.32
ORD005854,CUST01523,2023-11-02,11,4,2023-11-03,Web,Ahmedabad,Delivered,UPI,Afternoon 10-2 PM,,0.0,1711.08,1711.08
ORD005855,CUST01523,2023-11-27,11,4,2023-11-28,App,Ahmedabad,Delivered,UPI,Evening 4-8 PM,,0.0,902.48,902.48
ORD005856,CUST01524,2023-07-25,7,3,2023-07-26,App,Mumbai,Delivered,UPI,Morning 6-10 AM,,0.0,1812.44,1812.44
ORD005857,CUST01524,2023-05-05,5,2,2023-05-07,App,Mumbai,Delivered,Debit Card,Afternoon 10-2 PM,,0.0,430.68,430.68
ORD005858,CUST01524,2023-11-15,11,4,2023-11-16,Web,Mumbai,Delivered,UPI,Afternoon 10-2 PM,DIWALI23SUPER,94.93,827.87,732.94
ORD005859,CUST01524,2023-05-04,5,2,2023-05-05,App,Mumbai,Delivered,Credit Card,Evening 4-8 PM,,0.0,2663.56,2663.56
ORD005860,CUST01524,2023-06-14,6,2,2023-06-16,App,Mumbai,Delivered,Wallet,Morning 6-10 AM,,0.0,2049.56,2049.56
ORD005861,CUST01524,2023-01-18,1,1,2023-01-20,App,Mumbai,Delivered,COD,Evening 4-8 PM,,0.0,140.06,140.06
ORD005862,CUST01524,2023-11-08,11,4,2023-11-10,Kiosk,Mumbai,Delivered,COD,Evening 4-8 PM,,0.0,709.2,709.2
ORD005863,CUST01524,2023-03-30,3,1,2023-04-02,Kiosk,Mumbai,Delivered,Credit Card,Late Night 8-11 PM,,0.0,823.2,823.2
ORD005864,CUST01524,2023-05-01,5,2,2023-05-02,App,Mumbai,Delivered,COD,Afternoon 10-2 PM,,0.0,4286.81,4286.81
ORD005865,CUST01524,2023-03-31,3,1,2023-04-02,App,Mumbai,Delivered,UPI,Morning 6-10 AM,,0.0,475.1,475.1
ORD005866,CUST01524,2023-12-08,12,4,2023-12-10,Web,Mumbai,Delivered,UPI,Morning 6-10 AM,,0.0,68.88,68.88
ORD005867,CUST01524,2023-10-01,10,4,2023-10-02,Kiosk,Mumbai,Delivered,Credit Card,Afternoon 10-2 PM,,0.0,439.57,439.57
ORD005868,CUST01524,2023-12-02,12,4,,App,Mumbai,Cancelled,UPI,Evening 4-8 PM,,0.0,1139.3,0.0
ORD005869,CUST01524,2023-06-24,6,2,2023-06-26,Web,Mumbai,Delivered,UPI,Morning 6-10 AM,,0.0,229.82,229.82
ORD005870,CUST01524,2023-03-09,3,1,2023-03-10,Web,Mumbai,Delivered,UPI,Evening 4-8 PM,,0.0,5123.33,5123.33
ORD005871,CUST01524,2023-11-21,11,4,2023-11-23,Web,Mumbai,Delivered,Wallet,Morning 6-10 AM,,0.0,63.9,63.9
ORD005872,CUST01524,2023-06-06,6,2,2023-06-07,App,Mumbai,Delivered,UPI,Evening 4-8 PM,,0.0,2064.49,2064.49
ORD005873,CUST01524,2023-07-31,7,3,,App,Mumbai,Cancelled,COD,Evening 4-8 PM,,0.0,548.89,0.0
ORD005874,CUST01524,2023-08-25,8,3,2023-08-27,Kiosk,Mumbai,Delivered,Wallet,Evening 4-8 PM,,0.0,1708.63,1708.63
ORD005875,CUST01524,2023-01-07,1,1,2023-01-10,App,Mumbai,Delivered,UPI,Afternoon 10-2 PM,,0.0,611.8,611.8
ORD005876,CUST01524,2023-07-21,7,3,2023-07-22,Web,Mumbai,Delivered,COD,Morning 6-10 AM,,0.0,1768.03,1768.03
ORD005877,CUST01524,2023-01-01,1,1,2023-01-04,App,Mumbai,Delivered,UPI,Morning 6-10 AM,,0.0,932.5,932.5
ORD005878,CUST01524,2023-03-13,3,1,2023-03-16,App,Mumbai,Delivered,Wallet,Late Night 8-11 PM,,0.0,1832.44,1832.44
ORD005879,CUST01524,2023-11-02,11,4,2023-11-03,Web,Mumbai,Delivered,Wallet,Late Night 8-11 PM,,0.0,1725.05,1725.05
ORD005880,CUST01524,2023-10-17,10,4,2023-10-18,Kiosk,Mumbai,Delivered,Debit Card,Morning 6-10 AM,,0.0,352.27,352.27
ORD005881,CUST01524,2023-04-15,4,2,,Web,Mumbai,Cancelled,UPI,Morning 6-10 AM,,0.0,1490.43,0.0
ORD005882,CUST01526,2023-03-08,3,1,2023-03-11,App,Bengaluru,Delivered,UPI,Afternoon 10-2 PM,HOLI23,197.79,1314.35,1116.56
ORD005883,CUST01526,2023-12-17,12,4,2023-12-20,Web,Bengaluru,Delivered,UPI,Evening 4-8 PM,,0.0,832.68,832.68
ORD005884,CUST01526,2023-03-28,3,1,2023-03-31,Web,Bengaluru,Delivered,UPI,Afternoon 10-2 PM,,0.0,100.44,100.44
ORD005885,CUST01526,2023-01-12,1,1,2023-01-13,Web,Bengaluru,Delivered,COD,Morning 6-10 AM,,0.0,1944.9,1944.9
ORD005886,CUST01526,2023-01-09,1,1,2023-01-12,Web,Bengaluru,Delivered,Debit Card,Evening 4-8 PM,,0.0,2426.92,2426.92
ORD005887,CUST01526,2023-03-09,3,1,2023-03-10,App,Bengaluru,Delivered,Debit Card,Afternoon 10-2 PM,,0.0,1086.92,1086.92
ORD005888,CUST01526,2023-10-23,10,4,,Web,Bengaluru,Cancelled,Credit Card,Morning 6-10 AM,,0.0,1080.4,0.0
ORD005889,CUST01526,2023-04-06,4,2,2023-04-09,App,Bengaluru,Delivered,Credit Card,Late Night 8-11 PM,,0.0,1401.56,1401.56
ORD005890,CUST01526,2023-06-26,6,2,2023-06-29,App,Bengaluru,Delivered,Credit Card,Afternoon 10-2 PM,,0.0,1106.78,1106.78
ORD005891,CUST01526,2023-04-27,4,2,2023-04-28,Kiosk,Bengaluru,Delivered,Credit Card,Evening 4-8 PM,,0.0,1321.36,1321.36
ORD005892,CUST01529,2023-08-19,8,3,2023-08-21,App,Mumbai,Delivered,Wallet,Late Night 8-11 PM,,0.0,1090.63,1090.63
ORD005893,CUST01529,2023-06-22,6,2,2023-06-23,App,Mumbai,Returned,Credit Card,Morning 6-10 AM,,0.0,1194.28,335.02
ORD005894,CUST01529,2023-04-30,4,2,2023-05-01,Kiosk,Mumbai,Delivered,UPI,Morning 6-10 AM,,0.0,1452.55,1452.55
ORD005895,CUST01529,2023-12-11,12,4,2023-12-14,App,Mumbai,Delivered,Credit Card,Evening 4-8 PM,,0.0,621.97,621.97
ORD005896,CUST01529,2023-11-22,11,4,2023-11-23,App,Mumbai,Delivered,UPI,Morning 6-10 AM,,0.0,3255.03,3255.03
ORD005897,CUST01529,2023-07-01,7,3,2023-07-02,Web,Mumbai,Delivered,UPI,Evening 4-8 PM,,0.0,1227.83,1227.83
ORD005898,CUST01529,2023-11-27,11,4,2023-11-29,App,Mumbai,Delivered,UPI,Morning 6-10 AM,,0.0,86.45,86.45
ORD005899,CUST01529,2023-12-26,12,4,,Web,Mumbai,Cancelled,Debit Card,Evening 4-8 PM,XMAS23,0.0,558.55,0.0
ORD005900,CUST01529,2023-01-05,1,1,2023-01-08,Web,Mumbai,Delivered,COD,Evening 4-8 PM,,0.0,1078.47,1078.47
ORD005901,CUST01529,2023-08-03,8,3,,App,Mumbai,Cancelled,Credit Card,Late Night 8-11 PM,,0.0,527.18,0.0
ORD005902,CUST01529,2023-06-10,6,2,2023-06-11,Web,Mumbai,Delivered,Credit Card,Evening 4-8 PM,,0.0,631.08,631.08
ORD005903,CUST01529,2023-01-31,1,1,2023-02-01,Web,Mumbai,Returned,UPI,Morning 6-10 AM,,0.0,4439.92,1157.55
ORD005904,CUST01529,2023-10-14,10,4,2023-10-15,App,Mumbai,Delivered,UPI,Afternoon 10-2 PM,,0.0,266.7,266.7
ORD005905,CUST01529,2023-04-12,4,2,2023-04-13,App,Mumbai,Returned,Wallet,Afternoon 10-2 PM,,0.0,1702.57,501.21
ORD005906,CUST01529,2023-05-29,5,2,2023-05-30,App,Mumbai,Delivered,COD,Afternoon 10-2 PM,,0.0,1480.52,1480.52
ORD005907,CUST01529,2023-07-21,7,3,2023-07-23,App,Mumbai,Delivered,UPI,Afternoon 10-2 PM,,0.0,1474.06,1474.06
ORD005908,CUST01530,2023-09-19,9,3,2023-09-20,App,Delhi,Delivered,Wallet,Morning 6-10 AM,,0.0,282.96,282.96
ORD005909,CUST01531,2023-01-27,1,1,2023-01-28,Web,Delhi,Delivered,Wallet,Evening 4-8 PM,,0.0,1248.74,1248.74
ORD005910,CUST01531,2023-12-23,12,4,2023-12-25,App,Delhi,Delivered,Credit Card,Morning 6-10 AM,,0.0,463.39,463.39
ORD005911,CUST01531,2023-04-20,4,2,2023-04-21,Web,Delhi,Delivered,Wallet,Late Night 8-11 PM,,0.0,1599.3,1599.3
ORD005912,CUST01531,2023-06-09,6,2,2023-06-12,App,Delhi,Delivered,Credit Card,,,0.0,274.8,274.8
ORD005913,CUST01531,2023-01-12,1,1,2023-01-13,Web,Delhi,Delivered,UPI,Late Night 8-11 PM,,0.0,624.57,624.57
ORD005914,CUST01531,2023-08-11,8,3,2023-08-12,App,Delhi,Delivered,Debit Card,Evening 4-8 PM,,0.0,3120.64,3120.64
ORD005915,CUST01531,2023-05-11,5,2,2023-05-14,App,Delhi,Delivered,UPI,Late Night 8-11 PM,,0.0,559.52,559.52
ORD005916,CUST01531,2023-01-17,1,1,2023-01-19,Web,Delhi,Delivered,UPI,Evening 4-8 PM,,0.0,1571.31,1571.31
ORD005917,CUST01531,2023-09-13,9,3,2023-09-14,App,Delhi,Delivered,Wallet,Evening 4-8 PM,,0.0,446.99,446.99
ORD005918,CUST01540,2023-12-17,12,4,2023-12-18,App,Delhi,Delivered,UPI,Evening 4-8 PM,,0.0,2298.62,2298.62
ORD005919,CUST01540,2023-10-18,10,4,2023-10-21,App,Delhi,Delivered,UPI,Afternoon 10-2 PM,,0.0,2726.57,2726.57
ORD005920,CUST01540,2023-11-22,11,4,2023-11-25,App,Delhi,Delivered,UPI,Evening 4-8 PM,,0.0,1332.8,1332.8
ORD005921,CUST01540,2023-09-05,9,3,,App,Delhi,Cancelled,COD,Afternoon 10-2 PM,,0.0,3501.12,0.0
ORD005922,CUST01540,2023-03-07,3,1,2023-03-08,App,Delhi,Delivered,UPI,Evening 4-8 PM,,0.0,1056.91,1056.91
ORD005923,CUST01541,2023-11-21,11,4,2023-11-24,App,Bengaluru,Delivered,UPI,Late Night 8-11 PM,,0.0,308.2,308.2
ORD005924,CUST01544,2023-06-13,6,2,2023-06-16,App,Mumbai,Delivered,UPI,Morning 6-10 AM,,0.0,177.2,177.2
ORD005925,CUST01544,2023-01-15,1,1,2023-01-16,App,Mumbai,Delivered,Debit Card,Afternoon 10-2 PM,,0.0,1041.37,1041.37
ORD005926,CUST01544,2023-10-11,10,4,2023-10-14,App,Mumbai,Delivered,COD,Evening 4-8 PM,,0.0,82.79,82.79
ORD005927,CUST01544,2023-03-13,3,1,2023-03-15,Web,Mumbai,Delivered,UPI,Morning 6-10 AM,,0.0,1656.8,1656.8
ORD005928,CUST01544,2023-11-24,11,4,2023-11-25,App,Mumbai,Delivered,Credit Card,Afternoon 10-2 PM,,0.0,1020.19,1020.19
ORD005929,CUST01546,2023-09-24,9,3,2023-09-27,Kiosk,Mumbai,Delivered,UPI,Morning 6-10 AM,,0.0,571.06,571.06
ORD005930,CUST01547,2023-10-10,10,4,2023-10-11,Web,Delhi,Delivered,Credit Card,Morning 6-10 AM,,0.0,475.4,475.4
ORD005931,CUST01549,2023-10-12,10,4,2023-10-14,App,Mumbai,Delivered,Debit Card,Evening 4-8 PM,,0.0,1267.05,1267.05
ORD005932,CUST01549,2023-12-27,12,4,2023-12-28,App,Mumbai,Delivered,Credit Card,Morning 6-10 AM,XMAS23,28.44,193.36,164.92
ORD005933,CUST01549,2023-02-07,2,1,2023-02-09,Web,Mumbai,Delivered,UPI,Evening 4-8 PM,,0.0,1147.78,1147.78
ORD005934,CUST01549,2023-06-23,6,2,2023-06-24,App,Mumbai,Delivered,Debit Card,Late Night 8-11 PM,,0.0,1336.76,1336.76
ORD005935,CUST01549,2023-11-19,11,4,2023-11-20,App,Mumbai,Delivered,Credit Card,Afternoon 10-2 PM,,0.0,430.84,430.84
ORD005936,CUST01549,2023-02-23,2,1,2023-02-26,App,Mumbai,Delivered,UPI,Afternoon 10-2 PM,,0.0,510.15,510.15
ORD005937,CUST01550,2023-12-03,12,4,2023-12-06,App,Delhi,Delivered,COD,Afternoon 10-2 PM,,0.0,55.17,55.17
ORD005938,CUST01554,2023-12-22,12,4,2023-12-25,App,Jaipur,Delivered,Credit Card,Evening 4-8 PM,,0.0,440.39,440.39
ORD005939,CUST01554,2023-07-01,7,3,2023-07-04,Web,Jaipur,Delivered,Wallet,Afternoon 10-2 PM,,0.0,139.69,139.69
ORD005940,CUST01554,2023-06-18,6,2,2023-06-21,App,Jaipur,Delivered,UPI,Morning 6-10 AM,,0.0,98.16,98.16
ORD005941,CUST01555,2023-04-10,4,2,,Web,Mumbai,Cancelled,UPI,Afternoon 10-2 PM,,0.0,2162.54,0.0
ORD005942,CUST01555,2023-06-13,6,2,2023-06-14,App,Mumbai,Delivered,Wallet,Morning 6-10 AM,,0.0,671.6,671.6
ORD005943,CUST01555,2023-02-26,2,1,2023-03-01,Web,Mumbai,Delivered,UPI,Morning 6-10 AM,,0.0,1836.26,1836.26
ORD005944,CUST01555,2023-08-22,8,3,2023-08-23,App,Mumbai,Delivered,UPI,Afternoon 10-2 PM,,0.0,323.26,323.26
ORD005945,CUST01555,2023-08-11,8,3,2023-08-13,App,Mumbai,Delivered,Debit Card,Evening 4-8 PM,,0.0,1302.18,1302.18
ORD005946,CUST01555,2023-10-27,10,4,2023-10-29,Web,Mumbai,Delivered,UPI,Late Night 8-11 PM,,0.0,1059.05,1059.05
ORD005947,CUST01555,2023-10-20,10,4,2023-10-22,App,Mumbai,Delivered,UPI,Late Night 8-11 PM,,0.0,543.63,543.63
ORD005948,CUST01555,2023-04-01,4,2,,App,Mumbai,Cancelled,Credit Card,Morning 6-10 AM,,0.0,1350.05,0.0
ORD005949,CUST01555,2023-01-16,1,1,2023-01-18,Web,Mumbai,Delivered,UPI,Morning 6-10 AM,,0.0,601.34,601.34
ORD005950,CUST01558,2023-05-12,5,2,,App,Lucknow,Cancelled,UPI,Morning 6-10 AM,,0.0,1132.0,0.0
ORD005951,CUST01558,2023-01-14,1,1,2023-01-15,App,Lucknow,Delivered,UPI,Afternoon 10-2 PM,,0.0,1088.78,1088.78
ORD005952,CUST01558,2023-09-27,9,3,2023-09-30,App,Lucknow,Delivered,UPI,Evening 4-8 PM,,0.0,38.29,38.29
ORD005953,CUST01558,2023-09-20,9,3,,App,Lucknow,Cancelled,Debit Card,Morning 6-10 AM,,0.0,1147.62,0.0
ORD005954,CUST01558,2023-10-31,10,4,2023-11-02,Web,Lucknow,Delivered,UPI,Afternoon 10-2 PM,,0.0,1217.29,1217.29
ORD005955,CUST01558,2023-05-21,5,2,2023-05-23,Web,Lucknow,Delivered,UPI,Evening 4-8 PM,,0.0,1311.47,1311.47
ORD005956,CUST01558,2023-01-27,1,1,2023-01-29,Web,Lucknow,Delivered,Credit Card,Afternoon 10-2 PM,,0.0,1371.07,1371.07
ORD005957,CUST01562,2023-04-11,4,2,2023-04-12,App,Jaipur,Delivered,Debit Card,Morning 6-10 AM,,0.0,1802.35,1802.35
ORD005958,CUST01562,2023-11-16,11,4,2023-11-19,App,Jaipur,Delivered,UPI,Evening 4-8 PM,,0.0,1823.93,1823.93
ORD005959,CUST01562,2023-05-07,5,2,,Web,Jaipur,Cancelled,UPI,Morning 6-10 AM,,0.0,887.08,0.0
ORD005960,CUST01562,2023-10-30,10,4,2023-11-01,App,Jaipur,Delivered,Wallet,Morning 6-10 AM,,0.0,4196.88,4196.88
ORD005961,CUST01562,2023-03-19,3,1,2023-03-20,App,Jaipur,Delivered,UPI,Morning 6-10 AM,,0.0,710.96,710.96
ORD005962,CUST01562,2023-04-02,4,2,2023-04-03,App,Jaipur,Delivered,Credit Card,Morning 6-10 AM,,0.0,2479.87,2479.87
ORD005963,CUST01562,2023-11-03,11,4,,Kiosk,Jaipur,Cancelled,COD,Evening 4-8 PM,,0.0,380.55,0.0
ORD005964,CUST01562,2023-04-10,4,2,2023-04-12,Web,Jaipur,Delivered,Debit Card,Evening 4-8 PM,,0.0,1464.14,1464.14
ORD005965,CUST01562,2023-10-21,10,4,2023-10-23,App,Jaipur,Delivered,UPI,Afternoon 10-2 PM,,0.0,398.71,398.71
ORD005966,CUST01562,2023-12-18,12,4,,App,Jaipur,Cancelled,UPI,Evening 4-8 PM,,0.0,805.93,0.0
ORD005967,CUST01562,2023-09-18,9,3,2023-09-20,App,Jaipur,Delivered,UPI,Evening 4-8 PM,,0.0,1145.5,1145.5
ORD005968,CUST01562,2023-02-11,2,1,2023-02-12,App,Jaipur,Delivered,UPI,Morning 6-10 AM,LOVEFEB,71.18,519.37,448.19
ORD005969,CUST01562,2023-01-11,1,1,2023-01-12,App,Jaipur,Delivered,UPI,Afternoon 10-2 PM,,0.0,733.4,733.4
ORD005970,CUST01562,2023-06-27,6,2,2023-06-29,Web,Jaipur,Delivered,Credit Card,Afternoon 10-2 PM,,0.0,474.4,474.4
ORD005971,CUST01562,2023-10-19,10,4,,Web,Jaipur,Cancelled,Wallet,Evening 4-8 PM,,0.0,437.68,0.0
ORD005972,CUST01565,2023-03-18,3,1,2023-03-21,App,Delhi,Delivered,Wallet,Evening 4-8 PM,,0.0,19.75,19.75
ORD005973,CUST01565,2023-05-04,5,2,2023-05-05,Web,Delhi,Delivered,Debit Card,Afternoon 10-2 PM,,0.0,873.9,873.9
ORD005974,CUST01565,2023-08-28,8,3,2023-08-30,App,Delhi,Delivered,Wallet,Evening 4-8 PM,,0.0,1542.74,1542.74
ORD005975,CUST01566,2023-11-04,11,4,,App,Pune,Cancelled,Debit Card,Morning 6-10 AM,,0.0,4339.87,0.0
ORD005976,CUST01566,2023-05-17,5,2,2023-05-20,App,Pune,Delivered,UPI,Late Night 8-11 PM,,0.0,1610.59,1610.59
ORD005977,CUST01566,2023-09-15,9,3,2023-09-18,Web,Pune,Delivered,UPI,Evening 4-8 PM,,0.0,2795.02,2795.02
ORD005978,CUST01566,2023-07-27,7,3,2023-07-28,Kiosk,Pune,Delivered,Credit Card,Afternoon 10-2 PM,,0.0,2943.05,2943.05
ORD005979,CUST01566,2023-02-04,2,1,,App,Pune,Cancelled,COD,Afternoon 10-2 PM,,0.0,1521.91,0.0
ORD005980,CUST01566,2023-11-08,11,4,2023-11-09,Web,Pune,Delivered,UPI,Evening 4-8 PM,,0.0,1365.71,1365.71
ORD005981,CUST01566,2023-07-09,7,3,2023-07-11,App,Pune,Delivered,UPI,Afternoon 10-2 PM,,0.0,2965.71,2965.71
ORD005982,CUST01566,2023-10-14,10,4,2023-10-15,Web,Pune,Delivered,UPI,Evening 4-8 PM,,0.0,2431.46,2431.46
ORD005983,CUST01566,2023-11-30,11,4,2023-12-01,App,Pune,Delivered,UPI,Morning 6-10 AM,,0.0,1138.13,1138.13
ORD005984,CUST01566,2023-05-31,5,2,2023-06-01,Web,Pune,Returned,COD,Evening 4-8 PM,,0.0,1047.97,633.83
ORD005985,CUST01566,2023-06-22,6,2,2023-06-23,Web,Pune,Returned,Debit Card,Morning 6-10 AM,,0.0,1221.53,838.9
ORD005986,CUST01566,2023-05-31,5,2,2023-06-02,Web,Pune,Delivered,Credit Card,Morning 6-10 AM,,0.0,2216.3,2216.3
ORD005987,CUST01566,2023-10-15,10,4,,App,Pune,Cancelled,Credit Card,Evening 4-8 PM,,0.0,1503.15,0.0
ORD005988,CUST01566,2023-12-17,12,4,2023-12-20,App,Pune,Delivered,UPI,Afternoon 10-2 PM,,0.0,2211.65,2211.65
ORD005989,CUST01566,2023-12-22,12,4,2023-12-23,Web,Pune,Delivered,UPI,Morning 6-10 AM,,0.0,1218.39,1218.39
ORD005990,CUST01566,2023-02-14,2,1,2023-02-17,App,Pune,Delivered,UPI,Morning 6-10 AM,LOVEFEB,90.16,740.62,650.46
ORD005991,CUST01566,2023-11-14,11,4,2023-11-16,Kiosk,Pune,Delivered,Credit Card,Morning 6-10 AM,DIWALI23SUPER,183.08,1889.92,1706.84
ORD005992,CUST01566,2023-02-01,2,1,2023-02-02,App,Pune,Delivered,Credit Card,Afternoon 10-2 PM,,0.0,484.67,484.67
ORD005993,CUST01566,2023-01-13,1,1,2023-01-14,App,Pune,Delivered,COD,Morning 6-10 AM,,0.0,577.67,577.67
ORD005994,CUST01566,2023-09-24,9,3,2023-09-27,App,Pune,Delivered,UPI,Afternoon 10-2 PM,,0.0,4128.75,4128.75
ORD005995,CUST01567,2023-12-20,12,4,2023-12-21,App,Hyderabad,Delivered,UPI,Late Night 8-11 PM,,0.0,520.91,520.91
ORD005996,CUST01567,2023-10-26,10,4,2023-10-27,App,Hyderabad,Delivered,UPI,Afternoon 10-2 PM,,0.0,2137.73,2137.73
ORD005997,CUST01567,2023-09-02,9,3,2023-09-04,App,Hyderabad,Delivered,UPI,Afternoon 10-2 PM,,0.0,3069.39,3069.39
ORD005998,CUST01567,2023-03-05,3,1,2023-03-08,Web,Hyderabad,Delivered,Credit Card,Evening 4-8 PM,,0.0,2778.9,2778.9
ORD005999,CUST01567,2023-07-20,7,3,2023-07-22,Web,Hyderabad,Delivered,UPI,Evening 4-8 PM,,0.0,317.96,317.96
ORD006000,CUST01567,2023-01-10,1,1,2023-01-12,Web,Hyderabad,Delivered,UPI,Evening 4-8 PM,,0.0,871.04,871.04
ORD006001,CUST01567,2023-10-08,10,4,2023-10-09,Web,Hyderabad,Delivered,Credit Card,Evening 4-8 PM,,0.0,3574.01,3574.01
ORD006002,CUST01567,2023-01-30,1,1,2023-02-02,Kiosk,Hyderabad,Delivered,UPI,Evening 4-8 PM,,0.0,1060.38,1060.38
ORD006003,CUST01567,2023-08-16,8,3,2023-08-17,App,Hyderabad,Delivered,UPI,Evening 4-8 PM,,0.0,2890.38,2890.38
ORD006004,CUST01567,2023-02-02,2,1,2023-02-04,App,Hyderabad,Delivered,Debit Card,Afternoon 10-2 PM,,0.0,2698.39,2698.39
ORD006005,CUST01567,2023-10-29,10,4,2023-10-31,Kiosk,Hyderabad,Delivered,UPI,Evening 4-8 PM,,0.0,780.1,780.1
ORD006006,CUST01567,2023-12-09,12,4,2023-12-10,Web,Hyderabad,Delivered,Credit Card,Afternoon 10-2 PM,,0.0,2688.57,2688.57
ORD006007,CUST01567,2023-04-26,4,2,2023-04-28,Web,Hyderabad,Delivered,Wallet,Afternoon 10-2 PM,,0.0,3219.93,3219.93
ORD006008,CUST01568,2023-11-20,11,4,2023-11-21,Web,Delhi,Delivered,UPI,Morning 6-10 AM,BIGSALE23,5.62,100.16,94.54
ORD006009,CUST01569,2023-05-27,5,2,2023-05-29,Web,Bengaluru,Delivered,COD,Evening 4-8 PM,,0.0,163.0,163.0
ORD006010,CUST01569,2023-06-28,6,2,2023-06-30,Web,Bengaluru,Delivered,COD,Evening 4-8 PM,,0.0,1032.55,1032.55
ORD006011,CUST01569,2023-01-13,1,1,,Web,Bengaluru,Cancelled,COD,Evening 4-8 PM,,0.0,1434.77,0.0
ORD006012,CUST01569,2023-10-24,10,4,2023-10-25,App,Bengaluru,Delivered,Credit Card,Late Night 8-11 PM,,0.0,1310.74,1310.74
ORD006013,CUST01569,2023-04-06,4,2,2023-04-09,App,Bengaluru,Delivered,UPI,Evening 4-8 PM,,0.0,872.57,872.57
ORD006014,CUST01569,2023-11-11,11,4,2023-11-12,App,Bengaluru,Delivered,UPI,Morning 6-10 AM,DIWALI23SUPER,96.62,1078.24,981.62
ORD006015,CUST01569,2023-10-29,10,4,2023-11-01,App,Bengaluru,Delivered,Debit Card,Morning 6-10 AM,,0.0,992.27,992.27
ORD006016,CUST01571,2023-08-25,8,3,2023-08-27,App,Bengaluru,Returned,Wallet,Afternoon 10-2 PM,,0.0,2914.49,2872.95
ORD006017,CUST01571,2023-06-08,6,2,2023-06-09,App,Bengaluru,Delivered,Credit Card,Morning 6-10 AM,,0.0,2638.22,2638.22
ORD006018,CUST01571,2023-08-30,8,3,2023-09-02,Web,Bengaluru,Delivered,Credit Card,Evening 4-8 PM,,0.0,5060.2,5060.2
ORD006019,CUST01571,2023-12-21,12,4,2023-12-24,Web,Bengaluru,Delivered,Credit Card,Evening 4-8 PM,,0.0,621.0,621.0
ORD006020,CUST01571,2023-09-22,9,3,2023-09-25,App,Bengaluru,Delivered,COD,,,0.0,1476.35,1476.35
ORD006021,CUST01571,2023-04-27,4,2,,Web,Bengaluru,Cancelled,Credit Card,Afternoon 10-2 PM,,0.0,272.37,0.0
ORD006022,CUST01571,2023-12-02,12,4,2023-12-05,App,Bengaluru,Delivered,Debit Card,Morning 6-10 AM,,0.0,764.23,764.23
ORD006023,CUST01571,2023-04-02,4,2,2023-04-05,Web,Bengaluru,Delivered,COD,Afternoon 10-2 PM,,0.0,1035.61,1035.61
ORD006024,CUST01571,2023-04-09,4,2,,App,Bengaluru,Cancelled,UPI,Afternoon 10-2 PM,,0.0,306.69,0.0
ORD006025,CUST01571,2023-11-03,11,4,2023-11-05,App,Bengaluru,Delivered,UPI,Afternoon 10-2 PM,,0.0,582.81,582.81
ORD006026,CUST01572,2023-10-10,10,4,2023-10-13,App,Delhi,Delivered,Credit Card,Morning 6-10 AM,,0.0,1000.54,1000.54
ORD006027,CUST01572,2023-06-07,6,2,2023-06-08,Web,Delhi,Delivered,Wallet,Afternoon 10-2 PM,,0.0,727.47,727.47
ORD006028,CUST01572,2023-11-17,11,4,2023-11-18,App,Delhi,Delivered,UPI,Evening 4-8 PM,,0.0,486.48,486.48
ORD006029,CUST01572,2023-04-01,4,2,2023-04-03,Kiosk,Delhi,Delivered,Credit Card,Morning 6-10 AM,,0.0,2930.28,2930.28
ORD006030,CUST01572,2023-03-16,3,1,2023-03-19,Web,Delhi,Delivered,UPI,Morning 6-10 AM,,0.0,736.3,736.3
ORD006031,CUST01572,2023-08-23,8,3,2023-08-26,App,Delhi,Delivered,UPI,Morning 6-10 AM,,0.0,3192.01,3192.01
ORD006032,CUST01572,2023-03-12,3,1,,Web,Delhi,Cancelled,UPI,Afternoon 10-2 PM,,0.0,446.02,0.0
ORD006033,CUST01572,2023-01-28,1,1,2023-01-31,App,Delhi,Delivered,UPI,Morning 6-10 AM,,0.0,1859.23,1859.23
ORD006034,CUST01572,2023-09-27,9,3,2023-09-30,App,Delhi,Delivered,Credit Card,Morning 6-10 AM,,0.0,836.57,836.57
ORD006035,CUST01572,2023-09-05,9,3,2023-09-07,App,Delhi,Delivered,Debit Card,Evening 4-8 PM,,0.0,848.79,848.79
ORD006036,CUST01572,2023-03-19,3,1,2023-03-20,Kiosk,Delhi,Delivered,UPI,Morning 6-10 AM,,0.0,989.11,989.11
ORD006037,CUST01572,2023-02-19,2,1,2023-02-20,App,Delhi,Returned,Credit Card,Afternoon 10-2 PM,,0.0,70.72,1.15
ORD006038,CUST01572,2023-01-13,1,1,2023-01-14,Web,Delhi,Delivered,Credit Card,Afternoon 10-2 PM,,0.0,1426.37,1426.37
ORD006039,CUST01572,2023-05-18,5,2,2023-05-20,App,Delhi,Delivered,UPI,Evening 4-8 PM,,0.0,659.26,659.26
ORD006040,CUST01572,2023-04-16,4,2,2023-04-19,Kiosk,Delhi,Delivered,Credit Card,Morning 6-10 AM,,0.0,1738.36,1738.36
ORD006041,CUST01572,2023-08-15,8,3,2023-08-16,Web,Delhi,Delivered,UPI,Afternoon 10-2 PM,FREEDOM23,296.15,2816.82,2520.67
ORD006042,CUST01572,2023-03-01,3,1,2023-03-04,App,Delhi,Delivered,Credit Card,Morning 6-10 AM,,0.0,1124.13,1124.13
ORD006043,CUST01572,2023-01-05,1,1,2023-01-08,App,Delhi,Delivered,Credit Card,Evening 4-8 PM,,0.0,2530.18,2530.18
ORD006044,CUST01572,2023-02-25,2,1,2023-02-26,App,Delhi,Returned,UPI,Late Night 8-11 PM,,0.0,2418.28,718.9
ORD006045,CUST01572,2023-10-10,10,4,2023-10-13,Kiosk,Delhi,Delivered,UPI,Late Night 8-11 PM,,0.0,1784.94,1784.94
ORD006046,CUST01572,2023-05-26,5,2,2023-05-28,Web,Delhi,Delivered,Wallet,Late Night 8-11 PM,,0.0,3258.07,3258.07
ORD006047,CUST01572,2023-11-10,11,4,2023-11-11,Web,Delhi,Delivered,UPI,Evening 4-8 PM,,0.0,2280.85,2280.85
ORD006048,CUST01572,2023-01-09,1,1,2023-01-11,Web,Delhi,Returned,Debit Card,Afternoon 10-2 PM,,0.0,3662.11,2162.08
ORD006049,CUST01572,2023-10-27,10,4,2023-10-28,App,Delhi,Delivered,UPI,Morning 6-10 AM,,0.0,537.63,537.63
ORD006050,CUST01572,2023-07-27,7,3,2023-07-29,Web,Delhi,Delivered,Debit Card,Morning 6-10 AM,,0.0,1035.12,1035.12
ORD006051,CUST01572,2023-12-14,12,4,2023-12-16,App,Delhi,Delivered,Credit Card,Evening 4-8 PM,,0.0,446.63,446.63
ORD006052,CUST01572,2023-10-09,10,4,2023-10-12,Web,Delhi,Delivered,Debit Card,Evening 4-8 PM,,0.0,1523.7,1523.7
ORD006053,CUST01572,2023-01-10,1,1,2023-01-11,App,Delhi,Delivered,Credit Card,Afternoon 10-2 PM,,0.0,5405.36,5405.36
ORD006054,CUST01572,2023-01-22,1,1,2023-01-23,App,Delhi,Delivered,UPI,Morning 6-10 AM,,0.0,3997.63,3997.63
ORD006055,CUST01572,2023-01-18,1,1,2023-01-20,App,Delhi,Delivered,UPI,Morning 6-10 AM,,0.0,960.76,960.76
ORD006056,CUST01572,2023-12-14,12,4,2023-12-17,Web,Delhi,Delivered,UPI,Afternoon 10-2 PM,,0.0,2706.64,2706.64
ORD006057,CUST01572,2023-09-10,9,3,2023-09-11,App,Delhi,Delivered,Credit Card,Afternoon 10-2 PM,,0.0,2551.06,2551.06
ORD006058,CUST01572,2023-05-08,5,2,2023-05-10,App,Delhi,Delivered,Debit Card,Evening 4-8 PM,,0.0,2316.16,2316.16
ORD006059,CUST01572,2023-10-23,10,4,2023-10-24,Web,Delhi,Delivered,UPI,Morning 6-10 AM,DUSSEHRA23,102.86,1760.25,1657.39
ORD006060,CUST01572,2023-10-06,10,4,,App,Delhi,Cancelled,UPI,Morning 6-10 AM,,0.0,288.13,0.0
ORD006061,CUST01572,2023-06-23,6,2,2023-06-25,Web,Delhi,Delivered,Debit Card,Late Night 8-11 PM,,0.0,1787.89,1787.89
ORD006062,CUST01572,2023-11-28,11,4,2023-11-30,Web,Delhi,Returned,Wallet,Morning 6-10 AM,,0.0,757.57,588.11
ORD006063,CUST01572,2023-09-30,9,3,2023-10-02,Web,Delhi,Delivered,COD,Morning 6-10 AM,,0.0,1773.21,1773.21
ORD006064,CUST01572,2023-10-15,10,4,2023-10-16,App,Delhi,Delivered,UPI,Morning 6-10 AM,,0.0,3493.92,3493.92
ORD006065,CUST01572,2023-03-15,3,1,2023-03-16,Web,Delhi,Delivered,COD,Afternoon 10-2 PM,,0.0,1594.66,1594.66
ORD006066,CUST01572,2023-12-05,12,4,2023-12-06,App,Delhi,Delivered,UPI,Morning 6-10 AM,,0.0,1462.17,1462.17
ORD006067,CUST01572,2023-03-15,3,1,2023-03-17,Web,Delhi,Delivered,Debit Card,Late Night 8-11 PM,,0.0,1839.05,1839.05
ORD006068,CUST01574,2023-04-01,4,2,2023-04-02,App,Delhi,Delivered,Wallet,Late Night 8-11 PM,,0.0,3492.11,3492.11
ORD006069,CUST01574,2023-09-26,9,3,2023-09-28,App,Delhi,Delivered,COD,Morning 6-10 AM,,0.0,1097.41,1097.41
ORD006070,CUST01574,2023-03-14,3,1,,App,Delhi,Cancelled,Credit Card,Afternoon 10-2 PM,,0.0,427.76,0.0
ORD006071,CUST01574,2023-06-26,6,2,2023-06-29,App,Delhi,Delivered,Wallet,Evening 4-8 PM,,0.0,992.6,992.6
ORD006072,CUST01574,2023-04-02,4,2,2023-04-05,App,Delhi,Delivered,UPI,Late Night 8-11 PM,,0.0,1863.95,1863.95
ORD006073,CUST01574,2023-07-25,7,3,,Kiosk,Delhi,Cancelled,Credit Card,Late Night 8-11 PM,,0.0,2055.57,0.0
ORD006074,CUST01574,2023-07-30,7,3,2023-07-31,App,Delhi,Delivered,Debit Card,Evening 4-8 PM,,0.0,926.25,926.25
ORD006075,CUST01574,2023-11-19,11,4,2023-11-20,Web,Delhi,Delivered,COD,Morning 6-10 AM,,0.0,1379.61,1379.61
ORD006076,CUST01574,2023-07-01,7,3,2023-07-02,Web,Delhi,Delivered,UPI,Evening 4-8 PM,,0.0,924.76,924.76
ORD006077,CUST01574,2023-09-26,9,3,2023-09-29,App,Delhi,Delivered,COD,Morning 6-10 AM,,0.0,2086.26,2086.26
ORD006078,CUST01574,2023-04-27,4,2,2023-04-29,App,Delhi,Delivered,Wallet,Morning 6-10 AM,,0.0,881.16,881.16
ORD006079,CUST01574,2023-01-24,1,1,2023-01-27,App,Delhi,Delivered,Debit Card,Evening 4-8 PM,,0.0,2420.25,2420.25
ORD006080,CUST01574,2023-02-16,2,1,2023-02-17,Web,Delhi,Delivered,UPI,Evening 4-8 PM,,0.0,4136.26,4136.26
ORD006081,CUST01574,2023-01-12,1,1,2023-01-13,App,Delhi,Delivered,COD,Morning 6-10 AM,,0.0,491.8,491.8
ORD006082,CUST01574,2023-06-25,6,2,,App,Delhi,Cancelled,UPI,Morning 6-10 AM,,0.0,607.32,0.0
ORD006083,CUST01574,2023-09-06,9,3,2023-09-08,App,Delhi,Delivered,Debit Card,Evening 4-8 PM,,0.0,3440.15,3440.15
ORD006084,CUST01574,2023-10-21,10,4,2023-10-23,App,Delhi,Delivered,UPI,Morning 6-10 AM,DUSSEHRA23,189.48,1370.43,1180.95
ORD006085,CUST01574,2023-09-14,9,3,2023-09-16,App,Delhi,Delivered,COD,Evening 4-8 PM,,0.0,1887.46,1887.46
ORD006086,CUST01574,2023-12-26,12,4,2023-12-28,App,Delhi,Delivered,UPI,Evening 4-8 PM,,0.0,1867.96,1867.96
ORD006087,CUST01574,2023-07-06,7,3,2023-07-08,Web,Delhi,Returned,Wallet,Morning 6-10 AM,,0.0,972.83,835.47
ORD006088,CUST01574,2023-11-26,11,4,2023-11-27,App,Delhi,Delivered,UPI,Evening 4-8 PM,,0.0,889.73,889.73
ORD006089,CUST01574,2023-11-13,11,4,2023-11-16,Web,Delhi,Delivered,UPI,Afternoon 10-2 PM,,0.0,2009.71,2009.71
ORD006090,CUST01574,2023-05-31,5,2,2023-06-02,App,Delhi,Delivered,Debit Card,Evening 4-8 PM,,0.0,1226.21,1226.21
ORD006091,CUST01574,2023-04-06,4,2,2023-04-09,App,Delhi,Delivered,Debit Card,,,0.0,2729.94,2729.94
ORD006092,CUST01574,2023-01-05,1,1,2023-01-06,App,Delhi,Delivered,Debit Card,Evening 4-8 PM,,0.0,1881.75,1881.75
ORD006093,CUST01574,2023-11-01,11,4,2023-11-03,Web,Delhi,Delivered,Debit Card,Evening 4-8 PM,,0.0,2864.35,2864.35
ORD006094,CUST01574,2023-02-10,2,1,2023-02-11,App,Delhi,Delivered,Credit Card,Evening 4-8 PM,LOVEFEB,92.79,1347.57,1254.78
ORD006095,CUST01575,2023-10-19,10,4,,Kiosk,Ahmedabad,Cancelled,UPI,Morning 6-10 AM,,0.0,1141.16,0.0
ORD006096,CUST01575,2023-01-09,1,1,,Web,Ahmedabad,Cancelled,UPI,Morning 6-10 AM,,0.0,1347.12,0.0
ORD006097,CUST01575,2023-03-13,3,1,2023-03-16,App,Ahmedabad,Delivered,Credit Card,Afternoon 10-2 PM,,0.0,453.01,453.01
ORD006098,CUST01575,2023-07-28,7,3,2023-07-31,App,Ahmedabad,Delivered,Credit Card,,,0.0,2120.64,2120.64
ORD006099,CUST01575,2023-12-17,12,4,2023-12-18,App,Ahmedabad,Returned,COD,Morning 6-10 AM,,0.0,1127.98,399.37
ORD006100,CUST01575,2023-11-04,11,4,2023-11-06,App,Ahmedabad,Delivered,COD,,,0.0,764.03,764.03
ORD006101,CUST01575,2023-08-03,8,3,2023-08-06,App,Ahmedabad,Delivered,UPI,Evening 4-8 PM,,0.0,5150.67,5150.67
ORD006102,CUST01575,2023-05-11,5,2,2023-05-13,Web,Ahmedabad,Delivered,Debit Card,Afternoon 10-2 PM,,0.0,744.9,744.9
ORD006103,CUST01575,2023-03-12,3,1,2023-03-15,Web,Ahmedabad,Delivered,UPI,Afternoon 10-2 PM,,0.0,1541.24,1541.24
ORD006104,CUST01575,2023-04-17,4,2,2023-04-18,App,Ahmedabad,Delivered,UPI,Evening 4-8 PM,,0.0,977.65,977.65
ORD006105,CUST01575,2023-06-23,6,2,,Kiosk,Ahmedabad,Cancelled,Credit Card,Morning 6-10 AM,,0.0,1337.76,0.0
ORD006106,CUST01575,2023-06-06,6,2,2023-06-07,App,Ahmedabad,Delivered,Debit Card,Late Night 8-11 PM,,0.0,1273.9,1273.9
ORD006107,CUST01575,2023-09-30,9,3,2023-10-02,App,Ahmedabad,Delivered,UPI,Morning 6-10 AM,,0.0,779.02,779.02
ORD006108,CUST01575,2023-05-12,5,2,2023-05-15,App,Ahmedabad,Delivered,Wallet,Afternoon 10-2 PM,,0.0,428.06,428.06
ORD006109,CUST01575,2023-06-23,6,2,2023-06-25,Kiosk,Ahmedabad,Delivered,UPI,Afternoon 10-2 PM,,0.0,2434.12,2434.12
ORD006110,CUST01575,2023-02-26,2,1,2023-02-28,App,Ahmedabad,Delivered,Credit Card,Morning 6-10 AM,,0.0,916.7,916.7
ORD006111,CUST01575,2023-01-20,1,1,2023-01-21,App,Ahmedabad,Delivered,Debit Card,Evening 4-8 PM,,0.0,3279.67,3279.67
ORD006112,CUST01575,2023-02-22,2,1,2023-02-23,App,Ahmedabad,Delivered,UPI,Late Night 8-11 PM,,0.0,3559.45,3559.45
ORD006113,CUST01575,2023-12-29,12,4,2024-01-01,Web,Ahmedabad,Delivered,Debit Card,Late Night 8-11 PM,,0.0,789.48,789.48
ORD006114,CUST01575,2023-03-05,3,1,2023-03-06,Web,Ahmedabad,Delivered,Credit Card,Evening 4-8 PM,,0.0,976.41,976.41
ORD006115,CUST01575,2023-04-14,4,2,2023-04-16,App,Ahmedabad,Delivered,UPI,Morning 6-10 AM,,0.0,932.13,932.13
ORD006116,CUST01575,2023-12-07,12,4,2023-12-08,App,Ahmedabad,Delivered,Debit Card,Evening 4-8 PM,,0.0,1705.86,1705.86
ORD006117,CUST01575,2023-02-15,2,1,2023-02-17,App,Ahmedabad,Delivered,Debit Card,Morning 6-10 AM,,0.0,1904.47,1904.47
ORD006118,CUST01575,2023-02-05,2,1,2023-02-07,App,Ahmedabad,Delivered,UPI,Morning 6-10 AM,,0.0,2553.38,2553.38
ORD006119,CUST01575,2023-10-18,10,4,2023-10-20,Web,Ahmedabad,Delivered,Debit Card,Evening 4-8 PM,,0.0,1654.97,1654.97
ORD006120,CUST01575,2023-02-09,2,1,2023-02-11,App,Ahmedabad,Delivered,Credit Card,Afternoon 10-2 PM,,0.0,942.84,942.84
ORD006121,CUST01575,2023-01-04,1,1,2023-01-06,Web,Ahmedabad,Returned,Credit Card,Evening 4-8 PM,,0.0,759.45,291.93
ORD006122,CUST01575,2023-03-22,3,1,2023-03-23,Web,Ahmedabad,Delivered,Debit Card,Evening 4-8 PM,,0.0,2682.68,2682.68
ORD006123,CUST01580,2023-01-31,1,1,2023-02-03,Web,Jaipur,Delivered,Credit Card,Morning 6-10 AM,,0.0,53.74,53.74
ORD006124,CUST01581,2023-12-20,12,4,2023-12-22,App,Mumbai,Delivered,UPI,Late Night 8-11 PM,,0.0,1586.46,1586.46
ORD006125,CUST01581,2023-07-10,7,3,2023-07-13,App,Mumbai,Delivered,Credit Card,Evening 4-8 PM,,0.0,914.7,914.7
ORD006126,CUST01582,2023-08-05,8,3,2023-08-06,Kiosk,Bengaluru,Delivered,Credit Card,Morning 6-10 AM,,0.0,136.93,136.93
ORD006127,CUST01582,2023-05-28,5,2,2023-05-30,Web,Bengaluru,Delivered,COD,Morning 6-10 AM,,0.0,155.71,155.71
ORD006128,CUST01582,2023-11-05,11,4,2023-11-07,App,Bengaluru,Delivered,Wallet,Evening 4-8 PM,,0.0,2331.8,2331.8
ORD006129,CUST01582,2023-07-30,7,3,2023-08-02,App,Bengaluru,Delivered,Credit Card,Morning 6-10 AM,,0.0,992.86,992.86
ORD006130,CUST01582,2023-03-31,3,1,2023-04-01,Kiosk,Bengaluru,Delivered,UPI,Late Night 8-11 PM,,0.0,79.22,79.22
ORD006131,CUST01582,2023-09-11,9,3,2023-09-14,Web,Bengaluru,Delivered,UPI,Evening 4-8 PM,,0.0,392.44,392.44
ORD006132,CUST01582,2023-09-04,9,3,2023-09-05,App,Bengaluru,Returned,UPI,Morning 6-10 AM,,0.0,177.19,2.19
ORD006133,CUST01582,2023-02-07,2,1,,App,Bengaluru,Cancelled,Credit Card,Afternoon 10-2 PM,,0.0,392.77,0.0
ORD006134,CUST01582,2023-04-24,4,2,2023-04-27,Web,Bengaluru,Delivered,Credit Card,Morning 6-10 AM,,0.0,1196.56,1196.56
ORD006135,CUST01585,2023-04-03,4,2,2023-04-05,Kiosk,Mumbai,Delivered,UPI,Evening 4-8 PM,,0.0,3317.7,3317.7
ORD006136,CUST01585,2023-01-13,1,1,2023-01-14,App,Mumbai,Delivered,UPI,Evening 4-8 PM,,0.0,985.85,985.85
ORD006137,CUST01585,2023-04-11,4,2,2023-04-13,Web,Mumbai,Delivered,Credit Card,Morning 6-10 AM,,0.0,937.28,937.28
ORD006138,CUST01585,2023-02-11,2,1,2023-02-13,App,Mumbai,Delivered,Credit Card,Late Night 8-11 PM,LOVEFEB,203.89,1563.27,1359.38
ORD006139,CUST01585,2023-10-10,10,4,2023-10-12,Web,Mumbai,Delivered,Credit Card,Late Night 8-11 PM,,0.0,389.98,389.98
ORD006140,CUST01585,2023-11-24,11,4,2023-11-26,Web,Mumbai,Delivered,UPI,Afternoon 10-2 PM,BIGSALE23,103.85,1977.81,1873.96
ORD006141,CUST01585,2023-10-18,10,4,2023-10-20,Web,Mumbai,Delivered,UPI,Afternoon 10-2 PM,,0.0,325.33,325.33
ORD006142,CUST01585,2023-05-17,5,2,2023-05-20,App,Mumbai,Delivered,UPI,Evening 4-8 PM,,0.0,129.21,129.21
ORD006143,CUST01586,2023-04-23,4,2,2023-04-25,App,Bengaluru,Delivered,Credit Card,Morning 6-10 AM,,0.0,393.86,393.86
ORD006144,CUST01586,2023-11-02,11,4,2023-11-04,App,Bengaluru,Returned,UPI,Afternoon 10-2 PM,,0.0,65.16,0.16
ORD006145,CUST01586,2023-11-22,11,4,,App,Bengaluru,Cancelled,Wallet,Morning 6-10 AM,,0.0,337.56,0.0
ORD006146,CUST01589,2023-11-07,11,4,2023-11-10,App,Mumbai,Delivered,Debit Card,Evening 4-8 PM,,0.0,1770.01,1770.01
ORD006147,CUST01589,2023-04-01,4,2,2023-04-04,Kiosk,Mumbai,Delivered,COD,Evening 4-8 PM,,0.0,561.0,561.0
ORD006148,CUST01589,2023-06-20,6,2,2023-06-21,Web,Mumbai,Delivered,COD,Morning 6-10 AM,,0.0,832.0,832.0
ORD006149,CUST01590,2023-02-08,2,1,2023-02-09,Web,Bengaluru,Delivered,Debit Card,Late Night 8-11 PM,,0.0,503.85,503.85
ORD006150,CUST01591,2023-06-10,6,2,2023-06-11,App,Pune,Delivered,UPI,Evening 4-8 PM,,0.0,452.23,452.23
ORD006151,CUST01591,2023-11-11,11,4,2023-11-14,App,Pune,Delivered,UPI,Afternoon 10-2 PM,,0.0,503.34,503.34
ORD006152,CUST01593,2023-11-11,11,4,2023-11-12,App,Jaipur,Delivered,UPI,Morning 6-10 AM,,0.0,1696.57,1696.57
ORD006153,CUST01594,2023-06-12,6,2,2023-06-15,Web,Pune,Delivered,Credit Card,Evening 4-8 PM,,0.0,116.16,116.16
ORD006154,CUST01594,2023-09-14,9,3,,App,Pune,Cancelled,UPI,Morning 6-10 AM,,0.0,481.49,0.0
ORD006155,CUST01598,2023-09-28,9,3,2023-09-30,App,Mumbai,Delivered,Credit Card,Evening 4-8 PM,,0.0,4768.32,4768.32
ORD006156,CUST01598,2023-07-20,7,3,2023-07-23,Kiosk,Mumbai,Delivered,UPI,Evening 4-8 PM,,0.0,1589.95,1589.95
ORD006157,CUST01598,2023-11-19,11,4,2023-11-20,Web,Mumbai,Returned,UPI,Morning 6-10 AM,,0.0,2513.59,540.71
ORD006158,CUST01598,2023-07-31,7,3,2023-08-02,App,Mumbai,Delivered,UPI,Afternoon 10-2 PM,,0.0,260.05,260.05
ORD006159,CUST01598,2023-11-05,11,4,2023-11-07,App,Mumbai,Delivered,Credit Card,Morning 6-10 AM,,0.0,918.68,918.68
ORD006160,CUST01598,2023-10-31,10,4,2023-11-01,App,Mumbai,Returned,Credit Card,Morning 6-10 AM,,0.0,2308.92,1872.24
ORD006161,CUST01598,2023-03-08,3,1,2023-03-09,Kiosk,Mumbai,Delivered,Credit Card,Morning 6-10 AM,HOLI23,149.09,1547.11,1398.02
ORD006162,CUST01598,2023-05-14,5,2,2023-05-16,App,Mumbai,Delivered,COD,Afternoon 10-2 PM,,0.0,1389.99,1389.99
ORD006163,CUST01598,2023-04-30,4,2,2023-05-01,Web,Mumbai,Returned,UPI,Evening 4-8 PM,,0.0,2333.51,715.92
ORD006164,CUST01598,2023-02-16,2,1,,Web,Mumbai,Cancelled,Credit Card,Morning 6-10 AM,,0.0,2408.35,0.0
ORD006165,CUST01598,2023-06-14,6,2,,App,Mumbai,Cancelled,UPI,Morning 6-10 AM,,0.0,6401.52,0.0
ORD006166,CUST01598,2023-08-18,8,3,2023-08-19,Web,Mumbai,Delivered,Credit Card,Afternoon 10-2 PM,,0.0,1189.86,1189.86
ORD006167,CUST01598,2023-06-26,6,2,2023-06-29,App,Mumbai,Delivered,Wallet,Late Night 8-11 PM,,0.0,765.27,765.27
ORD006168,CUST01600,2023-12-22,12,4,2023-12-23,App,Bengaluru,Delivered,UPI,Evening 4-8 PM,,0.0,234.06,234.06
ORD006169,CUST01600,2023-11-09,11,4,2023-11-12,App,Bengaluru,Delivered,UPI,Morning 6-10 AM,,0.0,634.26,634.26
ORD006170,CUST01600,2023-12-27,12,4,2023-12-30,Web,Bengaluru,Delivered,COD,Morning 6-10 AM,XMAS23,79.07,684.44,605.37
ORD006171,CUST01600,2023-11-14,11,4,2023-11-15,Web,Bengaluru,Delivered,Debit Card,Morning 6-10 AM,,0.0,815.88,815.88
ORD006172,CUST01600,2023-01-03,1,1,2023-01-05,App,Bengaluru,Returned,UPI,Evening 4-8 PM,,0.0,1416.31,223.49
ORD006173,CUST01600,2023-01-15,1,1,2023-01-17,Web,Bengaluru,Delivered,Credit Card,Afternoon 10-2 PM,,0.0,924.55,924.55
ORD006174,CUST01600,2023-12-20,12,4,2023-12-23,App,Bengaluru,Delivered,Credit Card,Afternoon 10-2 PM,,0.0,714.13,714.13
ORD006175,CUST01600,2023-05-07,5,2,2023-05-08,Web,Bengaluru,Delivered,UPI,Afternoon 10-2 PM,,0.0,878.44,878.44
ORD006176,CUST01600,2023-07-05,7,3,2023-07-06,App,Bengaluru,Delivered,Debit Card,Evening 4-8 PM,,0.0,1260.91,1260.91
ORD006177,CUST01600,2023-07-17,7,3,2023-07-20,App,Bengaluru,Delivered,UPI,Morning 6-10 AM,,0.0,126.63,126.63
ORD006178,CUST01600,2023-01-06,1,1,2023-01-08,App,Bengaluru,Delivered,UPI,Morning 6-10 AM,,0.0,3346.81,3346.81
ORD006179,CUST01600,2023-09-13,9,3,2023-09-14,App,Bengaluru,Delivered,UPI,Evening 4-8 PM,,0.0,411.92,411.92
ORD006180,CUST01600,2023-12-08,12,4,2023-12-10,App,Bengaluru,Delivered,Credit Card,Morning 6-10 AM,,0.0,720.57,720.57
ORD006181,CUST01600,2023-01-07,1,1,2023-01-09,App,Bengaluru,Delivered,UPI,Morning 6-10 AM,,0.0,1480.08,1480.08
ORD006182,CUST01600,2023-10-14,10,4,2023-10-17,Web,Bengaluru,Delivered,UPI,Morning 6-10 AM,,0.0,2246.98,2246.98
ORD006183,CUST01600,2023-05-20,5,2,2023-05-22,Kiosk,Bengaluru,Delivered,Debit Card,Morning 6-10 AM,,0.0,3140.74,3140.74
ORD006184,CUST01603,2023-04-06,4,2,2023-04-08,Kiosk,Ahmedabad,Delivered,Credit Card,Evening 4-8 PM,,0.0,542.78,542.78
ORD006185,CUST01604,2023-04-09,4,2,2023-04-12,Web,Lucknow,Delivered,COD,Evening 4-8 PM,,0.0,264.17,264.17
ORD006186,CUST01604,2023-02-15,2,1,2023-02-18,App,Lucknow,Delivered,Credit Card,Evening 4-8 PM,,0.0,2044.42,2044.42
ORD006187,CUST01607,2023-03-23,3,1,2023-03-26,App,Bengaluru,Delivered,COD,Morning 6-10 AM,,0.0,1652.14,1652.14
ORD006188,CUST01607,2023-11-27,11,4,2023-11-30,App,Bengaluru,Delivered,UPI,Late Night 8-11 PM,,0.0,4471.07,4471.07
ORD006189,CUST01607,2023-08-09,8,3,2023-08-12,Kiosk,Bengaluru,Delivered,Wallet,Morning 6-10 AM,,0.0,339.82,339.82
ORD006190,CUST01607,2023-08-22,8,3,2023-08-24,App,Bengaluru,Delivered,UPI,Morning 6-10 AM,,0.0,1695.61,1695.61
ORD006191,CUST01607,2023-08-28,8,3,2023-08-30,App,Bengaluru,Delivered,Debit Card,Afternoon 10-2 PM,,0.0,739.29,739.29
ORD006192,CUST01607,2023-11-25,11,4,2023-11-26,Kiosk,Bengaluru,Delivered,UPI,Morning 6-10 AM,BIGSALE23,122.18,741.98,619.8
ORD006193,CUST01607,2023-06-28,6,2,2023-07-01,App,Bengaluru,Delivered,UPI,Afternoon 10-2 PM,,0.0,518.1,518.1
ORD006194,CUST01607,2023-07-09,7,3,2023-07-10,Web,Bengaluru,Delivered,Wallet,Morning 6-10 AM,,0.0,1283.06,1283.06
ORD006195,CUST01607,2023-11-23,11,4,2023-11-26,Web,Bengaluru,Delivered,Wallet,Late Night 8-11 PM,,0.0,1590.04,1590.04
ORD006196,CUST01607,2023-03-17,3,1,2023-03-18,App,Bengaluru,Delivered,UPI,Afternoon 10-2 PM,,0.0,1061.95,1061.95
ORD006197,CUST01607,2023-04-08,4,2,2023-04-09,App,Bengaluru,Delivered,UPI,Morning 6-10 AM,,0.0,817.5,817.5
ORD006198,CUST01607,2023-04-11,4,2,,Web,Bengaluru,Cancelled,UPI,,,0.0,675.95,0.0
ORD006199,CUST01607,2023-06-05,6,2,2023-06-07,App,Bengaluru,Delivered,UPI,Morning 6-10 AM,,0.0,2591.01,2591.01
ORD006200,CUST01610,2023-05-21,5,2,2023-05-24,Kiosk,Mumbai,Delivered,COD,Afternoon 10-2 PM,,0.0,1134.34,1134.34
ORD006201,CUST01610,2023-03-10,3,1,2023-03-12,App,Mumbai,Delivered,Credit Card,Morning 6-10 AM,,0.0,137.94,137.94
ORD006202,CUST01610,2023-08-28,8,3,2023-08-30,Web,Mumbai,Delivered,UPI,Late Night 8-11 PM,,0.0,102.69,102.69
ORD006203,CUST01610,2023-05-27,5,2,2023-05-28,Web,Mumbai,Returned,Wallet,Late Night 8-11 PM,,0.0,226.1,1.79
ORD006204,CUST01610,2023-06-22,6,2,2023-06-25,App,Mumbai,Delivered,UPI,Afternoon 10-2 PM,,0.0,401.52,401.52
ORD006205,CUST01611,2023-09-12,9,3,2023-09-15,App,Ahmedabad,Delivered,UPI,Afternoon 10-2 PM,,0.0,455.25,455.25
ORD006206,CUST01614,2023-12-14,12,4,,App,Hyderabad,Cancelled,UPI,Morning 6-10 AM,,0.0,419.56,0.0
ORD006207,CUST01614,2023-09-17,9,3,2023-09-18,Web,Hyderabad,Delivered,COD,Morning 6-10 AM,,0.0,843.93,843.93
ORD006208,CUST01614,2023-11-28,11,4,2023-11-30,App,Hyderabad,Delivered,Debit Card,Afternoon 10-2 PM,,0.0,645.13,645.13
ORD006209,CUST01614,2023-05-22,5,2,2023-05-24,Web,Hyderabad,Delivered,Debit Card,Afternoon 10-2 PM,,0.0,423.75,423.75
ORD006210,CUST01614,2023-12-25,12,4,2023-12-27,Web,Hyderabad,Delivered,UPI,Evening 4-8 PM,XMAS23,155.65,1106.0,950.35
ORD006211,CUST01617,2023-08-07,8,3,2023-08-10,App,Pune,Delivered,Debit Card,Morning 6-10 AM,,0.0,347.84,347.84
ORD006212,CUST01617,2023-01-31,1,1,2023-02-03,App,Pune,Delivered,Debit Card,Afternoon 10-2 PM,,0.0,1136.34,1136.34
ORD006213,CUST01617,2023-09-25,9,3,2023-09-28,Web,Pune,Delivered,COD,,,0.0,1672.01,1672.01
ORD006214,CUST01617,2023-06-02,6,2,2023-06-04,App,Pune,Delivered,Debit Card,Morning 6-10 AM,,0.0,1840.16,1840.16
ORD006215,CUST01617,2023-10-25,10,4,2023-10-27,App,Pune,Delivered,Wallet,Afternoon 10-2 PM,,0.0,516.41,516.41
ORD006216,CUST01617,2023-05-20,5,2,2023-05-22,App,Pune,Delivered,Credit Card,Morning 6-10 AM,,0.0,1935.06,1935.06
ORD006217,CUST01617,2023-12-08,12,4,2023-12-11,App,Pune,Delivered,Debit Card,Morning 6-10 AM,,0.0,1036.26,1036.26
ORD006218,CUST01617,2023-07-10,7,3,2023-07-12,App,Pune,Returned,UPI,Afternoon 10-2 PM,,0.0,1032.82,242.65
ORD006219,CUST01619,2023-12-26,12,4,2023-12-29,App,Mumbai,Delivered,COD,Afternoon 10-2 PM,XMAS23,68.32,442.82,374.5
ORD006220,CUST01619,2023-08-14,8,3,2023-08-15,App,Mumbai,Delivered,COD,Afternoon 10-2 PM,,0.0,2639.0,2639.0
ORD006221,CUST01619,2023-10-23,10,4,2023-10-24,Web,Mumbai,Delivered,COD,Morning 6-10 AM,,0.0,1018.91,1018.91
ORD006222,CUST01619,2023-03-24,3,1,2023-03-25,App,Mumbai,Delivered,Debit Card,Evening 4-8 PM,,0.0,984.09,984.09
ORD006223,CUST01619,2023-09-13,9,3,2023-09-14,App,Mumbai,Delivered,Wallet,Morning 6-10 AM,,0.0,1058.01,1058.01
ORD006224,CUST01619,2023-09-16,9,3,2023-09-18,App,Mumbai,Delivered,UPI,Afternoon 10-2 PM,,0.0,1743.0,1743.0
ORD006225,CUST01619,2023-11-11,11,4,2023-11-14,Web,Mumbai,Delivered,UPI,Evening 4-8 PM,,0.0,2609.65,2609.65
ORD006226,CUST01619,2023-12-26,12,4,2023-12-27,App,Mumbai,Delivered,UPI,Afternoon 10-2 PM,XMAS23,113.75,901.51,787.76
ORD006227,CUST01619,2023-09-11,9,3,2023-09-14,App,Mumbai,Delivered,Debit Card,Afternoon 10-2 PM,,0.0,473.45,473.45
ORD006228,CUST01619,2023-09-17,9,3,2023-09-19,Web,Mumbai,Delivered,COD,Afternoon 10-2 PM,,0.0,1259.31,1259.31
ORD006229,CUST01619,2023-07-09,7,3,2023-07-12,Kiosk,Mumbai,Delivered,Debit Card,Afternoon 10-2 PM,,0.0,2736.93,2736.93
ORD006230,CUST01619,2023-08-30,8,3,2023-08-31,App,Mumbai,Delivered,Credit Card,Morning 6-10 AM,,0.0,3781.77,3781.77
ORD006231,CUST01622,2023-09-30,9,3,2023-10-02,Web,Pune,Delivered,Debit Card,Morning 6-10 AM,,0.0,707.5,707.5
ORD006232,CUST01624,2023-05-24,5,2,2023-05-25,Web,Delhi,Delivered,UPI,Afternoon 10-2 PM,,0.0,1419.97,1419.97
ORD006233,CUST01624,2023-12-26,12,4,2023-12-27,App,Delhi,Delivered,UPI,Afternoon 10-2 PM,,0.0,2051.25,2051.25
ORD006234,CUST01624,2023-08-16,8,3,2023-08-18,App,Delhi,Delivered,Debit Card,Morning 6-10 AM,FREEDOM23,123.77,1008.91,885.14
ORD006235,CUST01624,2023-01-13,1,1,2023-01-14,App,Delhi,Delivered,UPI,Morning 6-10 AM,,0.0,1446.24,1446.24
ORD006236,CUST01624,2023-09-15,9,3,2023-09-18,App,Delhi,Delivered,Debit Card,Morning 6-10 AM,,0.0,993.07,993.07
ORD006237,CUST01624,2023-07-30,7,3,2023-07-31,Web,Delhi,Delivered,UPI,Afternoon 10-2 PM,,0.0,308.08,308.08
ORD006238,CUST01624,2023-06-04,6,2,,App,Delhi,Cancelled,UPI,Morning 6-10 AM,,0.0,1096.93,0.0
ORD006239,CUST01624,2023-01-13,1,1,2023-01-15,Web,Delhi,Delivered,UPI,Morning 6-10 AM,,0.0,908.45,908.45
ORD006240,CUST01624,2023-03-08,3,1,2023-03-10,Web,Delhi,Delivered,UPI,Morning 6-10 AM,,0.0,1349.97,1349.97
ORD006241,CUST01624,2023-02-15,2,1,2023-02-16,App,Delhi,Delivered,Wallet,Afternoon 10-2 PM,,0.0,72.85,72.85
ORD006242,CUST01624,2023-05-30,5,2,,App,Delhi,Cancelled,UPI,Morning 6-10 AM,,0.0,292.95,0.0
ORD006243,CUST01624,2023-01-16,1,1,2023-01-18,App,Delhi,Delivered,Credit Card,Morning 6-10 AM,,0.0,342.26,342.26
ORD006244,CUST01624,2023-03-13,3,1,2023-03-14,Web,Delhi,Delivered,Credit Card,Morning 6-10 AM,,0.0,1244.13,1244.13
ORD006245,CUST01624,2023-03-08,3,1,,App,Delhi,Cancelled,UPI,Afternoon 10-2 PM,,0.0,847.14,0.0
ORD006246,CUST01624,2023-01-24,1,1,2023-01-25,App,Delhi,Delivered,COD,Late Night 8-11 PM,,0.0,1453.96,1453.96
ORD006247,CUST01624,2023-01-06,1,1,2023-01-08,Web,Delhi,Delivered,UPI,Afternoon 10-2 PM,,0.0,254.03,254.03
ORD006248,CUST01629,2023-05-14,5,2,2023-05-15,App,Hyderabad,Delivered,Debit Card,Afternoon 10-2 PM,,0.0,1585.83,1585.83
ORD006249,CUST01630,2023-12-06,12,4,2023-12-08,App,Delhi,Delivered,Debit Card,Evening 4-8 PM,,0.0,1094.16,1094.16
ORD006250,CUST01630,2023-09-10,9,3,2023-09-12,Web,Delhi,Delivered,Credit Card,Afternoon 10-2 PM,,0.0,854.16,854.16
ORD006251,CUST01630,2023-11-14,11,4,2023-11-17,Web,Delhi,Delivered,Debit Card,Afternoon 10-2 PM,DIWALI23SUPER,58.46,413.6,355.14
ORD006252,CUST01630,2023-02-10,2,1,2023-02-12,Web,Delhi,Delivered,UPI,Afternoon 10-2 PM,,0.0,1552.33,1552.33
ORD006253,CUST01630,2023-04-25,4,2,2023-04-28,Web,Delhi,Delivered,Credit Card,Morning 6-10 AM,,0.0,2673.49,2673.49
ORD006254,CUST01630,2023-11-25,11,4,2023-11-27,App,Delhi,Delivered,Credit Card,Evening 4-8 PM,BIGSALE23,209.35,1685.3,1475.95
ORD006255,CUST01630,2023-02-14,2,1,2023-02-16,Web,Delhi,Delivered,Wallet,Afternoon 10-2 PM,LOVEFEB,104.05,1371.95,1267.9
ORD006256,CUST01630,2023-12-21,12,4,2023-12-23,App,Delhi,Delivered,UPI,Morning 6-10 AM,,0.0,1351.4,1351.4
ORD006257,CUST01630,2023-02-27,2,1,2023-02-28,App,Delhi,Delivered,Debit Card,Morning 6-10 AM,,0.0,675.96,675.96
ORD006258,CUST01630,2023-12-09,12,4,2023-12-10,App,Delhi,Delivered,UPI,Morning 6-10 AM,,0.0,1114.8,1114.8
ORD006259,CUST01631,2023-03-22,3,1,2023-03-24,Kiosk,Ahmedabad,Returned,UPI,Morning 6-10 AM,,0.0,1382.19,41.85
ORD006260,CUST01631,2023-03-30,3,1,2023-04-02,App,Ahmedabad,Delivered,UPI,Evening 4-8 PM,,0.0,1905.35,1905.35
ORD006261,CUST01631,2023-11-20,11,4,2023-11-22,Web,Ahmedabad,Delivered,Credit Card,Evening 4-8 PM,,0.0,221.82,221.82
ORD006262,CUST01631,2023-12-13,12,4,2023-12-14,Web,Ahmedabad,Delivered,UPI,Evening 4-8 PM,,0.0,1155.17,1155.17
ORD006263,CUST01631,2023-06-07,6,2,2023-06-08,App,Ahmedabad,Delivered,UPI,Afternoon 10-2 PM,,0.0,1490.34,1490.34
ORD006264,CUST01634,2023-11-08,11,4,2023-11-09,Web,Delhi,Returned,UPI,Evening 4-8 PM,,0.0,683.21,121.55
ORD006265,CUST01636,2023-01-14,1,1,2023-01-17,Web,Mumbai,Delivered,UPI,Afternoon 10-2 PM,,0.0,313.58,313.58
ORD006266,CUST01636,2023-06-23,6,2,,App,Mumbai,Cancelled,UPI,Evening 4-8 PM,,0.0,19.89,0.0
ORD006267,CUST01636,2023-02-14,2,1,2023-02-15,App,Mumbai,Delivered,Debit Card,Evening 4-8 PM,LOVEFEB,40.43,270.83,230.4
ORD006268,CUST01637,2023-04-19,4,2,2023-04-21,Web,Mumbai,Delivered,UPI,Morning 6-10 AM,,0.0,221.34,221.34
ORD006269,CUST01637,2023-09-13,9,3,2023-09-16,App,Mumbai,Delivered,Debit Card,Morning 6-10 AM,,0.0,152.25,152.25
ORD006270,CUST01637,2023-11-14,11,4,2023-11-17,App,Mumbai,Delivered,COD,Morning 6-10 AM,DIWALI23SUPER,32.77,538.91,506.14
ORD006271,CUST01637,2023-03-10,3,1,2023-03-12,App,Mumbai,Delivered,UPI,Morning 6-10 AM,,0.0,407.18,407.18
ORD006272,CUST01639,2023-10-26,10,4,2023-10-29,Web,Delhi,Delivered,Debit Card,Evening 4-8 PM,,0.0,80.72,80.72
ORD006273,CUST01639,2023-11-22,11,4,2023-11-24,Web,Delhi,Delivered,UPI,Evening 4-8 PM,,0.0,114.98,114.98
ORD006274,CUST01639,2023-02-16,2,1,2023-02-18,Web,Delhi,Delivered,Credit Card,Late Night 8-11 PM,,0.0,107.57,107.57
ORD006275,CUST01639,2023-05-20,5,2,2023-05-22,Kiosk,Delhi,Delivered,UPI,Evening 4-8 PM,,0.0,530.45,530.45
ORD006276,CUST01640,2023-02-05,2,1,2023-02-07,Kiosk,Mumbai,Delivered,COD,Morning 6-10 AM,,0.0,542.95,542.95
ORD006277,CUST01640,2023-11-28,11,4,2023-11-29,App,Mumbai,Delivered,UPI,Morning 6-10 AM,,0.0,2603.31,2603.31
ORD006278,CUST01640,2023-08-23,8,3,2023-08-24,Kiosk,Mumbai,Delivered,Credit Card,Late Night 8-11 PM,,0.0,291.02,291.02
ORD006279,CUST01640,2023-05-15,5,2,2023-05-17,Web,Mumbai,Delivered,UPI,Morning 6-10 AM,,0.0,1209.23,1209.23
ORD006280,CUST01640,2023-01-15,1,1,2023-01-16,Web,Mumbai,Delivered,Credit Card,Afternoon 10-2 PM,,0.0,607.18,607.18
ORD006281,CUST01640,2023-05-17,5,2,2023-05-18,Kiosk,Mumbai,Returned,Credit Card,Evening 4-8 PM,,0.0,1366.48,27.63
ORD006282,CUST01640,2023-11-11,11,4,2023-11-14,App,Mumbai,Delivered,UPI,Evening 4-8 PM,DIWALI23SUPER,111.52,984.02,872.5
ORD006283,CUST01640,2023-05-13,5,2,,Web,Mumbai,Cancelled,Wallet,Afternoon 10-2 PM,,0.0,1522.41,0.0
ORD006284,CUST01640,2023-03-08,3,1,2023-03-11,Web,Mumbai,Delivered,Wallet,Morning 6-10 AM,,0.0,189.46,189.46
ORD006285,CUST01640,2023-08-23,8,3,2023-08-25,App,Mumbai,Returned,COD,Afternoon 10-2 PM,,0.0,748.68,292.77
ORD006286,CUST01640,2023-07-18,7,3,2023-07-19,App,Mumbai,Delivered,Credit Card,Morning 6-10 AM,,0.0,89.57,89.57
ORD006287,CUST01641,2023-04-29,4,2,2023-04-30,App,Jaipur,Returned,UPI,Afternoon 10-2 PM,,0.0,1293.05,17.98
ORD006288,CUST01641,2023-03-17,3,1,2023-03-20,App,Jaipur,Delivered,UPI,Morning 6-10 AM,,0.0,1535.76,1535.76
ORD006289,CUST01641,2023-06-28,6,2,2023-06-29,App,Jaipur,Delivered,Wallet,Afternoon 10-2 PM,,0.0,912.75,912.75
ORD006290,CUST01641,2023-02-24,2,1,,Web,Jaipur,Cancelled,Debit Card,Morning 6-10 AM,,0.0,1813.88,0.0
ORD006291,CUST01641,2023-12-23,12,4,2023-12-26,Web,Jaipur,Delivered,UPI,Evening 4-8 PM,,0.0,1635.93,1635.93
ORD006292,CUST01641,2023-09-04,9,3,2023-09-05,App,Jaipur,Delivered,Wallet,Morning 6-10 AM,,0.0,2005.71,2005.71
ORD006293,CUST01641,2023-10-13,10,4,2023-10-14,App,Jaipur,Delivered,COD,Evening 4-8 PM,,0.0,4330.39,4330.39
ORD006294,CUST01641,2023-01-26,1,1,2023-01-27,App,Jaipur,Delivered,Credit Card,Morning 6-10 AM,,0.0,615.29,615.29
ORD006295,CUST01641,2023-04-29,4,2,2023-05-01,App,Jaipur,Delivered,UPI,Morning 6-10 AM,,0.0,808.37,808.37
ORD006296,CUST01641,2023-07-25,7,3,,App,Jaipur,Cancelled,UPI,Evening 4-8 PM,,0.0,1205.08,0.0
ORD006297,CUST01641,2023-08-29,8,3,2023-08-31,Web,Jaipur,Delivered,COD,Evening 4-8 PM,,0.0,1020.0,1020.0
ORD006298,CUST01641,2023-11-07,11,4,2023-11-08,App,Jaipur,Delivered,UPI,Morning 6-10 AM,,0.0,2891.85,2891.85
ORD006299,CUST01644,2023-08-15,8,3,,Web,Mumbai,Cancelled,Debit Card,Evening 4-8 PM,,0.0,290.87,0.0
ORD006300,CUST01644,2023-05-18,5,2,2023-05-20,App,Mumbai,Returned,Credit Card,Afternoon 10-2 PM,,0.0,1384.65,76.91
ORD006301,CUST01644,2023-10-28,10,4,,App,Mumbai,Cancelled,Debit Card,Evening 4-8 PM,,0.0,164.62,0.0
ORD006302,CUST01644,2023-12-08,12,4,2023-12-10,App,Mumbai,Delivered,UPI,Late Night 8-11 PM,,0.0,2287.8,2287.8
ORD006303,CUST01644,2023-06-18,6,2,2023-06-19,App,Mumbai,Delivered,UPI,Late Night 8-11 PM,,0.0,788.83,788.83
ORD006304,CUST01646,2023-11-17,11,4,2023-11-18,App,Delhi,Returned,Debit Card,Evening 4-8 PM,,0.0,368.97,2.6
ORD006305,CUST01646,2023-01-30,1,1,2023-02-01,App,Delhi,Delivered,UPI,Afternoon 10-2 PM,,0.0,735.74,735.74
ORD006306,CUST01647,2023-12-16,12,4,2023-12-18,Web,Pune,Delivered,UPI,Evening 4-8 PM,,0.0,368.84,368.84
ORD006307,CUST01647,2023-06-28,6,2,2023-06-30,App,Pune,Delivered,UPI,Evening 4-8 PM,,0.0,437.88,437.88
ORD006308,CUST01648,2023-04-04,4,2,2023-04-05,App,Bengaluru,Delivered,Debit Card,Morning 6-10 AM,,0.0,738.23,738.23
ORD006309,CUST01649,2023-09-17,9,3,2023-09-20,Web,Delhi,Delivered,UPI,Evening 4-8 PM,,0.0,1649.02,1649.02
ORD006310,CUST01654,2023-11-13,11,4,2023-11-14,Kiosk,Delhi,Returned,UPI,Morning 6-10 AM,,0.0,3844.55,2232.19
ORD006311,CUST01654,2023-03-14,3,1,,App,Delhi,Cancelled,COD,Evening 4-8 PM,,0.0,690.68,0.0
ORD006312,CUST01654,2023-01-11,1,1,2023-01-12,App,Delhi,Delivered,Credit Card,Morning 6-10 AM,,0.0,644.33,644.33
ORD006313,CUST01654,2023-09-07,9,3,2023-09-08,App,Delhi,Delivered,Wallet,Late Night 8-11 PM,,0.0,482.08,482.08
ORD006314,CUST01654,2023-09-07,9,3,2023-09-10,App,Delhi,Delivered,Debit Card,Evening 4-8 PM,,0.0,4455.75,4455.75
ORD006315,CUST01654,2023-01-12,1,1,2023-01-15,App,Delhi,Delivered,Debit Card,Afternoon 10-2 PM,,0.0,1182.68,1182.68
ORD006316,CUST01654,2023-03-05,3,1,2023-03-06,App,Delhi,Delivered,Debit Card,Morning 6-10 AM,,0.0,2353.54,2353.54
ORD006317,CUST01654,2023-09-30,9,3,2023-10-01,App,Delhi,Delivered,Wallet,Morning 6-10 AM,,0.0,1751.02,1751.02
ORD006318,CUST01654,2023-05-31,5,2,2023-06-02,Kiosk,Delhi,Delivered,Credit Card,Evening 4-8 PM,,0.0,757.86,757.86
ORD006319,CUST01654,2023-03-13,3,1,2023-03-15,Web,Delhi,Delivered,Debit Card,Late Night 8-11 PM,,0.0,1073.68,1073.68
ORD006320,CUST01654,2023-11-20,11,4,2023-11-21,App,Delhi,Delivered,COD,Evening 4-8 PM,BIGSALE23,201.29,1280.64,1079.35
ORD006321,CUST01654,2023-03-07,3,1,2023-03-09,App,Delhi,Returned,COD,,HOLI23,174.67,2241.4,325.31
ORD006322,CUST01655,2023-10-29,10,4,2023-10-31,Web,Mumbai,Delivered,Credit Card,Afternoon 10-2 PM,,0.0,713.3,713.3
ORD006323,CUST01657,2023-07-22,7,3,,App,Mumbai,Cancelled,Debit Card,Afternoon 10-2 PM,,0.0,1437.93,0.0
ORD006324,CUST01657,2023-12-04,12,4,,App,Mumbai,Cancelled,Debit Card,Morning 6-10 AM,,0.0,71.26,0.0
ORD006325,CUST01657,2023-06-23,6,2,2023-06-26,App,Mumbai,Delivered,Credit Card,Evening 4-8 PM,,0.0,805.66,805.66
ORD006326,CUST01659,2023-12-10,12,4,2023-12-12,App,Ahmedabad,Delivered,UPI,Evening 4-8 PM,,0.0,1687.2,1687.2
ORD006327,CUST01659,2023-04-08,4,2,2023-04-10,App,Ahmedabad,Returned,Wallet,Evening 4-8 PM,,0.0,845.42,390.91
ORD006328,CUST01659,2023-08-23,8,3,2023-08-24,App,Ahmedabad,Delivered,COD,,,0.0,1271.54,1271.54
ORD006329,CUST01659,2023-08-24,8,3,2023-08-26,App,Ahmedabad,Delivered,UPI,Morning 6-10 AM,,0.0,1407.37,1407.37
ORD006330,CUST01659,2023-11-27,11,4,,Web,Ahmedabad,Cancelled,UPI,Evening 4-8 PM,,0.0,847.12,0.0
ORD006331,CUST01659,2023-08-06,8,3,2023-08-09,App,Ahmedabad,Delivered,COD,Morning 6-10 AM,,0.0,359.4,359.4
ORD006332,CUST01659,2023-02-25,2,1,2023-02-28,Web,Ahmedabad,Delivered,UPI,Late Night 8-11 PM,,0.0,1199.6,1199.6
ORD006333,CUST01659,2023-08-08,8,3,2023-08-09,App,Ahmedabad,Delivered,UPI,Late Night 8-11 PM,,0.0,1183.22,1183.22
ORD006334,CUST01659,2023-12-25,12,4,2023-12-26,App,Ahmedabad,Delivered,UPI,Afternoon 10-2 PM,,0.0,4602.4,4602.4
ORD006335,CUST01659,2023-12-12,12,4,2023-12-13,App,Ahmedabad,Returned,UPI,Morning 6-10 AM,,0.0,1170.62,23.96
ORD006336,CUST01659,2023-12-30,12,4,2024-01-01,Kiosk,Ahmedabad,Delivered,Credit Card,Afternoon 10-2 PM,,0.0,756.59,756.59
ORD006337,CUST01659,2023-10-18,10,4,2023-10-21,Web,Ahmedabad,Delivered,Wallet,Morning 6-10 AM,,0.0,2603.76,2603.76
ORD006338,CUST01659,2023-05-05,5,2,2023-05-08,App,Ahmedabad,Delivered,Credit Card,Afternoon 10-2 PM,,0.0,334.14,334.14
ORD006339,CUST01659,2023-05-06,5,2,2023-05-07,App,Ahmedabad,Delivered,Debit Card,Morning 6-10 AM,,0.0,1744.31,1744.31
ORD006340,CUST01659,2023-11-02,11,4,2023-11-03,App,Ahmedabad,Delivered,UPI,Morning 6-10 AM,,0.0,957.98,957.98
ORD006341,CUST01659,2023-12-25,12,4,2023-12-28,App,Ahmedabad,Delivered,Debit Card,Evening 4-8 PM,,0.0,2414.27,2414.27
ORD006342,CUST01659,2023-06-13,6,2,2023-06-15,App,Ahmedabad,Delivered,Wallet,Afternoon 10-2 PM,,0.0,1559.87,1559.87
ORD006343,CUST01659,2023-12-10,12,4,2023-12-12,Web,Ahmedabad,Delivered,Credit Card,Evening 4-8 PM,,0.0,4327.67,4327.67
ORD006344,CUST01659,2023-12-26,12,4,2023-12-27,App,Ahmedabad,Delivered,Debit Card,Morning 6-10 AM,,0.0,393.35,393.35
ORD006345,CUST01659,2023-02-04,2,1,2023-02-07,App,Ahmedabad,Delivered,UPI,Afternoon 10-2 PM,,0.0,5137.92,5137.92
ORD006346,CUST01659,2023-07-21,7,3,2023-07-24,App,Ahmedabad,Delivered,UPI,Afternoon 10-2 PM,,0.0,700.22,700.22
ORD006347,CUST01659,2023-10-27,10,4,,App,Ahmedabad,Cancelled,UPI,Afternoon 10-2 PM,,0.0,925.13,0.0
ORD006348,CUST01659,2023-01-01,1,1,2023-01-03,App,Ahmedabad,Delivered,UPI,Evening 4-8 PM,,0.0,1394.36,1394.36
ORD006349,CUST01659,2023-12-15,12,4,2023-12-16,Web,Ahmedabad,Delivered,UPI,Morning 6-10 AM,,0.0,783.67,783.67
ORD006350,CUST01659,2023-06-03,6,2,,App,Ahmedabad,Cancelled,COD,Morning 6-10 AM,,0.0,2660.34,0.0
ORD006351,CUST01659,2023-05-18,5,2,2023-05-19,Kiosk,Ahmedabad,Delivered,Wallet,Late Night 8-11 PM,,0.0,617.76,617.76
ORD006352,CUST01659,2023-01-08,1,1,2023-01-11,App,Ahmedabad,Delivered,UPI,Late Night 8-11 PM,,0.0,2317.32,2317.32
ORD006353,CUST01663,2023-12-02,12,4,2023-12-03,App,Bengaluru,Delivered,Debit Card,Evening 4-8 PM,,0.0,729.22,729.22
ORD006354,CUST01663,2023-10-29,10,4,2023-11-01,App,Bengaluru,Delivered,Credit Card,Afternoon 10-2 PM,,0.0,1591.38,1591.38
ORD006355,CUST01663,2023-04-21,4,2,2023-04-24,Web,Bengaluru,Delivered,COD,Morning 6-10 AM,,0.0,2020.17,2020.17
ORD006356,CUST01663,2023-09-22,9,3,2023-09-23,App,Bengaluru,Delivered,Wallet,Morning 6-10 AM,,0.0,1112.9,1112.9
ORD006357,CUST01663,2023-07-27,7,3,2023-07-30,Web,Bengaluru,Delivered,UPI,Afternoon 10-2 PM,,0.0,454.11,454.11
ORD006358,CUST01663,2023-09-10,9,3,2023-09-12,App,Bengaluru,Delivered,Credit Card,Evening 4-8 PM,,0.0,758.87,758.87
ORD006359,CUST01663,2023-04-03,4,2,2023-04-06,App,Bengaluru,Delivered,Wallet,Evening 4-8 PM,,0.0,1369.52,1369.52
ORD006360,CUST01663,2023-09-09,9,3,2023-09-12,App,Bengaluru,Delivered,UPI,Morning 6-10 AM,,0.0,864.64,864.64
ORD006361,CUST01663,2023-03-02,3,1,2023-03-03,App,Bengaluru,Delivered,Credit Card,Evening 4-8 PM,,0.0,858.96,858.96
ORD006362,CUST01663,2023-07-13,7,3,2023-07-15,Kiosk,Bengaluru,Delivered,UPI,Afternoon 10-2 PM,,0.0,1365.23,1365.23
ORD006363,CUST01663,2023-11-11,11,4,2023-11-14,App,Bengaluru,Delivered,Debit Card,Evening 4-8 PM,,0.0,2371.33,2371.33
ORD006364,CUST01663,2023-11-28,11,4,2023-11-29,App,Bengaluru,Delivered,UPI,,,0.0,1499.05,1499.05
ORD006365,CUST01663,2023-12-30,12,4,2024-01-02,Web,Bengaluru,Delivered,UPI,Afternoon 10-2 PM,,0.0,588.46,588.46
ORD006366,CUST01664,2023-03-27,3,1,2023-03-28,Web,Delhi,Delivered,UPI,Evening 4-8 PM,,0.0,3050.83,3050.83
ORD006367,CUST01664,2023-04-13,4,2,2023-04-16,App,Delhi,Delivered,COD,Evening 4-8 PM,,0.0,1741.93,1741.93
ORD006368,CUST01664,2023-12-18,12,4,2023-12-21,App,Delhi,Delivered,UPI,,,0.0,1082.89,1082.89
ORD006369,CUST01664,2023-01-03,1,1,2023-01-06,App,Delhi,Delivered,Debit Card,Evening 4-8 PM,,0.0,3112.79,3112.79
ORD006370,CUST01664,2023-11-15,11,4,2023-11-17,App,Delhi,Delivered,UPI,Morning 6-10 AM,,0.0,1488.59,1488.59
ORD006371,CUST01664,2023-06-08,6,2,2023-06-10,Kiosk,Delhi,Delivered,Credit Card,Afternoon 10-2 PM,,0.0,3637.28,3637.28
ORD006372,CUST01664,2023-05-03,5,2,2023-05-05,App,Delhi,Delivered,COD,Afternoon 10-2 PM,,0.0,1340.5,1340.5
ORD006373,CUST01664,2023-09-30,9,3,2023-10-01,Web,Delhi,Returned,UPI,Evening 4-8 PM,,0.0,3147.49,2275.94
ORD006374,CUST01664,2023-06-02,6,2,2023-06-03,App,Delhi,Delivered,Credit Card,Evening 4-8 PM,,0.0,1445.41,1445.41
ORD006375,CUST01664,2023-08-15,8,3,2023-08-18,App,Delhi,Delivered,Wallet,Afternoon 10-2 PM,,0.0,1654.68,1654.68
ORD006376,CUST01664,2023-09-27,9,3,2023-09-28,App,Delhi,Delivered,UPI,Morning 6-10 AM,,0.0,1731.5,1731.5
ORD006377,CUST01664,2023-09-04,9,3,2023-09-07,Kiosk,Delhi,Delivered,COD,Afternoon 10-2 PM,,0.0,590.91,590.91
ORD006378,CUST01664,2023-09-30,9,3,2023-10-02,App,Delhi,Delivered,UPI,Late Night 8-11 PM,,0.0,1621.74,1621.74
ORD006379,CUST01664,2023-01-24,1,1,2023-01-25,App,Delhi,Delivered,Debit Card,Evening 4-8 PM,,0.0,1352.19,1352.19
ORD006380,CUST01664,2023-07-19,7,3,2023-07-21,App,Delhi,Delivered,UPI,Evening 4-8 PM,,0.0,821.66,821.66
ORD006381,CUST01664,2023-05-15,5,2,,App,Delhi,Cancelled,UPI,Evening 4-8 PM,,0.0,3270.29,0.0
ORD006382,CUST01664,2023-12-25,12,4,2023-12-28,App,Delhi,Delivered,UPI,Morning 6-10 AM,,0.0,490.74,490.74
ORD006383,CUST01664,2023-04-23,4,2,2023-04-26,App,Delhi,Delivered,UPI,Afternoon 10-2 PM,,0.0,1812.23,1812.23
ORD006384,CUST01664,2023-07-22,7,3,2023-07-24,Web,Delhi,Delivered,Credit Card,Late Night 8-11 PM,,0.0,1327.21,1327.21
ORD006385,CUST01669,2023-10-06,10,4,2023-10-09,App,Delhi,Delivered,Credit Card,Afternoon 10-2 PM,,0.0,437.39,437.39
ORD006386,CUST01669,2023-11-19,11,4,2023-11-21,Kiosk,Delhi,Delivered,Credit Card,Morning 6-10 AM,,0.0,63.69,63.69
ORD006387,CUST01669,2023-09-05,9,3,2023-09-08,App,Delhi,Delivered,UPI,Evening 4-8 PM,,0.0,967.51,967.51
ORD006388,CUST01670,2023-12-21,12,4,2023-12-22,Web,Delhi,Delivered,Credit Card,Evening 4-8 PM,,0.0,277.81,277.81
ORD006389,CUST01672,2023-09-17,9,3,2023-09-20,App,Hyderabad,Delivered,Credit Card,Afternoon 10-2 PM,,0.0,732.55,732.55
ORD006390,CUST01673,2023-06-01,6,2,,Web,Jaipur,Cancelled,UPI,Evening 4-8 PM,,0.0,869.28,0.0
ORD006391,CUST01674,2023-10-24,10,4,2023-10-26,App,Mumbai,Delivered,Debit Card,Evening 4-8 PM,,0.0,910.53,910.53
ORD006392,CUST01674,2023-11-02,11,4,2023-11-03,Web,Mumbai,Delivered,Credit Card,Morning 6-10 AM,,0.0,704.43,704.43
ORD006393,CUST01676,2023-03-21,3,1,2023-03-24,App,Delhi,Delivered,Credit Card,Morning 6-10 AM,,0.0,668.53,668.53
ORD006394,CUST01676,2023-05-17,5,2,2023-05-20,App,Delhi,Delivered,UPI,Morning 6-10 AM,,0.0,2201.73,2201.73
ORD006395,CUST01676,2023-02-07,2,1,2023-02-08,App,Delhi,Returned,COD,Afternoon 10-2 PM,,0.0,4010.21,209.74
ORD006396,CUST01676,2023-03-03,3,1,2023-03-06,App,Delhi,Delivered,Debit Card,Morning 6-10 AM,,0.0,2204.89,2204.89
ORD006397,CUST01676,2023-01-20,1,1,2023-01-21,Web,Delhi,Delivered,Credit Card,Evening 4-8 PM,,0.0,204.5,204.5
ORD006398,CUST01676,2023-09-25,9,3,2023-09-27,Kiosk,Delhi,Delivered,UPI,Afternoon 10-2 PM,,0.0,482.13,482.13
ORD006399,CUST01676,2023-07-31,7,3,2023-08-01,App,Delhi,Delivered,COD,Morning 6-10 AM,,0.0,1588.28,1588.28
ORD006400,CUST01676,2023-05-25,5,2,2023-05-26,App,Delhi,Delivered,UPI,Morning 6-10 AM,,0.0,2903.61,2903.61
ORD006401,CUST01676,2023-01-03,1,1,2023-01-06,Kiosk,Delhi,Delivered,COD,Evening 4-8 PM,,0.0,3221.69,3221.69
ORD006402,CUST01676,2023-01-29,1,1,2023-01-31,App,Delhi,Delivered,Debit Card,Afternoon 10-2 PM,,0.0,852.59,852.59
ORD006403,CUST01676,2023-04-09,4,2,2023-04-12,Web,Delhi,Delivered,Wallet,Morning 6-10 AM,,0.0,461.07,461.07
ORD006404,CUST01676,2023-02-05,2,1,2023-02-06,Web,Delhi,Delivered,COD,Evening 4-8 PM,,0.0,1439.07,1439.07
ORD006405,CUST01676,2023-11-15,11,4,2023-11-18,App,Delhi,Delivered,Wallet,Morning 6-10 AM,,0.0,1667.7,1667.7
ORD006406,CUST01676,2023-02-20,2,1,2023-02-23,App,Delhi,Delivered,UPI,Morning 6-10 AM,,0.0,2059.42,2059.42
ORD006407,CUST01676,2023-03-13,3,1,2023-03-14,Kiosk,Delhi,Delivered,COD,Afternoon 10-2 PM,,0.0,3068.93,3068.93
ORD006408,CUST01677,2023-04-02,4,2,2023-04-05,Web,Delhi,Delivered,UPI,Evening 4-8 PM,,0.0,766.43,766.43
ORD006409,CUST01677,2023-11-18,11,4,2023-11-19,Web,Delhi,Delivered,Credit Card,Evening 4-8 PM,,0.0,590.99,590.99
ORD006410,CUST01677,2023-02-12,2,1,2023-02-13,Kiosk,Delhi,Delivered,COD,Late Night 8-11 PM,LOVEFEB,332.13,2048.74,1716.61
ORD006411,CUST01677,2023-02-19,2,1,2023-02-20,App,Delhi,Delivered,UPI,Morning 6-10 AM,,0.0,1013.22,1013.22
ORD006412,CUST01677,2023-02-13,2,1,2023-02-16,Web,Delhi,Delivered,UPI,Morning 6-10 AM,LOVEFEB,191.73,1121.96,930.23
ORD006413,CUST01677,2023-10-12,10,4,,Kiosk,Delhi,Cancelled,COD,Afternoon 10-2 PM,,0.0,927.98,0.0
ORD006414,CUST01677,2023-01-28,1,1,2023-01-29,App,Delhi,Delivered,UPI,Afternoon 10-2 PM,,0.0,268.93,268.93
ORD006415,CUST01677,2023-04-01,4,2,2023-04-03,App,Delhi,Delivered,Credit Card,Late Night 8-11 PM,,0.0,1166.09,1166.09
ORD006416,CUST01677,2023-03-18,3,1,2023-03-21,Web,Delhi,Delivered,Credit Card,Evening 4-8 PM,,0.0,1547.2,1547.2
ORD006417,CUST01677,2023-02-25,2,1,2023-02-27,App,Delhi,Delivered,COD,Morning 6-10 AM,,0.0,220.77,220.77
ORD006418,CUST01677,2023-08-20,8,3,2023-08-22,App,Delhi,Delivered,UPI,Morning 6-10 AM,,0.0,1703.48,1703.48
ORD006419,CUST01678,2023-12-23,12,4,2023-12-24,App,Mumbai,Delivered,UPI,Morning 6-10 AM,,0.0,691.88,691.88
ORD006420,CUST01678,2023-05-29,5,2,2023-06-01,Kiosk,Mumbai,Delivered,Credit Card,Evening 4-8 PM,,0.0,1430.72,1430.72
ORD006421,CUST01678,2023-05-16,5,2,2023-05-19,App,Mumbai,Delivered,Credit Card,Late Night 8-11 PM,,0.0,3163.59,3163.59
ORD006422,CUST01678,2023-08-11,8,3,2023-08-14,App,Mumbai,Delivered,UPI,Evening 4-8 PM,,0.0,1341.16,1341.16
ORD006423,CUST01678,2023-11-09,11,4,2023-11-12,App,Mumbai,Delivered,Debit Card,Morning 6-10 AM,,0.0,2414.22,2414.22
ORD006424,CUST01678,2023-12-07,12,4,2023-12-09,Web,Mumbai,Delivered,UPI,Afternoon 10-2 PM,,0.0,458.14,458.14
ORD006425,CUST01678,2023-08-13,8,3,2023-08-16,Web,Mumbai,Delivered,Debit Card,Morning 6-10 AM,,0.0,3982.96,3982.96
ORD006426,CUST01678,2023-09-27,9,3,2023-09-30,Web,Mumbai,Delivered,UPI,Evening 4-8 PM,,0.0,2208.43,2208.43
ORD006427,CUST01678,2023-09-09,9,3,2023-09-11,App,Mumbai,Delivered,Debit Card,Evening 4-8 PM,,0.0,1633.64,1633.64
ORD006428,CUST01678,2023-09-10,9,3,2023-09-11,Web,Mumbai,Delivered,Credit Card,Morning 6-10 AM,,0.0,563.22,563.22
ORD006429,CUST01678,2023-12-17,12,4,2023-12-18,App,Mumbai,Delivered,UPI,Evening 4-8 PM,,0.0,944.05,944.05
ORD006430,CUST01678,2023-10-25,10,4,2023-10-27,Kiosk,Mumbai,Delivered,UPI,Evening 4-8 PM,,0.0,637.04,637.04
ORD006431,CUST01678,2023-04-19,4,2,2023-04-22,Web,Mumbai,Delivered,UPI,Morning 6-10 AM,,0.0,1146.3,1146.3
ORD006432,CUST01678,2023-01-21,1,1,2023-01-23,App,Mumbai,Delivered,UPI,Evening 4-8 PM,,0.0,2205.04,2205.04
ORD006433,CUST01678,2023-03-12,3,1,2023-03-15,App,Mumbai,Delivered,UPI,Late Night 8-11 PM,,0.0,261.58,261.58
ORD006434,CUST01678,2023-12-18,12,4,2023-12-21,Web,Mumbai,Delivered,Credit Card,Evening 4-8 PM,,0.0,1089.79,1089.79
ORD006435,CUST01678,2023-03-13,3,1,2023-03-16,App,Mumbai,Delivered,Credit Card,Evening 4-8 PM,,0.0,1589.75,1589.75
ORD006436,CUST01678,2023-04-09,4,2,2023-04-11,App,Mumbai,Delivered,UPI,Evening 4-8 PM,,0.0,4757.33,4757.33
ORD006437,CUST01678,2023-08-12,8,3,2023-08-13,App,Mumbai,Delivered,Credit Card,Late Night 8-11 PM,FREEDOM23,81.89,1227.81,1145.92
ORD006438,CUST01678,2023-10-01,10,4,2023-10-03,App,Mumbai,Delivered,UPI,Afternoon 10-2 PM,,0.0,1006.23,1006.23
ORD006439,CUST01678,2023-04-14,4,2,2023-04-15,App,Mumbai,Delivered,COD,Afternoon 10-2 PM,,0.0,1564.34,1564.34
ORD006440,CUST01678,2023-05-31,5,2,2023-06-02,App,Mumbai,Delivered,COD,Morning 6-10 AM,,0.0,2443.84,2443.84
ORD006441,CUST01678,2023-06-27,6,2,2023-06-30,App,Mumbai,Delivered,Credit Card,Evening 4-8 PM,,0.0,570.28,570.28
ORD006442,CUST01678,2023-05-07,5,2,2023-05-08,App,Mumbai,Delivered,UPI,Morning 6-10 AM,,0.0,221.45,221.45
ORD006443,CUST01678,2023-09-18,9,3,2023-09-20,App,Mumbai,Returned,Debit Card,Afternoon 10-2 PM,,0.0,896.34,245.08
ORD006444,CUST01678,2023-07-31,7,3,,App,Mumbai,Cancelled,Debit Card,Afternoon 10-2 PM,,0.0,1226.85,0.0
ORD006445,CUST01678,2023-06-28,6,2,2023-06-30,App,Mumbai,Delivered,Credit Card,Afternoon 10-2 PM,,0.0,1207.23,1207.23
ORD006446,CUST01678,2023-02-02,2,1,2023-02-04,Web,Mumbai,Delivered,UPI,Evening 4-8 PM,,0.0,1986.42,1986.42
ORD006447,CUST01678,2023-01-03,1,1,,Kiosk,Mumbai,Cancelled,Credit Card,Afternoon 10-2 PM,NY2023,0.0,1118.11,0.0
ORD006448,CUST01678,2023-03-08,3,1,2023-03-10,App,Mumbai,Returned,UPI,Morning 6-10 AM,HOLI23,214.24,1744.52,369.44
ORD006449,CUST01678,2023-01-15,1,1,2023-01-18,Kiosk,Mumbai,Delivered,UPI,Late Night 8-11 PM,,0.0,1362.45,1362.45
ORD006450,CUST01678,2023-08-25,8,3,2023-08-28,Kiosk,Mumbai,Delivered,UPI,Morning 6-10 AM,,0.0,2598.07,2598.07
ORD006451,CUST01678,2023-09-09,9,3,2023-09-11,Web,Mumbai,Delivered,UPI,Late Night 8-11 PM,,0.0,53.96,53.96
ORD006452,CUST01678,2023-02-06,2,1,2023-02-07,App,Mumbai,Returned,COD,Late Night 8-11 PM,,0.0,755.67,218.18
ORD006453,CUST01678,2023-02-17,2,1,2023-02-18,Kiosk,Mumbai,Delivered,UPI,Afternoon 10-2 PM,,0.0,1656.54,1656.54
ORD006454,CUST01678,2023-09-04,9,3,,App,Mumbai,Cancelled,Credit Card,Afternoon 10-2 PM,,0.0,1277.72,0.0
ORD006455,CUST01678,2023-02-22,2,1,2023-02-24,Web,Mumbai,Returned,Debit Card,Evening 4-8 PM,,0.0,3054.49,249.28
ORD006456,CUST01678,2023-08-22,8,3,2023-08-23,App,Mumbai,Delivered,Credit Card,Morning 6-10 AM,,0.0,1437.77,1437.77
ORD006457,CUST01678,2023-03-09,3,1,2023-03-12,App,Mumbai,Delivered,Wallet,Morning 6-10 AM,,0.0,1300.33,1300.33
ORD006458,CUST01683,2023-08-29,8,3,2023-08-31,App,Mumbai,Delivered,UPI,Morning 6-10 AM,,0.0,1094.22,1094.22
ORD006459,CUST01683,2023-08-26,8,3,,App,Mumbai,Cancelled,Credit Card,Evening 4-8 PM,,0.0,567.54,0.0
ORD006460,CUST01683,2023-07-14,7,3,2023-07-17,Kiosk,Mumbai,Delivered,Credit Card,Afternoon 10-2 PM,,0.0,5088.78,5088.78
ORD006461,CUST01683,2023-11-16,11,4,2023-11-19,App,Mumbai,Delivered,COD,Late Night 8-11 PM,,0.0,2889.23,2889.23
ORD006462,CUST01683,2023-09-29,9,3,2023-10-02,Web,Mumbai,Delivered,Credit Card,Afternoon 10-2 PM,,0.0,113.37,113.37
ORD006463,CUST01683,2023-08-06,8,3,2023-08-08,Web,Mumbai,Delivered,COD,Afternoon 10-2 PM,,0.0,2653.8,2653.8
ORD006464,CUST01683,2023-10-28,10,4,2023-10-29,App,Mumbai,Delivered,Credit Card,Afternoon 10-2 PM,,0.0,108.15,108.15
ORD006465,CUST01683,2023-10-27,10,4,2023-10-28,App,Mumbai,Delivered,Credit Card,Late Night 8-11 PM,,0.0,1855.44,1855.44
ORD006466,CUST01683,2023-02-22,2,1,2023-02-23,Web,Mumbai,Delivered,Credit Card,Late Night 8-11 PM,,0.0,345.96,345.96
ORD006467,CUST01684,2023-05-11,5,2,2023-05-13,App,Hyderabad,Delivered,UPI,Morning 6-10 AM,,0.0,77.35,77.35
ORD006468,CUST01684,2023-08-27,8,3,2023-08-30,App,Hyderabad,Delivered,UPI,Afternoon 10-2 PM,,0.0,222.94,222.94
ORD006469,CUST01684,2023-10-09,10,4,2023-10-10,App,Hyderabad,Delivered,COD,Late Night 8-11 PM,,0.0,1139.51,1139.51
ORD006470,CUST01685,2023-09-16,9,3,2023-09-17,Web,Jaipur,Delivered,UPI,Evening 4-8 PM,,0.0,1286.11,1286.11
ORD006471,CUST01685,2023-12-22,12,4,2023-12-24,Web,Jaipur,Delivered,Credit Card,Afternoon 10-2 PM,,0.0,162.91,162.91
ORD006472,CUST01685,2023-11-28,11,4,2023-12-01,App,Jaipur,Delivered,UPI,Evening 4-8 PM,,0.0,777.79,777.79
ORD006473,CUST01685,2023-07-16,7,3,2023-07-19,Web,Jaipur,Delivered,Credit Card,Afternoon 10-2 PM,,0.0,780.64,780.64
ORD006474,CUST01686,2023-10-26,10,4,2023-10-28,App,Delhi,Delivered,UPI,Afternoon 10-2 PM,,0.0,1842.78,1842.78
ORD006475,CUST01686,2023-11-17,11,4,2023-11-18,Web,Delhi,Delivered,COD,Afternoon 10-2 PM,,0.0,3969.49,3969.49
ORD006476,CUST01686,2023-04-17,4,2,2023-04-19,Web,Delhi,Delivered,Credit Card,Afternoon 10-2 PM,,0.0,2531.52,2531.52
ORD006477,CUST01686,2023-02-07,2,1,2023-02-08,Web,Delhi,Delivered,Debit Card,Evening 4-8 PM,,0.0,315.61,315.61
ORD006478,CUST01686,2023-09-11,9,3,2023-09-14,App,Delhi,Delivered,Credit Card,Afternoon 10-2 PM,,0.0,891.67,891.67
ORD006479,CUST01686,2023-03-16,3,1,2023-03-17,Web,Delhi,Delivered,COD,Evening 4-8 PM,,0.0,2254.53,2254.53
ORD006480,CUST01686,2023-12-04,12,4,2023-12-06,Web,Delhi,Delivered,UPI,Late Night 8-11 PM,,0.0,989.48,989.48
ORD006481,CUST01686,2023-04-24,4,2,2023-04-27,App,Delhi,Delivered,Debit Card,Evening 4-8 PM,,0.0,3004.39,3004.39
ORD006482,CUST01686,2023-11-17,11,4,2023-11-18,App,Delhi,Delivered,UPI,Evening 4-8 PM,,0.0,3045.57,3045.57
ORD006483,CUST01686,2023-10-23,10,4,2023-10-24,App,Delhi,Delivered,Debit Card,Afternoon 10-2 PM,DUSSEHRA23,283.09,1635.89,1352.8
ORD006484,CUST01686,2023-10-09,10,4,2023-10-12,App,Delhi,Delivered,Debit Card,Morning 6-10 AM,,0.0,2960.25,2960.25
ORD006485,CUST01686,2023-10-05,10,4,2023-10-07,App,Delhi,Delivered,UPI,Afternoon 10-2 PM,,0.0,1155.08,1155.08
ORD006486,CUST01686,2023-03-12,3,1,2023-03-15,Web,Delhi,Delivered,UPI,Evening 4-8 PM,,0.0,1049.02,1049.02
ORD006487,CUST01686,2023-03-02,3,1,2023-03-04,App,Delhi,Delivered,Debit Card,Morning 6-10 AM,,0.0,1110.54,1110.54
ORD006488,CUST01686,2023-05-06,5,2,2023-05-09,App,Delhi,Delivered,UPI,Afternoon 10-2 PM,,0.0,1123.71,1123.71
ORD006489,CUST01686,2023-02-10,2,1,,App,Delhi,Cancelled,Debit Card,Evening 4-8 PM,LOVEFEB,0.0,2678.21,0.0
ORD006490,CUST01686,2023-02-25,2,1,2023-02-27,App,Delhi,Returned,Credit Card,Morning 6-10 AM,,0.0,300.53,20.86
ORD006491,CUST01686,2023-10-10,10,4,2023-10-12,Web,Delhi,Delivered,Debit Card,Morning 6-10 AM,,0.0,1549.35,1549.35
ORD006492,CUST01686,2023-04-23,4,2,2023-04-25,Web,Delhi,Delivered,Debit Card,Morning 6-10 AM,,0.0,2018.21,2018.21
ORD006493,CUST01686,2023-07-18,7,3,2023-07-21,Web,Delhi,Delivered,COD,Evening 4-8 PM,,0.0,2323.91,2323.91
ORD006494,CUST01686,2023-01-09,1,1,2023-01-10,Web,Delhi,Delivered,Credit Card,Afternoon 10-2 PM,,0.0,1359.16,1359.16
ORD006495,CUST01687,2023-10-16,10,4,2023-10-19,App,Jaipur,Delivered,UPI,Evening 4-8 PM,,0.0,2480.63,2480.63
ORD006496,CUST01687,2023-10-23,10,4,2023-10-24,Web,Jaipur,Delivered,UPI,Afternoon 10-2 PM,,0.0,625.32,625.32
ORD006497,CUST01687,2023-11-11,11,4,2023-11-14,Web,Jaipur,Delivered,COD,Afternoon 10-2 PM,DIWALI23SUPER,228.93,1776.53,1547.6
ORD006498,CUST01687,2023-08-23,8,3,2023-08-26,App,Jaipur,Delivered,UPI,Morning 6-10 AM,,0.0,539.7,539.7
ORD006499,CUST01687,2023-07-01,7,3,2023-07-03,Kiosk,Jaipur,Delivered,UPI,Afternoon 10-2 PM,,0.0,1295.5,1295.5
ORD006500,CUST01690,2023-10-11,10,4,2023-10-13,App,Delhi,Delivered,UPI,Evening 4-8 PM,,0.0,226.54,226.54
ORD006501,CUST01690,2023-04-15,4,2,2023-04-17,App,Delhi,Delivered,UPI,Afternoon 10-2 PM,,0.0,577.36,577.36
ORD006502,CUST01690,2023-02-01,2,1,2023-02-04,App,Delhi,Delivered,UPI,Afternoon 10-2 PM,,0.0,2665.9,2665.9
ORD006503,CUST01690,2023-02-02,2,1,2023-02-03,App,Delhi,Delivered,Debit Card,Evening 4-8 PM,,0.0,447.51,447.51
ORD006504,CUST01690,2023-04-23,4,2,,Kiosk,Delhi,Cancelled,COD,Morning 6-10 AM,,0.0,3588.17,0.0
ORD006505,CUST01692,2023-03-25,3,1,2023-03-28,App,Jaipur,Delivered,Credit Card,Afternoon 10-2 PM,,0.0,670.74,670.74
ORD006506,CUST01693,2023-03-08,3,1,2023-03-10,Web,Pune,Delivered,UPI,Morning 6-10 AM,,0.0,3920.87,3920.87
ORD006507,CUST01693,2023-05-12,5,2,2023-05-13,App,Pune,Delivered,Debit Card,Late Night 8-11 PM,,0.0,643.97,643.97
ORD006508,CUST01693,2023-05-03,5,2,,Web,Pune,Cancelled,UPI,Morning 6-10 AM,,0.0,566.38,0.0
ORD006509,CUST01693,2023-04-26,4,2,2023-04-28,App,Pune,Delivered,Credit Card,Late Night 8-11 PM,,0.0,1063.0,1063.0
ORD006510,CUST01693,2023-05-23,5,2,2023-05-26,App,Pune,Delivered,UPI,Evening 4-8 PM,,0.0,919.43,919.43
ORD006511,CUST01695,2023-10-06,10,4,2023-10-07,App,Pune,Delivered,UPI,Evening 4-8 PM,,0.0,410.35,410.35
ORD006512,CUST01695,2023-07-03,7,3,2023-07-05,App,Pune,Delivered,UPI,Morning 6-10 AM,,0.0,1119.53,1119.53
ORD006513,CUST01695,2023-06-06,6,2,2023-06-07,App,Pune,Delivered,Credit Card,Afternoon 10-2 PM,,0.0,1153.11,1153.11
ORD006514,CUST01695,2023-04-11,4,2,2023-04-14,Web,Pune,Delivered,UPI,Morning 6-10 AM,,0.0,4001.16,4001.16
ORD006515,CUST01695,2023-03-27,3,1,2023-03-28,Web,Pune,Delivered,Debit Card,Morning 6-10 AM,,0.0,180.38,180.38
ORD006516,CUST01695,2023-02-13,2,1,2023-02-15,Web,Pune,Delivered,Wallet,Evening 4-8 PM,,0.0,1918.27,1918.27
ORD006517,CUST01695,2023-01-28,1,1,2023-01-29,App,Pune,Returned,Credit Card,Morning 6-10 AM,,0.0,633.39,559.3
ORD006518,CUST01695,2023-04-25,4,2,2023-04-27,Web,Pune,Delivered,Wallet,Afternoon 10-2 PM,,0.0,2852.97,2852.97
ORD006519,CUST01695,2023-01-28,1,1,2023-01-31,Web,Pune,Delivered,Credit Card,Evening 4-8 PM,,0.0,4525.69,4525.69
ORD006520,CUST01695,2023-01-28,1,1,2023-01-31,Web,Pune,Delivered,Credit Card,Morning 6-10 AM,,0.0,1290.87,1290.87
ORD006521,CUST01695,2023-04-26,4,2,2023-04-29,App,Pune,Delivered,UPI,Evening 4-8 PM,,0.0,4787.63,4787.63
ORD006522,CUST01695,2023-05-01,5,2,2023-05-03,App,Pune,Delivered,UPI,Evening 4-8 PM,,0.0,3388.43,3388.43
ORD006523,CUST01695,2023-03-07,3,1,2023-03-08,App,Pune,Delivered,Debit Card,Morning 6-10 AM,,0.0,1373.29,1373.29
ORD006524,CUST01695,2023-08-05,8,3,2023-08-07,App,Pune,Delivered,Credit Card,Evening 4-8 PM,,0.0,1863.8,1863.8
ORD006525,CUST01695,2023-11-24,11,4,,App,Pune,Cancelled,Debit Card,Evening 4-8 PM,,0.0,1542.27,0.0
ORD006526,CUST01695,2023-09-27,9,3,2023-09-28,App,Pune,Delivered,UPI,Evening 4-8 PM,,0.0,353.53,353.53
ORD006527,CUST01695,2023-07-28,7,3,2023-07-31,Kiosk,Pune,Delivered,UPI,Morning 6-10 AM,,0.0,209.48,209.48
ORD006528,CUST01695,2023-08-03,8,3,2023-08-06,App,Pune,Delivered,UPI,Late Night 8-11 PM,,0.0,772.68,772.68
ORD006529,CUST01695,2023-02-25,2,1,2023-02-27,App,Pune,Delivered,Debit Card,Afternoon 10-2 PM,,0.0,1371.88,1371.88
ORD006530,CUST01695,2023-04-03,4,2,2023-04-06,App,Pune,Delivered,UPI,Evening 4-8 PM,,0.0,932.81,932.81
ORD006531,CUST01695,2023-09-23,9,3,2023-09-25,Web,Pune,Delivered,UPI,Afternoon 10-2 PM,,0.0,5262.9,5262.9
ORD006532,CUST01695,2023-09-13,9,3,2023-09-16,App,Pune,Delivered,UPI,Evening 4-8 PM,,0.0,2033.04,2033.04
ORD006533,CUST01695,2023-10-27,10,4,2023-10-29,App,Pune,Delivered,Debit Card,Morning 6-10 AM,,0.0,739.32,739.32
ORD006534,CUST01695,2023-11-18,11,4,2023-11-20,App,Pune,Delivered,COD,Morning 6-10 AM,,0.0,5294.35,5294.35
ORD006535,CUST01696,2023-03-19,3,1,2023-03-20,App,Mumbai,Delivered,Debit Card,Late Night 8-11 PM,,0.0,2725.39,2725.39
ORD006536,CUST01696,2023-07-03,7,3,2023-07-04,App,Mumbai,Delivered,UPI,Morning 6-10 AM,,0.0,1693.72,1693.72
ORD006537,CUST01696,2023-08-08,8,3,2023-08-10,Web,Mumbai,Delivered,Wallet,Morning 6-10 AM,,0.0,1050.35,1050.35
ORD006538,CUST01696,2023-04-28,4,2,2023-05-01,App,Mumbai,Delivered,Credit Card,Evening 4-8 PM,,0.0,1981.78,1981.78
ORD006539,CUST01696,2023-11-12,11,4,2023-11-14,App,Mumbai,Delivered,Debit Card,Evening 4-8 PM,,0.0,3201.46,3201.46
ORD006540,CUST01696,2023-06-16,6,2,2023-06-18,Web,Mumbai,Delivered,UPI,Afternoon 10-2 PM,,0.0,3415.28,3415.28
ORD006541,CUST01696,2023-12-25,12,4,2023-12-27,App,Mumbai,Delivered,Credit Card,Evening 4-8 PM,XMAS23,173.8,1522.02,1348.22
ORD006542,CUST01696,2023-12-24,12,4,2023-12-25,Kiosk,Mumbai,Delivered,UPI,Evening 4-8 PM,,0.0,1518.12,1518.12
ORD006543,CUST01696,2023-10-23,10,4,2023-10-26,Kiosk,Mumbai,Delivered,UPI,Afternoon 10-2 PM,,0.0,357.9,357.9
ORD006544,CUST01696,2023-08-03,8,3,2023-08-05,App,Mumbai,Delivered,COD,Morning 6-10 AM,,0.0,1528.9,1528.9
ORD006545,CUST01696,2023-05-25,5,2,2023-05-27,App,Mumbai,Delivered,UPI,,,0.0,983.53,983.53
ORD006546,CUST01696,2023-12-04,12,4,2023-12-06,App,Mumbai,Delivered,UPI,Evening 4-8 PM,,0.0,2914.56,2914.56
ORD006547,CUST01697,2023-12-17,12,4,,App,Delhi,Cancelled,UPI,Late Night 8-11 PM,,0.0,3232.45,0.0
ORD006548,CUST01697,2023-01-08,1,1,2023-01-10,App,Delhi,Delivered,Debit Card,Morning 6-10 AM,,0.0,1214.96,1214.96
ORD006549,CUST01697,2023-04-13,4,2,2023-04-16,App,Delhi,Delivered,UPI,Afternoon 10-2 PM,,0.0,2155.8,2155.8
ORD006550,CUST01697,2023-10-22,10,4,2023-10-25,App,Delhi,Delivered,Credit Card,Morning 6-10 AM,,0.0,1896.11,1896.11
ORD006551,CUST01697,2023-03-23,3,1,2023-03-24,App,Delhi,Delivered,Credit Card,Evening 4-8 PM,,0.0,4357.86,4357.86
ORD006552,CUST01697,2023-07-30,7,3,2023-08-01,Web,Delhi,Delivered,Credit Card,Evening 4-8 PM,,0.0,827.08,827.08
ORD006553,CUST01697,2023-02-16,2,1,2023-02-17,App,Delhi,Delivered,UPI,Morning 6-10 AM,,0.0,325.95,325.95
ORD006554,CUST01697,2023-04-30,4,2,2023-05-01,App,Delhi,Delivered,Credit Card,Evening 4-8 PM,,0.0,838.69,838.69
ORD006555,CUST01697,2023-04-08,4,2,2023-04-09,App,Delhi,Delivered,UPI,Evening 4-8 PM,,0.0,2113.74,2113.74
ORD006556,CUST01697,2023-10-05,10,4,2023-10-07,App,Delhi,Delivered,Wallet,Afternoon 10-2 PM,,0.0,1167.21,1167.21
ORD006557,CUST01697,2023-04-25,4,2,2023-04-27,Kiosk,Delhi,Delivered,Wallet,Morning 6-10 AM,,0.0,813.42,813.42
ORD006558,CUST01697,2023-12-26,12,4,2023-12-28,App,Delhi,Delivered,Debit Card,Evening 4-8 PM,,0.0,1376.33,1376.33
ORD006559,CUST01697,2023-08-04,8,3,2023-08-06,Web,Delhi,Delivered,UPI,Morning 6-10 AM,,0.0,1071.72,1071.72
ORD006560,CUST01697,2023-06-12,6,2,2023-06-14,Web,Delhi,Delivered,Credit Card,Morning 6-10 AM,,0.0,3528.96,3528.96
ORD006561,CUST01697,2023-07-09,7,3,2023-07-12,Web,Delhi,Delivered,UPI,Morning 6-10 AM,,0.0,1020.16,1020.16
ORD006562,CUST01697,2023-11-12,11,4,2023-11-13,App,Delhi,Delivered,UPI,Morning 6-10 AM,DIWALI23SUPER,34.01,577.15,543.14
ORD006563,CUST01697,2023-03-20,3,1,2023-03-23,Web,Delhi,Delivered,Debit Card,Morning 6-10 AM,,0.0,1129.34,1129.34
ORD006564,CUST01697,2023-10-13,10,4,2023-10-16,App,Delhi,Delivered,Credit Card,Morning 6-10 AM,,0.0,2836.77,2836.77
ORD006565,CUST01697,2023-08-20,8,3,2023-08-22,App,Delhi,Delivered,COD,Afternoon 10-2 PM,,0.0,2697.52,2697.52
ORD006566,CUST01697,2023-11-08,11,4,2023-11-09,Kiosk,Delhi,Delivered,Debit Card,Morning 6-10 AM,,0.0,451.8,451.8
ORD006567,CUST01699,2023-01-28,1,1,2023-01-30,Web,Hyderabad,Delivered,Credit Card,Late Night 8-11 PM,,0.0,374.28,374.28
ORD006568,CUST01699,2023-12-16,12,4,2023-12-17,App,Hyderabad,Delivered,COD,Afternoon 10-2 PM,,0.0,770.0,770.0
ORD006569,CUST01699,2023-07-07,7,3,2023-07-09,Web,Hyderabad,Delivered,UPI,Morning 6-10 AM,,0.0,1713.59,1713.59
ORD006570,CUST01699,2023-10-14,10,4,2023-10-17,App,Hyderabad,Delivered,UPI,Evening 4-8 PM,,0.0,2085.17,2085.17
ORD006571,CUST01699,2023-08-21,8,3,2023-08-23,App,Hyderabad,Delivered,UPI,Morning 6-10 AM,,0.0,1692.49,1692.49
ORD006572,CUST01699,2023-11-11,11,4,2023-11-12,App,Hyderabad,Delivered,UPI,Afternoon 10-2 PM,,0.0,994.56,994.56
ORD006573,CUST01699,2023-01-31,1,1,2023-02-02,Kiosk,Hyderabad,Delivered,Credit Card,Morning 6-10 AM,,0.0,1193.83,1193.83
ORD006574,CUST01699,2023-08-21,8,3,2023-08-22,Web,Hyderabad,Delivered,Wallet,Evening 4-8 PM,,0.0,2952.91,2952.91
ORD006575,CUST01699,2023-03-25,3,1,2023-03-27,Web,Hyderabad,Delivered,UPI,Evening 4-8 PM,,0.0,100.34,100.34
ORD006576,CUST01699,2023-05-20,5,2,2023-05-22,App,Hyderabad,Delivered,UPI,Evening 4-8 PM,,0.0,2388.96,2388.96
ORD006577,CUST01701,2023-10-25,10,4,2023-10-27,App,Mumbai,Delivered,Credit Card,Late Night 8-11 PM,,0.0,310.07,310.07
ORD006578,CUST01702,2023-08-14,8,3,2023-08-16,Web,Hyderabad,Delivered,Credit Card,,,0.0,215.41,215.41
ORD006579,CUST01703,2023-07-26,7,3,2023-07-28,App,Jaipur,Delivered,UPI,Morning 6-10 AM,,0.0,1186.57,1186.57
ORD006580,CUST01703,2023-04-23,4,2,2023-04-25,Web,Jaipur,Delivered,UPI,Morning 6-10 AM,,0.0,53.75,53.75
ORD006581,CUST01703,2023-09-05,9,3,2023-09-08,Web,Jaipur,Delivered,Credit Card,Afternoon 10-2 PM,,0.0,1113.65,1113.65
ORD006582,CUST01703,2023-08-08,8,3,2023-08-10,Web,Jaipur,Delivered,Credit Card,Late Night 8-11 PM,,0.0,459.38,459.38
ORD006583,CUST01703,2023-10-25,10,4,2023-10-27,App,Jaipur,Delivered,UPI,Afternoon 10-2 PM,,0.0,1451.68,1451.68
ORD006584,CUST01703,2023-12-25,12,4,2023-12-28,Web,Jaipur,Delivered,Wallet,Morning 6-10 AM,XMAS23,71.31,859.23,787.92
ORD006585,CUST01703,2023-04-21,4,2,2023-04-23,Kiosk,Jaipur,Delivered,Debit Card,Evening 4-8 PM,,0.0,409.84,409.84
ORD006586,CUST01703,2023-03-14,3,1,2023-03-17,Web,Jaipur,Delivered,Credit Card,Afternoon 10-2 PM,,0.0,94.47,94.47
ORD006587,CUST01703,2023-01-28,1,1,2023-01-30,App,Jaipur,Delivered,COD,Afternoon 10-2 PM,,0.0,364.98,364.98
ORD006588,CUST01703,2023-02-23,2,1,2023-02-24,App,Jaipur,Delivered,Credit Card,Morning 6-10 AM,,0.0,1360.74,1360.74
ORD006589,CUST01703,2023-11-13,11,4,2023-11-15,App,Jaipur,Delivered,UPI,Late Night 8-11 PM,,0.0,732.08,732.08
ORD006590,CUST01703,2023-01-17,1,1,2023-01-19,Web,Jaipur,Delivered,UPI,Late Night 8-11 PM,,0.0,869.37,869.37
ORD006591,CUST01703,2023-01-14,1,1,2023-01-16,App,Jaipur,Delivered,UPI,Morning 6-10 AM,,0.0,1840.53,1840.53
ORD006592,CUST01704,2023-04-25,4,2,2023-04-26,App,Hyderabad,Delivered,Credit Card,Late Night 8-11 PM,,0.0,1193.0,1193.0
ORD006593,CUST01704,2023-06-13,6,2,,App,Hyderabad,Cancelled,UPI,Morning 6-10 AM,,0.0,1149.53,0.0
ORD006594,CUST01704,2023-07-24,7,3,2023-07-26,App,Hyderabad,Delivered,Debit Card,Morning 6-10 AM,,0.0,3211.96,3211.96
ORD006595,CUST01704,2023-06-22,6,2,2023-06-25,App,Hyderabad,Delivered,UPI,Afternoon 10-2 PM,,0.0,1133.92,1133.92
ORD006596,CUST01704,2023-09-30,9,3,2023-10-01,Web,Hyderabad,Delivered,COD,Late Night 8-11 PM,,0.0,1182.69,1182.69
ORD006597,CUST01704,2023-01-03,1,1,2023-01-06,Web,Hyderabad,Delivered,COD,Late Night 8-11 PM,,0.0,2032.86,2032.86
ORD006598,CUST01704,2023-11-25,11,4,2023-11-27,App,Hyderabad,Delivered,UPI,Morning 6-10 AM,,0.0,5859.51,5859.51
ORD006599,CUST01704,2023-12-26,12,4,2023-12-28,App,Hyderabad,Delivered,Debit Card,Evening 4-8 PM,,0.0,359.74,359.74
ORD006600,CUST01704,2023-03-25,3,1,2023-03-27,Web,Hyderabad,Delivered,COD,Evening 4-8 PM,,0.0,3130.64,3130.64
ORD006601,CUST01704,2023-09-21,9,3,2023-09-22,App,Hyderabad,Delivered,Wallet,Morning 6-10 AM,,0.0,1170.84,1170.84
ORD006602,CUST01704,2023-02-25,2,1,2023-02-27,App,Hyderabad,Delivered,UPI,Afternoon 10-2 PM,,0.0,226.71,226.71
ORD006603,CUST01704,2023-11-17,11,4,2023-11-18,App,Hyderabad,Delivered,Credit Card,Morning 6-10 AM,,0.0,1509.33,1509.33
ORD006604,CUST01704,2023-03-30,3,1,2023-04-01,App,Hyderabad,Returned,COD,Afternoon 10-2 PM,,0.0,457.96,12.36
ORD006605,CUST01704,2023-09-29,9,3,2023-09-30,App,Hyderabad,Delivered,Debit Card,Evening 4-8 PM,,0.0,1335.94,1335.94
ORD006606,CUST01704,2023-09-12,9,3,2023-09-13,App,Hyderabad,Delivered,UPI,Morning 6-10 AM,,0.0,1331.17,1331.17
ORD006607,CUST01704,2023-10-31,10,4,2023-11-03,App,Hyderabad,Delivered,UPI,Morning 6-10 AM,,0.0,268.09,268.09
ORD006608,CUST01704,2023-03-15,3,1,2023-03-18,Web,Hyderabad,Delivered,Credit Card,Evening 4-8 PM,,0.0,1731.46,1731.46
ORD006609,CUST01704,2023-04-07,4,2,2023-04-10,App,Hyderabad,Delivered,Credit Card,Evening 4-8 PM,,0.0,672.28,672.28
ORD006610,CUST01704,2023-12-10,12,4,2023-12-12,App,Hyderabad,Delivered,UPI,Afternoon 10-2 PM,,0.0,1569.72,1569.72
ORD006611,CUST01704,2023-01-10,1,1,2023-01-11,App,Hyderabad,Delivered,UPI,Morning 6-10 AM,,0.0,4108.3,4108.3
ORD006612,CUST01707,2023-05-12,5,2,2023-05-14,Web,Mumbai,Delivered,Credit Card,Afternoon 10-2 PM,,0.0,334.65,334.65
ORD006613,CUST01708,2023-12-16,12,4,2023-12-19,Web,Hyderabad,Delivered,Debit Card,Afternoon 10-2 PM,,0.0,624.18,624.18
ORD006614,CUST01708,2023-10-17,10,4,2023-10-20,App,Hyderabad,Delivered,Credit Card,Late Night 8-11 PM,,0.0,607.06,607.06
ORD006615,CUST01708,2023-02-13,2,1,2023-02-14,App,Hyderabad,Delivered,Credit Card,Evening 4-8 PM,,0.0,399.07,399.07
ORD006616,CUST01708,2023-07-17,7,3,2023-07-18,Web,Hyderabad,Delivered,Debit Card,Late Night 8-11 PM,,0.0,192.0,192.0
ORD006617,CUST01710,2023-02-14,2,1,2023-02-17,App,Mumbai,Delivered,UPI,Evening 4-8 PM,LOVEFEB,110.09,685.01,574.92
ORD006618,CUST01710,2023-04-19,4,2,2023-04-20,App,Mumbai,Delivered,Credit Card,Afternoon 10-2 PM,,0.0,108.44,108.44
ORD006619,CUST01711,2023-11-13,11,4,2023-11-14,App,Delhi,Delivered,Wallet,Morning 6-10 AM,,0.0,253.28,253.28
ORD006620,CUST01711,2023-12-03,12,4,2023-12-04,Web,Delhi,Delivered,UPI,Late Night 8-11 PM,,0.0,2131.62,2131.62
ORD006621,CUST01711,2023-04-20,4,2,2023-04-23,Kiosk,Delhi,Delivered,COD,Evening 4-8 PM,,0.0,318.77,318.77
ORD006622,CUST01711,2023-01-07,1,1,2023-01-10,App,Delhi,Delivered,Wallet,Evening 4-8 PM,,0.0,910.14,910.14
ORD006623,CUST01711,2023-05-15,5,2,,Web,Delhi,Cancelled,UPI,Evening 4-8 PM,,0.0,676.11,0.0
ORD006624,CUST01711,2023-09-17,9,3,2023-09-18,App,Delhi,Delivered,Debit Card,Late Night 8-11 PM,,0.0,1052.44,1052.44
ORD006625,CUST01711,2023-06-04,6,2,2023-06-05,App,Delhi,Delivered,Debit Card,Morning 6-10 AM,,0.0,485.01,485.01
ORD006626,CUST01711,2023-11-30,11,4,2023-12-01,Web,Delhi,Delivered,UPI,Evening 4-8 PM,,0.0,2429.09,2429.09
ORD006627,CUST01711,2023-05-22,5,2,2023-05-24,Web,Delhi,Delivered,UPI,Evening 4-8 PM,,0.0,1097.22,1097.22
ORD006628,CUST01711,2023-01-27,1,1,2023-01-28,Web,Delhi,Delivered,UPI,Afternoon 10-2 PM,,0.0,965.51,965.51
ORD006629,CUST01711,2023-10-21,10,4,,Kiosk,Delhi,Cancelled,UPI,Evening 4-8 PM,,0.0,74.48,0.0
ORD006630,CUST01711,2023-12-18,12,4,2023-12-21,Web,Delhi,Delivered,COD,Morning 6-10 AM,,0.0,1014.61,1014.61
ORD006631,CUST01711,2023-06-28,6,2,2023-06-29,App,Delhi,Delivered,UPI,Afternoon 10-2 PM,,0.0,248.46,248.46
ORD006632,CUST01711,2023-11-30,11,4,2023-12-02,App,Delhi,Delivered,Wallet,Evening 4-8 PM,,0.0,1050.44,1050.44
ORD006633,CUST01712,2023-01-05,1,1,2023-01-07,Kiosk,Hyderabad,Delivered,Credit Card,Evening 4-8 PM,,0.0,156.83,156.83
ORD006634,CUST01713,2023-11-10,11,4,,App,Hyderabad,Cancelled,COD,Late Night 8-11 PM,DIWALI23SUPER,0.0,1471.29,0.0
ORD006635,CUST01713,2023-03-24,3,1,2023-03-25,Web,Hyderabad,Delivered,Credit Card,Afternoon 10-2 PM,,0.0,399.43,399.43
ORD006636,CUST01713,2023-09-06,9,3,2023-09-09,App,Hyderabad,Delivered,Credit Card,Afternoon 10-2 PM,,0.0,19.52,19.52
ORD006637,CUST01713,2023-05-29,5,2,2023-05-30,App,Hyderabad,Delivered,UPI,Late Night 8-11 PM,,0.0,446.76,446.76
ORD006638,CUST01713,2023-03-09,3,1,,Kiosk,Hyderabad,Cancelled,Credit Card,Afternoon 10-2 PM,,0.0,994.27,0.0
ORD006639,CUST01713,2023-10-19,10,4,2023-10-22,App,Hyderabad,Delivered,Credit Card,,,0.0,464.23,464.23
ORD006640,CUST01713,2023-06-05,6,2,2023-06-06,App,Hyderabad,Delivered,COD,Morning 6-10 AM,,0.0,1040.77,1040.77
ORD006641,CUST01713,2023-12-22,12,4,2023-12-23,Kiosk,Hyderabad,Delivered,COD,Morning 6-10 AM,,0.0,596.84,596.84
ORD006642,CUST01714,2023-08-29,8,3,2023-08-31,App,Hyderabad,Returned,Credit Card,Afternoon 10-2 PM,,0.0,346.56,3.59
ORD006643,CUST01717,2023-01-24,1,1,2023-01-25,Kiosk,Delhi,Delivered,COD,Morning 6-10 AM,,0.0,215.52,215.52
ORD006644,CUST01718,2023-12-21,12,4,2023-12-23,App,Jaipur,Delivered,Wallet,Afternoon 10-2 PM,,0.0,1110.82,1110.82
ORD006645,CUST01718,2023-06-24,6,2,2023-06-25,App,Jaipur,Returned,UPI,Evening 4-8 PM,,0.0,1116.64,75.41
ORD006646,CUST01718,2023-08-05,8,3,2023-08-06,App,Jaipur,Returned,COD,Afternoon 10-2 PM,,0.0,905.5,619.94
ORD006647,CUST01718,2023-10-05,10,4,2023-10-07,Kiosk,Jaipur,Returned,COD,Morning 6-10 AM,,0.0,1192.52,225.98
ORD006648,CUST01718,2023-01-17,1,1,2023-01-19,App,Jaipur,Delivered,COD,Morning 6-10 AM,,0.0,443.85,443.85
ORD006649,CUST01718,2023-01-22,1,1,2023-01-23,Web,Jaipur,Delivered,Credit Card,Afternoon 10-2 PM,,0.0,139.92,139.92
ORD006650,CUST01718,2023-03-14,3,1,2023-03-16,Web,Jaipur,Delivered,UPI,Morning 6-10 AM,,0.0,2013.25,2013.25
ORD006651,CUST01718,2023-10-19,10,4,2023-10-22,App,Jaipur,Delivered,Credit Card,Evening 4-8 PM,,0.0,1758.11,1758.11
ORD006652,CUST01718,2023-03-26,3,1,2023-03-28,App,Jaipur,Delivered,Wallet,Afternoon 10-2 PM,,0.0,712.16,712.16
ORD006653,CUST01718,2023-08-10,8,3,2023-08-12,App,Jaipur,Delivered,Credit Card,Afternoon 10-2 PM,,0.0,3527.02,3527.02
ORD006654,CUST01718,2023-09-27,9,3,2023-09-29,App,Jaipur,Delivered,UPI,Evening 4-8 PM,,0.0,3939.13,3939.13
ORD006655,CUST01718,2023-09-05,9,3,2023-09-06,App,Jaipur,Delivered,UPI,Afternoon 10-2 PM,,0.0,2147.44,2147.44
ORD006656,CUST01718,2023-10-31,10,4,2023-11-02,Kiosk,Jaipur,Delivered,COD,Evening 4-8 PM,,0.0,3331.82,3331.82
ORD006657,CUST01723,2023-11-30,11,4,,App,Mumbai,Cancelled,Credit Card,Evening 4-8 PM,,0.0,169.77,0.0
ORD006658,CUST01723,2023-10-12,10,4,2023-10-15,Kiosk,Mumbai,Delivered,COD,Evening 4-8 PM,,0.0,257.3,257.3
ORD006659,CUST01725,2023-03-30,3,1,2023-04-01,App,Hyderabad,Returned,Debit Card,Evening 4-8 PM,,0.0,3806.61,468.43
ORD006660,CUST01725,2023-10-18,10,4,2023-10-21,Web,Hyderabad,Delivered,UPI,Morning 6-10 AM,,0.0,802.68,802.68
ORD006661,CUST01726,2023-04-12,4,2,2023-04-14,App,Delhi,Delivered,COD,Afternoon 10-2 PM,,0.0,95.11,95.11
ORD006662,CUST01726,2023-10-05,10,4,2023-10-06,App,Delhi,Delivered,UPI,Evening 4-8 PM,,0.0,1229.45,1229.45
ORD006663,CUST01726,2023-04-27,4,2,2023-04-29,Kiosk,Delhi,Delivered,Credit Card,Morning 6-10 AM,,0.0,4606.29,4606.29
ORD006664,CUST01726,2023-03-01,3,1,2023-03-03,App,Delhi,Delivered,UPI,Morning 6-10 AM,,0.0,936.89,936.89
ORD006665,CUST01728,2023-08-23,8,3,2023-08-24,Web,Mumbai,Delivered,COD,Morning 6-10 AM,,0.0,379.01,379.01
ORD006666,CUST01728,2023-07-12,7,3,2023-07-15,Kiosk,Mumbai,Delivered,UPI,Morning 6-10 AM,,0.0,1879.18,1879.18
ORD006667,CUST01728,2023-07-16,7,3,2023-07-18,Web,Mumbai,Delivered,UPI,Morning 6-10 AM,,0.0,1899.05,1899.05
ORD006668,CUST01728,2023-04-26,4,2,,Kiosk,Mumbai,Cancelled,UPI,Evening 4-8 PM,,0.0,2136.61,0.0
ORD006669,CUST01728,2023-01-06,1,1,2023-01-09,Web,Mumbai,Delivered,UPI,Morning 6-10 AM,,0.0,227.18,227.18
ORD006670,CUST01728,2023-03-13,3,1,2023-03-15,App,Mumbai,Delivered,Wallet,Evening 4-8 PM,,0.0,608.33,608.33
ORD006671,CUST01728,2023-05-14,5,2,2023-05-15,Web,Mumbai,Delivered,Credit Card,Morning 6-10 AM,,0.0,1199.38,1199.38
ORD006672,CUST01728,2023-07-30,7,3,2023-08-02,Kiosk,Mumbai,Delivered,Credit Card,Late Night 8-11 PM,,0.0,241.4,241.4
ORD006673,CUST01728,2023-05-20,5,2,2023-05-22,Web,Mumbai,Delivered,Credit Card,Afternoon 10-2 PM,,0.0,647.96,647.96
ORD006674,CUST01728,2023-12-20,12,4,2023-12-22,App,Mumbai,Delivered,UPI,Afternoon 10-2 PM,,0.0,225.45,225.45
ORD006675,CUST01728,2023-07-28,7,3,2023-07-29,App,Mumbai,Delivered,Credit Card,Morning 6-10 AM,,0.0,377.51,377.51
ORD006676,CUST01728,2023-05-22,5,2,2023-05-25,Web,Mumbai,Delivered,UPI,Afternoon 10-2 PM,,0.0,813.17,813.17
ORD006677,CUST01728,2023-01-08,1,1,2023-01-11,Kiosk,Mumbai,Delivered,UPI,Evening 4-8 PM,,0.0,482.86,482.86
ORD006678,CUST01728,2023-02-13,2,1,2023-02-15,App,Mumbai,Delivered,COD,Evening 4-8 PM,,0.0,115.96,115.96
ORD006679,CUST01728,2023-08-02,8,3,2023-08-03,Web,Mumbai,Delivered,UPI,Morning 6-10 AM,,0.0,529.26,529.26
ORD006680,CUST01728,2023-04-08,4,2,2023-04-09,Web,Mumbai,Delivered,Debit Card,Morning 6-10 AM,,0.0,1541.25,1541.25
ORD006681,CUST01728,2023-04-16,4,2,2023-04-18,App,Mumbai,Delivered,Credit Card,Late Night 8-11 PM,,0.0,323.39,323.39
ORD006682,CUST01728,2023-09-24,9,3,,App,Mumbai,Cancelled,UPI,Evening 4-8 PM,,0.0,1788.5,0.0
ORD006683,CUST01728,2023-05-18,5,2,2023-05-20,App,Mumbai,Delivered,Credit Card,Afternoon 10-2 PM,,0.0,152.81,152.81
ORD006684,CUST01728,2023-06-12,6,2,2023-06-15,Web,Mumbai,Delivered,Wallet,Morning 6-10 AM,,0.0,907.33,907.33
ORD006685,CUST01728,2023-12-17,12,4,2023-12-20,App,Mumbai,Delivered,Debit Card,Afternoon 10-2 PM,,0.0,181.47,181.47
ORD006686,CUST01728,2023-11-03,11,4,,Kiosk,Mumbai,Cancelled,UPI,Morning 6-10 AM,,0.0,1140.22,0.0
ORD006687,CUST01728,2023-11-18,11,4,2023-11-19,Web,Mumbai,Delivered,Debit Card,Morning 6-10 AM,,0.0,1944.1,1944.1
ORD006688,CUST01730,2023-06-23,6,2,2023-06-24,Web,Delhi,Delivered,UPI,Afternoon 10-2 PM,,0.0,347.23,347.23
ORD006689,CUST01731,2023-01-17,1,1,2023-01-20,Kiosk,Mumbai,Delivered,Credit Card,Late Night 8-11 PM,,0.0,854.49,854.49
ORD006690,CUST01731,2023-06-12,6,2,2023-06-14,Web,Mumbai,Delivered,UPI,Late Night 8-11 PM,,0.0,1248.27,1248.27
ORD006691,CUST01731,2023-08-19,8,3,2023-08-22,Web,Mumbai,Delivered,Debit Card,Evening 4-8 PM,,0.0,1012.81,1012.81
ORD006692,CUST01731,2023-10-10,10,4,2023-10-13,Web,Mumbai,Delivered,Debit Card,Evening 4-8 PM,,0.0,3537.99,3537.99
ORD006693,CUST01731,2023-02-06,2,1,2023-02-07,Web,Mumbai,Delivered,Credit Card,Late Night 8-11 PM,,0.0,158.38,158.38
ORD006694,CUST01731,2023-05-24,5,2,2023-05-26,App,Mumbai,Delivered,COD,Afternoon 10-2 PM,,0.0,1519.8,1519.8
ORD006695,CUST01731,2023-08-14,8,3,2023-08-15,Web,Mumbai,Delivered,Credit Card,Evening 4-8 PM,,0.0,140.04,140.04
ORD006696,CUST01731,2023-01-21,1,1,2023-01-24,App,Mumbai,Delivered,UPI,Morning 6-10 AM,,0.0,631.48,631.48
ORD006697,CUST01731,2023-01-31,1,1,2023-02-01,Web,Mumbai,Delivered,Wallet,Evening 4-8 PM,,0.0,1278.6,1278.6
ORD006698,CUST01731,2023-06-04,6,2,2023-06-05,Kiosk,Mumbai,Delivered,Wallet,Morning 6-10 AM,,0.0,251.81,251.81
ORD006699,CUST01731,2023-08-30,8,3,2023-08-31,Kiosk,Mumbai,Delivered,Credit Card,Evening 4-8 PM,,0.0,360.4,360.4
ORD006700,CUST01731,2023-05-17,5,2,2023-05-19,Web,Mumbai,Delivered,UPI,Morning 6-10 AM,,0.0,937.96,937.96
ORD006701,CUST01732,2023-11-29,11,4,2023-12-01,Web,Jaipur,Delivered,UPI,Evening 4-8 PM,,0.0,716.02,716.02
ORD006702,CUST01732,2023-04-08,4,2,2023-04-10,App,Jaipur,Delivered,Credit Card,Morning 6-10 AM,,0.0,1109.56,1109.56
ORD006703,CUST01732,2023-07-21,7,3,2023-07-23,App,Jaipur,Delivered,COD,Evening 4-8 PM,,0.0,427.78,427.78
ORD006704,CUST01732,2023-02-25,2,1,2023-02-27,Web,Jaipur,Delivered,Credit Card,Afternoon 10-2 PM,,0.0,104.45,104.45
ORD006705,CUST01732,2023-11-29,11,4,2023-11-30,Web,Jaipur,Delivered,Debit Card,Evening 4-8 PM,,0.0,1639.57,1639.57
ORD006706,CUST01732,2023-11-07,11,4,2023-11-10,App,Jaipur,Delivered,COD,Morning 6-10 AM,,0.0,196.31,196.31
ORD006707,CUST01736,2023-08-11,8,3,2023-08-12,App,Delhi,Delivered,UPI,Afternoon 10-2 PM,,0.0,670.4,670.4
ORD006708,CUST01736,2023-01-17,1,1,2023-01-18,App,Delhi,Delivered,COD,Evening 4-8 PM,,0.0,2474.93,2474.93
ORD006709,CUST01736,2023-05-10,5,2,2023-05-12,App,Delhi,Delivered,Debit Card,Morning 6-10 AM,,0.0,1443.74,1443.74
ORD006710,CUST01736,2023-08-12,8,3,2023-08-14,App,Delhi,Delivered,Credit Card,Morning 6-10 AM,,0.0,189.53,189.53
ORD006711,CUST01737,2023-03-12,3,1,2023-03-14,Kiosk,Jaipur,Delivered,Credit Card,Morning 6-10 AM,,0.0,743.24,743.24
ORD006712,CUST01739,2023-04-29,4,2,2023-05-02,App,Mumbai,Delivered,COD,Late Night 8-11 PM,,0.0,635.19,635.19
ORD006713,CUST01740,2023-01-12,1,1,2023-01-14,App,Mumbai,Delivered,Credit Card,Late Night 8-11 PM,,0.0,1301.46,1301.46
ORD006714,CUST01740,2023-10-31,10,4,2023-11-01,Web,Mumbai,Delivered,UPI,Evening 4-8 PM,,0.0,168.92,168.92
ORD006715,CUST01740,2023-09-14,9,3,2023-09-15,Kiosk,Mumbai,Delivered,UPI,Morning 6-10 AM,,0.0,749.9,749.9
ORD006716,CUST01740,2023-07-28,7,3,2023-07-30,App,Mumbai,Delivered,UPI,Afternoon 10-2 PM,,0.0,666.45,666.45
ORD006717,CUST01740,2023-03-21,3,1,2023-03-24,App,Mumbai,Delivered,Debit Card,Late Night 8-11 PM,,0.0,630.9,630.9
ORD006718,CUST01740,2023-07-25,7,3,2023-07-27,Web,Mumbai,Delivered,Wallet,Afternoon 10-2 PM,,0.0,268.77,268.77
ORD006719,CUST01740,2023-12-30,12,4,2024-01-02,App,Mumbai,Delivered,Debit Card,Morning 6-10 AM,XMAS23,29.17,297.25,268.08
ORD006720,CUST01740,2023-07-06,7,3,2023-07-08,App,Mumbai,Delivered,UPI,Evening 4-8 PM,,0.0,2231.8,2231.8
ORD006721,CUST01744,2023-01-25,1,1,,Web,Jaipur,Cancelled,Debit Card,Late Night 8-11 PM,,0.0,1317.72,0.0
ORD006722,CUST01746,2023-08-18,8,3,2023-08-20,Web,Hyderabad,Delivered,UPI,Afternoon 10-2 PM,,0.0,836.72,836.72
ORD006723,CUST01747,2023-06-15,6,2,2023-06-16,App,Mumbai,Delivered,Credit Card,Morning 6-10 AM,,0.0,521.83,521.83
ORD006724,CUST01747,2023-05-07,5,2,2023-05-10,Web,Mumbai,Delivered,UPI,Evening 4-8 PM,,0.0,490.76,490.76
ORD006725,CUST01747,2023-01-31,1,1,2023-02-02,App,Mumbai,Delivered,COD,Evening 4-8 PM,,0.0,448.13,448.13
ORD006726,CUST01748,2023-10-23,10,4,2023-10-24,Web,Bengaluru,Delivered,Debit Card,Afternoon 10-2 PM,,0.0,231.62,231.62
ORD006727,CUST01748,2023-06-28,6,2,2023-07-01,App,Bengaluru,Delivered,Debit Card,Afternoon 10-2 PM,,0.0,322.49,322.49
ORD006728,CUST01748,2023-12-05,12,4,2023-12-08,Web,Bengaluru,Delivered,UPI,Evening 4-8 PM,,0.0,40.03,40.03
ORD006729,CUST01748,2023-09-03,9,3,2023-09-06,Kiosk,Bengaluru,Delivered,UPI,Morning 6-10 AM,,0.0,226.28,226.28
ORD006730,CUST01749,2023-05-22,5,2,2023-05-23,App,Jaipur,Returned,Credit Card,Evening 4-8 PM,,0.0,498.62,296.29
ORD006731,CUST01750,2023-10-29,10,4,2023-11-01,App,Mumbai,Delivered,COD,Morning 6-10 AM,,0.0,1079.82,1079.82
ORD006732,CUST01750,2023-07-01,7,3,2023-07-04,App,Mumbai,Delivered,Credit Card,Evening 4-8 PM,,0.0,1007.08,1007.08
ORD006733,CUST01750,2023-04-11,4,2,2023-04-13,App,Mumbai,Delivered,UPI,Morning 6-10 AM,,0.0,298.76,298.76
ORD006734,CUST01750,2023-11-12,11,4,,App,Mumbai,Cancelled,COD,Afternoon 10-2 PM,,0.0,103.93,0.0
ORD006735,CUST01750,2023-02-08,2,1,2023-02-09,Kiosk,Mumbai,Delivered,UPI,Afternoon 10-2 PM,,0.0,969.95,969.95
ORD006736,CUST01750,2023-02-19,2,1,2023-02-21,App,Mumbai,Delivered,COD,Morning 6-10 AM,,0.0,867.94,867.94
ORD006737,CUST01751,2023-09-21,9,3,,Web,Delhi,Cancelled,UPI,Evening 4-8 PM,,0.0,770.55,0.0
ORD006738,CUST01752,2023-12-26,12,4,2023-12-29,App,Mumbai,Delivered,Credit Card,Morning 6-10 AM,,0.0,1161.02,1161.02
ORD006739,CUST01752,2023-08-26,8,3,2023-08-28,Web,Mumbai,Delivered,Debit Card,Morning 6-10 AM,,0.0,745.94,745.94
ORD006740,CUST01752,2023-09-01,9,3,2023-09-03,Web,Mumbai,Delivered,Debit Card,Morning 6-10 AM,,0.0,4679.52,4679.52
ORD006741,CUST01752,2023-08-27,8,3,2023-08-28,App,Mumbai,Delivered,Debit Card,Afternoon 10-2 PM,,0.0,1842.25,1842.25
ORD006742,CUST01752,2023-04-11,4,2,2023-04-12,App,Mumbai,Delivered,Debit Card,Evening 4-8 PM,,0.0,502.21,502.21
ORD006743,CUST01752,2023-09-09,9,3,2023-09-12,App,Mumbai,Delivered,Debit Card,Morning 6-10 AM,,0.0,922.35,922.35
ORD006744,CUST01752,2023-08-11,8,3,2023-08-13,Kiosk,Mumbai,Delivered,Credit Card,Evening 4-8 PM,,0.0,709.61,709.61
ORD006745,CUST01752,2023-02-09,2,1,2023-02-11,App,Mumbai,Delivered,Credit Card,Afternoon 10-2 PM,,0.0,2932.66,2932.66
ORD006746,CUST01752,2023-10-03,10,4,2023-10-04,App,Mumbai,Delivered,UPI,Afternoon 10-2 PM,,0.0,2965.78,2965.78
ORD006747,CUST01752,2023-11-19,11,4,2023-11-20,App,Mumbai,Delivered,UPI,Evening 4-8 PM,,0.0,2065.22,2065.22
ORD006748,CUST01752,2023-09-06,9,3,2023-09-09,App,Mumbai,Delivered,UPI,Evening 4-8 PM,,0.0,1994.51,1994.51
ORD006749,CUST01752,2023-02-14,2,1,2023-02-15,Kiosk,Mumbai,Returned,UPI,Morning 6-10 AM,,0.0,1732.03,46.0
ORD006750,CUST01752,2023-10-31,10,4,2023-11-03,App,Mumbai,Delivered,UPI,,,0.0,2798.88,2798.88
ORD006751,CUST01752,2023-12-26,12,4,2023-12-27,App,Mumbai,Delivered,UPI,Afternoon 10-2 PM,,0.0,1348.61,1348.61
ORD006752,CUST01752,2023-04-10,4,2,2023-04-13,App,Mumbai,Delivered,COD,Afternoon 10-2 PM,,0.0,353.85,353.85
ORD006753,CUST01752,2023-09-12,9,3,2023-09-14,Web,Mumbai,Delivered,UPI,Morning 6-10 AM,,0.0,2602.81,2602.81
ORD006754,CUST01752,2023-11-07,11,4,2023-11-09,App,Mumbai,Delivered,COD,Late Night 8-11 PM,,0.0,2232.58,2232.58
ORD006755,CUST01756,2023-11-18,11,4,2023-11-19,Web,Mumbai,Returned,UPI,Late Night 8-11 PM,,0.0,1609.59,723.39
ORD006756,CUST01756,2023-10-31,10,4,2023-11-03,App,Mumbai,Delivered,Wallet,Evening 4-8 PM,,0.0,458.76,458.76
ORD006757,CUST01756,2023-09-13,9,3,2023-09-14,App,Mumbai,Delivered,Credit Card,Evening 4-8 PM,,0.0,1192.86,1192.86
ORD006758,CUST01756,2023-05-21,5,2,2023-05-22,App,Mumbai,Delivered,UPI,Evening 4-8 PM,,0.0,2652.76,2652.76
ORD006759,CUST01756,2023-06-22,6,2,2023-06-24,Web,Mumbai,Delivered,UPI,Evening 4-8 PM,,0.0,269.0,269.0
ORD006760,CUST01756,2023-02-21,2,1,2023-02-23,Web,Mumbai,Delivered,Wallet,Evening 4-8 PM,,0.0,745.77,745.77
ORD006761,CUST01756,2023-04-08,4,2,2023-04-11,App,Mumbai,Delivered,UPI,Morning 6-10 AM,,0.0,595.62,595.62
ORD006762,CUST01756,2023-01-05,1,1,2023-01-07,App,Mumbai,Delivered,Credit Card,Afternoon 10-2 PM,,0.0,1242.45,1242.45
ORD006763,CUST01756,2023-04-18,4,2,2023-04-19,Web,Mumbai,Delivered,COD,Afternoon 10-2 PM,,0.0,2793.59,2793.59
ORD006764,CUST01756,2023-09-21,9,3,2023-09-24,App,Mumbai,Delivered,UPI,Morning 6-10 AM,,0.0,1477.65,1477.65
ORD006765,CUST01756,2023-09-07,9,3,2023-09-10,Web,Mumbai,Delivered,UPI,Morning 6-10 AM,,0.0,930.02,930.02
ORD006766,CUST01757,2023-08-30,8,3,2023-09-01,App,Mumbai,Returned,UPI,Evening 4-8 PM,,0.0,1320.72,307.15
ORD006767,CUST01757,2023-07-28,7,3,2023-07-29,App,Mumbai,Delivered,COD,Afternoon 10-2 PM,,0.0,1003.74,1003.74
ORD006768,CUST01758,2023-02-06,2,1,2023-02-07,Kiosk,Bengaluru,Delivered,Wallet,Late Night 8-11 PM,,0.0,242.8,242.8
ORD006769,CUST01759,2023-09-18,9,3,2023-09-20,Web,Pune,Delivered,UPI,Morning 6-10 AM,,0.0,715.17,715.17
ORD006770,CUST01760,2023-11-07,11,4,2023-11-10,App,Delhi,Delivered,UPI,Morning 6-10 AM,,0.0,2097.69,2097.69
ORD006771,CUST01760,2023-08-08,8,3,2023-08-09,App,Delhi,Delivered,UPI,,,0.0,710.42,710.42
ORD006772,CUST01760,2023-09-18,9,3,2023-09-19,App,Delhi,Delivered,UPI,Afternoon 10-2 PM,,0.0,347.86,347.86
ORD006773,CUST01762,2023-02-15,2,1,2023-02-16,Web,Hyderabad,Returned,UPI,Afternoon 10-2 PM,,0.0,461.17,5.67
ORD006774,CUST01762,2023-12-21,12,4,2023-12-22,App,Hyderabad,Delivered,Credit Card,Evening 4-8 PM,,0.0,484.2,484.2
ORD006775,CUST01764,2023-10-15,10,4,2023-10-18,Web,Pune,Delivered,Debit Card,,,0.0,173.57,173.57
ORD006776,CUST01769,2023-07-02,7,3,2023-07-04,Web,Lucknow,Delivered,Credit Card,Afternoon 10-2 PM,,0.0,994.45,994.45
ORD006777,CUST01772,2023-05-13,5,2,2023-05-16,Web,Mumbai,Delivered,UPI,Afternoon 10-2 PM,,0.0,141.02,141.02
ORD006778,CUST01773,2023-09-01,9,3,2023-09-02,App,Mumbai,Delivered,Credit Card,Evening 4-8 PM,,0.0,1039.43,1039.43
ORD006779,CUST01773,2023-11-13,11,4,2023-11-14,Kiosk,Mumbai,Delivered,UPI,Morning 6-10 AM,,0.0,1111.51,1111.51
ORD006780,CUST01773,2023-10-28,10,4,2023-10-30,App,Mumbai,Delivered,COD,Evening 4-8 PM,,0.0,1075.98,1075.98
ORD006781,CUST01773,2023-05-02,5,2,2023-05-05,Web,Mumbai,Delivered,Debit Card,Morning 6-10 AM,,0.0,1031.15,1031.15
ORD006782,CUST01773,2023-12-17,12,4,,App,Mumbai,Cancelled,Wallet,Morning 6-10 AM,,0.0,2812.53,0.0
ORD006783,CUST01773,2023-03-14,3,1,2023-03-17,App,Mumbai,Delivered,COD,Afternoon 10-2 PM,,0.0,1099.53,1099.53
ORD006784,CUST01773,2023-05-09,5,2,2023-05-10,Web,Mumbai,Returned,Credit Card,Afternoon 10-2 PM,,0.0,2179.89,251.14
ORD006785,CUST01773,2023-02-25,2,1,2023-02-28,App,Mumbai,Delivered,Wallet,Late Night 8-11 PM,,0.0,1781.68,1781.68
ORD006786,CUST01773,2023-10-11,10,4,2023-10-13,App,Mumbai,Delivered,Debit Card,Morning 6-10 AM,,0.0,790.9,790.9
ORD006787,CUST01773,2023-06-24,6,2,2023-06-25,App,Mumbai,Delivered,Credit Card,Evening 4-8 PM,,0.0,6198.88,6198.88
ORD006788,CUST01773,2023-12-06,12,4,2023-12-09,App,Mumbai,Delivered,COD,Morning 6-10 AM,,0.0,2015.94,2015.94
ORD006789,CUST01773,2023-09-28,9,3,2023-09-29,App,Mumbai,Delivered,Debit Card,Morning 6-10 AM,,0.0,927.79,927.79
ORD006790,CUST01773,2023-08-09,8,3,2023-08-10,App,Mumbai,Delivered,UPI,Afternoon 10-2 PM,,0.0,2144.02,2144.02
ORD006791,CUST01773,2023-10-14,10,4,,App,Mumbai,Cancelled,UPI,Morning 6-10 AM,,0.0,1688.14,0.0
ORD006792,CUST01773,2023-01-25,1,1,2023-01-28,Web,Mumbai,Delivered,Wallet,Morning 6-10 AM,,0.0,4809.39,4809.39
ORD006793,CUST01773,2023-07-20,7,3,2023-07-23,Kiosk,Mumbai,Delivered,UPI,Morning 6-10 AM,,0.0,536.44,536.44
ORD006794,CUST01773,2023-11-20,11,4,2023-11-22,Web,Mumbai,Delivered,Debit Card,Morning 6-10 AM,,0.0,1756.46,1756.46
ORD006795,CUST01773,2023-07-03,7,3,2023-07-06,Web,Mumbai,Delivered,COD,Morning 6-10 AM,,0.0,2405.68,2405.68
ORD006796,CUST01773,2023-10-11,10,4,2023-10-14,App,Mumbai,Delivered,Credit Card,Afternoon 10-2 PM,,0.0,665.52,665.52
ORD006797,CUST01773,2023-12-27,12,4,2023-12-28,Web,Mumbai,Delivered,Credit Card,Evening 4-8 PM,,0.0,1086.7,1086.7
ORD006798,CUST01773,2023-01-28,1,1,2023-01-31,App,Mumbai,Delivered,COD,Afternoon 10-2 PM,,0.0,339.26,339.26
ORD006799,CUST01773,2023-07-23,7,3,2023-07-24,App,Mumbai,Delivered,UPI,Evening 4-8 PM,,0.0,1074.23,1074.23
ORD006800,CUST01773,2023-12-30,12,4,2024-01-02,Web,Mumbai,Delivered,Credit Card,Morning 6-10 AM,,0.0,1163.44,1163.44
ORD006801,CUST01773,2023-04-19,4,2,2023-04-21,App,Mumbai,Returned,UPI,Morning 6-10 AM,,0.0,1479.26,71.76
ORD006802,CUST01773,2023-01-25,1,1,2023-01-27,App,Mumbai,Delivered,COD,Morning 6-10 AM,,0.0,4081.6,4081.6
ORD006803,CUST01773,2023-02-20,2,1,2023-02-22,App,Mumbai,Delivered,Wallet,Morning 6-10 AM,,0.0,1587.77,1587.77
ORD006804,CUST01779,2023-05-22,5,2,2023-05-24,App,Delhi,Delivered,Wallet,Late Night 8-11 PM,,0.0,882.44,882.44
ORD006805,CUST01779,2023-08-02,8,3,2023-08-04,App,Delhi,Delivered,Debit Card,Morning 6-10 AM,,0.0,997.07,997.07
ORD006806,CUST01779,2023-09-10,9,3,2023-09-11,App,Delhi,Delivered,COD,Evening 4-8 PM,,0.0,1691.83,1691.83
ORD006807,CUST01779,2023-03-26,3,1,2023-03-27,Web,Delhi,Delivered,Debit Card,,,0.0,511.3,511.3
ORD006808,CUST01779,2023-09-13,9,3,2023-09-15,Web,Delhi,Delivered,Credit Card,Morning 6-10 AM,,0.0,3701.58,3701.58
ORD006809,CUST01779,2023-12-07,12,4,2023-12-08,Kiosk,Delhi,Delivered,UPI,Afternoon 10-2 PM,,0.0,839.7,839.7
ORD006810,CUST01779,2023-12-25,12,4,2023-12-28,Web,Delhi,Delivered,UPI,Afternoon 10-2 PM,,0.0,856.24,856.24
ORD006811,CUST01779,2023-02-16,2,1,2023-02-19,Web,Delhi,Delivered,UPI,Morning 6-10 AM,,0.0,1021.54,1021.54
ORD006812,CUST01779,2023-04-11,4,2,2023-04-13,App,Delhi,Delivered,Credit Card,Morning 6-10 AM,,0.0,177.69,177.69
ORD006813,CUST01782,2023-03-04,3,1,2023-03-07,Web,Jaipur,Delivered,UPI,Morning 6-10 AM,,0.0,248.07,248.07
ORD006814,CUST01786,2023-09-21,9,3,,Web,Bengaluru,Cancelled,Debit Card,Evening 4-8 PM,,0.0,955.48,0.0
ORD006815,CUST01786,2023-06-30,6,2,2023-07-03,Web,Bengaluru,Delivered,Credit Card,Morning 6-10 AM,,0.0,327.75,327.75
ORD006816,CUST01786,2023-07-05,7,3,2023-07-06,App,Bengaluru,Delivered,COD,Morning 6-10 AM,,0.0,918.61,918.61
ORD006817,CUST01788,2023-12-29,12,4,,App,Delhi,Cancelled,UPI,Evening 4-8 PM,XMAS23,0.0,790.26,0.0
ORD006818,CUST01788,2023-02-06,2,1,2023-02-09,App,Delhi,Delivered,COD,Evening 4-8 PM,,0.0,407.61,407.61
ORD006819,CUST01788,2023-02-13,2,1,2023-02-16,App,Delhi,Delivered,UPI,Evening 4-8 PM,LOVEFEB,539.02,3220.59,2681.57
ORD006820,CUST01788,2023-01-22,1,1,2023-01-24,App,Delhi,Delivered,UPI,Evening 4-8 PM,,0.0,1594.54,1594.54
ORD006821,CUST01788,2023-08-25,8,3,2023-08-27,App,Delhi,Delivered,COD,Morning 6-10 AM,,0.0,376.17,376.17
ORD006822,CUST01789,2023-08-12,8,3,2023-08-15,App,Mumbai,Delivered,UPI,Late Night 8-11 PM,,0.0,1475.06,1475.06
ORD006823,CUST01789,2023-11-15,11,4,2023-11-17,App,Mumbai,Delivered,UPI,Evening 4-8 PM,DIWALI23SUPER,136.44,960.44,824.0
ORD006824,CUST01789,2023-03-05,3,1,2023-03-06,App,Mumbai,Delivered,UPI,Afternoon 10-2 PM,,0.0,1065.81,1065.81
ORD006825,CUST01789,2023-03-26,3,1,2023-03-28,App,Mumbai,Delivered,UPI,Afternoon 10-2 PM,,0.0,5060.06,5060.06
ORD006826,CUST01789,2023-11-25,11,4,2023-11-27,Kiosk,Mumbai,Delivered,UPI,Evening 4-8 PM,BIGSALE23,307.68,2723.11,2415.43
ORD006827,CUST01789,2023-11-26,11,4,2023-11-29,Web,Mumbai,Delivered,COD,Afternoon 10-2 PM,,0.0,1717.89,1717.89
ORD006828,CUST01789,2023-09-13,9,3,2023-09-14,App,Mumbai,Delivered,UPI,Evening 4-8 PM,,0.0,1104.2,1104.2
ORD006829,CUST01789,2023-11-01,11,4,2023-11-03,Web,Mumbai,Delivered,Credit Card,Afternoon 10-2 PM,,0.0,1350.36,1350.36
ORD006830,CUST01789,2023-07-09,7,3,2023-07-10,Web,Mumbai,Delivered,UPI,Afternoon 10-2 PM,,0.0,382.45,382.45
ORD006831,CUST01789,2023-10-01,10,4,2023-10-03,App,Mumbai,Delivered,COD,Morning 6-10 AM,,0.0,1411.75,1411.75
ORD006832,CUST01789,2023-10-20,10,4,2023-10-22,App,Mumbai,Delivered,UPI,Evening 4-8 PM,,0.0,438.26,438.26
ORD006833,CUST01789,2023-12-08,12,4,2023-12-11,App,Mumbai,Delivered,UPI,Morning 6-10 AM,,0.0,1603.22,1603.22
ORD006834,CUST01789,2023-01-13,1,1,2023-01-15,Web,Mumbai,Returned,UPI,Late Night 8-11 PM,,0.0,2859.6,1265.78
ORD006835,CUST01789,2023-07-26,7,3,2023-07-28,Web,Mumbai,Delivered,UPI,Late Night 8-11 PM,,0.0,3753.5,3753.5
ORD006836,CUST01789,2023-06-08,6,2,2023-06-10,App,Mumbai,Delivered,UPI,Morning 6-10 AM,,0.0,1340.41,1340.41
ORD006837,CUST01789,2023-11-14,11,4,2023-11-17,Kiosk,Mumbai,Delivered,UPI,Morning 6-10 AM,,0.0,2251.91,2251.91
ORD006838,CUST01789,2023-02-16,2,1,2023-02-19,Web,Mumbai,Delivered,Credit Card,Afternoon 10-2 PM,,0.0,1039.52,1039.52
ORD006839,CUST01789,2023-11-14,11,4,2023-11-15,Web,Mumbai,Delivered,UPI,Afternoon 10-2 PM,,0.0,1477.07,1477.07
ORD006840,CUST01789,2023-02-27,2,1,2023-02-28,Web,Mumbai,Delivered,COD,Evening 4-8 PM,,0.0,2534.95,2534.95
ORD006841,CUST01789,2023-06-02,6,2,2023-06-05,App,Mumbai,Delivered,Wallet,Morning 6-10 AM,,0.0,1495.88,1495.88
ORD006842,CUST01789,2023-10-27,10,4,,App,Mumbai,Cancelled,COD,Evening 4-8 PM,,0.0,2253.99,0.0
ORD006843,CUST01790,2023-12-28,12,4,2023-12-29,Web,Pune,Delivered,COD,Afternoon 10-2 PM,XMAS23,220.05,1673.17,1453.12
ORD006844,CUST01790,2023-12-01,12,4,2023-12-04,App,Pune,Delivered,Credit Card,Evening 4-8 PM,,0.0,1601.95,1601.95
ORD006845,CUST01790,2023-02-12,2,1,2023-02-15,App,Pune,Delivered,Debit Card,Evening 4-8 PM,,0.0,194.22,194.22
ORD006846,CUST01790,2023-12-13,12,4,,App,Pune,Cancelled,Debit Card,,,0.0,1207.0,0.0
ORD006847,CUST01790,2023-09-20,9,3,2023-09-22,Web,Pune,Delivered,COD,Morning 6-10 AM,,0.0,1705.7,1705.7
ORD006848,CUST01790,2023-08-31,8,3,2023-09-02,App,Pune,Delivered,COD,Late Night 8-11 PM,,0.0,474.26,474.26
ORD006849,CUST01791,2023-11-19,11,4,2023-11-22,App,Mumbai,Delivered,UPI,Evening 4-8 PM,,0.0,2011.04,2011.04
ORD006850,CUST01791,2023-06-11,6,2,2023-06-14,App,Mumbai,Delivered,COD,Evening 4-8 PM,,0.0,122.84,122.84
ORD006851,CUST01791,2023-11-30,11,4,,Kiosk,Mumbai,Cancelled,UPI,Morning 6-10 AM,,0.0,2052.37,0.0
ORD006852,CUST01791,2023-11-20,11,4,2023-11-22,App,Mumbai,Delivered,UPI,Afternoon 10-2 PM,BIGSALE23,227.02,1680.8,1453.78
ORD006853,CUST01791,2023-03-11,3,1,2023-03-14,Web,Mumbai,Delivered,Credit Card,Morning 6-10 AM,,0.0,343.11,343.11
ORD006854,CUST01791,2023-01-07,1,1,2023-01-09,App,Mumbai,Delivered,UPI,Morning 6-10 AM,,0.0,1260.33,1260.33
ORD006855,CUST01791,2023-02-08,2,1,2023-02-09,App,Mumbai,Delivered,Wallet,Evening 4-8 PM,,0.0,1494.86,1494.86
ORD006856,CUST01791,2023-03-10,3,1,2023-03-12,App,Mumbai,Delivered,UPI,Morning 6-10 AM,,0.0,1106.84,1106.84
ORD006857,CUST01791,2023-03-30,3,1,2023-04-01,App,Mumbai,Delivered,UPI,Afternoon 10-2 PM,,0.0,1339.29,1339.29
ORD006858,CUST01791,2023-02-21,2,1,2023-02-23,App,Mumbai,Delivered,Credit Card,Morning 6-10 AM,,0.0,1788.53,1788.53
ORD006859,CUST01792,2023-02-04,2,1,2023-02-06,Kiosk,Mumbai,Delivered,UPI,Afternoon 10-2 PM,,0.0,137.25,137.25
ORD006860,CUST01793,2023-07-05,7,3,2023-07-06,Web,Ahmedabad,Returned,Credit Card,Morning 6-10 AM,,0.0,1599.08,41.45
ORD006861,CUST01793,2023-09-17,9,3,2023-09-19,App,Ahmedabad,Delivered,UPI,Afternoon 10-2 PM,,0.0,1498.5,1498.5
ORD006862,CUST01793,2023-04-12,4,2,2023-04-15,App,Ahmedabad,Delivered,Credit Card,Morning 6-10 AM,,0.0,436.87,436.87
ORD006863,CUST01793,2023-03-20,3,1,2023-03-23,App,Ahmedabad,Delivered,Credit Card,Morning 6-10 AM,,0.0,3215.49,3215.49
ORD006864,CUST01793,2023-07-09,7,3,2023-07-12,App,Ahmedabad,Delivered,COD,Morning 6-10 AM,,0.0,1588.34,1588.34
ORD006865,CUST01793,2023-05-11,5,2,2023-05-14,Web,Ahmedabad,Delivered,Credit Card,Evening 4-8 PM,,0.0,1908.76,1908.76
ORD006866,CUST01793,2023-07-16,7,3,2023-07-18,App,Ahmedabad,Delivered,Credit Card,Morning 6-10 AM,,0.0,794.5,794.5
ORD006867,CUST01793,2023-04-08,4,2,2023-04-11,Web,Ahmedabad,Delivered,UPI,Morning 6-10 AM,,0.0,1048.44,1048.44
ORD006868,CUST01795,2023-04-27,4,2,2023-04-28,App,Mumbai,Delivered,Wallet,Evening 4-8 PM,,0.0,2721.85,2721.85
ORD006869,CUST01795,2023-05-17,5,2,2023-05-19,Web,Mumbai,Delivered,Wallet,Evening 4-8 PM,,0.0,2098.5,2098.5
ORD006870,CUST01795,2023-08-05,8,3,2023-08-08,Web,Mumbai,Delivered,Debit Card,Morning 6-10 AM,,0.0,1349.8,1349.8
ORD006871,CUST01795,2023-02-15,2,1,2023-02-16,Kiosk,Mumbai,Delivered,Credit Card,Morning 6-10 AM,,0.0,1348.16,1348.16
ORD006872,CUST01795,2023-10-26,10,4,2023-10-29,App,Mumbai,Delivered,Credit Card,Morning 6-10 AM,,0.0,2716.36,2716.36
ORD006873,CUST01795,2023-11-08,11,4,2023-11-11,Kiosk,Mumbai,Delivered,COD,Afternoon 10-2 PM,,0.0,546.7,546.7
ORD006874,CUST01795,2023-06-08,6,2,2023-06-11,App,Mumbai,Delivered,Debit Card,Afternoon 10-2 PM,,0.0,1484.41,1484.41
ORD006875,CUST01795,2023-08-21,8,3,2023-08-23,App,Mumbai,Delivered,UPI,Evening 4-8 PM,,0.0,745.61,745.61
ORD006876,CUST01795,2023-09-05,9,3,2023-09-07,App,Mumbai,Returned,Debit Card,Morning 6-10 AM,,0.0,2823.38,155.52
ORD006877,CUST01795,2023-02-04,2,1,,App,Mumbai,Cancelled,COD,Evening 4-8 PM,,0.0,1241.01,0.0
ORD006878,CUST01796,2023-01-07,1,1,2023-01-10,App,Pune,Delivered,UPI,Morning 6-10 AM,,0.0,615.76,615.76
ORD006879,CUST01796,2023-01-08,1,1,,App,Pune,Cancelled,UPI,Afternoon 10-2 PM,,0.0,278.45,0.0
ORD006880,CUST01796,2023-09-07,9,3,2023-09-10,Kiosk,Pune,Delivered,Debit Card,Morning 6-10 AM,,0.0,1099.67,1099.67
ORD006881,CUST01796,2023-03-06,3,1,2023-03-09,App,Pune,Delivered,UPI,Afternoon 10-2 PM,,0.0,856.63,856.63
ORD006882,CUST01796,2023-11-19,11,4,2023-11-21,App,Pune,Delivered,UPI,Morning 6-10 AM,,0.0,1482.32,1482.32
ORD006883,CUST01797,2023-10-20,10,4,2023-10-23,App,Lucknow,Delivered,UPI,Morning 6-10 AM,,0.0,3418.97,3418.97
ORD006884,CUST01797,2023-12-21,12,4,2023-12-24,App,Lucknow,Delivered,Debit Card,Evening 4-8 PM,,0.0,1245.06,1245.06
ORD006885,CUST01797,2023-04-08,4,2,2023-04-09,App,Lucknow,Delivered,UPI,Afternoon 10-2 PM,,0.0,2535.0,2535.0
ORD006886,CUST01797,2023-01-24,1,1,2023-01-26,Web,Lucknow,Delivered,UPI,Morning 6-10 AM,,0.0,1207.89,1207.89
ORD006887,CUST01797,2023-05-16,5,2,2023-05-19,App,Lucknow,Delivered,UPI,Evening 4-8 PM,,0.0,344.25,344.25
ORD006888,CUST01797,2023-04-18,4,2,2023-04-19,App,Lucknow,Delivered,Debit Card,Afternoon 10-2 PM,,0.0,4589.35,4589.35
ORD006889,CUST01797,2023-08-10,8,3,2023-08-13,App,Lucknow,Delivered,Debit Card,Morning 6-10 AM,,0.0,592.61,592.61
ORD006890,CUST01797,2023-12-28,12,4,2023-12-29,App,Lucknow,Delivered,UPI,Afternoon 10-2 PM,,0.0,2585.8,2585.8
ORD006891,CUST01797,2023-05-04,5,2,2023-05-06,App,Lucknow,Delivered,UPI,Morning 6-10 AM,,0.0,677.09,677.09
ORD006892,CUST01797,2023-12-30,12,4,2023-12-31,Web,Lucknow,Delivered,Credit Card,Morning 6-10 AM,,0.0,1026.4,1026.4
ORD006893,CUST01797,2023-12-19,12,4,2023-12-20,App,Lucknow,Returned,UPI,Afternoon 10-2 PM,,0.0,500.44,158.8
ORD006894,CUST01797,2023-12-19,12,4,2023-12-22,App,Lucknow,Delivered,UPI,Morning 6-10 AM,,0.0,757.72,757.72
ORD006895,CUST01797,2023-09-20,9,3,2023-09-22,App,Lucknow,Delivered,UPI,Morning 6-10 AM,,0.0,888.75,888.75
ORD006896,CUST01797,2023-06-10,6,2,2023-06-13,App,Lucknow,Delivered,Credit Card,Evening 4-8 PM,,0.0,1822.94,1822.94
ORD006897,CUST01797,2023-10-01,10,4,2023-10-04,App,Lucknow,Delivered,UPI,Afternoon 10-2 PM,,0.0,1239.44,1239.44
ORD006898,CUST01797,2023-03-12,3,1,2023-03-13,App,Lucknow,Delivered,Credit Card,Afternoon 10-2 PM,,0.0,1007.3,1007.3
ORD006899,CUST01797,2023-08-13,8,3,2023-08-14,Kiosk,Lucknow,Delivered,UPI,Morning 6-10 AM,,0.0,1084.29,1084.29
ORD006900,CUST01800,2023-06-09,6,2,2023-06-10,Kiosk,Delhi,Delivered,Debit Card,Afternoon 10-2 PM,,0.0,2109.97,2109.97
ORD006901,CUST01800,2023-07-06,7,3,2023-07-07,App,Delhi,Delivered,UPI,Morning 6-10 AM,,0.0,1637.12,1637.12
ORD006902,CUST01800,2023-11-25,11,4,2023-11-28,App,Delhi,Delivered,Credit Card,Morning 6-10 AM,,0.0,255.54,255.54
ORD006903,CUST01800,2023-04-17,4,2,2023-04-20,Web,Delhi,Delivered,Debit Card,Morning 6-10 AM,,0.0,819.13,819.13
ORD006904,CUST01800,2023-12-17,12,4,2023-12-18,Web,Delhi,Delivered,Debit Card,Morning 6-10 AM,,0.0,407.31,407.31
ORD006905,CUST01800,2023-07-18,7,3,2023-07-20,Web,Delhi,Delivered,UPI,Morning 6-10 AM,,0.0,358.03,358.03
ORD006906,CUST01800,2023-06-23,6,2,2023-06-26,Kiosk,Delhi,Delivered,Debit Card,Morning 6-10 AM,,0.0,1022.42,1022.42
ORD006907,CUST01800,2023-02-13,2,1,2023-02-14,App,Delhi,Delivered,UPI,Evening 4-8 PM,LOVEFEB,164.0,1100.31,936.31
ORD006908,CUST01800,2023-03-08,3,1,2023-03-10,App,Delhi,Delivered,UPI,Evening 4-8 PM,HOLI23,17.16,311.92,294.76
ORD006909,CUST01800,2023-12-30,12,4,2024-01-02,Web,Delhi,Delivered,UPI,Late Night 8-11 PM,,0.0,1094.5,1094.5
ORD006910,CUST01800,2023-10-29,10,4,2023-11-01,Web,Delhi,Delivered,UPI,Evening 4-8 PM,,0.0,422.53,422.53
ORD006911,CUST01800,2023-10-10,10,4,2023-10-11,App,Delhi,Delivered,Credit Card,Evening 4-8 PM,,0.0,1657.43,1657.43
ORD006912,CUST01804,2023-01-06,1,1,2023-01-08,App,Bengaluru,Delivered,Wallet,Late Night 8-11 PM,,0.0,230.1,230.1
ORD006913,CUST01804,2023-03-03,3,1,2023-03-04,Web,Bengaluru,Delivered,Debit Card,Evening 4-8 PM,,0.0,231.14,231.14
ORD006914,CUST01804,2023-10-17,10,4,2023-10-18,Kiosk,Bengaluru,Delivered,Credit Card,Morning 6-10 AM,,0.0,805.01,805.01
ORD006915,CUST01814,2023-04-04,4,2,2023-04-06,App,Mumbai,Delivered,Credit Card,Afternoon 10-2 PM,,0.0,1021.38,1021.38
ORD006916,CUST01814,2023-06-14,6,2,2023-06-16,App,Mumbai,Delivered,UPI,Evening 4-8 PM,,0.0,1913.36,1913.36
ORD006917,CUST01814,2023-11-17,11,4,2023-11-18,App,Mumbai,Delivered,UPI,Evening 4-8 PM,,0.0,1889.2,1889.2
ORD006918,CUST01814,2023-12-03,12,4,2023-12-04,Kiosk,Mumbai,Returned,UPI,Afternoon 10-2 PM,,0.0,1056.07,204.25
ORD006919,CUST01814,2023-11-30,11,4,2023-12-01,App,Mumbai,Delivered,UPI,Late Night 8-11 PM,,0.0,3468.37,3468.37
ORD006920,CUST01814,2023-11-20,11,4,2023-11-22,App,Mumbai,Delivered,UPI,Morning 6-10 AM,,0.0,2868.31,2868.31
ORD006921,CUST01814,2023-05-25,5,2,2023-05-26,Kiosk,Mumbai,Delivered,UPI,Morning 6-10 AM,,0.0,1515.92,1515.92
ORD006922,CUST01814,2023-04-12,4,2,2023-04-13,App,Mumbai,Delivered,Debit Card,Evening 4-8 PM,,0.0,203.0,203.0
ORD006923,CUST01814,2023-12-24,12,4,2023-12-26,Web,Mumbai,Returned,UPI,Evening 4-8 PM,,0.0,988.55,465.45
ORD006924,CUST01814,2023-08-30,8,3,2023-09-01,App,Mumbai,Delivered,UPI,Morning 6-10 AM,,0.0,1584.52,1584.52
ORD006925,CUST01814,2023-01-22,1,1,2023-01-23,Web,Mumbai,Delivered,Debit Card,Afternoon 10-2 PM,,0.0,588.05,588.05
ORD006926,CUST01814,2023-12-12,12,4,2023-12-14,App,Mumbai,Delivered,UPI,Afternoon 10-2 PM,,0.0,1430.37,1430.37
ORD006927,CUST01814,2023-07-06,7,3,2023-07-07,App,Mumbai,Delivered,Debit Card,Morning 6-10 AM,,0.0,3031.02,3031.02
ORD006928,CUST01814,2023-01-21,1,1,2023-01-24,App,Mumbai,Delivered,UPI,Morning 6-10 AM,,0.0,4032.09,4032.09
ORD006929,CUST01814,2023-02-11,2,1,2023-02-12,Kiosk,Mumbai,Delivered,Debit Card,Afternoon 10-2 PM,,0.0,1472.5,1472.5
ORD006930,CUST01814,2023-08-11,8,3,2023-08-14,App,Mumbai,Delivered,UPI,Late Night 8-11 PM,,0.0,777.96,777.96
ORD006931,CUST01814,2023-02-06,2,1,2023-02-08,App,Mumbai,Delivered,UPI,Morning 6-10 AM,,0.0,1490.15,1490.15
ORD006932,CUST01815,2023-08-07,8,3,2023-08-10,Kiosk,Jaipur,Delivered,Debit Card,Afternoon 10-2 PM,,0.0,529.38,529.38
ORD006933,CUST01815,2023-06-20,6,2,2023-06-21,Kiosk,Jaipur,Delivered,UPI,Late Night 8-11 PM,,0.0,131.96,131.96
ORD006934,CUST01815,2023-04-03,4,2,,Web,Jaipur,Cancelled,COD,Morning 6-10 AM,,0.0,1328.43,0.0
ORD006935,CUST01815,2023-11-30,11,4,2023-12-02,App,Jaipur,Delivered,COD,Evening 4-8 PM,,0.0,1293.47,1293.47
ORD006936,CUST01816,2023-02-03,2,1,2023-02-04,App,Pune,Delivered,Debit Card,Morning 6-10 AM,,0.0,1149.94,1149.94
ORD006937,CUST01816,2023-05-10,5,2,2023-05-12,Web,Pune,Delivered,Debit Card,Evening 4-8 PM,,0.0,1058.3,1058.3
ORD006938,CUST01816,2023-03-13,3,1,2023-03-14,App,Pune,Delivered,UPI,Evening 4-8 PM,,0.0,1358.4,1358.4
ORD006939,CUST01816,2023-04-10,4,2,2023-04-12,Kiosk,Pune,Delivered,UPI,Morning 6-10 AM,,0.0,587.52,587.52
ORD006940,CUST01816,2023-05-15,5,2,2023-05-18,Web,Pune,Delivered,UPI,Morning 6-10 AM,,0.0,1557.56,1557.56
ORD006941,CUST01816,2023-08-25,8,3,2023-08-26,App,Pune,Delivered,Wallet,Evening 4-8 PM,,0.0,1320.77,1320.77
ORD006942,CUST01816,2023-10-16,10,4,,App,Pune,Cancelled,UPI,Afternoon 10-2 PM,,0.0,1679.95,0.0
ORD006943,CUST01816,2023-10-14,10,4,2023-10-17,App,Pune,Delivered,UPI,Afternoon 10-2 PM,,0.0,2264.72,2264.72
ORD006944,CUST01816,2023-03-28,3,1,2023-03-29,App,Pune,Delivered,Credit Card,Late Night 8-11 PM,,0.0,1333.64,1333.64
ORD006945,CUST01816,2023-01-17,1,1,,App,Pune,Cancelled,UPI,Evening 4-8 PM,,0.0,683.13,0.0
ORD006946,CUST01816,2023-05-31,5,2,2023-06-02,App,Pune,Delivered,UPI,Morning 6-10 AM,,0.0,1736.0,1736.0
ORD006947,CUST01816,2023-02-11,2,1,2023-02-13,Web,Pune,Delivered,Debit Card,Morning 6-10 AM,,0.0,3042.23,3042.23
ORD006948,CUST01816,2023-01-04,1,1,2023-01-05,App,Pune,Delivered,Credit Card,Afternoon 10-2 PM,NY2023,126.93,1453.66,1326.73
ORD006949,CUST01816,2023-09-04,9,3,2023-09-07,App,Pune,Delivered,Wallet,Evening 4-8 PM,,0.0,413.91,413.91
ORD006950,CUST01816,2023-01-20,1,1,2023-01-21,App,Pune,Delivered,Debit Card,Afternoon 10-2 PM,,0.0,487.98,487.98
ORD006951,CUST01816,2023-09-24,9,3,2023-09-25,Web,Pune,Delivered,Wallet,Evening 4-8 PM,,0.0,1630.59,1630.59
ORD006952,CUST01816,2023-11-10,11,4,2023-11-12,App,Pune,Delivered,COD,Morning 6-10 AM,,0.0,5308.5,5308.5
ORD006953,CUST01816,2023-12-31,12,4,,Web,Pune,Cancelled,UPI,Afternoon 10-2 PM,,0.0,1604.19,0.0
ORD006954,CUST01816,2023-06-28,6,2,2023-06-30,App,Pune,Delivered,COD,Late Night 8-11 PM,,0.0,2224.43,2224.43
ORD006955,CUST01816,2023-10-19,10,4,2023-10-20,Web,Pune,Delivered,UPI,Evening 4-8 PM,,0.0,1579.07,1579.07
ORD006956,CUST01816,2023-06-18,6,2,2023-06-19,App,Pune,Delivered,Credit Card,Morning 6-10 AM,,0.0,220.45,220.45
ORD006957,CUST01816,2023-07-11,7,3,2023-07-14,App,Pune,Delivered,UPI,Morning 6-10 AM,,0.0,7040.9,7040.9
ORD006958,CUST01816,2023-12-20,12,4,2023-12-22,Web,Pune,Delivered,Debit Card,Afternoon 10-2 PM,,0.0,553.36,553.36
ORD006959,CUST01816,2023-12-06,12,4,2023-12-08,App,Pune,Delivered,Wallet,Morning 6-10 AM,,0.0,3025.29,3025.29
ORD006960,CUST01816,2023-12-28,12,4,2023-12-31,App,Pune,Delivered,COD,Late Night 8-11 PM,,0.0,2312.71,2312.71
ORD006961,CUST01816,2023-03-05,3,1,2023-03-07,Web,Pune,Delivered,Debit Card,Evening 4-8 PM,,0.0,287.06,287.06
ORD006962,CUST01816,2023-07-08,7,3,2023-07-10,Kiosk,Pune,Delivered,UPI,Afternoon 10-2 PM,,0.0,4197.18,4197.18
ORD006963,CUST01816,2023-12-19,12,4,2023-12-21,App,Pune,Delivered,Credit Card,Morning 6-10 AM,,0.0,618.03,618.03
ORD006964,CUST01816,2023-11-05,11,4,,Web,Pune,Cancelled,UPI,Evening 4-8 PM,,0.0,754.03,0.0
ORD006965,CUST01816,2023-02-20,2,1,,App,Pune,Cancelled,COD,Morning 6-10 AM,,0.0,5100.61,0.0
ORD006966,CUST01816,2023-10-14,10,4,2023-10-16,App,Pune,Delivered,Debit Card,Evening 4-8 PM,,0.0,2235.39,2235.39
ORD006967,CUST01816,2023-01-31,1,1,2023-02-01,Web,Pune,Delivered,Debit Card,Afternoon 10-2 PM,,0.0,1078.16,1078.16
ORD006968,CUST01817,2023-08-20,8,3,2023-08-23,App,Mumbai,Delivered,UPI,Evening 4-8 PM,,0.0,3251.84,3251.84
ORD006969,CUST01817,2023-08-11,8,3,2023-08-12,App,Mumbai,Delivered,UPI,Afternoon 10-2 PM,,0.0,959.46,959.46
ORD006970,CUST01817,2023-01-09,1,1,2023-01-10,App,Mumbai,Delivered,UPI,Morning 6-10 AM,,0.0,256.63,256.63
ORD006971,CUST01817,2023-03-09,3,1,2023-03-10,App,Mumbai,Delivered,Credit Card,Morning 6-10 AM,HOLI23,41.73,244.74,203.01
ORD006972,CUST01819,2023-02-09,2,1,2023-02-10,App,Delhi,Delivered,UPI,Afternoon 10-2 PM,,0.0,3022.32,3022.32
ORD006973,CUST01819,2023-02-09,2,1,2023-02-10,App,Delhi,Delivered,Wallet,Morning 6-10 AM,,0.0,1479.32,1479.32
ORD006974,CUST01819,2023-06-28,6,2,2023-07-01,App,Delhi,Delivered,COD,,,0.0,346.7,346.7
ORD006975,CUST01820,2023-05-27,5,2,2023-05-30,App,Hyderabad,Delivered,COD,Evening 4-8 PM,,0.0,2590.42,2590.42
ORD006976,CUST01820,2023-06-18,6,2,2023-06-20,Web,Hyderabad,Delivered,Debit Card,Afternoon 10-2 PM,,0.0,1522.47,1522.47
ORD006977,CUST01820,2023-03-27,3,1,2023-03-29,Web,Hyderabad,Delivered,Debit Card,Evening 4-8 PM,,0.0,109.48,109.48
ORD006978,CUST01820,2023-10-24,10,4,,Web,Hyderabad,Cancelled,Credit Card,Morning 6-10 AM,,0.0,1833.6,0.0
ORD006979,CUST01820,2023-04-24,4,2,,App,Hyderabad,Cancelled,COD,Afternoon 10-2 PM,,0.0,508.89,0.0
ORD006980,CUST01820,2023-09-30,9,3,2023-10-02,Web,Hyderabad,Delivered,Wallet,Late Night 8-11 PM,,0.0,448.68,448.68
ORD006981,CUST01821,2023-06-16,6,2,2023-06-19,Kiosk,Bengaluru,Delivered,Debit Card,Afternoon 10-2 PM,,0.0,2406.38,2406.38
ORD006982,CUST01821,2023-10-05,10,4,2023-10-07,App,Bengaluru,Delivered,UPI,Evening 4-8 PM,,0.0,1825.04,1825.04
ORD006983,CUST01821,2023-05-17,5,2,2023-05-18,App,Bengaluru,Delivered,Credit Card,Morning 6-10 AM,,0.0,2538.49,2538.49
ORD006984,CUST01821,2023-05-13,5,2,2023-05-15,Web,Bengaluru,Delivered,Debit Card,Evening 4-8 PM,,0.0,2199.87,2199.87
ORD006985,CUST01821,2023-10-06,10,4,2023-10-08,App,Bengaluru,Returned,UPI,Afternoon 10-2 PM,,0.0,536.29,140.15
ORD006986,CUST01821,2023-10-30,10,4,2023-11-01,App,Bengaluru,Delivered,Credit Card,Morning 6-10 AM,,0.0,709.12,709.12
ORD006987,CUST01821,2023-03-09,3,1,2023-03-12,Kiosk,Bengaluru,Delivered,UPI,Morning 6-10 AM,HOLI23,104.02,1034.98,930.96
ORD006988,CUST01821,2023-07-15,7,3,2023-07-17,App,Bengaluru,Delivered,UPI,Morning 6-10 AM,,0.0,1168.32,1168.32
ORD006989,CUST01821,2023-03-24,3,1,2023-03-25,App,Bengaluru,Delivered,COD,Afternoon 10-2 PM,,0.0,1946.1,1946.1
ORD006990,CUST01821,2023-06-25,6,2,2023-06-28,App,Bengaluru,Delivered,UPI,Afternoon 10-2 PM,,0.0,3177.22,3177.22
ORD006991,CUST01821,2023-09-20,9,3,2023-09-22,App,Bengaluru,Delivered,UPI,Morning 6-10 AM,,0.0,541.13,541.13
ORD006992,CUST01821,2023-04-27,4,2,2023-04-28,Web,Bengaluru,Delivered,UPI,Morning 6-10 AM,,0.0,2902.52,2902.52
ORD006993,CUST01821,2023-11-08,11,4,2023-11-11,Web,Bengaluru,Delivered,Credit Card,Late Night 8-11 PM,,0.0,1253.34,1253.34
ORD006994,CUST01821,2023-11-07,11,4,2023-11-09,App,Bengaluru,Delivered,Credit Card,Morning 6-10 AM,,0.0,1183.05,1183.05
ORD006995,CUST01821,2023-02-05,2,1,2023-02-06,App,Bengaluru,Delivered,Credit Card,Afternoon 10-2 PM,,0.0,1925.9,1925.9
ORD006996,CUST01821,2023-10-28,10,4,2023-10-30,App,Bengaluru,Delivered,UPI,Morning 6-10 AM,,0.0,1458.51,1458.51
ORD006997,CUST01821,2023-04-09,4,2,2023-04-12,Web,Bengaluru,Delivered,UPI,Late Night 8-11 PM,,0.0,1859.82,1859.82
ORD006998,CUST01821,2023-09-09,9,3,2023-09-10,App,Bengaluru,Returned,Credit Card,Morning 6-10 AM,,0.0,239.19,64.09
ORD006999,CUST01821,2023-09-19,9,3,2023-09-20,App,Bengaluru,Returned,Credit Card,Morning 6-10 AM,,0.0,1257.73,55.94
ORD007000,CUST01821,2023-07-05,7,3,2023-07-07,App,Bengaluru,Delivered,UPI,,,0.0,994.66,994.66
ORD007001,CUST01821,2023-05-07,5,2,2023-05-08,App,Bengaluru,Delivered,COD,Late Night 8-11 PM,,0.0,983.31,983.31
ORD007002,CUST01822,2023-02-15,2,1,2023-02-17,Web,Delhi,Delivered,UPI,Afternoon 10-2 PM,,0.0,382.88,382.88
ORD007003,CUST01822,2023-03-13,3,1,2023-03-14,Web,Delhi,Delivered,UPI,Morning 6-10 AM,,0.0,1564.32,1564.32
ORD007004,CUST01822,2023-10-15,10,4,2023-10-18,Web,Delhi,Delivered,UPI,Morning 6-10 AM,,0.0,111.14,111.14
ORD007005,CUST01823,2023-12-27,12,4,2023-12-29,Web,Pune,Delivered,Debit Card,Evening 4-8 PM,,0.0,410.0,410.0
ORD007006,CUST01824,2023-01-05,1,1,2023-01-08,App,Jaipur,Delivered,UPI,Morning 6-10 AM,,0.0,1135.59,1135.59
ORD007007,CUST01824,2023-09-12,9,3,2023-09-15,App,Jaipur,Delivered,COD,Evening 4-8 PM,,0.0,702.93,702.93
ORD007008,CUST01824,2023-09-05,9,3,2023-09-07,App,Jaipur,Delivered,UPI,Late Night 8-11 PM,,0.0,1197.4,1197.4
ORD007009,CUST01825,2023-03-02,3,1,2023-03-05,App,Mumbai,Delivered,Debit Card,Afternoon 10-2 PM,,0.0,266.52,266.52
ORD007010,CUST01825,2023-05-13,5,2,2023-05-14,App,Mumbai,Delivered,UPI,Evening 4-8 PM,,0.0,813.51,813.51
ORD007011,CUST01825,2023-09-05,9,3,2023-09-08,Web,Mumbai,Delivered,UPI,Evening 4-8 PM,,0.0,673.04,673.04
ORD007012,CUST01825,2023-05-06,5,2,2023-05-09,App,Mumbai,Delivered,COD,Morning 6-10 AM,,0.0,1495.3,1495.3
ORD007013,CUST01826,2023-07-03,7,3,2023-07-06,Web,Bengaluru,Delivered,UPI,Morning 6-10 AM,,0.0,117.77,117.77
ORD007014,CUST01826,2023-02-21,2,1,2023-02-23,Web,Bengaluru,Delivered,Debit Card,Morning 6-10 AM,,0.0,403.1,403.1
ORD007015,CUST01826,2023-05-29,5,2,2023-05-30,App,Bengaluru,Delivered,UPI,Morning 6-10 AM,,0.0,451.91,451.91
ORD007016,CUST01827,2023-10-01,10,4,,App,Hyderabad,Cancelled,UPI,Late Night 8-11 PM,,0.0,823.3,0.0
ORD007017,CUST01827,2023-01-19,1,1,2023-01-20,App,Hyderabad,Delivered,Credit Card,Morning 6-10 AM,,0.0,711.09,711.09
ORD007018,CUST01827,2023-02-06,2,1,2023-02-07,Web,Hyderabad,Delivered,Credit Card,Morning 6-10 AM,,0.0,1132.45,1132.45
ORD007019,CUST01827,2023-07-22,7,3,2023-07-23,Web,Hyderabad,Returned,UPI,Afternoon 10-2 PM,,0.0,1155.73,148.92
ORD007020,CUST01827,2023-06-16,6,2,2023-06-18,App,Hyderabad,Delivered,Debit Card,Morning 6-10 AM,,0.0,2419.08,2419.08
ORD007021,CUST01827,2023-10-24,10,4,2023-10-25,Web,Hyderabad,Delivered,Wallet,Evening 4-8 PM,,0.0,1834.91,1834.91
ORD007022,CUST01827,2023-05-10,5,2,2023-05-13,Web,Hyderabad,Delivered,UPI,Evening 4-8 PM,,0.0,3876.53,3876.53
ORD007023,CUST01827,2023-09-04,9,3,2023-09-07,App,Hyderabad,Delivered,UPI,Evening 4-8 PM,,0.0,1400.41,1400.41
ORD007024,CUST01827,2023-05-03,5,2,2023-05-05,Web,Hyderabad,Delivered,Debit Card,Late Night 8-11 PM,,0.0,603.66,603.66
ORD007025,CUST01827,2023-10-31,10,4,2023-11-01,Kiosk,Hyderabad,Delivered,Credit Card,Late Night 8-11 PM,,0.0,1884.5,1884.5
ORD007026,CUST01827,2023-01-05,1,1,2023-01-08,App,Hyderabad,Delivered,UPI,Evening 4-8 PM,,0.0,1424.33,1424.33
ORD007027,CUST01827,2023-07-06,7,3,2023-07-09,Web,Hyderabad,Delivered,Credit Card,Morning 6-10 AM,,0.0,999.39,999.39
ORD007028,CUST01827,2023-03-28,3,1,2023-03-31,Web,Hyderabad,Delivered,UPI,Morning 6-10 AM,,0.0,838.87,838.87
ORD007029,CUST01827,2023-02-20,2,1,2023-02-22,App,Hyderabad,Returned,UPI,Evening 4-8 PM,,0.0,2014.36,354.81
ORD007030,CUST01827,2023-08-13,8,3,2023-08-15,App,Hyderabad,Delivered,UPI,Evening 4-8 PM,,0.0,1758.53,1758.53
ORD007031,CUST01827,2023-05-08,5,2,2023-05-09,App,Hyderabad,Delivered,Credit Card,Late Night 8-11 PM,,0.0,709.9,709.9
ORD007032,CUST01827,2023-04-09,4,2,2023-04-12,App,Hyderabad,Delivered,UPI,Evening 4-8 PM,,0.0,1166.37,1166.37
ORD007033,CUST01827,2023-12-22,12,4,2023-12-23,Web,Hyderabad,Delivered,Debit Card,,,0.0,838.43,838.43
ORD007034,CUST01827,2023-09-28,9,3,2023-09-30,App,Hyderabad,Delivered,COD,Morning 6-10 AM,,0.0,4179.56,4179.56
ORD007035,CUST01827,2023-02-19,2,1,2023-02-21,Web,Hyderabad,Delivered,COD,Evening 4-8 PM,,0.0,4698.23,4698.23
ORD007036,CUST01827,2023-07-06,7,3,2023-07-07,Kiosk,Hyderabad,Delivered,UPI,Evening 4-8 PM,,0.0,2931.9,2931.9
ORD007037,CUST01827,2023-08-05,8,3,,App,Hyderabad,Cancelled,UPI,Morning 6-10 AM,,0.0,1134.9,0.0
ORD007038,CUST01827,2023-09-28,9,3,2023-09-29,App,Hyderabad,Delivered,UPI,Morning 6-10 AM,,0.0,1801.47,1801.47
ORD007039,CUST01827,2023-05-30,5,2,2023-05-31,App,Hyderabad,Delivered,Credit Card,Late Night 8-11 PM,,0.0,1019.62,1019.62
ORD007040,CUST01827,2023-01-01,1,1,2023-01-02,Web,Hyderabad,Delivered,COD,Morning 6-10 AM,,0.0,1591.97,1591.97
ORD007041,CUST01828,2023-03-18,3,1,2023-03-21,App,Delhi,Delivered,Wallet,Evening 4-8 PM,,0.0,407.17,407.17
ORD007042,CUST01830,2023-04-29,4,2,2023-05-02,Web,Delhi,Delivered,Wallet,Morning 6-10 AM,,0.0,914.31,914.31
ORD007043,CUST01830,2023-07-04,7,3,2023-07-07,Web,Delhi,Delivered,UPI,Afternoon 10-2 PM,,0.0,1139.23,1139.23
ORD007044,CUST01830,2023-08-19,8,3,2023-08-21,App,Delhi,Delivered,UPI,Morning 6-10 AM,,0.0,522.03,522.03
ORD007045,CUST01830,2023-09-08,9,3,2023-09-11,App,Delhi,Delivered,Credit Card,Morning 6-10 AM,,0.0,546.81,546.81
ORD007046,CUST01831,2023-08-29,8,3,2023-08-30,App,Bengaluru,Returned,UPI,Late Night 8-11 PM,,0.0,178.2,118.51
ORD007047,CUST01831,2023-01-28,1,1,2023-01-29,App,Bengaluru,Delivered,UPI,Evening 4-8 PM,,0.0,739.02,739.02
ORD007048,CUST01831,2023-08-13,8,3,2023-08-14,Kiosk,Bengaluru,Delivered,Credit Card,Morning 6-10 AM,,0.0,618.91,618.91
ORD007049,CUST01831,2023-08-10,8,3,2023-08-11,Web,Bengaluru,Delivered,UPI,Morning 6-10 AM,,0.0,1148.97,1148.97
ORD007050,CUST01831,2023-08-21,8,3,2023-08-22,App,Bengaluru,Delivered,Credit Card,,,0.0,1507.53,1507.53
ORD007051,CUST01831,2023-06-02,6,2,2023-06-04,App,Bengaluru,Delivered,UPI,Late Night 8-11 PM,,0.0,1678.39,1678.39
ORD007052,CUST01831,2023-09-24,9,3,2023-09-25,Web,Bengaluru,Delivered,Credit Card,Evening 4-8 PM,,0.0,603.26,603.26
ORD007053,CUST01831,2023-09-17,9,3,2023-09-19,App,Bengaluru,Delivered,UPI,Afternoon 10-2 PM,,0.0,360.42,360.42
ORD007054,CUST01831,2023-12-05,12,4,2023-12-07,Web,Bengaluru,Delivered,UPI,Morning 6-10 AM,,0.0,459.52,459.52
ORD007055,CUST01833,2023-07-29,7,3,2023-07-30,App,Pune,Delivered,UPI,Evening 4-8 PM,,0.0,283.94,283.94
ORD007056,CUST01833,2023-08-11,8,3,2023-08-14,Kiosk,Pune,Delivered,UPI,Morning 6-10 AM,,0.0,466.99,466.99
ORD007057,CUST01835,2023-12-25,12,4,2023-12-28,Web,Pune,Delivered,UPI,Morning 6-10 AM,,0.0,309.66,309.66
ORD007058,CUST01836,2023-03-24,3,1,2023-03-27,Web,Bengaluru,Delivered,COD,Evening 4-8 PM,,0.0,1085.56,1085.56
ORD007059,CUST01836,2023-02-14,2,1,2023-02-15,Web,Bengaluru,Delivered,Debit Card,Evening 4-8 PM,LOVEFEB,61.57,672.82,611.25
ORD007060,CUST01836,2023-03-09,3,1,,Web,Bengaluru,Cancelled,COD,Evening 4-8 PM,,0.0,933.07,0.0
ORD007061,CUST01838,2023-09-11,9,3,2023-09-12,Web,Bengaluru,Delivered,Wallet,Morning 6-10 AM,,0.0,115.79,115.79
ORD007062,CUST01838,2023-10-03,10,4,2023-10-04,Web,Bengaluru,Delivered,UPI,Evening 4-8 PM,,0.0,590.67,590.67
ORD007063,CUST01839,2023-12-09,12,4,2023-12-10,Kiosk,Delhi,Delivered,UPI,Morning 6-10 AM,,0.0,1161.06,1161.06
ORD007064,CUST01839,2023-05-17,5,2,2023-05-19,App,Delhi,Returned,COD,Morning 6-10 AM,,0.0,857.64,176.22
ORD007065,CUST01839,2023-05-17,5,2,2023-05-18,Web,Delhi,Delivered,UPI,Afternoon 10-2 PM,,0.0,2768.08,2768.08
ORD007066,CUST01839,2023-03-15,3,1,2023-03-16,App,Delhi,Delivered,COD,Afternoon 10-2 PM,,0.0,800.34,800.34
ORD007067,CUST01839,2023-08-01,8,3,2023-08-03,Web,Delhi,Delivered,Debit Card,Afternoon 10-2 PM,,0.0,680.92,680.92
ORD007068,CUST01839,2023-03-11,3,1,,App,Delhi,Cancelled,COD,Afternoon 10-2 PM,,0.0,1710.55,0.0
ORD007069,CUST01839,2023-10-22,10,4,2023-10-24,App,Delhi,Delivered,UPI,Morning 6-10 AM,DUSSEHRA23,264.77,1917.6,1652.83
ORD007070,CUST01839,2023-04-23,4,2,2023-04-25,Web,Delhi,Delivered,COD,Morning 6-10 AM,,0.0,1182.17,1182.17
ORD007071,CUST01840,2023-08-05,8,3,2023-08-08,App,Mumbai,Delivered,UPI,Late Night 8-11 PM,,0.0,992.12,992.12
ORD007072,CUST01840,2023-10-15,10,4,2023-10-17,Web,Mumbai,Delivered,UPI,Afternoon 10-2 PM,,0.0,2097.22,2097.22
ORD007073,CUST01840,2023-01-21,1,1,2023-01-24,Web,Mumbai,Delivered,UPI,Morning 6-10 AM,,0.0,360.72,360.72
ORD007074,CUST01840,2023-09-22,9,3,2023-09-24,App,Mumbai,Returned,UPI,Evening 4-8 PM,,0.0,766.62,16.48
ORD007075,CUST01840,2023-08-02,8,3,2023-08-05,App,Mumbai,Delivered,Credit Card,Morning 6-10 AM,,0.0,1887.56,1887.56
ORD007076,CUST01840,2023-04-03,4,2,2023-04-04,App,Mumbai,Returned,Credit Card,Late Night 8-11 PM,,0.0,819.57,22.53
ORD007077,CUST01840,2023-03-04,3,1,,App,Mumbai,Cancelled,Credit Card,Evening 4-8 PM,,0.0,172.81,0.0
ORD007078,CUST01840,2023-03-30,3,1,2023-03-31,App,Mumbai,Delivered,UPI,Morning 6-10 AM,,0.0,3391.83,3391.83
ORD007079,CUST01840,2023-05-09,5,2,2023-05-10,Web,Mumbai,Delivered,Debit Card,Evening 4-8 PM,,0.0,768.98,768.98
ORD007080,CUST01840,2023-10-15,10,4,2023-10-16,App,Mumbai,Delivered,UPI,Evening 4-8 PM,,0.0,2311.05,2311.05
ORD007081,CUST01840,2023-03-12,3,1,,App,Mumbai,Cancelled,UPI,Evening 4-8 PM,,0.0,2109.82,0.0
ORD007082,CUST01840,2023-05-17,5,2,2023-05-18,App,Mumbai,Delivered,Debit Card,Morning 6-10 AM,,0.0,1073.16,1073.16
ORD007083,CUST01840,2023-11-25,11,4,2023-11-26,App,Mumbai,Delivered,Credit Card,Afternoon 10-2 PM,,0.0,872.78,872.78
ORD007084,CUST01841,2023-11-18,11,4,2023-11-20,App,Pune,Delivered,UPI,Morning 6-10 AM,,0.0,2667.79,2667.79
ORD007085,CUST01841,2023-06-12,6,2,,App,Pune,Cancelled,UPI,Morning 6-10 AM,,0.0,481.94,0.0
ORD007086,CUST01841,2023-03-06,3,1,2023-03-07,Web,Pune,Delivered,UPI,Morning 6-10 AM,,0.0,3058.39,3058.39
ORD007087,CUST01841,2023-08-19,8,3,2023-08-20,App,Pune,Delivered,UPI,Evening 4-8 PM,,0.0,1590.54,1590.54
ORD007088,CUST01841,2023-06-10,6,2,2023-06-11,Web,Pune,Delivered,UPI,Afternoon 10-2 PM,,0.0,1470.64,1470.64
ORD007089,CUST01841,2023-06-16,6,2,2023-06-19,Web,Pune,Delivered,COD,Afternoon 10-2 PM,,0.0,1019.21,1019.21
ORD007090,CUST01841,2023-10-25,10,4,2023-10-27,App,Pune,Delivered,COD,Afternoon 10-2 PM,,0.0,671.1,671.1
ORD007091,CUST01841,2023-03-30,3,1,2023-04-01,App,Pune,Delivered,COD,Evening 4-8 PM,,0.0,838.61,838.61
ORD007092,CUST01841,2023-06-09,6,2,2023-06-12,Web,Pune,Delivered,UPI,Afternoon 10-2 PM,,0.0,411.03,411.03
ORD007093,CUST01841,2023-11-02,11,4,2023-11-03,Kiosk,Pune,Delivered,COD,Afternoon 10-2 PM,,0.0,1309.21,1309.21
ORD007094,CUST01841,2023-03-03,3,1,2023-03-06,App,Pune,Delivered,COD,Morning 6-10 AM,,0.0,1207.94,1207.94
ORD007095,CUST01841,2023-02-02,2,1,2023-02-04,Web,Pune,Delivered,Credit Card,Morning 6-10 AM,,0.0,117.81,117.81
ORD007096,CUST01841,2023-07-29,7,3,2023-08-01,Web,Pune,Delivered,Debit Card,Late Night 8-11 PM,,0.0,444.49,444.49
ORD007097,CUST01844,2023-09-05,9,3,2023-09-07,Web,Mumbai,Delivered,UPI,Late Night 8-11 PM,,0.0,2466.22,2466.22
ORD007098,CUST01847,2023-02-11,2,1,2023-02-14,Web,Mumbai,Delivered,Credit Card,Morning 6-10 AM,,0.0,519.98,519.98
ORD007099,CUST01847,2023-10-16,10,4,2023-10-18,App,Mumbai,Delivered,Wallet,Evening 4-8 PM,,0.0,1561.46,1561.46
ORD007100,CUST01847,2023-04-07,4,2,2023-04-09,App,Mumbai,Delivered,UPI,Evening 4-8 PM,,0.0,1362.49,1362.49
ORD007101,CUST01847,2023-12-15,12,4,2023-12-18,App,Mumbai,Delivered,COD,Evening 4-8 PM,,0.0,21.84,21.84
ORD007102,CUST01847,2023-03-06,3,1,2023-03-07,App,Mumbai,Delivered,Debit Card,Afternoon 10-2 PM,,0.0,673.4,673.4
ORD007103,CUST01847,2023-11-28,11,4,,Web,Mumbai,Cancelled,UPI,Morning 6-10 AM,,0.0,204.01,0.0
ORD007104,CUST01847,2023-11-29,11,4,2023-11-30,Kiosk,Mumbai,Delivered,UPI,Morning 6-10 AM,,0.0,410.77,410.77
ORD007105,CUST01847,2023-03-26,3,1,2023-03-28,Web,Mumbai,Delivered,Debit Card,Evening 4-8 PM,,0.0,1574.23,1574.23
ORD007106,CUST01847,2023-08-04,8,3,,Web,Mumbai,Cancelled,Wallet,Afternoon 10-2 PM,,0.0,1220.06,0.0
ORD007107,CUST01847,2023-07-12,7,3,2023-07-14,App,Mumbai,Delivered,Credit Card,,,0.0,3055.23,3055.23
ORD007108,CUST01847,2023-04-14,4,2,2023-04-16,App,Mumbai,Delivered,UPI,Morning 6-10 AM,,0.0,706.21,706.21
ORD007109,CUST01847,2023-07-08,7,3,2023-07-11,App,Mumbai,Delivered,UPI,Afternoon 10-2 PM,,0.0,789.62,789.62
ORD007110,CUST01847,2023-06-30,6,2,2023-07-02,Kiosk,Mumbai,Returned,UPI,Evening 4-8 PM,,0.0,662.17,548.16
ORD007111,CUST01847,2023-09-19,9,3,2023-09-22,App,Mumbai,Delivered,Credit Card,Late Night 8-11 PM,,0.0,218.6,218.6
ORD007112,CUST01847,2023-11-29,11,4,2023-11-30,App,Mumbai,Delivered,Debit Card,Evening 4-8 PM,,0.0,196.92,196.92
ORD007113,CUST01847,2023-12-28,12,4,2023-12-31,App,Mumbai,Delivered,UPI,Morning 6-10 AM,XMAS23,42.11,399.4,357.29
ORD007114,CUST01847,2023-12-11,12,4,2023-12-13,Web,Mumbai,Delivered,Debit Card,Morning 6-10 AM,,0.0,2930.14,2930.14
ORD007115,CUST01849,2023-12-30,12,4,2024-01-02,Web,Bengaluru,Delivered,Credit Card,Late Night 8-11 PM,,0.0,748.78,748.78
ORD007116,CUST01849,2023-09-16,9,3,2023-09-18,App,Bengaluru,Delivered,COD,Morning 6-10 AM,,0.0,688.14,688.14
ORD007117,CUST01849,2023-04-26,4,2,2023-04-27,App,Bengaluru,Delivered,Debit Card,Morning 6-10 AM,,0.0,1318.91,1318.91
ORD007118,CUST01849,2023-07-02,7,3,2023-07-04,App,Bengaluru,Delivered,Wallet,Late Night 8-11 PM,,0.0,2620.99,2620.99
ORD007119,CUST01849,2023-09-14,9,3,2023-09-17,App,Bengaluru,Delivered,COD,Afternoon 10-2 PM,,0.0,2446.03,2446.03
ORD007120,CUST01849,2023-01-22,1,1,2023-01-25,App,Bengaluru,Delivered,Credit Card,Evening 4-8 PM,,0.0,2089.42,2089.42
ORD007121,CUST01849,2023-06-27,6,2,,Kiosk,Bengaluru,Cancelled,UPI,Evening 4-8 PM,,0.0,1096.9,0.0
ORD007122,CUST01849,2023-09-23,9,3,2023-09-25,App,Bengaluru,Delivered,Debit Card,Morning 6-10 AM,,0.0,4290.44,4290.44
ORD007123,CUST01851,2023-04-13,4,2,2023-04-16,App,Delhi,Delivered,COD,Evening 4-8 PM,,0.0,895.81,895.81
ORD007124,CUST01851,2023-11-13,11,4,2023-11-15,App,Delhi,Returned,UPI,Morning 6-10 AM,DIWALI23SUPER,119.35,1250.73,38.92
ORD007125,CUST01851,2023-12-25,12,4,2023-12-28,App,Delhi,Delivered,COD,,,0.0,408.83,408.83
ORD007126,CUST01851,2023-11-12,11,4,2023-11-15,Web,Delhi,Delivered,UPI,Late Night 8-11 PM,,0.0,770.59,770.59
ORD007127,CUST01851,2023-01-16,1,1,2023-01-17,Kiosk,Delhi,Delivered,Credit Card,Afternoon 10-2 PM,,0.0,743.47,743.47
ORD007128,CUST01851,2023-11-21,11,4,2023-11-24,App,Delhi,Delivered,Wallet,Late Night 8-11 PM,,0.0,1435.57,1435.57
ORD007129,CUST01851,2023-11-16,11,4,2023-11-17,App,Delhi,Returned,Debit Card,Late Night 8-11 PM,,0.0,3018.69,650.33
ORD007130,CUST01851,2023-05-24,5,2,2023-05-27,App,Delhi,Delivered,COD,Afternoon 10-2 PM,,0.0,1537.6,1537.6
ORD007131,CUST01851,2023-09-28,9,3,2023-09-29,Web,Delhi,Delivered,UPI,Morning 6-10 AM,,0.0,1898.41,1898.41
ORD007132,CUST01851,2023-11-07,11,4,2023-11-08,App,Delhi,Delivered,UPI,Evening 4-8 PM,,0.0,2052.37,2052.37
ORD007133,CUST01851,2023-04-26,4,2,2023-04-27,App,Delhi,Delivered,UPI,Evening 4-8 PM,,0.0,1883.19,1883.19
ORD007134,CUST01851,2023-07-19,7,3,2023-07-20,App,Delhi,Delivered,Credit Card,Afternoon 10-2 PM,,0.0,316.05,316.05
ORD007135,CUST01851,2023-11-10,11,4,2023-11-12,App,Delhi,Delivered,UPI,Evening 4-8 PM,,0.0,2306.34,2306.34
ORD007136,CUST01851,2023-10-15,10,4,2023-10-17,App,Delhi,Delivered,UPI,Evening 4-8 PM,,0.0,943.47,943.47
ORD007137,CUST01851,2023-05-09,5,2,2023-05-10,App,Delhi,Delivered,Wallet,Afternoon 10-2 PM,,0.0,1260.25,1260.25
ORD007138,CUST01851,2023-11-27,11,4,,Web,Delhi,Cancelled,UPI,Morning 6-10 AM,,0.0,397.4,0.0
ORD007139,CUST01851,2023-07-29,7,3,2023-07-30,App,Delhi,Delivered,UPI,Morning 6-10 AM,,0.0,988.29,988.29
ORD007140,CUST01851,2023-11-28,11,4,2023-11-30,App,Delhi,Delivered,Credit Card,Evening 4-8 PM,,0.0,177.82,177.82
ORD007141,CUST01851,2023-11-17,11,4,2023-11-19,Web,Delhi,Delivered,Wallet,Morning 6-10 AM,,0.0,3713.97,3713.97
ORD007142,CUST01851,2023-08-10,8,3,2023-08-12,App,Delhi,Delivered,Credit Card,Late Night 8-11 PM,,0.0,2064.34,2064.34
ORD007143,CUST01851,2023-03-06,3,1,2023-03-09,Web,Delhi,Delivered,UPI,Evening 4-8 PM,,0.0,3933.98,3933.98
ORD007144,CUST01851,2023-01-20,1,1,,App,Delhi,Cancelled,COD,Evening 4-8 PM,,0.0,1925.55,0.0
ORD007145,CUST01851,2023-10-17,10,4,2023-10-20,Kiosk,Delhi,Delivered,COD,Afternoon 10-2 PM,,0.0,1441.52,1441.52
ORD007146,CUST01852,2023-10-21,10,4,2023-10-23,Web,Hyderabad,Delivered,UPI,Morning 6-10 AM,DUSSEHRA23,138.73,849.81,711.08
ORD007147,CUST01852,2023-08-09,8,3,2023-08-12,Kiosk,Hyderabad,Delivered,Debit Card,Morning 6-10 AM,,0.0,2078.74,2078.74
ORD007148,CUST01852,2023-05-12,5,2,,Kiosk,Hyderabad,Cancelled,COD,Afternoon 10-2 PM,,0.0,1788.68,0.0
ORD007149,CUST01852,2023-01-29,1,1,2023-01-31,App,Hyderabad,Delivered,UPI,Afternoon 10-2 PM,,0.0,1204.64,1204.64
ORD007150,CUST01852,2023-01-22,1,1,2023-01-23,App,Hyderabad,Delivered,UPI,Afternoon 10-2 PM,,0.0,974.69,974.69
ORD007151,CUST01852,2023-02-15,2,1,2023-02-16,App,Hyderabad,Delivered,COD,Afternoon 10-2 PM,,0.0,218.8,218.8
ORD007152,CUST01855,2023-01-01,1,1,2023-01-02,App,Mumbai,Delivered,Debit Card,Evening 4-8 PM,,0.0,3523.33,3523.33
ORD007153,CUST01857,2023-03-08,3,1,2023-03-09,App,Jaipur,Delivered,Credit Card,Afternoon 10-2 PM,,0.0,212.06,212.06
ORD007154,CUST01858,2023-02-15,2,1,2023-02-18,Web,Bengaluru,Delivered,UPI,Morning 6-10 AM,,0.0,2015.09,2015.09
ORD007155,CUST01858,2023-12-15,12,4,2023-12-17,Web,Bengaluru,Delivered,Credit Card,Late Night 8-11 PM,,0.0,1321.42,1321.42
ORD007156,CUST01858,2023-01-03,1,1,2023-01-04,App,Bengaluru,Delivered,UPI,Evening 4-8 PM,,0.0,523.15,523.15
ORD007157,CUST01858,2023-12-06,12,4,2023-12-09,Web,Bengaluru,Delivered,UPI,Late Night 8-11 PM,,0.0,2270.63,2270.63
ORD007158,CUST01858,2023-04-26,4,2,2023-04-29,App,Bengaluru,Delivered,Debit Card,Late Night 8-11 PM,,0.0,1828.77,1828.77
ORD007159,CUST01858,2023-09-19,9,3,2023-09-22,Kiosk,Bengaluru,Delivered,UPI,Afternoon 10-2 PM,,0.0,1330.68,1330.68
ORD007160,CUST01858,2023-07-19,7,3,2023-07-20,App,Bengaluru,Delivered,COD,Evening 4-8 PM,,0.0,997.83,997.83
ORD007161,CUST01858,2023-01-19,1,1,2023-01-22,App,Bengaluru,Delivered,Debit Card,Afternoon 10-2 PM,,0.0,421.4,421.4
ORD007162,CUST01858,2023-09-20,9,3,2023-09-21,App,Bengaluru,Delivered,UPI,Late Night 8-11 PM,,0.0,240.24,240.24
ORD007163,CUST01858,2023-09-29,9,3,2023-09-30,Web,Bengaluru,Delivered,Credit Card,Evening 4-8 PM,,0.0,1195.71,1195.71
ORD007164,CUST01858,2023-09-09,9,3,2023-09-12,App,Bengaluru,Delivered,UPI,Afternoon 10-2 PM,,0.0,1473.21,1473.21
ORD007165,CUST01858,2023-12-05,12,4,2023-12-08,Web,Bengaluru,Delivered,Wallet,Evening 4-8 PM,,0.0,1621.12,1621.12
ORD007166,CUST01859,2023-02-10,2,1,2023-02-11,Web,Mumbai,Delivered,Debit Card,Afternoon 10-2 PM,,0.0,612.76,612.76
ORD007167,CUST01859,2023-03-28,3,1,2023-03-29,App,Mumbai,Delivered,COD,,,0.0,160.33,160.33
ORD007168,CUST01861,2023-08-18,8,3,2023-08-21,Web,Mumbai,Delivered,COD,Afternoon 10-2 PM,,0.0,155.19,155.19
ORD007169,CUST01862,2023-02-26,2,1,2023-02-28,Web,Hyderabad,Delivered,UPI,Morning 6-10 AM,,0.0,347.95,347.95
ORD007170,CUST01862,2023-02-21,2,1,2023-02-22,App,Hyderabad,Delivered,UPI,Afternoon 10-2 PM,,0.0,161.04,161.04
ORD007171,CUST01865,2023-04-15,4,2,,App,Bengaluru,Cancelled,COD,Afternoon 10-2 PM,,0.0,391.19,0.0
ORD007172,CUST01865,2023-03-09,3,1,2023-03-10,App,Bengaluru,Delivered,Credit Card,Late Night 8-11 PM,,0.0,2465.92,2465.92
ORD007173,CUST01866,2023-09-25,9,3,2023-09-28,App,Hyderabad,Delivered,UPI,Morning 6-10 AM,,0.0,443.04,443.04
ORD007174,CUST01866,2023-08-19,8,3,2023-08-22,App,Hyderabad,Delivered,Credit Card,Evening 4-8 PM,,0.0,418.62,418.62
ORD007175,CUST01866,2023-08-26,8,3,2023-08-27,Kiosk,Hyderabad,Delivered,UPI,Afternoon 10-2 PM,,0.0,783.05,783.05
ORD007176,CUST01866,2023-09-23,9,3,2023-09-24,App,Hyderabad,Delivered,UPI,Evening 4-8 PM,,0.0,1018.65,1018.65
ORD007177,CUST01866,2023-11-09,11,4,2023-11-12,App,Hyderabad,Delivered,Wallet,Morning 6-10 AM,,0.0,733.8,733.8
ORD007178,CUST01866,2023-10-05,10,4,2023-10-07,App,Hyderabad,Delivered,Credit Card,Morning 6-10 AM,,0.0,1215.15,1215.15
ORD007179,CUST01866,2023-05-15,5,2,2023-05-17,App,Hyderabad,Delivered,Debit Card,Morning 6-10 AM,,0.0,1390.92,1390.92
ORD007180,CUST01866,2023-07-14,7,3,2023-07-15,App,Hyderabad,Delivered,UPI,Late Night 8-11 PM,,0.0,652.88,652.88
ORD007181,CUST01866,2023-04-04,4,2,2023-04-05,App,Hyderabad,Delivered,UPI,Morning 6-10 AM,,0.0,2198.08,2198.08
ORD007182,CUST01866,2023-06-01,6,2,2023-06-02,Web,Hyderabad,Returned,UPI,,,0.0,935.61,14.44
ORD007183,CUST01866,2023-07-29,7,3,2023-07-31,App,Hyderabad,Delivered,COD,Evening 4-8 PM,,0.0,1014.89,1014.89
ORD007184,CUST01869,2023-09-05,9,3,2023-09-08,App,Delhi,Delivered,UPI,Morning 6-10 AM,,0.0,660.56,660.56
ORD007185,CUST01869,2023-08-22,8,3,2023-08-25,App,Delhi,Delivered,UPI,Late Night 8-11 PM,,0.0,1391.28,1391.28
ORD007186,CUST01869,2023-06-13,6,2,2023-06-14,App,Delhi,Delivered,UPI,Evening 4-8 PM,,0.0,1081.7,1081.7
ORD007187,CUST01869,2023-05-17,5,2,2023-05-18,App,Delhi,Delivered,UPI,Morning 6-10 AM,,0.0,608.95,608.95
ORD007188,CUST01870,2023-10-21,10,4,2023-10-24,App,Bengaluru,Delivered,UPI,Evening 4-8 PM,DUSSEHRA23,349.13,3460.35,3111.22
ORD007189,CUST01870,2023-05-31,5,2,2023-06-03,App,Bengaluru,Delivered,COD,Evening 4-8 PM,,0.0,5091.93,5091.93
ORD007190,CUST01870,2023-04-19,4,2,2023-04-20,Kiosk,Bengaluru,Delivered,COD,Late Night 8-11 PM,,0.0,1216.8,1216.8
ORD007191,CUST01870,2023-07-30,7,3,2023-08-02,Web,Bengaluru,Delivered,Credit Card,Evening 4-8 PM,,0.0,671.42,671.42
ORD007192,CUST01870,2023-08-27,8,3,2023-08-28,Web,Bengaluru,Delivered,Wallet,Morning 6-10 AM,,0.0,276.12,276.12
ORD007193,CUST01870,2023-05-14,5,2,2023-05-17,App,Bengaluru,Delivered,UPI,Afternoon 10-2 PM,,0.0,968.18,968.18
ORD007194,CUST01870,2023-03-04,3,1,2023-03-05,App,Bengaluru,Returned,UPI,Morning 6-10 AM,,0.0,1089.94,339.26
ORD007195,CUST01870,2023-11-04,11,4,2023-11-07,App,Bengaluru,Delivered,UPI,Evening 4-8 PM,,0.0,889.74,889.74
ORD007196,CUST01870,2023-02-07,2,1,2023-02-09,App,Bengaluru,Delivered,COD,Afternoon 10-2 PM,,0.0,204.14,204.14
ORD007197,CUST01870,2023-09-30,9,3,2023-10-03,Web,Bengaluru,Delivered,Credit Card,Evening 4-8 PM,,0.0,1156.0,1156.0
ORD007198,CUST01870,2023-07-13,7,3,2023-07-16,App,Bengaluru,Delivered,Debit Card,Late Night 8-11 PM,,0.0,1876.04,1876.04
ORD007199,CUST01870,2023-10-11,10,4,2023-10-12,App,Bengaluru,Delivered,Debit Card,Evening 4-8 PM,,0.0,291.72,291.72
ORD007200,CUST01870,2023-01-23,1,1,2023-01-26,Kiosk,Bengaluru,Delivered,UPI,Evening 4-8 PM,,0.0,1929.73,1929.73
ORD007201,CUST01871,2023-12-16,12,4,2023-12-18,Kiosk,Hyderabad,Delivered,Credit Card,Late Night 8-11 PM,,0.0,692.27,692.27
ORD007202,CUST01872,2023-01-07,1,1,2023-01-10,App,Bengaluru,Delivered,Credit Card,Evening 4-8 PM,,0.0,441.41,441.41
ORD007203,CUST01872,2023-11-18,11,4,2023-11-20,App,Bengaluru,Delivered,UPI,Evening 4-8 PM,,0.0,569.5,569.5
ORD007204,CUST01872,2023-02-15,2,1,2023-02-18,App,Bengaluru,Delivered,UPI,Afternoon 10-2 PM,,0.0,570.69,570.69
ORD007205,CUST01872,2023-08-25,8,3,2023-08-28,Web,Bengaluru,Delivered,UPI,Morning 6-10 AM,,0.0,2183.33,2183.33
ORD007206,CUST01872,2023-05-18,5,2,2023-05-20,App,Bengaluru,Returned,UPI,Afternoon 10-2 PM,,0.0,330.27,9.02
ORD007207,CUST01874,2023-05-19,5,2,2023-05-22,Web,Hyderabad,Delivered,Credit Card,Evening 4-8 PM,,0.0,2698.45,2698.45
ORD007208,CUST01874,2023-07-14,7,3,2023-07-17,App,Hyderabad,Delivered,UPI,Afternoon 10-2 PM,,0.0,390.58,390.58
ORD007209,CUST01874,2023-03-13,3,1,,Web,Hyderabad,Cancelled,COD,Evening 4-8 PM,,0.0,910.23,0.0
ORD007210,CUST01874,2023-05-24,5,2,2023-05-27,App,Hyderabad,Delivered,UPI,Afternoon 10-2 PM,,0.0,2198.64,2198.64
ORD007211,CUST01876,2023-11-21,11,4,2023-11-24,App,Mumbai,Delivered,COD,,,0.0,2560.89,2560.89
ORD007212,CUST01876,2023-04-29,4,2,2023-05-02,App,Mumbai,Delivered,COD,Evening 4-8 PM,,0.0,1142.09,1142.09
ORD007213,CUST01876,2023-02-11,2,1,2023-02-13,App,Mumbai,Delivered,COD,Afternoon 10-2 PM,,0.0,1989.7,1989.7
ORD007214,CUST01876,2023-04-29,4,2,2023-05-02,Kiosk,Mumbai,Delivered,UPI,Afternoon 10-2 PM,,0.0,850.97,850.97
ORD007215,CUST01876,2023-09-12,9,3,2023-09-14,Web,Mumbai,Delivered,UPI,Morning 6-10 AM,,0.0,2410.3,2410.3
ORD007216,CUST01876,2023-05-11,5,2,2023-05-13,Web,Mumbai,Returned,Debit Card,Late Night 8-11 PM,,0.0,678.71,575.24
ORD007217,CUST01876,2023-02-26,2,1,2023-03-01,App,Mumbai,Delivered,Debit Card,Morning 6-10 AM,,0.0,799.16,799.16
ORD007218,CUST01876,2023-04-17,4,2,2023-04-18,App,Mumbai,Delivered,UPI,Morning 6-10 AM,,0.0,256.88,256.88
ORD007219,CUST01876,2023-12-20,12,4,2023-12-23,App,Mumbai,Delivered,Debit Card,Morning 6-10 AM,,0.0,947.2,947.2
ORD007220,CUST01876,2023-08-30,8,3,2023-08-31,Web,Mumbai,Delivered,Credit Card,Late Night 8-11 PM,,0.0,3717.97,3717.97
ORD007221,CUST01876,2023-12-08,12,4,2023-12-09,Web,Mumbai,Delivered,UPI,Afternoon 10-2 PM,,0.0,981.95,981.95
ORD007222,CUST01876,2023-09-22,9,3,2023-09-23,App,Mumbai,Delivered,UPI,Morning 6-10 AM,,0.0,2749.59,2749.59
ORD007223,CUST01876,2023-05-23,5,2,2023-05-26,Web,Mumbai,Delivered,UPI,Late Night 8-11 PM,,0.0,1304.91,1304.91
ORD007224,CUST01876,2023-12-06,12,4,,App,Mumbai,Cancelled,UPI,Afternoon 10-2 PM,,0.0,1022.27,0.0
ORD007225,CUST01876,2023-07-15,7,3,2023-07-16,App,Mumbai,Delivered,COD,Afternoon 10-2 PM,,0.0,1190.93,1190.93
ORD007226,CUST01876,2023-04-16,4,2,2023-04-18,App,Mumbai,Delivered,Debit Card,Morning 6-10 AM,,0.0,1321.64,1321.64
ORD007227,CUST01876,2023-04-10,4,2,,App,Mumbai,Cancelled,Credit Card,Late Night 8-11 PM,,0.0,2269.06,0.0
ORD007228,CUST01876,2023-01-02,1,1,2023-01-03,App,Mumbai,Delivered,Debit Card,Morning 6-10 AM,,0.0,1848.23,1848.23
ORD007229,CUST01876,2023-07-08,7,3,,App,Mumbai,Cancelled,COD,Afternoon 10-2 PM,,0.0,1376.11,0.0
ORD007230,CUST01876,2023-03-09,3,1,2023-03-12,App,Mumbai,Delivered,UPI,Afternoon 10-2 PM,HOLI23,59.89,1065.34,1005.45
ORD007231,CUST01876,2023-10-18,10,4,2023-10-21,App,Mumbai,Delivered,UPI,Morning 6-10 AM,,0.0,3212.26,3212.26
ORD007232,CUST01876,2023-12-09,12,4,2023-12-12,App,Mumbai,Delivered,UPI,Afternoon 10-2 PM,,0.0,2297.13,2297.13
ORD007233,CUST01876,2023-04-04,4,2,2023-04-06,App,Mumbai,Delivered,Debit Card,Morning 6-10 AM,,0.0,3053.08,3053.08
ORD007234,CUST01876,2023-12-25,12,4,2023-12-26,App,Mumbai,Delivered,UPI,Evening 4-8 PM,,0.0,1670.48,1670.48
ORD007235,CUST01876,2023-09-21,9,3,2023-09-24,App,Mumbai,Delivered,UPI,Afternoon 10-2 PM,,0.0,6311.8,6311.8
ORD007236,CUST01876,2023-07-13,7,3,2023-07-15,Web,Mumbai,Returned,UPI,Evening 4-8 PM,,0.0,1376.05,193.55
ORD007237,CUST01876,2023-08-15,8,3,2023-08-16,App,Mumbai,Delivered,Wallet,Morning 6-10 AM,,0.0,3195.35,3195.35
ORD007238,CUST01876,2023-06-22,6,2,2023-06-24,App,Mumbai,Delivered,Credit Card,Morning 6-10 AM,,0.0,1699.97,1699.97
ORD007239,CUST01877,2023-10-06,10,4,2023-10-08,Web,Bengaluru,Delivered,UPI,Morning 6-10 AM,,0.0,297.95,297.95
ORD007240,CUST01877,2023-11-15,11,4,2023-11-17,App,Bengaluru,Delivered,UPI,Afternoon 10-2 PM,,0.0,2964.37,2964.37
ORD007241,CUST01877,2023-03-03,3,1,2023-03-06,Web,Bengaluru,Delivered,UPI,Afternoon 10-2 PM,,0.0,148.54,148.54
ORD007242,CUST01877,2023-10-13,10,4,,Kiosk,Bengaluru,Cancelled,COD,Morning 6-10 AM,,0.0,487.5,0.0
ORD007243,CUST01877,2023-09-17,9,3,2023-09-18,App,Bengaluru,Delivered,Credit Card,Evening 4-8 PM,,0.0,186.92,186.92
ORD007244,CUST01877,2023-06-28,6,2,,Web,Bengaluru,Cancelled,Credit Card,Afternoon 10-2 PM,,0.0,242.55,0.0
ORD007245,CUST01877,2023-04-27,4,2,2023-04-28,Web,Bengaluru,Returned,Wallet,Morning 6-10 AM,,0.0,1622.39,190.01
ORD007246,CUST01877,2023-12-04,12,4,2023-12-06,App,Bengaluru,Delivered,Debit Card,Afternoon 10-2 PM,,0.0,835.18,835.18
ORD007247,CUST01877,2023-01-03,1,1,2023-01-04,App,Bengaluru,Delivered,UPI,Afternoon 10-2 PM,,0.0,993.88,993.88
ORD007248,CUST01877,2023-08-23,8,3,2023-08-25,Web,Bengaluru,Delivered,Credit Card,Morning 6-10 AM,,0.0,733.21,733.21
ORD007249,CUST01877,2023-07-04,7,3,2023-07-06,App,Bengaluru,Delivered,UPI,Afternoon 10-2 PM,,0.0,793.93,793.93
ORD007250,CUST01886,2023-07-14,7,3,2023-07-16,App,Pune,Delivered,UPI,Morning 6-10 AM,,0.0,1293.53,1293.53
ORD007251,CUST01888,2023-08-23,8,3,2023-08-25,Web,Delhi,Delivered,Credit Card,Evening 4-8 PM,,0.0,330.12,330.12
ORD007252,CUST01888,2023-11-07,11,4,2023-11-08,App,Delhi,Delivered,Credit Card,Afternoon 10-2 PM,,0.0,2151.64,2151.64
ORD007253,CUST01888,2023-09-25,9,3,2023-09-26,App,Delhi,Delivered,Credit Card,Morning 6-10 AM,,0.0,396.54,396.54
ORD007254,CUST01888,2023-10-31,10,4,2023-11-02,Web,Delhi,Delivered,Debit Card,Evening 4-8 PM,,0.0,134.66,134.66
ORD007255,CUST01888,2023-12-31,12,4,2024-01-02,App,Delhi,Delivered,UPI,Morning 6-10 AM,,0.0,970.35,970.35
ORD007256,CUST01888,2023-02-15,2,1,,Web,Delhi,Cancelled,UPI,Evening 4-8 PM,,0.0,350.79,0.0
ORD007257,CUST01891,2023-09-08,9,3,2023-09-11,App,Mumbai,Delivered,UPI,Morning 6-10 AM,,0.0,975.07,975.07
ORD007258,CUST01892,2023-04-16,4,2,2023-04-17,App,Delhi,Delivered,Debit Card,Afternoon 10-2 PM,,0.0,2235.16,2235.16
ORD007259,CUST01892,2023-02-24,2,1,2023-02-25,Kiosk,Delhi,Delivered,UPI,Morning 6-10 AM,,0.0,4499.71,4499.71
ORD007260,CUST01892,2023-03-16,3,1,,App,Delhi,Cancelled,Debit Card,Afternoon 10-2 PM,,0.0,1673.67,0.0
ORD007261,CUST01892,2023-03-17,3,1,2023-03-20,App,Delhi,Delivered,UPI,Afternoon 10-2 PM,,0.0,300.87,300.87
ORD007262,CUST01892,2023-10-31,10,4,2023-11-01,Web,Delhi,Delivered,UPI,Morning 6-10 AM,,0.0,2894.72,2894.72
ORD007263,CUST01892,2023-08-18,8,3,2023-08-19,App,Delhi,Delivered,UPI,Late Night 8-11 PM,,0.0,1597.38,1597.38
ORD007264,CUST01892,2023-12-10,12,4,2023-12-12,Web,Delhi,Delivered,Debit Card,Evening 4-8 PM,,0.0,6360.69,6360.69
ORD007265,CUST01892,2023-12-27,12,4,2023-12-30,App,Delhi,Delivered,Wallet,Afternoon 10-2 PM,XMAS23,488.91,3751.31,3262.4
ORD007266,CUST01892,2023-01-13,1,1,,Web,Delhi,Cancelled,UPI,Evening 4-8 PM,,0.0,4287.59,0.0
ORD007267,CUST01892,2023-01-04,1,1,2023-01-06,App,Delhi,Delivered,COD,Afternoon 10-2 PM,,0.0,2062.47,2062.47
ORD007268,CUST01892,2023-05-21,5,2,2023-05-23,Web,Delhi,Delivered,COD,Evening 4-8 PM,,0.0,3776.85,3776.85
ORD007269,CUST01892,2023-02-01,2,1,2023-02-04,Kiosk,Delhi,Delivered,Credit Card,Morning 6-10 AM,,0.0,956.05,956.05
ORD007270,CUST01892,2023-08-03,8,3,2023-08-04,App,Delhi,Delivered,Wallet,Afternoon 10-2 PM,,0.0,1565.14,1565.14
ORD007271,CUST01892,2023-12-04,12,4,2023-12-07,App,Delhi,Delivered,UPI,Late Night 8-11 PM,,0.0,104.84,104.84
ORD007272,CUST01893,2023-06-14,6,2,2023-06-17,Kiosk,Bengaluru,Delivered,UPI,Evening 4-8 PM,,0.0,1183.59,1183.59
ORD007273,CUST01896,2023-01-19,1,1,2023-01-22,Web,Hyderabad,Delivered,UPI,Evening 4-8 PM,,0.0,234.79,234.79
ORD007274,CUST01896,2023-12-18,12,4,2023-12-20,Kiosk,Hyderabad,Delivered,UPI,Afternoon 10-2 PM,,0.0,1089.85,1089.85
ORD007275,CUST01896,2023-08-27,8,3,2023-08-30,App,Hyderabad,Delivered,UPI,Morning 6-10 AM,,0.0,660.28,660.28
ORD007276,CUST01896,2023-05-14,5,2,2023-05-17,App,Hyderabad,Delivered,UPI,Morning 6-10 AM,,0.0,2876.6,2876.6
ORD007277,CUST01896,2023-04-06,4,2,2023-04-09,Web,Hyderabad,Delivered,UPI,Late Night 8-11 PM,,0.0,2264.04,2264.04
ORD007278,CUST01896,2023-10-11,10,4,2023-10-14,App,Hyderabad,Delivered,UPI,Evening 4-8 PM,,0.0,2148.2,2148.2
ORD007279,CUST01896,2023-08-22,8,3,2023-08-24,Web,Hyderabad,Delivered,Debit Card,Afternoon 10-2 PM,,0.0,2425.8,2425.8
ORD007280,CUST01896,2023-05-21,5,2,2023-05-24,App,Hyderabad,Delivered,COD,Morning 6-10 AM,,0.0,1246.8,1246.8
ORD007281,CUST01896,2023-05-16,5,2,2023-05-17,App,Hyderabad,Delivered,UPI,,,0.0,641.46,641.46
ORD007282,CUST01896,2023-01-12,1,1,2023-01-13,Web,Hyderabad,Delivered,COD,Late Night 8-11 PM,,0.0,781.51,781.51
ORD007283,CUST01896,2023-09-11,9,3,,Kiosk,Hyderabad,Cancelled,Debit Card,Morning 6-10 AM,,0.0,2578.66,0.0
ORD007284,CUST01896,2023-03-20,3,1,2023-03-23,App,Hyderabad,Delivered,UPI,Morning 6-10 AM,,0.0,1284.53,1284.53
ORD007285,CUST01896,2023-08-12,8,3,2023-08-15,App,Hyderabad,Delivered,Credit Card,Late Night 8-11 PM,,0.0,1526.71,1526.71
ORD007286,CUST01896,2023-09-27,9,3,,App,Hyderabad,Cancelled,UPI,Morning 6-10 AM,,0.0,800.62,0.0
ORD007287,CUST01896,2023-07-07,7,3,2023-07-09,App,Hyderabad,Delivered,Debit Card,Afternoon 10-2 PM,,0.0,1156.59,1156.59
ORD007288,CUST01898,2023-05-18,5,2,2023-05-21,App,Hyderabad,Delivered,UPI,Late Night 8-11 PM,,0.0,1534.63,1534.63
ORD007289,CUST01898,2023-10-23,10,4,2023-10-24,App,Hyderabad,Delivered,UPI,Morning 6-10 AM,DUSSEHRA23,145.8,2165.68,2019.88
ORD007290,CUST01898,2023-04-13,4,2,2023-04-15,Web,Hyderabad,Delivered,COD,Morning 6-10 AM,,0.0,1566.14,1566.14
ORD007291,CUST01898,2023-12-22,12,4,2023-12-25,App,Hyderabad,Delivered,UPI,Evening 4-8 PM,,0.0,2267.37,2267.37
ORD007292,CUST01898,2023-09-02,9,3,2023-09-03,App,Hyderabad,Delivered,Debit Card,Afternoon 10-2 PM,,0.0,423.67,423.67
ORD007293,CUST01898,2023-11-06,11,4,2023-11-09,Web,Hyderabad,Delivered,Debit Card,Evening 4-8 PM,,0.0,1660.95,1660.95
ORD007294,CUST01898,2023-11-07,11,4,2023-11-09,Kiosk,Hyderabad,Delivered,Credit Card,Late Night 8-11 PM,,0.0,2080.29,2080.29
ORD007295,CUST01898,2023-08-29,8,3,2023-09-01,App,Hyderabad,Delivered,COD,Evening 4-8 PM,,0.0,1901.39,1901.39
ORD007296,CUST01900,2023-03-11,3,1,2023-03-14,App,Pune,Delivered,Credit Card,Afternoon 10-2 PM,,0.0,829.44,829.44
ORD007297,CUST01900,2023-01-18,1,1,2023-01-20,App,Pune,Delivered,Wallet,Morning 6-10 AM,,0.0,500.63,500.63
ORD007298,CUST01900,2023-03-15,3,1,2023-03-18,App,Pune,Delivered,Credit Card,Morning 6-10 AM,,0.0,198.5,198.5
ORD007299,CUST01901,2023-02-20,2,1,2023-02-21,App,Delhi,Delivered,Wallet,Afternoon 10-2 PM,,0.0,539.12,539.12
ORD007300,CUST01901,2023-08-10,8,3,2023-08-11,App,Delhi,Delivered,Wallet,Afternoon 10-2 PM,,0.0,1678.6,1678.6
ORD007301,CUST01901,2023-07-03,7,3,2023-07-04,App,Delhi,Delivered,UPI,,,0.0,3678.49,3678.49
ORD007302,CUST01901,2023-12-01,12,4,2023-12-02,App,Delhi,Delivered,UPI,Evening 4-8 PM,,0.0,2659.92,2659.92
ORD007303,CUST01901,2023-04-27,4,2,2023-04-30,App,Delhi,Delivered,Wallet,Late Night 8-11 PM,,0.0,385.73,385.73
ORD007304,CUST01901,2023-05-07,5,2,2023-05-09,Web,Delhi,Delivered,Credit Card,Morning 6-10 AM,,0.0,1358.4,1358.4
ORD007305,CUST01901,2023-10-02,10,4,2023-10-05,Web,Delhi,Delivered,UPI,Morning 6-10 AM,,0.0,1305.84,1305.84
ORD007306,CUST01901,2023-12-08,12,4,2023-12-09,Web,Delhi,Delivered,Credit Card,Late Night 8-11 PM,,0.0,1063.49,1063.49
ORD007307,CUST01901,2023-06-01,6,2,2023-06-03,App,Delhi,Delivered,Debit Card,Evening 4-8 PM,,0.0,1542.64,1542.64
ORD007308,CUST01901,2023-09-10,9,3,2023-09-11,Kiosk,Delhi,Delivered,Debit Card,Evening 4-8 PM,,0.0,509.4,509.4
ORD007309,CUST01901,2023-05-28,5,2,2023-05-29,Web,Delhi,Delivered,UPI,Late Night 8-11 PM,,0.0,1979.95,1979.95
ORD007310,CUST01901,2023-02-23,2,1,2023-02-26,App,Delhi,Delivered,COD,Afternoon 10-2 PM,,0.0,1263.47,1263.47
ORD007311,CUST01901,2023-01-25,1,1,2023-01-28,App,Delhi,Delivered,Debit Card,Afternoon 10-2 PM,,0.0,2644.04,2644.04
ORD007312,CUST01901,2023-09-01,9,3,2023-09-03,App,Delhi,Delivered,UPI,Afternoon 10-2 PM,,0.0,2696.25,2696.25
ORD007313,CUST01901,2023-06-20,6,2,2023-06-22,App,Delhi,Delivered,Credit Card,Evening 4-8 PM,,0.0,3335.3,3335.3
ORD007314,CUST01901,2023-11-23,11,4,2023-11-25,App,Delhi,Delivered,Credit Card,Afternoon 10-2 PM,,0.0,3401.02,3401.02
ORD007315,CUST01902,2023-03-11,3,1,2023-03-13,App,Bengaluru,Delivered,Credit Card,Morning 6-10 AM,,0.0,1761.7,1761.7
ORD007316,CUST01902,2023-04-04,4,2,,Kiosk,Bengaluru,Cancelled,UPI,Evening 4-8 PM,,0.0,1367.45,0.0
ORD007317,CUST01902,2023-05-07,5,2,2023-05-09,Web,Bengaluru,Delivered,UPI,Afternoon 10-2 PM,,0.0,650.58,650.58
ORD007318,CUST01902,2023-12-08,12,4,2023-12-09,App,Bengaluru,Delivered,COD,,,0.0,274.04,274.04
ORD007319,CUST01902,2023-01-23,1,1,2023-01-26,App,Bengaluru,Delivered,Debit Card,Morning 6-10 AM,,0.0,770.19,770.19
ORD007320,CUST01902,2023-11-08,11,4,2023-11-09,Web,Bengaluru,Delivered,Wallet,Afternoon 10-2 PM,,0.0,1648.52,1648.52
ORD007321,CUST01903,2023-08-27,8,3,2023-08-28,App,Pune,Delivered,Credit Card,Evening 4-8 PM,,0.0,901.53,901.53
ORD007322,CUST01903,2023-07-14,7,3,2023-07-16,Web,Pune,Delivered,UPI,Evening 4-8 PM,,0.0,39.3,39.3
ORD007323,CUST01903,2023-02-21,2,1,2023-02-22,Web,Pune,Delivered,Debit Card,Evening 4-8 PM,,0.0,1193.67,1193.67
ORD007324,CUST01903,2023-01-28,1,1,2023-01-30,Web,Pune,Delivered,Wallet,Morning 6-10 AM,,0.0,258.85,258.85
ORD007325,CUST01903,2023-07-27,7,3,2023-07-30,App,Pune,Delivered,UPI,Afternoon 10-2 PM,,0.0,692.53,692.53
ORD007326,CUST01903,2023-07-25,7,3,2023-07-28,App,Pune,Delivered,UPI,Late Night 8-11 PM,,0.0,132.93,132.93
ORD007327,CUST01903,2023-10-02,10,4,2023-10-05,App,Pune,Delivered,COD,Morning 6-10 AM,,0.0,202.0,202.0
ORD007328,CUST01903,2023-02-09,2,1,2023-02-10,Web,Pune,Delivered,UPI,Morning 6-10 AM,,0.0,450.38,450.38
ORD007329,CUST01903,2023-02-15,2,1,2023-02-16,App,Pune,Delivered,COD,Evening 4-8 PM,,0.0,1240.84,1240.84
ORD007330,CUST01903,2023-09-24,9,3,2023-09-26,App,Pune,Returned,UPI,Morning 6-10 AM,,0.0,111.28,111.28
ORD007331,CUST01903,2023-02-16,2,1,2023-02-18,App,Pune,Delivered,COD,Evening 4-8 PM,,0.0,453.48,453.48
ORD007332,CUST01903,2023-08-18,8,3,2023-08-21,App,Pune,Delivered,COD,Morning 6-10 AM,,0.0,230.48,230.48
ORD007333,CUST01905,2023-09-22,9,3,,Web,Ahmedabad,Cancelled,UPI,Evening 4-8 PM,,0.0,55.07,0.0
ORD007334,CUST01905,2023-06-10,6,2,2023-06-13,App,Ahmedabad,Delivered,Debit Card,Morning 6-10 AM,,0.0,350.88,350.88
ORD007335,CUST01905,2023-11-16,11,4,2023-11-17,App,Ahmedabad,Returned,COD,Evening 4-8 PM,,0.0,145.4,0.19
ORD007336,CUST01906,2023-01-16,1,1,2023-01-19,Web,Delhi,Delivered,Debit Card,Evening 4-8 PM,,0.0,410.28,410.28
ORD007337,CUST01907,2023-04-11,4,2,2023-04-12,App,Mumbai,Delivered,COD,,,0.0,847.51,847.51
ORD007338,CUST01909,2023-09-20,9,3,2023-09-22,App,Mumbai,Delivered,UPI,Evening 4-8 PM,,0.0,1372.87,1372.87
ORD007339,CUST01909,2023-05-04,5,2,2023-05-07,App,Mumbai,Delivered,Debit Card,Afternoon 10-2 PM,,0.0,1575.0,1575.0
ORD007340,CUST01909,2023-03-22,3,1,,App,Mumbai,Cancelled,Wallet,Afternoon 10-2 PM,,0.0,2970.1,0.0
ORD007341,CUST01909,2023-11-06,11,4,2023-11-09,Web,Mumbai,Delivered,UPI,Late Night 8-11 PM,,0.0,2018.22,2018.22
ORD007342,CUST01909,2023-11-25,11,4,2023-11-26,App,Mumbai,Delivered,UPI,Morning 6-10 AM,BIGSALE23,80.38,939.92,859.54
ORD007343,CUST01909,2023-02-14,2,1,2023-02-17,App,Mumbai,Delivered,UPI,Afternoon 10-2 PM,,0.0,563.47,563.47
ORD007344,CUST01909,2023-07-04,7,3,2023-07-05,App,Mumbai,Delivered,Credit Card,Late Night 8-11 PM,,0.0,2439.85,2439.85
ORD007345,CUST01909,2023-09-08,9,3,2023-09-09,App,Mumbai,Delivered,UPI,Evening 4-8 PM,,0.0,1576.54,1576.54
ORD007346,CUST01909,2023-03-16,3,1,2023-03-19,Kiosk,Mumbai,Delivered,Debit Card,Morning 6-10 AM,,0.0,106.65,106.65
ORD007347,CUST01909,2023-10-19,10,4,2023-10-22,App,Mumbai,Delivered,UPI,Evening 4-8 PM,,0.0,1076.52,1076.52
ORD007348,CUST01913,2023-08-05,8,3,2023-08-07,App,Mumbai,Delivered,Debit Card,Afternoon 10-2 PM,,0.0,1353.49,1353.49
ORD007349,CUST01913,2023-08-02,8,3,2023-08-03,App,Mumbai,Delivered,Credit Card,Evening 4-8 PM,,0.0,1332.99,1332.99
ORD007350,CUST01913,2023-11-07,11,4,2023-11-10,App,Mumbai,Delivered,UPI,Late Night 8-11 PM,,0.0,1570.53,1570.53
ORD007351,CUST01913,2023-07-09,7,3,2023-07-11,App,Mumbai,Delivered,Debit Card,Morning 6-10 AM,,0.0,3805.61,3805.61
ORD007352,CUST01915,2023-11-02,11,4,2023-11-05,Web,Delhi,Delivered,Credit Card,Morning 6-10 AM,,0.0,634.16,634.16
ORD007353,CUST01915,2023-09-08,9,3,2023-09-11,Web,Delhi,Delivered,COD,Afternoon 10-2 PM,,0.0,746.79,746.79
ORD007354,CUST01915,2023-04-02,4,2,,App,Delhi,Cancelled,Credit Card,Late Night 8-11 PM,,0.0,881.33,0.0
ORD007355,CUST01916,2023-10-19,10,4,,App,Ahmedabad,Cancelled,UPI,Evening 4-8 PM,,0.0,387.05,0.0
ORD007356,CUST01916,2023-07-01,7,3,2023-07-02,App,Ahmedabad,Returned,Credit Card,Evening 4-8 PM,,0.0,2487.14,1309.9
ORD007357,CUST01916,2023-07-09,7,3,2023-07-11,App,Ahmedabad,Delivered,UPI,Morning 6-10 AM,,0.0,2565.91,2565.91
ORD007358,CUST01916,2023-10-04,10,4,2023-10-05,App,Ahmedabad,Delivered,UPI,Morning 6-10 AM,,0.0,1162.03,1162.03
ORD007359,CUST01916,2023-02-01,2,1,,Web,Ahmedabad,Cancelled,UPI,Evening 4-8 PM,,0.0,1748.18,0.0
ORD007360,CUST01916,2023-08-27,8,3,2023-08-28,Web,Ahmedabad,Delivered,Wallet,Afternoon 10-2 PM,,0.0,2643.99,2643.99
ORD007361,CUST01916,2023-06-13,6,2,,Web,Ahmedabad,Cancelled,Wallet,Evening 4-8 PM,,0.0,843.43,0.0
ORD007362,CUST01916,2023-10-25,10,4,2023-10-27,App,Ahmedabad,Delivered,UPI,Late Night 8-11 PM,,0.0,2952.12,2952.12
ORD007363,CUST01916,2023-01-18,1,1,2023-01-19,Web,Ahmedabad,Delivered,Credit Card,Afternoon 10-2 PM,,0.0,3327.38,3327.38
ORD007364,CUST01916,2023-10-02,10,4,2023-10-04,App,Ahmedabad,Delivered,Debit Card,Late Night 8-11 PM,,0.0,985.21,985.21
ORD007365,CUST01916,2023-06-01,6,2,2023-06-03,App,Ahmedabad,Delivered,UPI,Morning 6-10 AM,,0.0,1973.98,1973.98
ORD007366,CUST01916,2023-06-22,6,2,2023-06-23,App,Ahmedabad,Delivered,Credit Card,Morning 6-10 AM,,0.0,1593.59,1593.59
ORD007367,CUST01916,2023-07-28,7,3,2023-07-30,App,Ahmedabad,Delivered,Debit Card,Morning 6-10 AM,,0.0,1192.62,1192.62
ORD007368,CUST01916,2023-11-30,11,4,2023-12-03,App,Ahmedabad,Delivered,Wallet,Late Night 8-11 PM,,0.0,1799.49,1799.49
ORD007369,CUST01916,2023-11-14,11,4,2023-11-17,App,Ahmedabad,Delivered,UPI,Evening 4-8 PM,DIWALI23SUPER,19.17,158.62,139.45
ORD007370,CUST01916,2023-09-17,9,3,2023-09-19,App,Ahmedabad,Delivered,Credit Card,Afternoon 10-2 PM,,0.0,733.55,733.55
ORD007371,CUST01916,2023-04-06,4,2,2023-04-09,Web,Ahmedabad,Delivered,Debit Card,Afternoon 10-2 PM,,0.0,1804.63,1804.63
ORD007372,CUST01916,2023-01-28,1,1,2023-01-31,App,Ahmedabad,Delivered,Credit Card,Afternoon 10-2 PM,,0.0,1415.85,1415.85
ORD007373,CUST01916,2023-07-08,7,3,2023-07-09,App,Ahmedabad,Delivered,Credit Card,Morning 6-10 AM,,0.0,2835.64,2835.64
ORD007374,CUST01916,2023-09-29,9,3,2023-10-01,App,Ahmedabad,Delivered,UPI,Afternoon 10-2 PM,,0.0,1591.35,1591.35
ORD007375,CUST01916,2023-05-26,5,2,2023-05-27,App,Ahmedabad,Delivered,Credit Card,Morning 6-10 AM,,0.0,2023.81,2023.81
ORD007376,CUST01916,2023-05-06,5,2,2023-05-09,App,Ahmedabad,Delivered,UPI,Morning 6-10 AM,,0.0,613.89,613.89
ORD007377,CUST01916,2023-05-02,5,2,2023-05-03,App,Ahmedabad,Delivered,Credit Card,Afternoon 10-2 PM,,0.0,401.57,401.57
ORD007378,CUST01916,2023-12-02,12,4,2023-12-04,App,Ahmedabad,Delivered,UPI,Evening 4-8 PM,,0.0,2034.17,2034.17
ORD007379,CUST01916,2023-10-06,10,4,2023-10-09,App,Ahmedabad,Delivered,COD,Afternoon 10-2 PM,,0.0,1501.52,1501.52
ORD007380,CUST01918,2023-06-17,6,2,2023-06-19,App,Hyderabad,Delivered,UPI,Evening 4-8 PM,,0.0,1394.85,1394.85
ORD007381,CUST01918,2023-10-02,10,4,2023-10-03,Kiosk,Hyderabad,Delivered,UPI,Morning 6-10 AM,,0.0,436.05,436.05
ORD007382,CUST01918,2023-09-08,9,3,2023-09-11,App,Hyderabad,Delivered,UPI,Afternoon 10-2 PM,,0.0,1623.47,1623.47
ORD007383,CUST01918,2023-01-20,1,1,2023-01-21,App,Hyderabad,Delivered,UPI,Evening 4-8 PM,,0.0,720.2,720.2
ORD007384,CUST01918,2023-10-21,10,4,2023-10-24,Web,Hyderabad,Delivered,Debit Card,Evening 4-8 PM,DUSSEHRA23,182.74,1019.67,836.93
ORD007385,CUST01918,2023-02-04,2,1,2023-02-07,App,Hyderabad,Delivered,UPI,Evening 4-8 PM,,0.0,2528.4,2528.4
ORD007386,CUST01918,2023-12-24,12,4,2023-12-25,App,Hyderabad,Delivered,Wallet,Late Night 8-11 PM,,0.0,442.34,442.34
ORD007387,CUST01918,2023-07-31,7,3,2023-08-01,App,Hyderabad,Delivered,UPI,Evening 4-8 PM,,0.0,2940.53,2940.53
ORD007388,CUST01918,2023-09-08,9,3,2023-09-10,Kiosk,Hyderabad,Delivered,COD,,,0.0,1670.81,1670.81
ORD007389,CUST01918,2023-10-29,10,4,2023-11-01,Kiosk,Hyderabad,Delivered,UPI,Morning 6-10 AM,,0.0,1164.63,1164.63
ORD007390,CUST01918,2023-07-28,7,3,2023-07-31,App,Hyderabad,Delivered,UPI,Evening 4-8 PM,,0.0,1179.45,1179.45
ORD007391,CUST01918,2023-08-19,8,3,2023-08-21,App,Hyderabad,Delivered,Credit Card,Late Night 8-11 PM,,0.0,141.23,141.23
ORD007392,CUST01918,2023-08-25,8,3,2023-08-26,Web,Hyderabad,Delivered,Debit Card,Afternoon 10-2 PM,,0.0,819.18,819.18
ORD007393,CUST01918,2023-04-22,4,2,,App,Hyderabad,Cancelled,Credit Card,Evening 4-8 PM,,0.0,2662.26,0.0
ORD007394,CUST01918,2023-06-22,6,2,2023-06-25,App,Hyderabad,Delivered,UPI,Morning 6-10 AM,,0.0,2981.75,2981.75
ORD007395,CUST01918,2023-12-08,12,4,,App,Hyderabad,Cancelled,UPI,Afternoon 10-2 PM,,0.0,3330.83,0.0
ORD007396,CUST01918,2023-04-04,4,2,2023-04-07,App,Hyderabad,Delivered,UPI,Evening 4-8 PM,,0.0,1516.59,1516.59
ORD007397,CUST01918,2023-01-28,1,1,2023-01-29,App,Hyderabad,Delivered,Wallet,Evening 4-8 PM,,0.0,596.93,596.93
ORD007398,CUST01918,2023-05-18,5,2,2023-05-20,Kiosk,Hyderabad,Delivered,Wallet,Late Night 8-11 PM,,0.0,3080.79,3080.79
ORD007399,CUST01918,2023-10-21,10,4,2023-10-24,App,Hyderabad,Delivered,Credit Card,Evening 4-8 PM,,0.0,450.35,450.35
ORD007400,CUST01918,2023-12-18,12,4,2023-12-21,Web,Hyderabad,Delivered,Credit Card,Evening 4-8 PM,,0.0,573.61,573.61
ORD007401,CUST01918,2023-10-27,10,4,2023-10-30,Kiosk,Hyderabad,Delivered,COD,Morning 6-10 AM,,0.0,2951.71,2951.71
ORD007402,CUST01918,2023-10-12,10,4,2023-10-14,App,Hyderabad,Delivered,Wallet,Evening 4-8 PM,,0.0,349.47,349.47
ORD007403,CUST01920,2023-12-11,12,4,2023-12-13,Web,Hyderabad,Delivered,UPI,Morning 6-10 AM,,0.0,1875.02,1875.02
ORD007404,CUST01920,2023-11-11,11,4,2023-11-12,App,Hyderabad,Delivered,UPI,Morning 6-10 AM,,0.0,833.85,833.85
ORD007405,CUST01920,2023-02-25,2,1,2023-02-28,App,Hyderabad,Delivered,COD,Evening 4-8 PM,,0.0,262.44,262.44
ORD007406,CUST01920,2023-11-06,11,4,2023-11-08,Web,Hyderabad,Delivered,UPI,Afternoon 10-2 PM,,0.0,2280.24,2280.24
ORD007407,CUST01920,2023-01-20,1,1,2023-01-22,App,Hyderabad,Delivered,UPI,Morning 6-10 AM,,0.0,253.3,253.3
ORD007408,CUST01920,2023-10-03,10,4,2023-10-04,App,Hyderabad,Returned,COD,Evening 4-8 PM,,0.0,589.87,42.25
ORD007409,CUST01920,2023-09-21,9,3,2023-09-23,App,Hyderabad,Delivered,UPI,,,0.0,1860.03,1860.03
ORD007410,CUST01920,2023-07-10,7,3,2023-07-13,App,Hyderabad,Delivered,UPI,Morning 6-10 AM,,0.0,914.7,914.7
ORD007411,CUST01920,2023-12-27,12,4,2023-12-28,App,Hyderabad,Delivered,UPI,Evening 4-8 PM,,0.0,2426.05,2426.05
ORD007412,CUST01920,2023-02-06,2,1,2023-02-08,Kiosk,Hyderabad,Delivered,Credit Card,Evening 4-8 PM,,0.0,1359.22,1359.22
ORD007413,CUST01920,2023-06-18,6,2,,Web,Hyderabad,Cancelled,UPI,Evening 4-8 PM,,0.0,2073.51,0.0
ORD007414,CUST01920,2023-03-03,3,1,2023-03-05,App,Hyderabad,Delivered,Credit Card,Evening 4-8 PM,,0.0,2968.52,2968.52
ORD007415,CUST01920,2023-02-14,2,1,2023-02-17,Web,Hyderabad,Delivered,Credit Card,Late Night 8-11 PM,LOVEFEB,410.89,2856.04,2445.15
ORD007416,CUST01920,2023-09-19,9,3,2023-09-21,Kiosk,Hyderabad,Returned,UPI,Afternoon 10-2 PM,,0.0,2854.34,635.12
ORD007417,CUST01920,2023-04-15,4,2,2023-04-18,App,Hyderabad,Delivered,UPI,Morning 6-10 AM,,0.0,267.75,267.75
ORD007418,CUST01920,2023-09-10,9,3,2023-09-13,App,Hyderabad,Delivered,Credit Card,,,0.0,1161.65,1161.65
ORD007419,CUST01920,2023-03-01,3,1,,App,Hyderabad,Cancelled,COD,Morning 6-10 AM,,0.0,4049.04,0.0
ORD007420,CUST01920,2023-12-12,12,4,,App,Hyderabad,Cancelled,UPI,Afternoon 10-2 PM,,0.0,215.69,0.0
ORD007421,CUST01920,2023-11-10,11,4,2023-11-13,App,Hyderabad,Delivered,UPI,Late Night 8-11 PM,,0.0,2049.96,2049.96
ORD007422,CUST01920,2023-06-12,6,2,2023-06-14,App,Hyderabad,Delivered,Credit Card,Late Night 8-11 PM,,0.0,2091.23,2091.23
ORD007423,CUST01920,2023-03-12,3,1,2023-03-15,Web,Hyderabad,Delivered,UPI,Afternoon 10-2 PM,,0.0,675.47,675.47
ORD007424,CUST01920,2023-10-19,10,4,2023-10-20,Web,Hyderabad,Delivered,Wallet,Morning 6-10 AM,,0.0,2317.42,2317.42
ORD007425,CUST01920,2023-01-31,1,1,2023-02-03,App,Hyderabad,Delivered,UPI,Afternoon 10-2 PM,,0.0,777.95,777.95
ORD007426,CUST01920,2023-12-01,12,4,2023-12-04,Web,Hyderabad,Delivered,Wallet,Late Night 8-11 PM,,0.0,4452.44,4452.44
ORD007427,CUST01920,2023-06-25,6,2,2023-06-26,App,Hyderabad,Delivered,COD,Afternoon 10-2 PM,,0.0,280.41,280.41
ORD007428,CUST01920,2023-06-17,6,2,2023-06-18,App,Hyderabad,Delivered,COD,Late Night 8-11 PM,,0.0,454.53,454.53
ORD007429,CUST01923,2023-04-05,4,2,2023-04-07,Web,Mumbai,Delivered,COD,Afternoon 10-2 PM,,0.0,298.29,298.29
ORD007430,CUST01923,2023-10-02,10,4,,Kiosk,Mumbai,Cancelled,Credit Card,Morning 6-10 AM,,0.0,957.22,0.0
ORD007431,CUST01923,2023-11-16,11,4,2023-11-18,App,Mumbai,Delivered,UPI,Afternoon 10-2 PM,,0.0,819.39,819.39
ORD007432,CUST01923,2023-10-12,10,4,2023-10-13,App,Mumbai,Delivered,UPI,Morning 6-10 AM,,0.0,735.02,735.02
ORD007433,CUST01923,2023-09-24,9,3,2023-09-25,App,Mumbai,Delivered,Credit Card,Morning 6-10 AM,,0.0,402.06,402.06
ORD007434,CUST01924,2023-03-16,3,1,2023-03-19,App,Delhi,Delivered,UPI,Morning 6-10 AM,,0.0,389.32,389.32
ORD007435,CUST01924,2023-12-17,12,4,2023-12-19,Web,Delhi,Delivered,UPI,Morning 6-10 AM,,0.0,738.75,738.75
ORD007436,CUST01924,2023-07-06,7,3,2023-07-08,App,Delhi,Delivered,UPI,Evening 4-8 PM,,0.0,916.51,916.51
ORD007437,CUST01924,2023-02-22,2,1,2023-02-23,App,Delhi,Delivered,UPI,Morning 6-10 AM,,0.0,1580.67,1580.67
ORD007438,CUST01924,2023-07-23,7,3,2023-07-25,App,Delhi,Delivered,Wallet,Morning 6-10 AM,,0.0,1628.72,1628.72
ORD007439,CUST01924,2023-10-01,10,4,2023-10-03,App,Delhi,Delivered,UPI,Afternoon 10-2 PM,,0.0,1338.2,1338.2
ORD007440,CUST01924,2023-12-02,12,4,2023-12-04,App,Delhi,Delivered,UPI,Afternoon 10-2 PM,,0.0,1515.61,1515.61
ORD007441,CUST01924,2023-01-18,1,1,2023-01-21,App,Delhi,Delivered,Credit Card,Evening 4-8 PM,,0.0,3789.08,3789.08
ORD007442,CUST01924,2023-08-09,8,3,2023-08-11,App,Delhi,Delivered,UPI,Morning 6-10 AM,,0.0,666.4,666.4
ORD007443,CUST01924,2023-04-15,4,2,2023-04-16,App,Delhi,Returned,Debit Card,Afternoon 10-2 PM,,0.0,115.47,7.09
ORD007444,CUST01924,2023-04-20,4,2,2023-04-21,App,Delhi,Returned,Debit Card,Morning 6-10 AM,,0.0,2199.45,2095.95
ORD007445,CUST01924,2023-04-24,4,2,2023-04-26,Kiosk,Delhi,Delivered,Wallet,Late Night 8-11 PM,,0.0,559.29,559.29
ORD007446,CUST01924,2023-07-14,7,3,2023-07-17,Web,Delhi,Delivered,UPI,Evening 4-8 PM,,0.0,742.02,742.02
ORD007447,CUST01925,2023-10-06,10,4,2023-10-07,App,Lucknow,Delivered,COD,Evening 4-8 PM,,0.0,614.43,614.43
ORD007448,CUST01925,2023-11-19,11,4,2023-11-22,Web,Lucknow,Delivered,Debit Card,Evening 4-8 PM,,0.0,776.5,776.5
ORD007449,CUST01927,2023-01-04,1,1,2023-01-06,App,Bengaluru,Delivered,UPI,Afternoon 10-2 PM,,0.0,518.97,518.97
ORD007450,CUST01930,2023-03-29,3,1,2023-04-01,Kiosk,Hyderabad,Delivered,Wallet,Morning 6-10 AM,,0.0,432.69,432.69
ORD007451,CUST01930,2023-03-21,3,1,2023-03-23,App,Hyderabad,Delivered,UPI,Morning 6-10 AM,,0.0,106.36,106.36
ORD007452,CUST01931,2023-10-28,10,4,2023-10-29,Kiosk,Delhi,Delivered,Credit Card,Afternoon 10-2 PM,,0.0,753.5,753.5
ORD007453,CUST01932,2023-05-21,5,2,2023-05-22,Web,Delhi,Delivered,UPI,Morning 6-10 AM,,0.0,406.98,406.98
ORD007454,CUST01934,2023-02-01,2,1,2023-02-04,App,Hyderabad,Delivered,UPI,Morning 6-10 AM,,0.0,1843.3,1843.3
ORD007455,CUST01934,2023-02-23,2,1,2023-02-26,App,Hyderabad,Delivered,UPI,Evening 4-8 PM,,0.0,207.95,207.95
ORD007456,CUST01934,2023-02-15,2,1,2023-02-16,Web,Hyderabad,Delivered,Debit Card,Evening 4-8 PM,,0.0,3352.8,3352.8
ORD007457,CUST01934,2023-01-30,1,1,2023-01-31,Web,Hyderabad,Delivered,COD,Morning 6-10 AM,,0.0,604.07,604.07
ORD007458,CUST01934,2023-03-28,3,1,2023-03-29,App,Hyderabad,Delivered,UPI,Morning 6-10 AM,,0.0,1403.85,1403.85
ORD007459,CUST01934,2023-01-25,1,1,2023-01-26,App,Hyderabad,Delivered,COD,Morning 6-10 AM,,0.0,2435.74,2435.74
ORD007460,CUST01934,2023-03-30,3,1,2023-03-31,App,Hyderabad,Delivered,UPI,Evening 4-8 PM,,0.0,1452.45,1452.45
ORD007461,CUST01934,2023-09-05,9,3,2023-09-07,App,Hyderabad,Delivered,Credit Card,Morning 6-10 AM,,0.0,799.25,799.25
ORD007462,CUST01934,2023-05-03,5,2,2023-05-04,Web,Hyderabad,Delivered,COD,Morning 6-10 AM,,0.0,1111.12,1111.12
ORD007463,CUST01934,2023-08-17,8,3,2023-08-20,Web,Hyderabad,Delivered,Debit Card,Morning 6-10 AM,,0.0,237.96,237.96
ORD007464,CUST01935,2023-12-15,12,4,2023-12-18,Web,Pune,Delivered,UPI,Morning 6-10 AM,,0.0,356.61,356.61
ORD007465,CUST01935,2023-06-09,6,2,2023-06-12,Web,Pune,Delivered,Credit Card,Evening 4-8 PM,,0.0,988.74,988.74
ORD007466,CUST01936,2023-02-25,2,1,2023-02-27,App,Mumbai,Delivered,UPI,Afternoon 10-2 PM,,0.0,1267.55,1267.55
ORD007467,CUST01936,2023-10-04,10,4,2023-10-07,App,Mumbai,Delivered,UPI,Late Night 8-11 PM,,0.0,1927.16,1927.16
ORD007468,CUST01936,2023-01-26,1,1,2023-01-29,Kiosk,Mumbai,Delivered,Debit Card,Afternoon 10-2 PM,,0.0,1811.87,1811.87
ORD007469,CUST01936,2023-06-20,6,2,2023-06-22,App,Mumbai,Delivered,Debit Card,Late Night 8-11 PM,,0.0,1294.25,1294.25
ORD007470,CUST01936,2023-04-21,4,2,2023-04-23,App,Mumbai,Delivered,Credit Card,Morning 6-10 AM,,0.0,5069.77,5069.77
ORD007471,CUST01936,2023-08-21,8,3,2023-08-24,App,Mumbai,Delivered,Wallet,Evening 4-8 PM,,0.0,3043.84,3043.84
ORD007472,CUST01936,2023-04-12,4,2,2023-04-13,App,Mumbai,Delivered,Credit Card,Evening 4-8 PM,,0.0,688.17,688.17
ORD007473,CUST01936,2023-09-07,9,3,2023-09-08,App,Mumbai,Delivered,Debit Card,Late Night 8-11 PM,,0.0,808.12,808.12
ORD007474,CUST01936,2023-03-11,3,1,2023-03-13,App,Mumbai,Delivered,COD,Evening 4-8 PM,,0.0,30.93,30.93
ORD007475,CUST01938,2023-12-03,12,4,2023-12-06,Kiosk,Pune,Delivered,COD,Evening 4-8 PM,,0.0,763.87,763.87
ORD007476,CUST01941,2023-02-22,2,1,2023-02-23,App,Ahmedabad,Delivered,Credit Card,Morning 6-10 AM,,0.0,1208.36,1208.36
ORD007477,CUST01941,2023-11-14,11,4,2023-11-16,Web,Ahmedabad,Delivered,Credit Card,Afternoon 10-2 PM,,0.0,169.5,169.5
ORD007478,CUST01943,2023-08-20,8,3,2023-08-23,Web,Mumbai,Delivered,UPI,Afternoon 10-2 PM,,0.0,702.48,702.48
ORD007479,CUST01943,2023-05-27,5,2,2023-05-30,App,Mumbai,Delivered,UPI,Evening 4-8 PM,,0.0,1770.81,1770.81
ORD007480,CUST01943,2023-01-10,1,1,2023-01-12,App,Mumbai,Returned,Credit Card,Morning 6-10 AM,,0.0,599.37,24.35
ORD007481,CUST01943,2023-01-27,1,1,2023-01-29,Web,Mumbai,Delivered,UPI,Morning 6-10 AM,,0.0,1060.4,1060.4
ORD007482,CUST01943,2023-11-30,11,4,2023-12-01,App,Mumbai,Delivered,Wallet,Evening 4-8 PM,,0.0,1414.05,1414.05
ORD007483,CUST01943,2023-09-30,9,3,2023-10-02,Web,Mumbai,Returned,UPI,Late Night 8-11 PM,,0.0,2418.22,333.78
ORD007484,CUST01943,2023-08-21,8,3,2023-08-24,Web,Mumbai,Delivered,UPI,Morning 6-10 AM,,0.0,5412.25,5412.25
ORD007485,CUST01943,2023-06-16,6,2,2023-06-18,App,Mumbai,Returned,UPI,Afternoon 10-2 PM,,0.0,1674.99,1660.8
ORD007486,CUST01943,2023-10-30,10,4,2023-11-01,App,Mumbai,Delivered,Debit Card,Morning 6-10 AM,,0.0,209.37,209.37
ORD007487,CUST01943,2023-12-15,12,4,2023-12-18,App,Mumbai,Delivered,Credit Card,Morning 6-10 AM,,0.0,472.03,472.03
ORD007488,CUST01944,2023-08-07,8,3,,Web,Mumbai,Cancelled,UPI,Morning 6-10 AM,,0.0,1077.51,0.0
ORD007489,CUST01944,2023-06-22,6,2,2023-06-25,App,Mumbai,Delivered,UPI,Morning 6-10 AM,,0.0,821.89,821.89
ORD007490,CUST01945,2023-11-15,11,4,2023-11-18,App,Bengaluru,Delivered,UPI,Afternoon 10-2 PM,,0.0,1967.0,1967.0
ORD007491,CUST01945,2023-11-04,11,4,2023-11-06,Web,Bengaluru,Delivered,UPI,Morning 6-10 AM,,0.0,61.22,61.22
ORD007492,CUST01945,2023-05-25,5,2,,App,Bengaluru,Cancelled,COD,Evening 4-8 PM,,0.0,1309.72,0.0
ORD007493,CUST01945,2023-11-27,11,4,2023-11-28,App,Bengaluru,Delivered,Wallet,Afternoon 10-2 PM,,0.0,124.32,124.32
ORD007494,CUST01945,2023-08-04,8,3,2023-08-06,Web,Bengaluru,Delivered,COD,Afternoon 10-2 PM,,0.0,2357.02,2357.02
ORD007495,CUST01945,2023-08-28,8,3,2023-08-31,App,Bengaluru,Delivered,Debit Card,Afternoon 10-2 PM,,0.0,1259.26,1259.26
ORD007496,CUST01945,2023-02-05,2,1,2023-02-07,App,Bengaluru,Delivered,COD,Afternoon 10-2 PM,,0.0,1243.24,1243.24
ORD007497,CUST01945,2023-02-24,2,1,2023-02-26,Web,Bengaluru,Delivered,UPI,Evening 4-8 PM,,0.0,1288.37,1288.37
ORD007498,CUST01945,2023-03-19,3,1,2023-03-20,Web,Bengaluru,Delivered,UPI,Afternoon 10-2 PM,,0.0,1523.87,1523.87
ORD007499,CUST01945,2023-11-28,11,4,2023-11-29,Web,Bengaluru,Delivered,UPI,Morning 6-10 AM,,0.0,3241.2,3241.2
ORD007500,CUST01945,2023-10-17,10,4,,Web,Bengaluru,Cancelled,COD,Evening 4-8 PM,,0.0,1899.82,0.0
ORD007501,CUST01945,2023-12-13,12,4,2023-12-15,App,Bengaluru,Delivered,Credit Card,Evening 4-8 PM,,0.0,1965.96,1965.96
ORD007502,CUST01945,2023-08-31,8,3,2023-09-02,App,Bengaluru,Delivered,Credit Card,Late Night 8-11 PM,,0.0,574.68,574.68
ORD007503,CUST01945,2023-11-07,11,4,2023-11-08,Web,Bengaluru,Delivered,Credit Card,Afternoon 10-2 PM,,0.0,1293.33,1293.33
ORD007504,CUST01945,2023-01-27,1,1,2023-01-29,Kiosk,Bengaluru,Delivered,UPI,Evening 4-8 PM,,0.0,862.13,862.13
ORD007505,CUST01945,2023-04-18,4,2,2023-04-20,App,Bengaluru,Delivered,Debit Card,Afternoon 10-2 PM,,0.0,1510.53,1510.53
ORD007506,CUST01945,2023-11-29,11,4,2023-12-02,App,Bengaluru,Delivered,UPI,Evening 4-8 PM,,0.0,2049.47,2049.47
ORD007507,CUST01945,2023-10-30,10,4,2023-11-02,App,Bengaluru,Delivered,Debit Card,Morning 6-10 AM,,0.0,1895.74,1895.74
ORD007508,CUST01945,2023-09-16,9,3,2023-09-17,App,Bengaluru,Delivered,UPI,Afternoon 10-2 PM,,0.0,857.19,857.19
ORD007509,CUST01945,2023-05-30,5,2,2023-06-02,Kiosk,Bengaluru,Delivered,COD,Afternoon 10-2 PM,,0.0,571.75,571.75
ORD007510,CUST01945,2023-02-26,2,1,2023-02-27,Kiosk,Bengaluru,Returned,COD,Morning 6-10 AM,,0.0,353.61,130.49
ORD007511,CUST01945,2023-04-04,4,2,2023-04-05,App,Bengaluru,Delivered,UPI,Late Night 8-11 PM,,0.0,394.75,394.75
ORD007512,CUST01945,2023-04-19,4,2,2023-04-22,App,Bengaluru,Delivered,UPI,Afternoon 10-2 PM,,0.0,1244.94,1244.94
ORD007513,CUST01945,2023-07-02,7,3,2023-07-05,App,Bengaluru,Delivered,UPI,Morning 6-10 AM,,0.0,273.47,273.47
ORD007514,CUST01945,2023-04-25,4,2,2023-04-26,Web,Bengaluru,Delivered,Wallet,Evening 4-8 PM,,0.0,3321.41,3321.41
ORD007515,CUST01945,2023-02-26,2,1,2023-02-28,App,Bengaluru,Delivered,Credit Card,Afternoon 10-2 PM,,0.0,1714.19,1714.19
ORD007516,CUST01945,2023-01-31,1,1,2023-02-02,App,Bengaluru,Delivered,UPI,Evening 4-8 PM,,0.0,1243.55,1243.55
ORD007517,CUST01945,2023-10-08,10,4,2023-10-10,App,Bengaluru,Delivered,UPI,Morning 6-10 AM,,0.0,2379.66,2379.66
ORD007518,CUST01945,2023-05-02,5,2,2023-05-05,App,Bengaluru,Delivered,Credit Card,Evening 4-8 PM,,0.0,3135.79,3135.79
ORD007519,CUST01945,2023-10-31,10,4,2023-11-03,App,Bengaluru,Delivered,UPI,Morning 6-10 AM,,0.0,953.51,953.51
ORD007520,CUST01945,2023-06-20,6,2,2023-06-23,Web,Bengaluru,Delivered,UPI,Morning 6-10 AM,,0.0,1093.06,1093.06
ORD007521,CUST01945,2023-12-29,12,4,2024-01-01,App,Bengaluru,Delivered,Credit Card,Morning 6-10 AM,,0.0,1613.88,1613.88
ORD007522,CUST01945,2023-08-29,8,3,2023-08-30,App,Bengaluru,Delivered,COD,Morning 6-10 AM,,0.0,1069.4,1069.4
ORD007523,CUST01946,2023-03-20,3,1,2023-03-23,App,Mumbai,Delivered,UPI,Morning 6-10 AM,,0.0,371.6,371.6
ORD007524,CUST01946,2023-12-19,12,4,2023-12-22,App,Mumbai,Delivered,Wallet,Afternoon 10-2 PM,,0.0,1365.46,1365.46
ORD007525,CUST01946,2023-04-29,4,2,2023-05-02,App,Mumbai,Delivered,Credit Card,Morning 6-10 AM,,0.0,28.79,28.79
ORD007526,CUST01946,2023-09-03,9,3,2023-09-04,Kiosk,Mumbai,Delivered,Debit Card,Evening 4-8 PM,,0.0,700.98,700.98
ORD007527,CUST01946,2023-10-07,10,4,2023-10-10,App,Mumbai,Delivered,Wallet,Morning 6-10 AM,,0.0,347.09,347.09
ORD007528,CUST01946,2023-07-12,7,3,2023-07-15,Web,Mumbai,Delivered,UPI,Afternoon 10-2 PM,,0.0,1085.3,1085.3
ORD007529,CUST01947,2023-10-14,10,4,2023-10-17,Web,Mumbai,Delivered,Credit Card,Evening 4-8 PM,,0.0,68.51,68.51
ORD007530,CUST01947,2023-07-26,7,3,2023-07-27,Web,Mumbai,Delivered,UPI,,,0.0,2383.87,2383.87
ORD007531,CUST01947,2023-05-07,5,2,,Web,Mumbai,Cancelled,UPI,Afternoon 10-2 PM,,0.0,734.86,0.0
ORD007532,CUST01947,2023-06-23,6,2,2023-06-25,Web,Mumbai,Delivered,Credit Card,Morning 6-10 AM,,0.0,1192.72,1192.72
ORD007533,CUST01947,2023-12-21,12,4,,Kiosk,Mumbai,Cancelled,Credit Card,Afternoon 10-2 PM,,0.0,110.73,0.0
ORD007534,CUST01949,2023-08-11,8,3,2023-08-12,App,Ahmedabad,Delivered,Credit Card,Evening 4-8 PM,,0.0,85.8,85.8
ORD007535,CUST01950,2023-08-25,8,3,2023-08-26,App,Delhi,Delivered,UPI,Morning 6-10 AM,,0.0,1574.0,1574.0
ORD007536,CUST01950,2023-10-06,10,4,2023-10-07,Web,Delhi,Delivered,Wallet,Morning 6-10 AM,,0.0,2790.94,2790.94
ORD007537,CUST01950,2023-10-11,10,4,2023-10-12,App,Delhi,Delivered,UPI,Evening 4-8 PM,,0.0,1003.49,1003.49
ORD007538,CUST01950,2023-09-30,9,3,2023-10-03,App,Delhi,Delivered,Credit Card,Late Night 8-11 PM,,0.0,1767.98,1767.98
ORD007539,CUST01950,2023-10-18,10,4,2023-10-20,Kiosk,Delhi,Delivered,UPI,Morning 6-10 AM,,0.0,3018.78,3018.78
ORD007540,CUST01950,2023-10-14,10,4,2023-10-15,App,Delhi,Delivered,COD,Evening 4-8 PM,,0.0,2698.73,2698.73
ORD007541,CUST01950,2023-11-01,11,4,2023-11-02,Web,Delhi,Delivered,Wallet,Afternoon 10-2 PM,,0.0,173.43,173.43
ORD007542,CUST01950,2023-11-04,11,4,2023-11-07,Web,Delhi,Delivered,UPI,Afternoon 10-2 PM,,0.0,180.97,180.97
ORD007543,CUST01950,2023-01-03,1,1,2023-01-05,App,Delhi,Delivered,UPI,Afternoon 10-2 PM,NY2023,508.84,3357.04,2848.2
ORD007544,CUST01950,2023-05-20,5,2,2023-05-21,App,Delhi,Delivered,Debit Card,Morning 6-10 AM,,0.0,2351.22,2351.22
ORD007545,CUST01950,2023-01-28,1,1,2023-01-31,App,Delhi,Delivered,UPI,Evening 4-8 PM,,0.0,5228.62,5228.62
ORD007546,CUST01950,2023-11-09,11,4,2023-11-11,App,Delhi,Delivered,Debit Card,Morning 6-10 AM,,0.0,435.78,435.78
ORD007547,CUST01950,2023-11-14,11,4,2023-11-17,App,Delhi,Delivered,UPI,Late Night 8-11 PM,,0.0,1894.19,1894.19
ORD007548,CUST01951,2023-05-11,5,2,,App,Bengaluru,Cancelled,Debit Card,Evening 4-8 PM,,0.0,1320.86,0.0
ORD007549,CUST01951,2023-01-18,1,1,2023-01-19,App,Bengaluru,Returned,UPI,Morning 6-10 AM,,0.0,922.54,134.21
ORD007550,CUST01951,2023-10-30,10,4,,App,Bengaluru,Cancelled,Debit Card,Afternoon 10-2 PM,,0.0,210.99,0.0
ORD007551,CUST01951,2023-02-11,2,1,2023-02-12,App,Bengaluru,Delivered,UPI,Morning 6-10 AM,,0.0,567.4,567.4
ORD007552,CUST01951,2023-05-22,5,2,,App,Bengaluru,Cancelled,COD,Evening 4-8 PM,,0.0,277.83,0.0
ORD007553,CUST01951,2023-03-10,3,1,2023-03-11,App,Bengaluru,Delivered,Debit Card,Morning 6-10 AM,,0.0,1401.69,1401.69
ORD007554,CUST01951,2023-01-18,1,1,2023-01-21,Web,Bengaluru,Delivered,UPI,Afternoon 10-2 PM,,0.0,300.29,300.29
ORD007555,CUST01951,2023-06-09,6,2,2023-06-12,App,Bengaluru,Delivered,UPI,Evening 4-8 PM,,0.0,641.59,641.59
ORD007556,CUST01953,2023-03-08,3,1,2023-03-10,Web,Lucknow,Delivered,Debit Card,Evening 4-8 PM,,0.0,726.59,726.59
ORD007557,CUST01953,2023-12-27,12,4,2023-12-29,Web,Lucknow,Delivered,Credit Card,Late Night 8-11 PM,,0.0,769.86,769.86
ORD007558,CUST01953,2023-03-25,3,1,2023-03-26,App,Lucknow,Delivered,Debit Card,Afternoon 10-2 PM,,0.0,2022.17,2022.17
ORD007559,CUST01953,2023-09-19,9,3,2023-09-20,Web,Lucknow,Delivered,UPI,Morning 6-10 AM,,0.0,368.74,368.74
ORD007560,CUST01953,2023-10-30,10,4,2023-11-02,Web,Lucknow,Delivered,Credit Card,Evening 4-8 PM,,0.0,4584.93,4584.93
ORD007561,CUST01955,2023-02-06,2,1,,Web,Pune,Cancelled,UPI,Late Night 8-11 PM,,0.0,608.86,0.0
ORD007562,CUST01959,2023-01-09,1,1,2023-01-11,Kiosk,Mumbai,Delivered,Credit Card,Late Night 8-11 PM,,0.0,216.16,216.16
ORD007563,CUST01959,2023-01-05,1,1,2023-01-07,App,Mumbai,Delivered,UPI,Late Night 8-11 PM,,0.0,875.92,875.92
ORD007564,CUST01959,2023-08-31,8,3,2023-09-02,App,Mumbai,Delivered,COD,Morning 6-10 AM,,0.0,2542.21,2542.21
ORD007565,CUST01959,2023-12-12,12,4,2023-12-14,App,Mumbai,Delivered,Credit Card,Morning 6-10 AM,,0.0,1393.52,1393.52
ORD007566,CUST01959,2023-07-30,7,3,2023-07-31,App,Mumbai,Delivered,Wallet,Evening 4-8 PM,,0.0,1945.51,1945.51
ORD007567,CUST01959,2023-05-24,5,2,2023-05-27,App,Mumbai,Delivered,Debit Card,Afternoon 10-2 PM,,0.0,654.06,654.06
ORD007568,CUST01959,2023-07-09,7,3,2023-07-11,App,Mumbai,Delivered,Wallet,Evening 4-8 PM,,0.0,2225.31,2225.31
ORD007569,CUST01959,2023-03-11,3,1,2023-03-14,Web,Mumbai,Delivered,Wallet,Morning 6-10 AM,,0.0,1503.17,1503.17
ORD007570,CUST01959,2023-06-28,6,2,2023-06-29,Web,Mumbai,Delivered,UPI,Morning 6-10 AM,,0.0,1916.46,1916.46
ORD007571,CUST01959,2023-04-07,4,2,2023-04-08,Kiosk,Mumbai,Delivered,COD,Morning 6-10 AM,,0.0,3137.78,3137.78
ORD007572,CUST01959,2023-05-21,5,2,2023-05-22,Web,Mumbai,Delivered,UPI,Afternoon 10-2 PM,,0.0,768.25,768.25
ORD007573,CUST01959,2023-08-26,8,3,2023-08-29,Web,Mumbai,Delivered,Wallet,Evening 4-8 PM,,0.0,2721.54,2721.54
ORD007574,CUST01959,2023-04-23,4,2,2023-04-26,App,Mumbai,Delivered,Credit Card,Afternoon 10-2 PM,,0.0,1812.88,1812.88
ORD007575,CUST01959,2023-06-11,6,2,2023-06-13,App,Mumbai,Delivered,Wallet,Morning 6-10 AM,,0.0,1486.23,1486.23
ORD007576,CUST01959,2023-10-17,10,4,2023-10-20,App,Mumbai,Delivered,UPI,Morning 6-10 AM,,0.0,4887.64,4887.64
ORD007577,CUST01959,2023-07-22,7,3,2023-07-24,App,Mumbai,Delivered,Credit Card,Morning 6-10 AM,,0.0,1780.05,1780.05
ORD007578,CUST01959,2023-05-22,5,2,,Web,Mumbai,Cancelled,COD,Afternoon 10-2 PM,,0.0,1080.67,0.0
ORD007579,CUST01959,2023-11-28,11,4,,App,Mumbai,Cancelled,COD,Morning 6-10 AM,,0.0,1084.05,0.0
ORD007580,CUST01960,2023-09-21,9,3,2023-09-24,App,Bengaluru,Delivered,UPI,Evening 4-8 PM,,0.0,1270.47,1270.47
ORD007581,CUST01960,2023-12-17,12,4,2023-12-20,Web,Bengaluru,Delivered,UPI,Morning 6-10 AM,,0.0,304.62,304.62
ORD007582,CUST01960,2023-02-13,2,1,2023-02-14,App,Bengaluru,Delivered,UPI,Evening 4-8 PM,LOVEFEB,38.86,501.53,462.67
ORD007583,CUST01960,2023-07-11,7,3,,App,Bengaluru,Cancelled,UPI,Evening 4-8 PM,,0.0,1244.5,0.0
ORD007584,CUST01960,2023-11-19,11,4,2023-11-21,Web,Bengaluru,Delivered,COD,Morning 6-10 AM,,0.0,1475.3,1475.3
ORD007585,CUST01961,2023-10-13,10,4,2023-10-16,App,Mumbai,Delivered,Credit Card,Evening 4-8 PM,,0.0,101.06,101.06
ORD007586,CUST01964,2023-03-10,3,1,2023-03-13,App,Mumbai,Delivered,Credit Card,Morning 6-10 AM,,0.0,117.49,117.49
ORD007587,CUST01964,2023-09-10,9,3,,App,Mumbai,Cancelled,UPI,Evening 4-8 PM,,0.0,701.66,0.0
ORD007588,CUST01964,2023-02-18,2,1,2023-02-20,Web,Mumbai,Delivered,UPI,Morning 6-10 AM,,0.0,688.79,688.79
ORD007589,CUST01964,2023-09-21,9,3,2023-09-22,App,Mumbai,Returned,UPI,Morning 6-10 AM,,0.0,1121.9,562.74
ORD007590,CUST01965,2023-10-21,10,4,2023-10-22,App,Bengaluru,Delivered,COD,Evening 4-8 PM,DUSSEHRA23,110.26,1662.26,1552.0
ORD007591,CUST01965,2023-10-23,10,4,2023-10-26,App,Bengaluru,Delivered,Debit Card,Evening 4-8 PM,,0.0,670.4,670.4
ORD007592,CUST01965,2023-02-28,2,1,2023-03-03,Web,Bengaluru,Delivered,COD,Morning 6-10 AM,,0.0,278.92,278.92
ORD007593,CUST01967,2023-03-17,3,1,2023-03-18,App,Bengaluru,Delivered,UPI,Morning 6-10 AM,,0.0,2461.49,2461.49
ORD007594,CUST01969,2023-11-21,11,4,2023-11-23,Web,Mumbai,Delivered,COD,Afternoon 10-2 PM,BIGSALE23,34.34,331.94,297.6
ORD007595,CUST01969,2023-05-04,5,2,,App,Mumbai,Cancelled,Debit Card,Morning 6-10 AM,,0.0,4775.94,0.0
ORD007596,CUST01969,2023-09-04,9,3,2023-09-06,Kiosk,Mumbai,Delivered,UPI,Evening 4-8 PM,,0.0,106.07,106.07
ORD007597,CUST01969,2023-12-20,12,4,2023-12-21,Web,Mumbai,Delivered,UPI,Morning 6-10 AM,,0.0,2128.33,2128.33
ORD007598,CUST01969,2023-11-15,11,4,2023-11-16,App,Mumbai,Delivered,Credit Card,Morning 6-10 AM,,0.0,2210.55,2210.55
ORD007599,CUST01969,2023-11-08,11,4,2023-11-10,App,Mumbai,Delivered,UPI,Afternoon 10-2 PM,,0.0,1714.03,1714.03
ORD007600,CUST01969,2023-04-13,4,2,2023-04-15,App,Mumbai,Delivered,UPI,Evening 4-8 PM,,0.0,2575.13,2575.13
ORD007601,CUST01969,2023-08-14,8,3,2023-08-15,Kiosk,Mumbai,Delivered,Credit Card,Morning 6-10 AM,FREEDOM23,89.9,575.23,485.33
ORD007602,CUST01969,2023-11-21,11,4,2023-11-24,Web,Mumbai,Delivered,UPI,Afternoon 10-2 PM,,0.0,131.24,131.24
ORD007603,CUST01970,2023-11-03,11,4,,App,Jaipur,Cancelled,COD,Evening 4-8 PM,,0.0,393.21,0.0
ORD007604,CUST01970,2023-11-04,11,4,2023-11-06,App,Jaipur,Delivered,UPI,Evening 4-8 PM,,0.0,876.17,876.17
ORD007605,CUST01970,2023-03-26,3,1,2023-03-28,App,Jaipur,Delivered,Credit Card,Morning 6-10 AM,,0.0,280.88,280.88
ORD007606,CUST01970,2023-05-16,5,2,2023-05-17,Web,Jaipur,Delivered,UPI,Evening 4-8 PM,,0.0,112.87,112.87
ORD007607,CUST01972,2023-09-27,9,3,2023-09-30,App,Mumbai,Delivered,UPI,Afternoon 10-2 PM,,0.0,605.95,605.95
ORD007608,CUST01972,2023-02-09,2,1,2023-02-12,App,Mumbai,Delivered,COD,,,0.0,1142.56,1142.56
ORD007609,CUST01972,2023-08-24,8,3,2023-08-26,App,Mumbai,Delivered,COD,Evening 4-8 PM,,0.0,652.64,652.64
ORD007610,CUST01972,2023-07-15,7,3,2023-07-17,App,Mumbai,Delivered,Wallet,Morning 6-10 AM,,0.0,2383.72,2383.72
ORD007611,CUST01972,2023-11-14,11,4,2023-11-17,Web,Mumbai,Delivered,Debit Card,Evening 4-8 PM,,0.0,1098.27,1098.27
ORD007612,CUST01972,2023-01-01,1,1,2023-01-04,App,Mumbai,Delivered,Credit Card,Morning 6-10 AM,,0.0,280.76,280.76
ORD007613,CUST01972,2023-08-31,8,3,2023-09-03,Web,Mumbai,Delivered,Debit Card,Afternoon 10-2 PM,,0.0,1054.83,1054.83
ORD007614,CUST01972,2023-10-13,10,4,2023-10-14,Kiosk,Mumbai,Delivered,Credit Card,Afternoon 10-2 PM,,0.0,1700.23,1700.23
ORD007615,CUST01972,2023-02-18,2,1,2023-02-19,Kiosk,Mumbai,Delivered,UPI,Late Night 8-11 PM,,0.0,1112.89,1112.89
ORD007616,CUST01972,2023-06-19,6,2,2023-06-21,App,Mumbai,Delivered,UPI,Evening 4-8 PM,,0.0,5338.99,5338.99
ORD007617,CUST01973,2023-03-08,3,1,2023-03-10,Web,Pune,Delivered,COD,Evening 4-8 PM,,0.0,1235.02,1235.02
ORD007618,CUST01975,2023-12-28,12,4,,App,Ahmedabad,Cancelled,UPI,Morning 6-10 AM,,0.0,1709.43,0.0
ORD007619,CUST01975,2023-10-26,10,4,2023-10-28,App,Ahmedabad,Delivered,Wallet,Morning 6-10 AM,,0.0,655.32,655.32
ORD007620,CUST01975,2023-07-06,7,3,2023-07-08,App,Ahmedabad,Delivered,Debit Card,Evening 4-8 PM,,0.0,977.99,977.99
ORD007621,CUST01975,2023-02-22,2,1,2023-02-24,Web,Ahmedabad,Delivered,Debit Card,Afternoon 10-2 PM,,0.0,472.67,472.67
ORD007622,CUST01975,2023-12-21,12,4,,App,Ahmedabad,Cancelled,COD,Late Night 8-11 PM,,0.0,804.0,0.0
ORD007623,CUST01975,2023-10-22,10,4,2023-10-23,App,Ahmedabad,Delivered,COD,Morning 6-10 AM,,0.0,1059.29,1059.29
ORD007624,CUST01975,2023-07-31,7,3,,App,Ahmedabad,Cancelled,UPI,Evening 4-8 PM,,0.0,2105.81,0.0
ORD007625,CUST01975,2023-03-28,3,1,2023-03-29,App,Ahmedabad,Returned,Debit Card,Morning 6-10 AM,,0.0,840.96,51.15
ORD007626,CUST01975,2023-05-16,5,2,,App,Ahmedabad,Cancelled,UPI,Morning 6-10 AM,,0.0,981.7,0.0
ORD007627,CUST01975,2023-01-27,1,1,2023-01-29,App,Ahmedabad,Delivered,Wallet,Morning 6-10 AM,,0.0,3574.98,3574.98
ORD007628,CUST01976,2023-01-23,1,1,2023-01-25,App,Mumbai,Returned,UPI,Afternoon 10-2 PM,,0.0,434.57,36.64
ORD007629,CUST01976,2023-02-02,2,1,2023-02-04,Web,Mumbai,Returned,Debit Card,,,0.0,454.38,7.97
ORD007630,CUST01977,2023-06-20,6,2,2023-06-23,Web,Mumbai,Delivered,UPI,Afternoon 10-2 PM,,0.0,918.22,918.22
ORD007631,CUST01977,2023-01-28,1,1,2023-01-31,Web,Mumbai,Delivered,UPI,Late Night 8-11 PM,,0.0,963.09,963.09
ORD007632,CUST01977,2023-01-19,1,1,2023-01-21,App,Mumbai,Delivered,Credit Card,Afternoon 10-2 PM,,0.0,1742.69,1742.69
ORD007633,CUST01977,2023-11-19,11,4,2023-11-22,App,Mumbai,Delivered,UPI,Morning 6-10 AM,,0.0,678.81,678.81
ORD007634,CUST01977,2023-03-05,3,1,2023-03-07,App,Mumbai,Delivered,Credit Card,Morning 6-10 AM,,0.0,1433.1,1433.1
ORD007635,CUST01977,2023-09-17,9,3,2023-09-20,Web,Mumbai,Delivered,Debit Card,Afternoon 10-2 PM,,0.0,704.25,704.25
ORD007636,CUST01977,2023-05-12,5,2,2023-05-13,App,Mumbai,Delivered,UPI,Afternoon 10-2 PM,,0.0,409.26,409.26
ORD007637,CUST01977,2023-08-24,8,3,2023-08-25,App,Mumbai,Delivered,COD,Morning 6-10 AM,,0.0,450.28,450.28
ORD007638,CUST01978,2023-03-26,3,1,2023-03-29,App,Pune,Delivered,UPI,Morning 6-10 AM,,0.0,961.33,961.33
ORD007639,CUST01979,2023-08-26,8,3,2023-08-27,Kiosk,Mumbai,Delivered,Credit Card,Evening 4-8 PM,,0.0,1932.62,1932.62
ORD007640,CUST01979,2023-04-25,4,2,2023-04-27,Kiosk,Mumbai,Delivered,Debit Card,Morning 6-10 AM,,0.0,661.43,661.43
ORD007641,CUST01979,2023-09-01,9,3,2023-09-04,Kiosk,Mumbai,Delivered,COD,Evening 4-8 PM,,0.0,1232.75,1232.75
ORD007642,CUST01979,2023-12-20,12,4,2023-12-22,Web,Mumbai,Delivered,COD,Afternoon 10-2 PM,,0.0,841.41,841.41
ORD007643,CUST01979,2023-08-15,8,3,2023-08-18,App,Mumbai,Delivered,UPI,Afternoon 10-2 PM,,0.0,287.5,287.5
ORD007644,CUST01980,2023-06-22,6,2,2023-06-23,App,Lucknow,Delivered,Debit Card,Evening 4-8 PM,,0.0,494.85,494.85
ORD007645,CUST01980,2023-04-13,4,2,2023-04-16,Kiosk,Lucknow,Delivered,Credit Card,Evening 4-8 PM,,0.0,438.36,438.36
ORD007646,CUST01981,2023-03-17,3,1,2023-03-19,Web,Hyderabad,Delivered,Debit Card,Morning 6-10 AM,,0.0,102.14,102.14
ORD007647,CUST01981,2023-08-13,8,3,2023-08-14,Kiosk,Hyderabad,Delivered,COD,Morning 6-10 AM,,0.0,1456.92,1456.92
ORD007648,CUST01981,2023-09-24,9,3,2023-09-27,App,Hyderabad,Delivered,Debit Card,Morning 6-10 AM,,0.0,3721.26,3721.26
ORD007649,CUST01981,2023-05-05,5,2,2023-05-07,Web,Hyderabad,Delivered,Wallet,Afternoon 10-2 PM,,0.0,3872.88,3872.88
ORD007650,CUST01981,2023-07-19,7,3,2023-07-22,App,Hyderabad,Delivered,UPI,Evening 4-8 PM,,0.0,1012.87,1012.87
ORD007651,CUST01981,2023-04-24,4,2,2023-04-25,App,Hyderabad,Delivered,Debit Card,Evening 4-8 PM,,0.0,103.12,103.12
ORD007652,CUST01981,2023-09-23,9,3,2023-09-26,Web,Hyderabad,Delivered,UPI,Morning 6-10 AM,,0.0,2371.07,2371.07
ORD007653,CUST01981,2023-02-24,2,1,,Web,Hyderabad,Cancelled,UPI,Morning 6-10 AM,,0.0,1507.53,0.0
ORD007654,CUST01981,2023-02-10,2,1,2023-02-11,App,Hyderabad,Delivered,Wallet,Evening 4-8 PM,,0.0,278.58,278.58
ORD007655,CUST01981,2023-08-03,8,3,2023-08-06,App,Hyderabad,Delivered,Credit Card,Morning 6-10 AM,,0.0,1127.06,1127.06
ORD007656,CUST01981,2023-07-03,7,3,2023-07-06,App,Hyderabad,Delivered,Credit Card,Afternoon 10-2 PM,,0.0,2140.65,2140.65
ORD007657,CUST01981,2023-03-23,3,1,2023-03-24,App,Hyderabad,Delivered,UPI,Evening 4-8 PM,,0.0,1330.51,1330.51
ORD007658,CUST01983,2023-11-11,11,4,2023-11-12,App,Mumbai,Delivered,Credit Card,Morning 6-10 AM,,0.0,3634.89,3634.89
ORD007659,CUST01983,2023-05-04,5,2,2023-05-06,App,Mumbai,Delivered,Debit Card,Morning 6-10 AM,,0.0,2156.05,2156.05
ORD007660,CUST01983,2023-01-10,1,1,2023-01-12,App,Mumbai,Delivered,Credit Card,Morning 6-10 AM,,0.0,2352.67,2352.67
ORD007661,CUST01983,2023-10-12,10,4,2023-10-15,App,Mumbai,Delivered,UPI,Afternoon 10-2 PM,,0.0,225.12,225.12
ORD007662,CUST01983,2023-01-30,1,1,2023-02-02,App,Mumbai,Delivered,Debit Card,Morning 6-10 AM,,0.0,2788.56,2788.56
ORD007663,CUST01983,2023-11-18,11,4,2023-11-20,App,Mumbai,Delivered,COD,Afternoon 10-2 PM,,0.0,3349.16,3349.16
ORD007664,CUST01983,2023-04-10,4,2,2023-04-12,App,Mumbai,Returned,UPI,Evening 4-8 PM,,0.0,1296.42,37.51
ORD007665,CUST01983,2023-03-19,3,1,2023-03-22,App,Mumbai,Delivered,UPI,Morning 6-10 AM,,0.0,1278.99,1278.99
ORD007666,CUST01983,2023-12-06,12,4,2023-12-07,App,Mumbai,Delivered,UPI,,,0.0,2070.77,2070.77
ORD007667,CUST01983,2023-02-28,2,1,2023-03-02,App,Mumbai,Delivered,UPI,Morning 6-10 AM,,0.0,1623.36,1623.36
ORD007668,CUST01983,2023-07-07,7,3,2023-07-10,Web,Mumbai,Delivered,UPI,Afternoon 10-2 PM,,0.0,778.1,778.1
ORD007669,CUST01983,2023-12-13,12,4,2023-12-14,App,Mumbai,Delivered,UPI,Late Night 8-11 PM,,0.0,1168.47,1168.47
ORD007670,CUST01983,2023-05-17,5,2,2023-05-19,Web,Mumbai,Delivered,UPI,,,0.0,2239.31,2239.31
ORD007671,CUST01983,2023-08-30,8,3,2023-09-02,App,Mumbai,Delivered,Credit Card,,,0.0,728.0,728.0
ORD007672,CUST01983,2023-08-04,8,3,2023-08-05,App,Mumbai,Delivered,Credit Card,Morning 6-10 AM,,0.0,1592.9,1592.9
ORD007673,CUST01983,2023-09-22,9,3,2023-09-24,App,Mumbai,Delivered,COD,Morning 6-10 AM,,0.0,2346.7,2346.7
ORD007674,CUST01983,2023-03-07,3,1,2023-03-10,App,Mumbai,Delivered,Debit Card,Morning 6-10 AM,,0.0,1704.2,1704.2
ORD007675,CUST01983,2023-04-28,4,2,2023-04-29,App,Mumbai,Delivered,Credit Card,Evening 4-8 PM,,0.0,2276.16,2276.16
ORD007676,CUST01983,2023-12-07,12,4,2023-12-09,App,Mumbai,Delivered,COD,Afternoon 10-2 PM,,0.0,975.78,975.78
ORD007677,CUST01983,2023-11-08,11,4,2023-11-10,App,Mumbai,Delivered,Debit Card,Afternoon 10-2 PM,,0.0,1475.49,1475.49
ORD007678,CUST01983,2023-03-11,3,1,2023-03-13,App,Mumbai,Delivered,UPI,Afternoon 10-2 PM,,0.0,492.35,492.35
ORD007679,CUST01983,2023-06-22,6,2,2023-06-24,App,Mumbai,Delivered,UPI,Morning 6-10 AM,,0.0,804.23,804.23
ORD007680,CUST01983,2023-03-26,3,1,2023-03-27,App,Mumbai,Delivered,UPI,,,0.0,3113.84,3113.84
ORD007681,CUST01983,2023-06-23,6,2,2023-06-25,Web,Mumbai,Delivered,Debit Card,Morning 6-10 AM,,0.0,1628.24,1628.24
ORD007682,CUST01983,2023-08-10,8,3,2023-08-11,App,Mumbai,Delivered,COD,Morning 6-10 AM,,0.0,908.37,908.37
ORD007683,CUST01983,2023-10-19,10,4,2023-10-22,App,Mumbai,Delivered,UPI,Late Night 8-11 PM,,0.0,2847.51,2847.51
ORD007684,CUST01984,2023-04-14,4,2,2023-04-17,App,Mumbai,Delivered,Debit Card,Morning 6-10 AM,,0.0,4193.15,4193.15
ORD007685,CUST01984,2023-12-22,12,4,2023-12-25,App,Mumbai,Delivered,Debit Card,Morning 6-10 AM,,0.0,1436.31,1436.31
ORD007686,CUST01984,2023-08-29,8,3,2023-09-01,Web,Mumbai,Delivered,Wallet,Afternoon 10-2 PM,,0.0,1394.67,1394.67
ORD007687,CUST01984,2023-11-24,11,4,2023-11-27,Kiosk,Mumbai,Delivered,UPI,Afternoon 10-2 PM,,0.0,1351.9,1351.9
ORD007688,CUST01984,2023-12-08,12,4,2023-12-09,App,Mumbai,Delivered,UPI,Morning 6-10 AM,,0.0,3096.64,3096.64
ORD007689,CUST01984,2023-12-09,12,4,2023-12-12,App,Mumbai,Delivered,UPI,Evening 4-8 PM,,0.0,343.89,343.89
ORD007690,CUST01984,2023-07-23,7,3,2023-07-24,App,Mumbai,Delivered,UPI,Late Night 8-11 PM,,0.0,1876.14,1876.14
ORD007691,CUST01984,2023-11-18,11,4,2023-11-19,App,Mumbai,Delivered,Debit Card,Morning 6-10 AM,,0.0,313.84,313.84
ORD007692,CUST01986,2023-03-19,3,1,2023-03-20,App,Pune,Delivered,COD,Morning 6-10 AM,,0.0,235.92,235.92
ORD007693,CUST01986,2023-12-26,12,4,2023-12-27,App,Pune,Delivered,COD,Morning 6-10 AM,XMAS23,37.15,385.83,348.68
ORD007694,CUST01986,2023-11-22,11,4,2023-11-23,App,Pune,Delivered,Credit Card,Evening 4-8 PM,,0.0,399.82,399.82
ORD007695,CUST01987,2023-09-14,9,3,2023-09-16,Web,Mumbai,Delivered,UPI,Evening 4-8 PM,,0.0,969.48,969.48
ORD007696,CUST01987,2023-11-18,11,4,2023-11-20,Web,Mumbai,Delivered,Debit Card,Morning 6-10 AM,,0.0,1160.33,1160.33
ORD007697,CUST01987,2023-05-09,5,2,2023-05-10,App,Mumbai,Delivered,Debit Card,Evening 4-8 PM,,0.0,687.06,687.06
ORD007698,CUST01987,2023-11-16,11,4,2023-11-19,Kiosk,Mumbai,Delivered,UPI,Morning 6-10 AM,,0.0,1771.52,1771.52
ORD007699,CUST01987,2023-11-23,11,4,,App,Mumbai,Cancelled,UPI,Morning 6-10 AM,BIGSALE23,0.0,1679.82,0.0
ORD007700,CUST01987,2023-03-13,3,1,2023-03-16,App,Mumbai,Delivered,Credit Card,Late Night 8-11 PM,,0.0,3469.85,3469.85
ORD007701,CUST01987,2023-09-21,9,3,2023-09-24,App,Mumbai,Delivered,Credit Card,Morning 6-10 AM,,0.0,1320.71,1320.71
ORD007702,CUST01987,2023-02-04,2,1,,App,Mumbai,Cancelled,COD,Evening 4-8 PM,,0.0,2279.29,0.0
ORD007703,CUST01988,2023-08-20,8,3,2023-08-22,Kiosk,Mumbai,Delivered,UPI,Morning 6-10 AM,,0.0,1405.2,1405.2
ORD007704,CUST01988,2023-11-09,11,4,,App,Mumbai,Cancelled,COD,Morning 6-10 AM,,0.0,2135.98,0.0
ORD007705,CUST01988,2023-09-24,9,3,2023-09-25,Web,Mumbai,Delivered,Debit Card,Morning 6-10 AM,,0.0,1039.1,1039.1
ORD007706,CUST01988,2023-12-03,12,4,2023-12-06,Web,Mumbai,Delivered,UPI,Afternoon 10-2 PM,,0.0,671.77,671.77
ORD007707,CUST01988,2023-06-29,6,2,2023-06-30,Kiosk,Mumbai,Delivered,Credit Card,Evening 4-8 PM,,0.0,996.07,996.07
ORD007708,CUST01988,2023-07-21,7,3,2023-07-24,App,Mumbai,Delivered,UPI,Morning 6-10 AM,,0.0,840.6,840.6
ORD007709,CUST01988,2023-09-06,9,3,2023-09-07,App,Mumbai,Delivered,COD,Afternoon 10-2 PM,,0.0,1818.38,1818.38
ORD007710,CUST01988,2023-07-19,7,3,2023-07-21,Web,Mumbai,Delivered,Credit Card,,,0.0,1937.34,1937.34
ORD007711,CUST01988,2023-06-20,6,2,2023-06-21,App,Mumbai,Delivered,COD,Evening 4-8 PM,,0.0,588.95,588.95
ORD007712,CUST01991,2023-02-12,2,1,2023-02-13,App,Delhi,Delivered,UPI,Morning 6-10 AM,,0.0,1425.23,1425.23
ORD007713,CUST01993,2023-02-07,2,1,2023-02-10,App,Delhi,Delivered,UPI,Afternoon 10-2 PM,,0.0,633.85,633.85
ORD007714,CUST01994,2023-10-20,10,4,2023-10-21,Kiosk,Bengaluru,Delivered,Credit Card,Evening 4-8 PM,DUSSEHRA23,70.65,666.88,596.23
ORD007715,CUST01994,2023-11-26,11,4,2023-11-28,App,Bengaluru,Delivered,UPI,Morning 6-10 AM,,0.0,1417.55,1417.55
ORD007716,CUST01994,2023-02-12,2,1,2023-02-15,App,Bengaluru,Delivered,UPI,,,0.0,876.9,876.9
ORD007717,CUST01994,2023-10-14,10,4,2023-10-15,Web,Bengaluru,Delivered,Credit Card,Evening 4-8 PM,,0.0,1773.54,1773.54
ORD007718,CUST01994,2023-10-06,10,4,2023-10-07,Web,Bengaluru,Delivered,COD,Evening 4-8 PM,,0.0,753.62,753.62
ORD007719,CUST01994,2023-11-23,11,4,2023-11-24,Kiosk,Bengaluru,Delivered,Debit Card,Morning 6-10 AM,,0.0,2695.73,2695.73
ORD007720,CUST01994,2023-10-29,10,4,2023-10-31,App,Bengaluru,Delivered,UPI,Evening 4-8 PM,,0.0,849.09,849.09
ORD007721,CUST01994,2023-10-28,10,4,2023-10-29,App,Bengaluru,Delivered,UPI,Evening 4-8 PM,,0.0,285.16,285.16
ORD007722,CUST01994,2023-06-02,6,2,2023-06-05,App,Bengaluru,Delivered,UPI,Afternoon 10-2 PM,,0.0,3399.48,3399.48
ORD007723,CUST01994,2023-02-25,2,1,2023-02-26,App,Bengaluru,Delivered,UPI,Late Night 8-11 PM,,0.0,442.69,442.69
ORD007724,CUST01995,2023-01-28,1,1,2023-01-31,App,Bengaluru,Delivered,Debit Card,Morning 6-10 AM,,0.0,162.32,162.32
ORD007725,CUST01996,2023-02-05,2,1,2023-02-08,App,Hyderabad,Delivered,Debit Card,Evening 4-8 PM,,0.0,1170.38,1170.38
ORD007726,CUST01997,2023-01-04,1,1,2023-01-06,Kiosk,Hyderabad,Delivered,UPI,Late Night 8-11 PM,,0.0,57.7,57.7
ORD007727,CUST01997,2023-11-19,11,4,2023-11-21,Kiosk,Hyderabad,Delivered,UPI,Evening 4-8 PM,,0.0,696.5,696.5
ORD007728,CUST01997,2023-05-16,5,2,2023-05-19,App,Hyderabad,Delivered,UPI,Morning 6-10 AM,,0.0,444.05,444.05
ORD007729,CUST01997,2023-04-16,4,2,,Web,Hyderabad,Cancelled,COD,Morning 6-10 AM,,0.0,620.18,0.0
ORD007730,CUST01997,2023-08-11,8,3,2023-08-13,App,Hyderabad,Delivered,UPI,Afternoon 10-2 PM,,0.0,142.69,142.69
ORD007731,CUST01998,2023-06-22,6,2,2023-06-23,App,Mumbai,Delivered,UPI,Evening 4-8 PM,,0.0,803.68,803.68
ORD007732,CUST01998,2023-09-27,9,3,2023-09-28,Kiosk,Mumbai,Delivered,Debit Card,Morning 6-10 AM,,0.0,929.21,929.21
ORD007733,CUST01998,2023-04-17,4,2,2023-04-18,Web,Mumbai,Delivered,Wallet,,,0.0,1688.19,1688.19
ORD007734,CUST01998,2023-01-05,1,1,2023-01-08,App,Mumbai,Delivered,UPI,Evening 4-8 PM,,0.0,1377.41,1377.41
ORD007735,CUST01998,2023-06-13,6,2,2023-06-16,App,Mumbai,Delivered,Debit Card,Evening 4-8 PM,,0.0,811.42,811.42
ORD007736,CUST01998,2023-09-01,9,3,2023-09-04,App,Mumbai,Delivered,UPI,,,0.0,1522.99,1522.99
ORD007737,CUST01998,2023-05-04,5,2,2023-05-06,Kiosk,Mumbai,Delivered,Debit Card,Afternoon 10-2 PM,,0.0,2636.99,2636.99
ORD007738,CUST01998,2023-07-26,7,3,2023-07-29,App,Mumbai,Delivered,Credit Card,Afternoon 10-2 PM,,0.0,1379.0,1379.0
ORD007739,CUST01998,2023-09-23,9,3,2023-09-25,App,Mumbai,Delivered,Debit Card,Morning 6-10 AM,,0.0,1561.32,1561.32
ORD007740,CUST01998,2023-02-01,2,1,,App,Mumbai,Cancelled,Credit Card,Evening 4-8 PM,,0.0,496.19,0.0
ORD007741,CUST01998,2023-12-12,12,4,2023-12-15,App,Mumbai,Delivered,Credit Card,Morning 6-10 AM,,0.0,944.08,944.08
ORD007742,CUST01998,2023-05-15,5,2,2023-05-18,Web,Mumbai,Delivered,UPI,Evening 4-8 PM,,0.0,158.13,158.13
ORD007743,CUST01998,2023-10-14,10,4,2023-10-16,App,Mumbai,Delivered,UPI,Morning 6-10 AM,,0.0,771.14,771.14
ORD007744,CUST02000,2023-04-23,4,2,2023-04-24,Web,Lucknow,Delivered,UPI,Afternoon 10-2 PM,,0.0,1268.07,1268.07
ORD007745,CUST02000,2023-01-08,1,1,,App,Lucknow,Cancelled,Debit Card,Evening 4-8 PM,,0.0,465.67,0.0
ORD007746,CUST02000,2023-05-26,5,2,2023-05-29,Web,Lucknow,Delivered,Debit Card,Morning 6-10 AM,,0.0,1506.71,1506.71
ORD007747,CUST02002,2023-10-05,10,4,,Web,Delhi,Cancelled,UPI,Morning 6-10 AM,,0.0,430.64,0.0
ORD007748,CUST02002,2023-04-16,4,2,2023-04-18,Kiosk,Delhi,Delivered,UPI,Morning 6-10 AM,,0.0,1570.18,1570.18
ORD007749,CUST02002,2023-09-11,9,3,2023-09-12,App,Delhi,Delivered,UPI,Evening 4-8 PM,,0.0,670.42,670.42
ORD007750,CUST02002,2023-09-26,9,3,2023-09-27,Web,Delhi,Delivered,Credit Card,Morning 6-10 AM,,0.0,1136.09,1136.09
ORD007751,CUST02002,2023-11-18,11,4,2023-11-19,App,Delhi,Delivered,UPI,Evening 4-8 PM,,0.0,202.0,202.0
ORD007752,CUST02002,2023-10-18,10,4,2023-10-19,App,Delhi,Returned,UPI,Morning 6-10 AM,,0.0,287.26,188.73
ORD007753,CUST02002,2023-11-14,11,4,2023-11-16,Web,Delhi,Delivered,Credit Card,Afternoon 10-2 PM,DIWALI23SUPER,138.98,1483.43,1344.45
ORD007754,CUST02003,2023-11-05,11,4,2023-11-08,Web,Mumbai,Delivered,Wallet,Afternoon 10-2 PM,,0.0,3271.18,3271.18
ORD007755,CUST02003,2023-11-07,11,4,2023-11-09,App,Mumbai,Delivered,UPI,Morning 6-10 AM,,0.0,958.43,958.43
ORD007756,CUST02004,2023-04-06,4,2,2023-04-07,Web,Hyderabad,Delivered,UPI,Morning 6-10 AM,,0.0,160.66,160.66
ORD007757,CUST02004,2023-03-04,3,1,2023-03-06,App,Hyderabad,Delivered,COD,Morning 6-10 AM,,0.0,1294.56,1294.56
ORD007758,CUST02004,2023-04-10,4,2,2023-04-13,App,Hyderabad,Delivered,Credit Card,Morning 6-10 AM,,0.0,990.44,990.44
ORD007759,CUST02004,2023-11-06,11,4,2023-11-08,Web,Hyderabad,Delivered,UPI,Late Night 8-11 PM,,0.0,1201.16,1201.16
ORD007760,CUST02004,2023-09-27,9,3,2023-09-30,App,Hyderabad,Delivered,UPI,Evening 4-8 PM,,0.0,3625.14,3625.14
ORD007761,CUST02004,2023-07-11,7,3,2023-07-14,Web,Hyderabad,Delivered,Debit Card,Evening 4-8 PM,,0.0,2051.32,2051.32
ORD007762,CUST02004,2023-11-24,11,4,2023-11-26,Web,Hyderabad,Delivered,Debit Card,Evening 4-8 PM,BIGSALE23,76.85,947.88,871.03
ORD007763,CUST02004,2023-01-28,1,1,2023-01-30,Web,Hyderabad,Delivered,COD,Afternoon 10-2 PM,,0.0,492.26,492.26
ORD007764,CUST02004,2023-01-26,1,1,2023-01-27,App,Hyderabad,Delivered,Wallet,Evening 4-8 PM,,0.0,525.21,525.21
ORD007765,CUST02004,2023-05-01,5,2,2023-05-02,App,Hyderabad,Delivered,Debit Card,Morning 6-10 AM,,0.0,1289.6,1289.6
ORD007766,CUST02004,2023-06-29,6,2,2023-07-02,App,Hyderabad,Delivered,UPI,Morning 6-10 AM,,0.0,2461.96,2461.96
ORD007767,CUST02005,2023-12-16,12,4,2023-12-18,App,Hyderabad,Delivered,UPI,Evening 4-8 PM,,0.0,3040.29,3040.29
ORD007768,CUST02006,2023-11-28,11,4,2023-11-29,Web,Mumbai,Delivered,UPI,Afternoon 10-2 PM,,0.0,1677.12,1677.12
ORD007769,CUST02009,2023-06-08,6,2,2023-06-11,App,Bengaluru,Delivered,UPI,Morning 6-10 AM,,0.0,592.83,592.83
ORD007770,CUST02010,2023-07-12,7,3,2023-07-15,Web,Delhi,Delivered,Debit Card,Evening 4-8 PM,,0.0,1828.71,1828.71
ORD007771,CUST02010,2023-11-13,11,4,2023-11-15,App,Delhi,Delivered,Wallet,Morning 6-10 AM,,0.0,268.61,268.61
ORD007772,CUST02010,2023-05-26,5,2,2023-05-29,App,Delhi,Delivered,Debit Card,Late Night 8-11 PM,,0.0,1255.52,1255.52
ORD007773,CUST02011,2023-11-16,11,4,2023-11-18,Web,Bengaluru,Delivered,Credit Card,Late Night 8-11 PM,,0.0,4199.68,4199.68
ORD007774,CUST02011,2023-08-14,8,3,2023-08-15,App,Bengaluru,Delivered,Debit Card,Morning 6-10 AM,,0.0,1334.6,1334.6
ORD007775,CUST02011,2023-12-13,12,4,2023-12-14,App,Bengaluru,Delivered,UPI,Morning 6-10 AM,,0.0,700.24,700.24
ORD007776,CUST02011,2023-01-19,1,1,2023-01-20,App,Bengaluru,Delivered,UPI,Evening 4-8 PM,,0.0,1477.84,1477.84
ORD007777,CUST02012,2023-04-20,4,2,2023-04-22,App,Pune,Delivered,COD,Evening 4-8 PM,,0.0,259.92,259.92
ORD007778,CUST02012,2023-01-07,1,1,2023-01-10,App,Pune,Delivered,UPI,Evening 4-8 PM,,0.0,4234.53,4234.53
ORD007779,CUST02013,2023-06-20,6,2,2023-06-23,Web,Pune,Delivered,Credit Card,Afternoon 10-2 PM,,0.0,1092.48,1092.48
ORD007780,CUST02013,2023-12-17,12,4,2023-12-20,App,Pune,Delivered,Wallet,Afternoon 10-2 PM,,0.0,1418.13,1418.13
ORD007781,CUST02013,2023-06-03,6,2,2023-06-04,App,Pune,Delivered,Wallet,Evening 4-8 PM,,0.0,575.13,575.13
ORD007782,CUST02013,2023-10-07,10,4,2023-10-09,Kiosk,Pune,Delivered,COD,Late Night 8-11 PM,,0.0,1922.48,1922.48
ORD007783,CUST02013,2023-08-27,8,3,2023-08-28,Web,Pune,Delivered,Wallet,Morning 6-10 AM,,0.0,744.22,744.22
ORD007784,CUST02014,2023-07-05,7,3,2023-07-08,App,Bengaluru,Delivered,Credit Card,Morning 6-10 AM,,0.0,625.69,625.69
ORD007785,CUST02017,2023-09-15,9,3,2023-09-18,App,Bengaluru,Delivered,Credit Card,Late Night 8-11 PM,,0.0,2000.9,2000.9
ORD007786,CUST02017,2023-12-26,12,4,2023-12-28,App,Bengaluru,Delivered,Debit Card,Morning 6-10 AM,,0.0,1366.52,1366.52
ORD007787,CUST02017,2023-11-21,11,4,2023-11-24,App,Bengaluru,Delivered,Credit Card,Afternoon 10-2 PM,,0.0,2164.95,2164.95
ORD007788,CUST02017,2023-05-06,5,2,2023-05-08,Kiosk,Bengaluru,Delivered,UPI,Evening 4-8 PM,,0.0,1069.08,1069.08
ORD007789,CUST02017,2023-02-10,2,1,2023-02-12,App,Bengaluru,Delivered,UPI,Evening 4-8 PM,LOVEFEB,450.67,3175.25,2724.58
ORD007790,CUST02017,2023-11-02,11,4,2023-11-04,Web,Bengaluru,Delivered,UPI,Afternoon 10-2 PM,,0.0,489.08,489.08
ORD007791,CUST02018,2023-04-12,4,2,2023-04-14,App,Mumbai,Delivered,Wallet,Evening 4-8 PM,,0.0,518.24,518.24
ORD007792,CUST02018,2023-09-10,9,3,2023-09-11,Web,Mumbai,Returned,UPI,,,0.0,662.79,98.03
ORD007793,CUST02018,2023-07-28,7,3,2023-07-31,App,Mumbai,Delivered,UPI,Evening 4-8 PM,,0.0,510.76,510.76
ORD007794,CUST02018,2023-06-16,6,2,2023-06-19,Web,Mumbai,Delivered,COD,Evening 4-8 PM,,0.0,1939.34,1939.34
ORD007795,CUST02018,2023-03-24,3,1,2023-03-26,Web,Mumbai,Delivered,COD,Morning 6-10 AM,,0.0,258.18,258.18
ORD007796,CUST02018,2023-04-04,4,2,2023-04-05,Kiosk,Mumbai,Delivered,Credit Card,Morning 6-10 AM,,0.0,769.27,769.27
ORD007797,CUST02018,2023-04-26,4,2,2023-04-29,App,Mumbai,Delivered,Credit Card,Afternoon 10-2 PM,,0.0,3807.79,3807.79
ORD007798,CUST02018,2023-08-26,8,3,2023-08-29,Kiosk,Mumbai,Delivered,Credit Card,Late Night 8-11 PM,,0.0,1262.12,1262.12
ORD007799,CUST02018,2023-05-18,5,2,2023-05-21,App,Mumbai,Delivered,UPI,Evening 4-8 PM,,0.0,2688.49,2688.49
ORD007800,CUST02018,2023-02-06,2,1,2023-02-08,App,Mumbai,Delivered,Debit Card,Morning 6-10 AM,,0.0,1171.03,1171.03
ORD007801,CUST02018,2023-11-28,11,4,2023-11-30,App,Mumbai,Delivered,UPI,Evening 4-8 PM,,0.0,845.47,845.47
ORD007802,CUST02018,2023-08-17,8,3,2023-08-20,App,Mumbai,Delivered,UPI,Morning 6-10 AM,,0.0,122.04,122.04
ORD007803,CUST02018,2023-01-26,1,1,2023-01-29,App,Mumbai,Delivered,UPI,Evening 4-8 PM,,0.0,896.37,896.37
ORD007804,CUST02018,2023-12-23,12,4,2023-12-25,Web,Mumbai,Delivered,UPI,Late Night 8-11 PM,,0.0,1785.49,1785.49
ORD007805,CUST02018,2023-06-16,6,2,,App,Mumbai,Cancelled,UPI,Morning 6-10 AM,,0.0,1819.49,0.0
ORD007806,CUST02018,2023-02-12,2,1,2023-02-14,App,Mumbai,Delivered,COD,Afternoon 10-2 PM,,0.0,684.57,684.57
ORD007807,CUST02018,2023-05-06,5,2,2023-05-08,Web,Mumbai,Delivered,Debit Card,Morning 6-10 AM,,0.0,1129.16,1129.16
ORD007808,CUST02018,2023-12-09,12,4,2023-12-12,Web,Mumbai,Delivered,Credit Card,Evening 4-8 PM,,0.0,1125.76,1125.76
ORD007809,CUST02018,2023-04-18,4,2,2023-04-19,App,Mumbai,Delivered,UPI,Evening 4-8 PM,,0.0,641.57,641.57
ORD007810,CUST02018,2023-07-02,7,3,2023-07-03,Kiosk,Mumbai,Delivered,COD,Evening 4-8 PM,,0.0,841.02,841.02
ORD007811,CUST02024,2023-11-21,11,4,2023-11-23,Web,Jaipur,Delivered,Wallet,Evening 4-8 PM,BIGSALE23,31.58,259.89,228.31
ORD007812,CUST02024,2023-08-22,8,3,2023-08-24,Web,Jaipur,Delivered,COD,Afternoon 10-2 PM,,0.0,453.53,453.53
ORD007813,CUST02024,2023-12-17,12,4,2023-12-18,Web,Jaipur,Delivered,COD,Late Night 8-11 PM,,0.0,329.04,329.04
ORD007814,CUST02025,2023-12-26,12,4,,App,Jaipur,Cancelled,UPI,Afternoon 10-2 PM,XMAS23,0.0,1500.57,0.0
ORD007815,CUST02026,2023-05-21,5,2,2023-05-23,App,Hyderabad,Delivered,COD,Evening 4-8 PM,,0.0,405.09,405.09
ORD007816,CUST02027,2023-02-22,2,1,2023-02-23,App,Mumbai,Delivered,Debit Card,Evening 4-8 PM,,0.0,2157.76,2157.76
ORD007817,CUST02027,2023-01-05,1,1,2023-01-08,Web,Mumbai,Delivered,UPI,Late Night 8-11 PM,,0.0,830.29,830.29
ORD007818,CUST02027,2023-06-06,6,2,2023-06-08,App,Mumbai,Returned,UPI,Morning 6-10 AM,,0.0,3134.32,708.8
ORD007819,CUST02027,2023-04-19,4,2,2023-04-21,App,Mumbai,Delivered,UPI,Evening 4-8 PM,,0.0,3050.57,3050.57
ORD007820,CUST02027,2023-01-09,1,1,2023-01-10,Kiosk,Mumbai,Delivered,COD,Morning 6-10 AM,,0.0,3048.87,3048.87
ORD007821,CUST02027,2023-04-05,4,2,,Kiosk,Mumbai,Cancelled,Debit Card,Morning 6-10 AM,,0.0,233.29,0.0
ORD007822,CUST02027,2023-03-20,3,1,2023-03-21,App,Mumbai,Delivered,Debit Card,Evening 4-8 PM,,0.0,2559.57,2559.57
ORD007823,CUST02027,2023-02-05,2,1,2023-02-08,Kiosk,Mumbai,Delivered,COD,Morning 6-10 AM,,0.0,2651.73,2651.73
ORD007824,CUST02027,2023-11-19,11,4,2023-11-20,Kiosk,Mumbai,Delivered,UPI,Afternoon 10-2 PM,,0.0,1324.05,1324.05
ORD007825,CUST02027,2023-04-07,4,2,2023-04-09,Web,Mumbai,Delivered,Wallet,Afternoon 10-2 PM,,0.0,1097.89,1097.89
ORD007826,CUST02027,2023-12-28,12,4,2023-12-30,App,Mumbai,Delivered,Credit Card,Evening 4-8 PM,XMAS23,13.83,167.19,153.36
ORD007827,CUST02027,2023-11-05,11,4,2023-11-06,Web,Mumbai,Delivered,UPI,Morning 6-10 AM,,0.0,1929.1,1929.1
ORD007828,CUST02027,2023-06-25,6,2,2023-06-27,App,Mumbai,Delivered,UPI,Evening 4-8 PM,,0.0,1585.61,1585.61
ORD007829,CUST02027,2023-08-10,8,3,2023-08-11,Web,Mumbai,Delivered,UPI,Evening 4-8 PM,,0.0,3669.25,3669.25
ORD007830,CUST02027,2023-08-27,8,3,2023-08-29,App,Mumbai,Delivered,Credit Card,Evening 4-8 PM,,0.0,1042.59,1042.59
ORD007831,CUST02027,2023-02-11,2,1,2023-02-12,Web,Mumbai,Returned,Credit Card,Afternoon 10-2 PM,,0.0,2355.79,434.29
ORD007832,CUST02027,2023-04-19,4,2,2023-04-21,Kiosk,Mumbai,Delivered,UPI,Afternoon 10-2 PM,,0.0,768.8,768.8
ORD007833,CUST02028,2023-09-27,9,3,2023-09-29,App,Delhi,Delivered,UPI,Morning 6-10 AM,,0.0,3076.56,3076.56
ORD007834,CUST02028,2023-12-04,12,4,2023-12-07,App,Delhi,Delivered,Credit Card,,,0.0,387.25,387.25
ORD007835,CUST02028,2023-09-05,9,3,2023-09-08,App,Delhi,Delivered,UPI,Afternoon 10-2 PM,,0.0,783.24,783.24
ORD007836,CUST02028,2023-03-21,3,1,2023-03-22,App,Delhi,Delivered,Wallet,Morning 6-10 AM,,0.0,1162.34,1162.34
ORD007837,CUST02028,2023-05-30,5,2,2023-05-31,App,Delhi,Delivered,Credit Card,Evening 4-8 PM,,0.0,434.69,434.69
ORD007838,CUST02028,2023-06-27,6,2,2023-06-28,Web,Delhi,Delivered,UPI,Evening 4-8 PM,,0.0,69.72,69.72
ORD007839,CUST02028,2023-05-27,5,2,2023-05-29,App,Delhi,Delivered,Credit Card,Morning 6-10 AM,,0.0,356.49,356.49
ORD007840,CUST02029,2023-03-28,3,1,2023-03-30,Web,Hyderabad,Delivered,Credit Card,Morning 6-10 AM,,0.0,71.85,71.85
ORD007841,CUST02029,2023-03-25,3,1,2023-03-27,App,Hyderabad,Returned,UPI,Evening 4-8 PM,,0.0,354.01,296.08
ORD007842,CUST02029,2023-02-28,2,1,2023-03-01,App,Hyderabad,Delivered,Debit Card,Morning 6-10 AM,,0.0,176.62,176.62
ORD007843,CUST02029,2023-10-15,10,4,2023-10-17,Web,Hyderabad,Delivered,Credit Card,Afternoon 10-2 PM,,0.0,1371.25,1371.25
ORD007844,CUST02029,2023-09-15,9,3,2023-09-18,Kiosk,Hyderabad,Delivered,Debit Card,,,0.0,647.09,647.09
ORD007845,CUST02029,2023-04-22,4,2,2023-04-25,Web,Hyderabad,Delivered,Debit Card,Evening 4-8 PM,,0.0,420.51,420.51
ORD007846,CUST02029,2023-10-07,10,4,2023-10-08,Web,Hyderabad,Delivered,Debit Card,Evening 4-8 PM,,0.0,666.4,666.4
ORD007847,CUST02029,2023-03-14,3,1,2023-03-15,Web,Hyderabad,Delivered,Debit Card,Evening 4-8 PM,,0.0,1377.19,1377.19
ORD007848,CUST02029,2023-10-31,10,4,,App,Hyderabad,Cancelled,UPI,Afternoon 10-2 PM,,0.0,302.1,0.0
ORD007849,CUST02032,2023-09-07,9,3,2023-09-10,App,Mumbai,Delivered,Credit Card,Morning 6-10 AM,,0.0,31.06,31.06
ORD007850,CUST02032,2023-12-16,12,4,2023-12-18,Web,Mumbai,Delivered,UPI,Morning 6-10 AM,,0.0,426.53,426.53
ORD007851,CUST02032,2023-11-27,11,4,2023-11-28,Web,Mumbai,Delivered,Debit Card,Afternoon 10-2 PM,,0.0,1289.6,1289.6
ORD007852,CUST02032,2023-12-10,12,4,2023-12-13,App,Mumbai,Delivered,UPI,Evening 4-8 PM,,0.0,1479.09,1479.09
ORD007853,CUST02032,2023-10-12,10,4,2023-10-13,Web,Mumbai,Delivered,Credit Card,Morning 6-10 AM,,0.0,21.1,21.1
ORD007854,CUST02032,2023-03-17,3,1,2023-03-18,App,Mumbai,Delivered,UPI,Afternoon 10-2 PM,,0.0,366.03,366.03
ORD007855,CUST02032,2023-07-02,7,3,2023-07-03,App,Mumbai,Delivered,UPI,Evening 4-8 PM,,0.0,513.64,513.64
ORD007856,CUST02032,2023-05-14,5,2,2023-05-17,App,Mumbai,Delivered,UPI,Afternoon 10-2 PM,,0.0,923.12,923.12
ORD007857,CUST02032,2023-03-01,3,1,2023-03-02,Web,Mumbai,Delivered,UPI,Morning 6-10 AM,,0.0,510.68,510.68
ORD007858,CUST02032,2023-11-13,11,4,2023-11-16,App,Mumbai,Delivered,Wallet,Afternoon 10-2 PM,DIWALI23SUPER,21.28,233.54,212.26
ORD007859,CUST02033,2023-05-06,5,2,2023-05-07,App,Mumbai,Delivered,UPI,Evening 4-8 PM,,0.0,1042.61,1042.61
ORD007860,CUST02035,2023-01-28,1,1,2023-01-30,App,Mumbai,Delivered,UPI,Afternoon 10-2 PM,,0.0,389.42,389.42
ORD007861,CUST02035,2023-11-25,11,4,2023-11-27,Web,Mumbai,Delivered,Credit Card,Afternoon 10-2 PM,,0.0,769.29,769.29
ORD007862,CUST02035,2023-07-22,7,3,2023-07-25,App,Mumbai,Delivered,UPI,Afternoon 10-2 PM,,0.0,150.0,150.0
ORD007863,CUST02037,2023-03-11,3,1,2023-03-12,App,Hyderabad,Delivered,UPI,Evening 4-8 PM,,0.0,1605.37,1605.37
ORD007864,CUST02037,2023-05-01,5,2,2023-05-03,Kiosk,Hyderabad,Delivered,UPI,Evening 4-8 PM,,0.0,1027.52,1027.52
ORD007865,CUST02037,2023-01-07,1,1,2023-01-09,App,Hyderabad,Delivered,UPI,Evening 4-8 PM,,0.0,6254.64,6254.64
ORD007866,CUST02037,2023-10-20,10,4,2023-10-22,App,Hyderabad,Delivered,UPI,Evening 4-8 PM,DUSSEHRA23,124.59,771.17,646.58
ORD007867,CUST02037,2023-11-17,11,4,2023-11-20,Web,Hyderabad,Delivered,Debit Card,Afternoon 10-2 PM,,0.0,879.65,879.65
ORD007868,CUST02037,2023-01-22,1,1,2023-01-23,Web,Hyderabad,Delivered,Credit Card,Morning 6-10 AM,,0.0,1531.63,1531.63
ORD007869,CUST02037,2023-11-30,11,4,2023-12-02,App,Hyderabad,Delivered,Credit Card,Afternoon 10-2 PM,,0.0,1203.57,1203.57
ORD007870,CUST02037,2023-12-02,12,4,2023-12-05,App,Hyderabad,Delivered,UPI,Afternoon 10-2 PM,,0.0,49.22,49.22
ORD007871,CUST02037,2023-10-13,10,4,2023-10-14,App,Hyderabad,Delivered,Credit Card,Afternoon 10-2 PM,,0.0,1426.73,1426.73
ORD007872,CUST02038,2023-11-11,11,4,2023-11-14,App,Mumbai,Delivered,UPI,Morning 6-10 AM,,0.0,35.51,35.51
ORD007873,CUST02039,2023-09-21,9,3,2023-09-24,Web,Pune,Delivered,UPI,Morning 6-10 AM,,0.0,1531.2,1531.2
ORD007874,CUST02039,2023-01-08,1,1,2023-01-11,App,Pune,Delivered,Credit Card,Morning 6-10 AM,,0.0,760.16,760.16
ORD007875,CUST02039,2023-04-07,4,2,2023-04-09,Web,Pune,Delivered,UPI,Evening 4-8 PM,,0.0,459.73,459.73
ORD007876,CUST02039,2023-12-24,12,4,2023-12-27,Web,Pune,Delivered,UPI,Evening 4-8 PM,XMAS23,234.3,1321.89,1087.59
ORD007877,CUST02039,2023-04-04,4,2,2023-04-05,Web,Pune,Delivered,UPI,Morning 6-10 AM,,0.0,158.02,158.02
ORD007878,CUST02039,2023-04-12,4,2,2023-04-14,Kiosk,Pune,Delivered,UPI,Afternoon 10-2 PM,,0.0,2443.71,2443.71
ORD007879,CUST02039,2023-03-20,3,1,2023-03-23,App,Pune,Delivered,UPI,Afternoon 10-2 PM,,0.0,1665.67,1665.67
ORD007880,CUST02040,2023-10-04,10,4,2023-10-05,App,Jaipur,Delivered,UPI,Afternoon 10-2 PM,,0.0,533.66,533.66
ORD007881,CUST02040,2023-06-17,6,2,2023-06-18,App,Jaipur,Delivered,Credit Card,Evening 4-8 PM,,0.0,1265.9,1265.9
ORD007882,CUST02040,2023-10-14,10,4,2023-10-17,App,Jaipur,Delivered,UPI,Evening 4-8 PM,,0.0,417.52,417.52
ORD007883,CUST02040,2023-01-11,1,1,,Web,Jaipur,Cancelled,COD,Evening 4-8 PM,,0.0,768.43,0.0
ORD007884,CUST02040,2023-02-08,2,1,2023-02-11,Web,Jaipur,Delivered,Wallet,Morning 6-10 AM,,0.0,1771.43,1771.43
ORD007885,CUST02040,2023-05-15,5,2,2023-05-17,App,Jaipur,Delivered,UPI,Morning 6-10 AM,,0.0,1678.88,1678.88
ORD007886,CUST02040,2023-03-10,3,1,2023-03-12,App,Jaipur,Delivered,UPI,Evening 4-8 PM,,0.0,442.18,442.18
ORD007887,CUST02046,2023-07-19,7,3,2023-07-22,Web,Bengaluru,Delivered,Credit Card,Afternoon 10-2 PM,,0.0,458.5,458.5
ORD007888,CUST02046,2023-02-24,2,1,2023-02-25,App,Bengaluru,Delivered,UPI,Afternoon 10-2 PM,,0.0,1199.48,1199.48
ORD007889,CUST02048,2023-05-12,5,2,2023-05-13,App,Mumbai,Delivered,UPI,Afternoon 10-2 PM,,0.0,1416.14,1416.14
ORD007890,CUST02048,2023-02-12,2,1,2023-02-14,App,Mumbai,Delivered,COD,Morning 6-10 AM,LOVEFEB,468.76,2728.66,2259.9
ORD007891,CUST02048,2023-12-30,12,4,2023-12-31,Kiosk,Mumbai,Delivered,COD,Evening 4-8 PM,,0.0,742.26,742.26
ORD007892,CUST02048,2023-12-24,12,4,2023-12-26,App,Mumbai,Delivered,UPI,Late Night 8-11 PM,XMAS23,151.88,1399.86,1247.98
ORD007893,CUST02048,2023-03-08,3,1,2023-03-11,App,Mumbai,Delivered,COD,Afternoon 10-2 PM,,0.0,2932.2,2932.2
ORD007894,CUST02048,2023-05-29,5,2,2023-06-01,App,Mumbai,Delivered,Credit Card,Morning 6-10 AM,,0.0,1278.31,1278.31
ORD007895,CUST02048,2023-06-19,6,2,2023-06-21,App,Mumbai,Delivered,UPI,Evening 4-8 PM,,0.0,386.96,386.96
ORD007896,CUST02049,2023-03-10,3,1,2023-03-13,App,Delhi,Delivered,Credit Card,Morning 6-10 AM,,0.0,3092.85,3092.85
ORD007897,CUST02049,2023-12-08,12,4,2023-12-09,App,Delhi,Delivered,Credit Card,Afternoon 10-2 PM,,0.0,2338.24,2338.24
ORD007898,CUST02049,2023-06-29,6,2,2023-07-01,App,Delhi,Delivered,UPI,Morning 6-10 AM,,0.0,1344.08,1344.08
ORD007899,CUST02049,2023-02-02,2,1,2023-02-04,Web,Delhi,Delivered,UPI,Afternoon 10-2 PM,,0.0,1084.08,1084.08
ORD007900,CUST02049,2023-07-22,7,3,2023-07-25,Kiosk,Delhi,Delivered,UPI,,,0.0,613.95,613.95
ORD007901,CUST02049,2023-05-30,5,2,2023-06-01,Web,Delhi,Delivered,UPI,Evening 4-8 PM,,0.0,2006.42,2006.42
ORD007902,CUST02049,2023-10-03,10,4,2023-10-05,Kiosk,Delhi,Delivered,Credit Card,Late Night 8-11 PM,,0.0,3490.57,3490.57
ORD007903,CUST02049,2023-12-30,12,4,2023-12-31,Web,Delhi,Delivered,Credit Card,Evening 4-8 PM,,0.0,1981.24,1981.24
ORD007904,CUST02049,2023-10-13,10,4,,App,Delhi,Cancelled,Wallet,Late Night 8-11 PM,,0.0,748.07,0.0
ORD007905,CUST02049,2023-01-03,1,1,2023-01-06,App,Delhi,Delivered,UPI,Afternoon 10-2 PM,,0.0,2831.62,2831.62
ORD007906,CUST02049,2023-05-10,5,2,2023-05-12,Web,Delhi,Returned,UPI,Late Night 8-11 PM,,0.0,865.96,88.97
ORD007907,CUST02049,2023-08-24,8,3,2023-08-25,App,Delhi,Returned,Wallet,Afternoon 10-2 PM,,0.0,1623.4,200.97
ORD007908,CUST02049,2023-05-18,5,2,2023-05-20,App,Delhi,Delivered,Credit Card,Evening 4-8 PM,,0.0,2541.17,2541.17
ORD007909,CUST02049,2023-03-10,3,1,2023-03-11,Web,Delhi,Delivered,UPI,Afternoon 10-2 PM,,0.0,563.26,563.26
ORD007910,CUST02049,2023-12-18,12,4,2023-12-20,App,Delhi,Delivered,COD,Morning 6-10 AM,,0.0,1163.21,1163.21
ORD007911,CUST02049,2023-01-30,1,1,2023-01-31,Kiosk,Delhi,Returned,Credit Card,Afternoon 10-2 PM,,0.0,2032.49,497.1
ORD007912,CUST02049,2023-07-24,7,3,2023-07-25,Web,Delhi,Delivered,UPI,Evening 4-8 PM,,0.0,1074.04,1074.04
ORD007913,CUST02049,2023-09-26,9,3,2023-09-29,Web,Delhi,Delivered,Credit Card,Afternoon 10-2 PM,,0.0,1673.05,1673.05
ORD007914,CUST02049,2023-06-28,6,2,2023-06-29,Web,Delhi,Delivered,Wallet,Morning 6-10 AM,,0.0,1033.03,1033.03
ORD007915,CUST02049,2023-10-17,10,4,2023-10-19,Web,Delhi,Delivered,Debit Card,Morning 6-10 AM,,0.0,5167.24,5167.24
ORD007916,CUST02049,2023-09-06,9,3,2023-09-08,App,Delhi,Delivered,Wallet,Afternoon 10-2 PM,,0.0,854.47,854.47
ORD007917,CUST02050,2023-12-21,12,4,,App,Delhi,Cancelled,Credit Card,Evening 4-8 PM,,0.0,2460.5,0.0
ORD007918,CUST02050,2023-07-25,7,3,2023-07-28,App,Delhi,Delivered,UPI,Afternoon 10-2 PM,,0.0,792.83,792.83
ORD007919,CUST02050,2023-07-01,7,3,2023-07-03,App,Delhi,Delivered,UPI,Morning 6-10 AM,,0.0,2402.01,2402.01
ORD007920,CUST02050,2023-12-09,12,4,2023-12-12,App,Delhi,Delivered,UPI,Evening 4-8 PM,,0.0,450.02,450.02
ORD007921,CUST02050,2023-10-17,10,4,2023-10-20,App,Delhi,Delivered,UPI,Afternoon 10-2 PM,,0.0,2118.18,2118.18
ORD007922,CUST02050,2023-07-06,7,3,2023-07-07,App,Delhi,Delivered,UPI,Afternoon 10-2 PM,,0.0,1908.82,1908.82
ORD007923,CUST02050,2023-05-22,5,2,2023-05-25,Web,Delhi,Delivered,Debit Card,Morning 6-10 AM,,0.0,488.94,488.94
ORD007924,CUST02050,2023-10-22,10,4,2023-10-23,Web,Delhi,Delivered,UPI,Morning 6-10 AM,,0.0,508.36,508.36
ORD007925,CUST02050,2023-10-02,10,4,2023-10-05,Kiosk,Delhi,Delivered,Debit Card,Morning 6-10 AM,,0.0,1152.27,1152.27
ORD007926,CUST02050,2023-06-21,6,2,,Web,Delhi,Cancelled,Credit Card,Morning 6-10 AM,,0.0,954.08,0.0
ORD007927,CUST02050,2023-09-27,9,3,2023-09-29,App,Delhi,Delivered,Credit Card,Evening 4-8 PM,,0.0,1258.98,1258.98
ORD007928,CUST02050,2023-12-22,12,4,2023-12-24,Web,Delhi,Delivered,UPI,Morning 6-10 AM,,0.0,636.49,636.49
ORD007929,CUST02050,2023-10-19,10,4,2023-10-20,App,Delhi,Delivered,Wallet,Afternoon 10-2 PM,,0.0,1427.98,1427.98
ORD007930,CUST02051,2023-03-25,3,1,,App,Delhi,Cancelled,UPI,Afternoon 10-2 PM,,0.0,496.86,0.0
ORD007931,CUST02055,2023-02-21,2,1,2023-02-24,Web,Mumbai,Delivered,UPI,Morning 6-10 AM,,0.0,69.6,69.6
ORD007932,CUST02055,2023-04-18,4,2,2023-04-19,Web,Mumbai,Returned,UPI,Evening 4-8 PM,,0.0,994.27,619.41
ORD007933,CUST02055,2023-03-22,3,1,2023-03-25,Kiosk,Mumbai,Delivered,Wallet,Afternoon 10-2 PM,,0.0,1294.95,1294.95
ORD007934,CUST02055,2023-01-07,1,1,2023-01-08,App,Mumbai,Returned,Debit Card,Evening 4-8 PM,,0.0,1057.32,15.5
ORD007935,CUST02055,2023-10-31,10,4,2023-11-01,App,Mumbai,Delivered,UPI,Evening 4-8 PM,,0.0,1308.84,1308.84
ORD007936,CUST02056,2023-09-10,9,3,2023-09-12,App,Mumbai,Delivered,Credit Card,Evening 4-8 PM,,0.0,1218.45,1218.45
ORD007937,CUST02056,2023-05-06,5,2,2023-05-09,App,Mumbai,Delivered,Credit Card,Morning 6-10 AM,,0.0,2370.2,2370.2
ORD007938,CUST02056,2023-05-10,5,2,2023-05-11,Web,Mumbai,Delivered,Debit Card,Evening 4-8 PM,,0.0,691.98,691.98
ORD007939,CUST02056,2023-02-08,2,1,2023-02-10,App,Mumbai,Delivered,Debit Card,Morning 6-10 AM,,0.0,2275.4,2275.4
ORD007940,CUST02056,2023-07-02,7,3,2023-07-04,App,Mumbai,Delivered,UPI,Evening 4-8 PM,,0.0,1728.12,1728.12
ORD007941,CUST02056,2023-11-06,11,4,2023-11-09,App,Mumbai,Delivered,Debit Card,Late Night 8-11 PM,,0.0,1149.3,1149.3
ORD007942,CUST02056,2023-02-09,2,1,2023-02-12,App,Mumbai,Delivered,UPI,Morning 6-10 AM,,0.0,1740.36,1740.36
ORD007943,CUST02056,2023-03-26,3,1,2023-03-28,Web,Mumbai,Delivered,Debit Card,Evening 4-8 PM,,0.0,1353.99,1353.99
ORD007944,CUST02056,2023-04-27,4,2,2023-04-30,App,Mumbai,Delivered,Credit Card,Morning 6-10 AM,,0.0,420.89,420.89
ORD007945,CUST02060,2023-11-13,11,4,2023-11-14,Web,Jaipur,Delivered,UPI,Morning 6-10 AM,DIWALI23SUPER,47.89,383.18,335.29
ORD007946,CUST02066,2023-06-17,6,2,2023-06-19,App,Bengaluru,Delivered,UPI,Afternoon 10-2 PM,,0.0,783.15,783.15
ORD007947,CUST02066,2023-09-07,9,3,2023-09-09,Web,Bengaluru,Delivered,Debit Card,Evening 4-8 PM,,0.0,44.61,44.61
ORD007948,CUST02066,2023-10-21,10,4,2023-10-23,App,Bengaluru,Delivered,UPI,Morning 6-10 AM,,0.0,982.49,982.49
ORD007949,CUST02066,2023-05-18,5,2,2023-05-20,App,Bengaluru,Delivered,UPI,Morning 6-10 AM,,0.0,2162.96,2162.96
ORD007950,CUST02066,2023-11-21,11,4,,App,Bengaluru,Cancelled,Wallet,Evening 4-8 PM,BIGSALE23,0.0,885.02,0.0
ORD007951,CUST02066,2023-11-15,11,4,2023-11-16,Web,Bengaluru,Delivered,UPI,Morning 6-10 AM,,0.0,1335.59,1335.59
ORD007952,CUST02066,2023-02-27,2,1,2023-02-28,App,Bengaluru,Returned,UPI,Afternoon 10-2 PM,,0.0,1589.29,366.14
ORD007953,CUST02066,2023-01-16,1,1,,App,Bengaluru,Cancelled,UPI,Evening 4-8 PM,,0.0,1678.92,0.0
ORD007954,CUST02067,2023-12-16,12,4,2023-12-19,App,Bengaluru,Delivered,Debit Card,Evening 4-8 PM,,0.0,69.25,69.25
ORD007955,CUST02068,2023-12-28,12,4,2023-12-29,App,Bengaluru,Delivered,Debit Card,Morning 6-10 AM,XMAS23,56.92,549.05,492.13
ORD007956,CUST02069,2023-03-26,3,1,2023-03-29,App,Mumbai,Delivered,UPI,Evening 4-8 PM,,0.0,846.45,846.45
ORD007957,CUST02069,2023-12-08,12,4,2023-12-11,App,Mumbai,Delivered,UPI,Morning 6-10 AM,,0.0,984.81,984.81
ORD007958,CUST02069,2023-02-05,2,1,2023-02-07,App,Mumbai,Delivered,UPI,Afternoon 10-2 PM,,0.0,234.12,234.12
ORD007959,CUST02069,2023-03-27,3,1,2023-03-28,App,Mumbai,Delivered,Debit Card,Afternoon 10-2 PM,,0.0,971.74,971.74
ORD007960,CUST02069,2023-05-05,5,2,2023-05-07,App,Mumbai,Delivered,UPI,Afternoon 10-2 PM,,0.0,4499.98,4499.98
ORD007961,CUST02069,2023-05-11,5,2,2023-05-13,Kiosk,Mumbai,Delivered,UPI,Evening 4-8 PM,,0.0,1274.49,1274.49
ORD007962,CUST02069,2023-02-04,2,1,2023-02-06,App,Mumbai,Delivered,UPI,Morning 6-10 AM,,0.0,1107.56,1107.56
ORD007963,CUST02069,2023-11-01,11,4,2023-11-03,App,Mumbai,Delivered,UPI,Late Night 8-11 PM,,0.0,1529.03,1529.03
ORD007964,CUST02069,2023-11-06,11,4,2023-11-09,App,Mumbai,Delivered,UPI,Morning 6-10 AM,,0.0,1483.42,1483.42
ORD007965,CUST02069,2023-06-09,6,2,,Kiosk,Mumbai,Cancelled,UPI,,,0.0,2459.42,0.0
ORD007966,CUST02069,2023-05-02,5,2,2023-05-04,App,Mumbai,Delivered,UPI,Morning 6-10 AM,,0.0,301.5,301.5
ORD007967,CUST02070,2023-07-27,7,3,2023-07-30,App,Delhi,Delivered,UPI,Morning 6-10 AM,,0.0,3120.54,3120.54
ORD007968,CUST02070,2023-04-16,4,2,2023-04-17,App,Delhi,Delivered,UPI,Morning 6-10 AM,,0.0,1673.48,1673.48
ORD007969,CUST02070,2023-01-26,1,1,2023-01-27,App,Delhi,Delivered,Debit Card,Morning 6-10 AM,,0.0,575.69,575.69
ORD007970,CUST02070,2023-04-24,4,2,2023-04-25,App,Delhi,Delivered,COD,Evening 4-8 PM,,0.0,589.28,589.28
ORD007971,CUST02070,2023-03-16,3,1,2023-03-17,Web,Delhi,Returned,UPI,Evening 4-8 PM,,0.0,3411.62,119.87
ORD007972,CUST02070,2023-09-16,9,3,2023-09-17,Kiosk,Delhi,Delivered,UPI,Afternoon 10-2 PM,,0.0,1061.26,1061.26
ORD007973,CUST02073,2023-08-13,8,3,,Web,Pune,Cancelled,UPI,Morning 6-10 AM,,0.0,1584.3,0.0
ORD007974,CUST02073,2023-11-23,11,4,2023-11-24,App,Pune,Delivered,Credit Card,Evening 4-8 PM,,0.0,610.5,610.5
ORD007975,CUST02073,2023-02-17,2,1,2023-02-19,Web,Pune,Delivered,UPI,Evening 4-8 PM,,0.0,334.12,334.12
ORD007976,CUST02073,2023-05-26,5,2,2023-05-28,Web,Pune,Delivered,Debit Card,Evening 4-8 PM,,0.0,685.04,685.04
ORD007977,CUST02073,2023-05-09,5,2,2023-05-10,App,Pune,Delivered,Debit Card,Afternoon 10-2 PM,,0.0,149.68,149.68
ORD007978,CUST02073,2023-04-17,4,2,2023-04-20,App,Pune,Delivered,UPI,Morning 6-10 AM,,0.0,2540.79,2540.79
ORD007979,CUST02077,2023-01-16,1,1,2023-01-17,Kiosk,Pune,Delivered,Credit Card,Morning 6-10 AM,,0.0,1277.02,1277.02
ORD007980,CUST02078,2023-08-06,8,3,2023-08-07,Kiosk,Mumbai,Delivered,COD,Evening 4-8 PM,,0.0,572.85,572.85
ORD007981,CUST02078,2023-07-26,7,3,2023-07-28,Web,Mumbai,Returned,UPI,Evening 4-8 PM,,0.0,1111.03,623.14
ORD007982,CUST02078,2023-02-06,2,1,2023-02-08,App,Mumbai,Delivered,UPI,Evening 4-8 PM,,0.0,710.09,710.09
ORD007983,CUST02078,2023-08-21,8,3,2023-08-24,App,Mumbai,Delivered,UPI,Morning 6-10 AM,,0.0,2644.35,2644.35
ORD007984,CUST02078,2023-05-14,5,2,2023-05-17,App,Mumbai,Delivered,Debit Card,Late Night 8-11 PM,,0.0,576.01,576.01
ORD007985,CUST02078,2023-05-20,5,2,2023-05-21,Web,Mumbai,Delivered,COD,,,0.0,2070.91,2070.91
ORD007986,CUST02078,2023-09-16,9,3,2023-09-17,Web,Mumbai,Delivered,UPI,Late Night 8-11 PM,,0.0,883.07,883.07
ORD007987,CUST02078,2023-08-20,8,3,2023-08-23,App,Mumbai,Delivered,Debit Card,Morning 6-10 AM,,0.0,2047.99,2047.99
ORD007988,CUST02078,2023-05-18,5,2,2023-05-21,Web,Mumbai,Delivered,UPI,Morning 6-10 AM,,0.0,2453.88,2453.88
ORD007989,CUST02078,2023-05-24,5,2,2023-05-26,App,Mumbai,Delivered,Debit Card,Afternoon 10-2 PM,,0.0,2950.16,2950.16
ORD007990,CUST02078,2023-04-17,4,2,2023-04-20,App,Mumbai,Delivered,Wallet,Morning 6-10 AM,,0.0,1602.99,1602.99
ORD007991,CUST02078,2023-12-15,12,4,2023-12-16,Web,Mumbai,Delivered,UPI,Morning 6-10 AM,,0.0,2688.42,2688.42
ORD007992,CUST02078,2023-03-19,3,1,2023-03-22,App,Mumbai,Delivered,UPI,Morning 6-10 AM,,0.0,2424.24,2424.24
ORD007993,CUST02078,2023-07-11,7,3,2023-07-12,App,Mumbai,Delivered,COD,Afternoon 10-2 PM,,0.0,1069.89,1069.89
ORD007994,CUST02078,2023-10-22,10,4,2023-10-24,Web,Mumbai,Delivered,UPI,Afternoon 10-2 PM,,0.0,2713.09,2713.09
ORD007995,CUST02078,2023-05-12,5,2,2023-05-13,Web,Mumbai,Returned,UPI,Late Night 8-11 PM,,0.0,3447.0,258.87
ORD007996,CUST02078,2023-04-17,4,2,2023-04-19,Web,Mumbai,Delivered,UPI,Morning 6-10 AM,,0.0,1830.79,1830.79
ORD007997,CUST02078,2023-10-24,10,4,2023-10-27,App,Mumbai,Delivered,Credit Card,Evening 4-8 PM,,0.0,1845.93,1845.93
ORD007998,CUST02078,2023-12-10,12,4,,App,Mumbai,Cancelled,UPI,Late Night 8-11 PM,,0.0,1740.25,0.0
ORD007999,CUST02078,2023-10-21,10,4,2023-10-23,Web,Mumbai,Delivered,Credit Card,Evening 4-8 PM,,0.0,2006.59,2006.59
ORD008000,CUST02078,2023-06-10,6,2,2023-06-12,Web,Mumbai,Delivered,Debit Card,Morning 6-10 AM,,0.0,760.17,760.17
ORD008001,CUST02078,2023-04-30,4,2,2023-05-01,Web,Mumbai,Delivered,UPI,Late Night 8-11 PM,,0.0,3506.4,3506.4
ORD008002,CUST02078,2023-03-02,3,1,2023-03-05,App,Mumbai,Delivered,UPI,Afternoon 10-2 PM,,0.0,1322.9,1322.9
ORD008003,CUST02078,2023-09-03,9,3,,App,Mumbai,Cancelled,COD,Afternoon 10-2 PM,,0.0,1578.16,0.0
ORD008004,CUST02078,2023-11-06,11,4,2023-11-09,App,Mumbai,Delivered,Credit Card,Evening 4-8 PM,,0.0,4355.16,4355.16
ORD008005,CUST02078,2023-10-09,10,4,2023-10-12,Web,Mumbai,Delivered,COD,Afternoon 10-2 PM,,0.0,1701.49,1701.49
ORD008006,CUST02078,2023-06-26,6,2,2023-06-28,App,Mumbai,Delivered,UPI,Morning 6-10 AM,,0.0,925.24,925.24
ORD008007,CUST02078,2023-07-18,7,3,2023-07-21,App,Mumbai,Delivered,Credit Card,Morning 6-10 AM,,0.0,1051.92,1051.92
ORD008008,CUST02078,2023-11-24,11,4,2023-11-26,App,Mumbai,Delivered,Wallet,Late Night 8-11 PM,,0.0,2263.5,2263.5
ORD008009,CUST02078,2023-02-12,2,1,2023-02-13,Web,Mumbai,Delivered,Credit Card,Morning 6-10 AM,,0.0,1164.69,1164.69
ORD008010,CUST02078,2023-07-29,7,3,2023-07-30,App,Mumbai,Delivered,Credit Card,Morning 6-10 AM,,0.0,291.6,291.6
ORD008011,CUST02078,2023-05-09,5,2,2023-05-10,App,Mumbai,Delivered,UPI,Morning 6-10 AM,,0.0,136.06,136.06
ORD008012,CUST02078,2023-04-07,4,2,2023-04-10,App,Mumbai,Delivered,COD,Late Night 8-11 PM,,0.0,1334.88,1334.88
ORD008013,CUST02078,2023-12-02,12,4,2023-12-03,Kiosk,Mumbai,Delivered,UPI,Evening 4-8 PM,,0.0,1232.4,1232.4
ORD008014,CUST02078,2023-11-10,11,4,2023-11-12,App,Mumbai,Delivered,UPI,Late Night 8-11 PM,,0.0,1542.07,1542.07
ORD008015,CUST02078,2023-06-25,6,2,2023-06-27,App,Mumbai,Delivered,Credit Card,Morning 6-10 AM,,0.0,1286.68,1286.68
ORD008016,CUST02078,2023-09-15,9,3,2023-09-17,Web,Mumbai,Returned,UPI,Afternoon 10-2 PM,,0.0,1499.59,1372.05
ORD008017,CUST02078,2023-03-17,3,1,2023-03-20,Web,Mumbai,Delivered,UPI,Evening 4-8 PM,,0.0,1295.6,1295.6
ORD008018,CUST02078,2023-12-07,12,4,2023-12-10,App,Mumbai,Delivered,UPI,Morning 6-10 AM,,0.0,1432.5,1432.5
ORD008019,CUST02078,2023-11-05,11,4,2023-11-07,App,Mumbai,Delivered,COD,Evening 4-8 PM,,0.0,833.22,833.22
ORD008020,CUST02078,2023-01-15,1,1,2023-01-17,Web,Mumbai,Delivered,COD,Afternoon 10-2 PM,,0.0,517.67,517.67
ORD008021,CUST02079,2023-05-05,5,2,2023-05-07,App,Hyderabad,Delivered,UPI,Evening 4-8 PM,,0.0,581.93,581.93
ORD008022,CUST02079,2023-12-09,12,4,2023-12-10,Web,Hyderabad,Delivered,UPI,Afternoon 10-2 PM,,0.0,251.6,251.6
ORD008023,CUST02079,2023-08-22,8,3,2023-08-24,Web,Hyderabad,Delivered,UPI,Afternoon 10-2 PM,,0.0,229.86,229.86
ORD008024,CUST02080,2023-07-31,7,3,2023-08-02,App,Mumbai,Delivered,UPI,Morning 6-10 AM,,0.0,1761.72,1761.72
ORD008025,CUST02080,2023-03-13,3,1,2023-03-14,App,Mumbai,Delivered,UPI,Afternoon 10-2 PM,,0.0,1032.34,1032.34
ORD008026,CUST02080,2023-08-30,8,3,2023-09-02,App,Mumbai,Delivered,UPI,Evening 4-8 PM,,0.0,1988.69,1988.69
ORD008027,CUST02080,2023-02-16,2,1,2023-02-18,Web,Mumbai,Delivered,COD,Morning 6-10 AM,,0.0,1540.15,1540.15
ORD008028,CUST02080,2023-04-13,4,2,2023-04-16,App,Mumbai,Delivered,UPI,Afternoon 10-2 PM,,0.0,102.16,102.16
ORD008029,CUST02080,2023-07-05,7,3,2023-07-07,App,Mumbai,Delivered,UPI,,,0.0,1228.59,1228.59
ORD008030,CUST02080,2023-02-23,2,1,2023-02-25,App,Mumbai,Delivered,Credit Card,Morning 6-10 AM,,0.0,381.58,381.58
ORD008031,CUST02082,2023-05-04,5,2,2023-05-07,Web,Hyderabad,Delivered,Wallet,Morning 6-10 AM,,0.0,811.65,811.65
ORD008032,CUST02082,2023-11-17,11,4,2023-11-18,App,Hyderabad,Returned,UPI,Morning 6-10 AM,,0.0,391.75,237.86
ORD008033,CUST02083,2023-05-13,5,2,2023-05-16,App,Lucknow,Delivered,UPI,Evening 4-8 PM,,0.0,1059.35,1059.35
ORD008034,CUST02084,2023-12-16,12,4,,Kiosk,Hyderabad,Cancelled,COD,Morning 6-10 AM,,0.0,190.31,0.0
ORD008035,CUST02084,2023-10-07,10,4,,App,Hyderabad,Cancelled,UPI,Afternoon 10-2 PM,,0.0,835.81,0.0
ORD008036,CUST02084,2023-01-08,1,1,2023-01-11,App,Hyderabad,Delivered,UPI,Late Night 8-11 PM,,0.0,1226.08,1226.08
ORD008037,CUST02085,2023-06-28,6,2,2023-06-29,App,Delhi,Delivered,UPI,Evening 4-8 PM,,0.0,254.53,254.53
ORD008038,CUST02085,2023-02-19,2,1,,App,Delhi,Cancelled,UPI,Afternoon 10-2 PM,,0.0,179.41,0.0
ORD008039,CUST02086,2023-05-25,5,2,2023-05-27,Web,Bengaluru,Delivered,Debit Card,Evening 4-8 PM,,0.0,739.51,739.51
ORD008040,CUST02088,2023-04-28,4,2,2023-05-01,App,Hyderabad,Delivered,UPI,Morning 6-10 AM,,0.0,168.09,168.09
ORD008041,CUST02088,2023-09-16,9,3,2023-09-19,Web,Hyderabad,Delivered,UPI,Morning 6-10 AM,,0.0,123.97,123.97
ORD008042,CUST02088,2023-07-07,7,3,2023-07-09,App,Hyderabad,Delivered,Credit Card,Afternoon 10-2 PM,,0.0,725.67,725.67
ORD008043,CUST02088,2023-04-15,4,2,2023-04-18,Web,Hyderabad,Delivered,Debit Card,Evening 4-8 PM,,0.0,448.02,448.02
ORD008044,CUST02088,2023-07-14,7,3,2023-07-15,Kiosk,Hyderabad,Delivered,Credit Card,Morning 6-10 AM,,0.0,737.2,737.2
ORD008045,CUST02089,2023-01-11,1,1,2023-01-12,App,Bengaluru,Delivered,Debit Card,Evening 4-8 PM,,0.0,1960.85,1960.85
ORD008046,CUST02089,2023-12-31,12,4,2024-01-02,App,Bengaluru,Delivered,Debit Card,Morning 6-10 AM,XMAS23,3.25,39.6,36.35
ORD008047,CUST02089,2023-08-03,8,3,2023-08-06,Web,Bengaluru,Delivered,Debit Card,Evening 4-8 PM,,0.0,1464.95,1464.95
ORD008048,CUST02089,2023-05-21,5,2,2023-05-24,Web,Bengaluru,Delivered,UPI,Afternoon 10-2 PM,,0.0,679.8,679.8
ORD008049,CUST02089,2023-12-11,12,4,2023-12-13,Web,Bengaluru,Delivered,UPI,Afternoon 10-2 PM,,0.0,1129.12,1129.12
ORD008050,CUST02090,2023-01-28,1,1,2023-01-30,App,Ahmedabad,Delivered,Wallet,Evening 4-8 PM,,0.0,1434.17,1434.17
ORD008051,CUST02092,2023-05-24,5,2,2023-05-27,Web,Bengaluru,Delivered,UPI,Morning 6-10 AM,,0.0,2186.31,2186.31
ORD008052,CUST02092,2023-07-07,7,3,2023-07-08,Web,Bengaluru,Delivered,UPI,Evening 4-8 PM,,0.0,1919.52,1919.52
ORD008053,CUST02092,2023-11-19,11,4,2023-11-22,App,Bengaluru,Delivered,UPI,Evening 4-8 PM,,0.0,882.18,882.18
ORD008054,CUST02092,2023-07-17,7,3,2023-07-19,App,Bengaluru,Delivered,Debit Card,Afternoon 10-2 PM,,0.0,554.68,554.68
ORD008055,CUST02093,2023-12-20,12,4,2023-12-22,App,Mumbai,Delivered,Debit Card,Morning 6-10 AM,,0.0,1190.31,1190.31
ORD008056,CUST02093,2023-08-08,8,3,2023-08-10,App,Mumbai,Delivered,UPI,Afternoon 10-2 PM,,0.0,943.35,943.35
ORD008057,CUST02094,2023-05-26,5,2,2023-05-29,App,Mumbai,Delivered,Wallet,Morning 6-10 AM,,0.0,108.04,108.04
ORD008058,CUST02096,2023-11-05,11,4,2023-11-08,App,Hyderabad,Delivered,UPI,Morning 6-10 AM,,0.0,2743.75,2743.75
ORD008059,CUST02096,2023-03-26,3,1,2023-03-27,App,Hyderabad,Delivered,Credit Card,Evening 4-8 PM,,0.0,1523.37,1523.37
ORD008060,CUST02096,2023-05-07,5,2,2023-05-09,Web,Hyderabad,Delivered,COD,Evening 4-8 PM,,0.0,523.92,523.92
ORD008061,CUST02096,2023-07-16,7,3,2023-07-17,App,Hyderabad,Delivered,Debit Card,Morning 6-10 AM,,0.0,1277.49,1277.49
ORD008062,CUST02096,2023-05-05,5,2,2023-05-06,App,Hyderabad,Delivered,UPI,Evening 4-8 PM,,0.0,2066.59,2066.59
ORD008063,CUST02096,2023-08-09,8,3,2023-08-11,App,Hyderabad,Delivered,UPI,Afternoon 10-2 PM,,0.0,1096.03,1096.03
ORD008064,CUST02096,2023-10-29,10,4,2023-11-01,Kiosk,Hyderabad,Delivered,Debit Card,Morning 6-10 AM,,0.0,890.82,890.82
ORD008065,CUST02096,2023-12-20,12,4,2023-12-22,App,Hyderabad,Delivered,Debit Card,Afternoon 10-2 PM,,0.0,1259.17,1259.17
ORD008066,CUST02096,2023-04-03,4,2,2023-04-05,App,Hyderabad,Delivered,UPI,Morning 6-10 AM,,0.0,98.82,98.82
ORD008067,CUST02096,2023-06-01,6,2,2023-06-03,App,Hyderabad,Delivered,UPI,Afternoon 10-2 PM,,0.0,1092.37,1092.37
ORD008068,CUST02096,2023-11-19,11,4,2023-11-22,App,Hyderabad,Delivered,Credit Card,Evening 4-8 PM,,0.0,440.08,440.08
ORD008069,CUST02096,2023-10-31,10,4,2023-11-01,Web,Hyderabad,Delivered,UPI,Morning 6-10 AM,,0.0,1843.21,1843.21
ORD008070,CUST02096,2023-02-12,2,1,2023-02-15,App,Hyderabad,Delivered,UPI,Afternoon 10-2 PM,,0.0,2730.11,2730.11
ORD008071,CUST02096,2023-12-15,12,4,2023-12-18,Web,Hyderabad,Delivered,Debit Card,Morning 6-10 AM,,0.0,986.77,986.77
ORD008072,CUST02096,2023-07-18,7,3,2023-07-21,App,Hyderabad,Delivered,UPI,Evening 4-8 PM,,0.0,810.6,810.6
ORD008073,CUST02096,2023-10-10,10,4,2023-10-12,App,Hyderabad,Delivered,UPI,Afternoon 10-2 PM,,0.0,687.57,687.57
ORD008074,CUST02096,2023-07-14,7,3,,Web,Hyderabad,Cancelled,Credit Card,Morning 6-10 AM,,0.0,1935.79,0.0
ORD008075,CUST02096,2023-01-02,1,1,2023-01-04,App,Hyderabad,Delivered,UPI,Afternoon 10-2 PM,,0.0,837.54,837.54
ORD008076,CUST02096,2023-03-04,3,1,2023-03-05,App,Hyderabad,Delivered,Credit Card,Late Night 8-11 PM,,0.0,771.65,771.65
ORD008077,CUST02096,2023-12-08,12,4,2023-12-09,App,Hyderabad,Delivered,UPI,Morning 6-10 AM,,0.0,1082.14,1082.14
ORD008078,CUST02096,2023-08-29,8,3,,Web,Hyderabad,Cancelled,Debit Card,Afternoon 10-2 PM,,0.0,651.59,0.0
ORD008079,CUST02096,2023-02-04,2,1,2023-02-05,App,Hyderabad,Delivered,UPI,Evening 4-8 PM,,0.0,965.19,965.19
ORD008080,CUST02096,2023-10-11,10,4,2023-10-13,App,Hyderabad,Delivered,COD,Morning 6-10 AM,,0.0,2778.93,2778.93
ORD008081,CUST02096,2023-05-08,5,2,,App,Hyderabad,Cancelled,COD,Evening 4-8 PM,,0.0,1788.57,0.0
ORD008082,CUST02096,2023-09-21,9,3,,App,Hyderabad,Cancelled,Debit Card,Morning 6-10 AM,,0.0,3343.52,0.0
ORD008083,CUST02096,2023-05-05,5,2,2023-05-07,App,Hyderabad,Delivered,Debit Card,Morning 6-10 AM,,0.0,1220.47,1220.47
ORD008084,CUST02096,2023-02-14,2,1,2023-02-17,App,Hyderabad,Delivered,Debit Card,Afternoon 10-2 PM,,0.0,1792.77,1792.77
ORD008085,CUST02096,2023-12-10,12,4,2023-12-12,Web,Hyderabad,Delivered,UPI,Late Night 8-11 PM,,0.0,267.79,267.79
ORD008086,CUST02099,2023-10-17,10,4,2023-10-20,App,Lucknow,Delivered,UPI,Afternoon 10-2 PM,,0.0,1256.2,1256.2
ORD008087,CUST02101,2023-10-18,10,4,2023-10-21,App,Ahmedabad,Delivered,UPI,Evening 4-8 PM,,0.0,936.1,936.1
ORD008088,CUST02101,2023-05-17,5,2,2023-05-20,App,Ahmedabad,Delivered,Wallet,Morning 6-10 AM,,0.0,1989.54,1989.54
ORD008089,CUST02101,2023-01-26,1,1,2023-01-27,App,Ahmedabad,Returned,Debit Card,Morning 6-10 AM,,0.0,311.46,2.77
ORD008090,CUST02101,2023-05-17,5,2,2023-05-20,App,Ahmedabad,Delivered,COD,Evening 4-8 PM,,0.0,351.5,351.5
ORD008091,CUST02102,2023-12-08,12,4,2023-12-10,App,Hyderabad,Delivered,Wallet,Afternoon 10-2 PM,,0.0,794.81,794.81
ORD008092,CUST02102,2023-08-02,8,3,,Kiosk,Hyderabad,Cancelled,Wallet,Evening 4-8 PM,,0.0,991.05,0.0
ORD008093,CUST02102,2023-01-22,1,1,2023-01-23,Web,Hyderabad,Returned,Debit Card,Evening 4-8 PM,,0.0,1420.27,791.63
ORD008094,CUST02103,2023-07-15,7,3,2023-07-16,App,Lucknow,Delivered,Credit Card,Afternoon 10-2 PM,,0.0,178.08,178.08
ORD008095,CUST02103,2023-10-22,10,4,2023-10-23,App,Lucknow,Delivered,Debit Card,Morning 6-10 AM,,0.0,1698.18,1698.18
ORD008096,CUST02103,2023-01-18,1,1,2023-01-21,Kiosk,Lucknow,Delivered,Credit Card,Evening 4-8 PM,,0.0,1034.5,1034.5
ORD008097,CUST02103,2023-04-02,4,2,,App,Lucknow,Cancelled,Debit Card,Evening 4-8 PM,,0.0,49.08,0.0
ORD008098,CUST02103,2023-12-14,12,4,,App,Lucknow,Cancelled,COD,Afternoon 10-2 PM,,0.0,1505.05,0.0
ORD008099,CUST02103,2023-05-12,5,2,2023-05-14,Web,Lucknow,Returned,Debit Card,Afternoon 10-2 PM,,0.0,2207.37,77.85
ORD008100,CUST02103,2023-04-12,4,2,2023-04-13,App,Lucknow,Returned,UPI,Afternoon 10-2 PM,,0.0,107.92,107.92
ORD008101,CUST02103,2023-12-09,12,4,2023-12-12,App,Lucknow,Delivered,UPI,Morning 6-10 AM,,0.0,3337.0,3337.0
ORD008102,CUST02103,2023-08-14,8,3,2023-08-15,Web,Lucknow,Delivered,Credit Card,Morning 6-10 AM,FREEDOM23,93.02,1454.71,1361.69
ORD008103,CUST02103,2023-01-10,1,1,2023-01-11,App,Lucknow,Delivered,Debit Card,Evening 4-8 PM,,0.0,1172.55,1172.55
ORD008104,CUST02103,2023-10-11,10,4,2023-10-13,Kiosk,Lucknow,Delivered,COD,Morning 6-10 AM,,0.0,1359.33,1359.33
ORD008105,CUST02104,2023-07-30,7,3,2023-08-01,App,Bengaluru,Delivered,UPI,Evening 4-8 PM,,0.0,783.77,783.77
ORD008106,CUST02105,2023-01-24,1,1,2023-01-26,App,Delhi,Delivered,UPI,Afternoon 10-2 PM,,0.0,1404.1,1404.1
ORD008107,CUST02106,2023-08-08,8,3,2023-08-11,App,Mumbai,Delivered,Credit Card,Afternoon 10-2 PM,,0.0,1172.51,1172.51
ORD008108,CUST02106,2023-05-23,5,2,2023-05-26,App,Mumbai,Delivered,Credit Card,Afternoon 10-2 PM,,0.0,1998.37,1998.37
ORD008109,CUST02106,2023-04-27,4,2,2023-04-29,App,Mumbai,Delivered,UPI,Evening 4-8 PM,,0.0,367.36,367.36
ORD008110,CUST02107,2023-05-12,5,2,2023-05-14,Web,Jaipur,Delivered,Credit Card,Morning 6-10 AM,,0.0,1048.8,1048.8
ORD008111,CUST02107,2023-04-27,4,2,2023-04-29,App,Jaipur,Delivered,UPI,Morning 6-10 AM,,0.0,1190.11,1190.11
ORD008112,CUST02107,2023-03-21,3,1,2023-03-24,Web,Jaipur,Delivered,Wallet,Morning 6-10 AM,,0.0,177.22,177.22
ORD008113,CUST02107,2023-09-25,9,3,2023-09-28,App,Jaipur,Delivered,Credit Card,Morning 6-10 AM,,0.0,366.75,366.75
ORD008114,CUST02107,2023-12-08,12,4,,Web,Jaipur,Cancelled,UPI,Morning 6-10 AM,,0.0,3551.54,0.0
ORD008115,CUST02108,2023-10-30,10,4,2023-11-01,App,Bengaluru,Delivered,UPI,Late Night 8-11 PM,,0.0,373.35,373.35
ORD008116,CUST02108,2023-07-02,7,3,2023-07-04,App,Bengaluru,Delivered,Credit Card,Evening 4-8 PM,,0.0,590.12,590.12
ORD008117,CUST02108,2023-01-09,1,1,2023-01-11,App,Bengaluru,Delivered,COD,Morning 6-10 AM,,0.0,421.17,421.17
ORD008118,CUST02109,2023-06-25,6,2,2023-06-26,App,Bengaluru,Delivered,UPI,Evening 4-8 PM,,0.0,1208.39,1208.39
ORD008119,CUST02109,2023-11-09,11,4,2023-11-11,Kiosk,Bengaluru,Returned,Debit Card,Evening 4-8 PM,,0.0,3368.8,182.64
ORD008120,CUST02109,2023-11-24,11,4,2023-11-26,App,Bengaluru,Delivered,Credit Card,Morning 6-10 AM,,0.0,113.64,113.64
ORD008121,CUST02109,2023-05-03,5,2,2023-05-06,Kiosk,Bengaluru,Delivered,UPI,Afternoon 10-2 PM,,0.0,2915.96,2915.96
ORD008122,CUST02109,2023-09-05,9,3,2023-09-08,App,Bengaluru,Delivered,UPI,Evening 4-8 PM,,0.0,594.14,594.14
ORD008123,CUST02109,2023-05-06,5,2,2023-05-08,App,Bengaluru,Delivered,Credit Card,Morning 6-10 AM,,0.0,4246.03,4246.03
ORD008124,CUST02109,2023-11-14,11,4,2023-11-17,Kiosk,Bengaluru,Delivered,UPI,Afternoon 10-2 PM,,0.0,10.53,10.53
ORD008125,CUST02109,2023-05-06,5,2,2023-05-07,App,Bengaluru,Delivered,Credit Card,Evening 4-8 PM,,0.0,328.48,328.48
ORD008126,CUST02109,2023-11-09,11,4,2023-11-12,Web,Bengaluru,Delivered,Wallet,,,0.0,347.38,347.38
ORD008127,CUST02109,2023-04-17,4,2,2023-04-19,App,Bengaluru,Delivered,Debit Card,Afternoon 10-2 PM,,0.0,2429.71,2429.71
ORD008128,CUST02109,2023-02-13,2,1,2023-02-14,App,Bengaluru,Delivered,UPI,Morning 6-10 AM,,0.0,1725.96,1725.96
ORD008129,CUST02109,2023-01-25,1,1,2023-01-27,App,Bengaluru,Delivered,UPI,Afternoon 10-2 PM,,0.0,325.67,325.67
ORD008130,CUST02109,2023-08-16,8,3,2023-08-17,Kiosk,Bengaluru,Delivered,Debit Card,Late Night 8-11 PM,,0.0,2438.14,2438.14
ORD008131,CUST02109,2023-12-22,12,4,2023-12-24,Web,Bengaluru,Delivered,UPI,Morning 6-10 AM,,0.0,946.16,946.16
ORD008132,CUST02110,2023-12-18,12,4,2023-12-21,App,Bengaluru,Delivered,UPI,Afternoon 10-2 PM,,0.0,2988.1,2988.1
ORD008133,CUST02110,2023-07-30,7,3,,App,Bengaluru,Cancelled,UPI,Morning 6-10 AM,,0.0,674.74,0.0
ORD008134,CUST02111,2023-09-20,9,3,2023-09-21,Web,Mumbai,Delivered,UPI,Morning 6-10 AM,,0.0,2639.07,2639.07
ORD008135,CUST02111,2023-09-25,9,3,2023-09-27,Web,Mumbai,Delivered,UPI,Evening 4-8 PM,,0.0,1530.84,1530.84
ORD008136,CUST02111,2023-02-10,2,1,2023-02-13,App,Mumbai,Delivered,UPI,,,0.0,1038.82,1038.82
ORD008137,CUST02111,2023-03-09,3,1,2023-03-12,App,Mumbai,Delivered,COD,Late Night 8-11 PM,,0.0,1115.26,1115.26
ORD008138,CUST02111,2023-09-22,9,3,2023-09-25,Kiosk,Mumbai,Delivered,UPI,Evening 4-8 PM,,0.0,1534.0,1534.0
ORD008139,CUST02111,2023-01-18,1,1,2023-01-20,App,Mumbai,Delivered,Debit Card,Afternoon 10-2 PM,,0.0,2142.7,2142.7
ORD008140,CUST02111,2023-05-26,5,2,2023-05-27,App,Mumbai,Delivered,Credit Card,Morning 6-10 AM,,0.0,842.92,842.92
ORD008141,CUST02112,2023-05-21,5,2,2023-05-24,App,Mumbai,Delivered,COD,,,0.0,780.94,780.94
ORD008142,CUST02112,2023-06-25,6,2,2023-06-26,App,Mumbai,Delivered,Debit Card,Morning 6-10 AM,,0.0,334.48,334.48
ORD008143,CUST02112,2023-08-18,8,3,2023-08-20,Web,Mumbai,Delivered,UPI,Afternoon 10-2 PM,,0.0,831.92,831.92
ORD008144,CUST02112,2023-07-04,7,3,,Web,Mumbai,Cancelled,COD,Morning 6-10 AM,,0.0,981.67,0.0
ORD008145,CUST02112,2023-04-23,4,2,2023-04-24,App,Mumbai,Delivered,UPI,Morning 6-10 AM,,0.0,3538.92,3538.92
ORD008146,CUST02112,2023-12-11,12,4,2023-12-13,Web,Mumbai,Delivered,UPI,Afternoon 10-2 PM,,0.0,1438.69,1438.69
ORD008147,CUST02112,2023-05-09,5,2,2023-05-10,App,Mumbai,Delivered,Debit Card,Morning 6-10 AM,,0.0,3556.8,3556.8
ORD008148,CUST02112,2023-02-04,2,1,2023-02-05,Web,Mumbai,Returned,Debit Card,Late Night 8-11 PM,,0.0,1465.48,647.06
ORD008149,CUST02112,2023-12-27,12,4,2023-12-30,App,Mumbai,Delivered,COD,Afternoon 10-2 PM,,0.0,1578.01,1578.01
ORD008150,CUST02112,2023-09-27,9,3,2023-09-30,App,Mumbai,Delivered,COD,Morning 6-10 AM,,0.0,2210.45,2210.45
ORD008151,CUST02112,2023-08-11,8,3,2023-08-14,App,Mumbai,Delivered,UPI,Afternoon 10-2 PM,,0.0,484.26,484.26
ORD008152,CUST02112,2023-07-22,7,3,2023-07-23,App,Mumbai,Delivered,Debit Card,Evening 4-8 PM,,0.0,2789.2,2789.2
ORD008153,CUST02112,2023-01-28,1,1,2023-01-31,Web,Mumbai,Delivered,UPI,Evening 4-8 PM,,0.0,230.52,230.52
ORD008154,CUST02112,2023-09-13,9,3,2023-09-14,Kiosk,Mumbai,Delivered,Credit Card,Afternoon 10-2 PM,,0.0,455.94,455.94
ORD008155,CUST02114,2023-04-14,4,2,2023-04-15,Web,Bengaluru,Delivered,Wallet,Morning 6-10 AM,,0.0,109.12,109.12
ORD008156,CUST02114,2023-02-15,2,1,,App,Bengaluru,Cancelled,Credit Card,Afternoon 10-2 PM,,0.0,221.84,0.0
ORD008157,CUST02114,2023-10-14,10,4,2023-10-16,Kiosk,Bengaluru,Delivered,Credit Card,Evening 4-8 PM,,0.0,237.68,237.68
ORD008158,CUST02114,2023-06-09,6,2,2023-06-12,Kiosk,Bengaluru,Delivered,COD,Afternoon 10-2 PM,,0.0,365.41,365.41
ORD008159,CUST02114,2023-12-26,12,4,2023-12-29,App,Bengaluru,Delivered,UPI,Morning 6-10 AM,XMAS23,89.78,699.53,609.75
ORD008160,CUST02117,2023-06-12,6,2,2023-06-14,Web,Delhi,Delivered,Debit Card,Afternoon 10-2 PM,,0.0,1800.94,1800.94
ORD008161,CUST02117,2023-01-23,1,1,2023-01-25,Web,Delhi,Delivered,Debit Card,Afternoon 10-2 PM,,0.0,898.62,898.62
ORD008162,CUST02117,2023-07-08,7,3,2023-07-09,App,Delhi,Delivered,UPI,Late Night 8-11 PM,,0.0,110.36,110.36
ORD008163,CUST02117,2023-01-15,1,1,2023-01-18,App,Delhi,Delivered,Debit Card,Morning 6-10 AM,,0.0,1329.97,1329.97
ORD008164,CUST02117,2023-08-11,8,3,2023-08-14,App,Delhi,Delivered,UPI,Afternoon 10-2 PM,,0.0,503.33,503.33
ORD008165,CUST02117,2023-12-24,12,4,2023-12-26,App,Delhi,Delivered,UPI,Evening 4-8 PM,,0.0,2620.76,2620.76
ORD008166,CUST02117,2023-05-20,5,2,2023-05-21,Kiosk,Delhi,Delivered,UPI,Evening 4-8 PM,,0.0,350.24,350.24
ORD008167,CUST02117,2023-08-13,8,3,2023-08-15,Web,Delhi,Delivered,UPI,Afternoon 10-2 PM,FREEDOM23,176.79,1423.34,1246.55
ORD008168,CUST02117,2023-07-29,7,3,2023-07-31,App,Delhi,Delivered,UPI,Morning 6-10 AM,,0.0,783.35,783.35
ORD008169,CUST02117,2023-05-01,5,2,2023-05-04,Web,Delhi,Delivered,UPI,Morning 6-10 AM,,0.0,1443.37,1443.37
ORD008170,CUST02117,2023-06-23,6,2,2023-06-26,App,Delhi,Delivered,Credit Card,Afternoon 10-2 PM,,0.0,840.75,840.75
ORD008171,CUST02117,2023-09-12,9,3,2023-09-13,App,Delhi,Delivered,UPI,Morning 6-10 AM,,0.0,1663.53,1663.53
ORD008172,CUST02117,2023-11-21,11,4,2023-11-23,App,Delhi,Returned,UPI,Evening 4-8 PM,,0.0,2638.56,225.34
ORD008173,CUST02117,2023-08-09,8,3,2023-08-11,Kiosk,Delhi,Returned,COD,Evening 4-8 PM,,0.0,5296.84,2996.49
ORD008174,CUST02117,2023-06-10,6,2,2023-06-11,Web,Delhi,Delivered,COD,Morning 6-10 AM,,0.0,1154.51,1154.51
ORD008175,CUST02117,2023-09-01,9,3,2023-09-02,App,Delhi,Delivered,UPI,Morning 6-10 AM,,0.0,1889.9,1889.9
ORD008176,CUST02117,2023-04-14,4,2,2023-04-15,Web,Delhi,Delivered,Debit Card,Afternoon 10-2 PM,,0.0,2174.51,2174.51
ORD008177,CUST02117,2023-09-07,9,3,2023-09-10,App,Delhi,Delivered,UPI,Afternoon 10-2 PM,,0.0,308.04,308.04
ORD008178,CUST02117,2023-07-25,7,3,2023-07-28,App,Delhi,Delivered,COD,Evening 4-8 PM,,0.0,598.64,598.64
ORD008179,CUST02121,2023-11-30,11,4,2023-12-01,App,Ahmedabad,Delivered,Debit Card,Morning 6-10 AM,,0.0,333.23,333.23
ORD008180,CUST02122,2023-08-04,8,3,2023-08-06,App,Delhi,Delivered,UPI,Late Night 8-11 PM,,0.0,2382.59,2382.59
ORD008181,CUST02122,2023-10-11,10,4,2023-10-13,App,Delhi,Delivered,UPI,Evening 4-8 PM,,0.0,1336.05,1336.05
ORD008182,CUST02122,2023-09-02,9,3,,Web,Delhi,Cancelled,UPI,Evening 4-8 PM,,0.0,1365.65,0.0
ORD008183,CUST02122,2023-01-07,1,1,2023-01-10,Web,Delhi,Delivered,Debit Card,Morning 6-10 AM,,0.0,2455.05,2455.05
ORD008184,CUST02122,2023-10-19,10,4,2023-10-20,App,Delhi,Delivered,UPI,Morning 6-10 AM,,0.0,1074.3,1074.3
ORD008185,CUST02122,2023-09-06,9,3,2023-09-08,App,Delhi,Delivered,UPI,Afternoon 10-2 PM,,0.0,4282.95,4282.95
ORD008186,CUST02122,2023-11-15,11,4,2023-11-16,Kiosk,Delhi,Delivered,Wallet,Morning 6-10 AM,,0.0,1135.38,1135.38
ORD008187,CUST02122,2023-07-15,7,3,2023-07-17,App,Delhi,Delivered,COD,Late Night 8-11 PM,,0.0,105.97,105.97
ORD008188,CUST02122,2023-06-04,6,2,2023-06-07,App,Delhi,Delivered,UPI,Morning 6-10 AM,,0.0,326.45,326.45
ORD008189,CUST02122,2023-01-29,1,1,2023-01-31,App,Delhi,Delivered,UPI,,,0.0,1269.97,1269.97
ORD008190,CUST02122,2023-02-10,2,1,2023-02-12,Web,Delhi,Delivered,UPI,Evening 4-8 PM,LOVEFEB,124.08,892.08,768.0
ORD008191,CUST02123,2023-02-19,2,1,2023-02-22,App,Hyderabad,Delivered,Credit Card,Morning 6-10 AM,,0.0,1352.03,1352.03
ORD008192,CUST02123,2023-06-02,6,2,2023-06-04,App,Hyderabad,Delivered,UPI,Morning 6-10 AM,,0.0,234.16,234.16
ORD008193,CUST02123,2023-05-17,5,2,,App,Hyderabad,Cancelled,UPI,Morning 6-10 AM,,0.0,6445.13,0.0
ORD008194,CUST02123,2023-10-17,10,4,2023-10-19,Web,Hyderabad,Delivered,COD,Evening 4-8 PM,,0.0,524.83,524.83
ORD008195,CUST02123,2023-12-24,12,4,2023-12-27,App,Hyderabad,Delivered,Credit Card,Afternoon 10-2 PM,,0.0,1591.17,1591.17
ORD008196,CUST02123,2023-02-14,2,1,2023-02-15,App,Hyderabad,Delivered,UPI,Afternoon 10-2 PM,,0.0,1999.9,1999.9
ORD008197,CUST02123,2023-09-17,9,3,2023-09-18,App,Hyderabad,Delivered,Credit Card,Evening 4-8 PM,,0.0,1976.02,1976.02
ORD008198,CUST02123,2023-04-26,4,2,2023-04-29,App,Hyderabad,Delivered,UPI,Afternoon 10-2 PM,,0.0,2412.36,2412.36
ORD008199,CUST02123,2023-12-25,12,4,2023-12-27,Web,Hyderabad,Delivered,Wallet,Evening 4-8 PM,,0.0,1458.37,1458.37
ORD008200,CUST02123,2023-07-27,7,3,,Kiosk,Hyderabad,Cancelled,COD,Afternoon 10-2 PM,,0.0,3078.62,0.0
ORD008201,CUST02123,2023-09-15,9,3,2023-09-16,App,Hyderabad,Returned,Wallet,Afternoon 10-2 PM,,0.0,2561.74,492.1
ORD008202,CUST02123,2023-07-20,7,3,2023-07-21,App,Hyderabad,Delivered,UPI,Evening 4-8 PM,,0.0,1972.93,1972.93
ORD008203,CUST02123,2023-05-30,5,2,2023-06-02,App,Hyderabad,Delivered,Credit Card,Evening 4-8 PM,,0.0,200.15,200.15
ORD008204,CUST02123,2023-09-08,9,3,2023-09-09,App,Hyderabad,Delivered,UPI,Morning 6-10 AM,,0.0,1042.88,1042.88
ORD008205,CUST02123,2023-10-01,10,4,2023-10-02,Web,Hyderabad,Delivered,UPI,Evening 4-8 PM,,0.0,1086.92,1086.92
ORD008206,CUST02123,2023-05-07,5,2,2023-05-08,Kiosk,Hyderabad,Delivered,UPI,Evening 4-8 PM,,0.0,1161.24,1161.24
ORD008207,CUST02123,2023-01-27,1,1,2023-01-28,App,Hyderabad,Returned,UPI,Morning 6-10 AM,,0.0,443.82,104.87
ORD008208,CUST02123,2023-04-20,4,2,2023-04-21,App,Hyderabad,Delivered,UPI,Morning 6-10 AM,,0.0,2028.04,2028.04
ORD008209,CUST02123,2023-09-18,9,3,2023-09-20,App,Hyderabad,Delivered,UPI,Evening 4-8 PM,,0.0,2343.54,2343.54
ORD008210,CUST02124,2023-11-22,11,4,2023-11-24,App,Hyderabad,Delivered,UPI,Afternoon 10-2 PM,,0.0,369.27,369.27
ORD008211,CUST02125,2023-08-15,8,3,2023-08-17,App,Bengaluru,Delivered,Wallet,Morning 6-10 AM,,0.0,541.16,541.16
ORD008212,CUST02125,2023-09-02,9,3,2023-09-05,Web,Bengaluru,Delivered,Credit Card,Afternoon 10-2 PM,,0.0,448.03,448.03
ORD008213,CUST02126,2023-05-02,5,2,2023-05-03,Web,Delhi,Delivered,Credit Card,Evening 4-8 PM,,0.0,967.2,967.2
ORD008214,CUST02126,2023-11-11,11,4,2023-11-14,Web,Delhi,Delivered,UPI,Evening 4-8 PM,DIWALI23SUPER,190.85,1391.54,1200.69
ORD008215,CUST02126,2023-05-11,5,2,2023-05-14,App,Delhi,Delivered,UPI,Afternoon 10-2 PM,,0.0,606.87,606.87
ORD008216,CUST02127,2023-04-19,4,2,2023-04-22,Web,Mumbai,Delivered,UPI,Morning 6-10 AM,,0.0,75.17,75.17
ORD008217,CUST02127,2023-05-14,5,2,2023-05-16,App,Mumbai,Delivered,Credit Card,Afternoon 10-2 PM,,0.0,169.05,169.05
ORD008218,CUST02128,2023-03-12,3,1,2023-03-14,Web,Ahmedabad,Delivered,Debit Card,Evening 4-8 PM,,0.0,805.41,805.41
ORD008219,CUST02130,2023-03-03,3,1,2023-03-06,Web,Ahmedabad,Delivered,Credit Card,Evening 4-8 PM,,0.0,2503.82,2503.82
ORD008220,CUST02130,2023-10-29,10,4,,Web,Ahmedabad,Cancelled,Debit Card,Morning 6-10 AM,,0.0,267.6,0.0
ORD008221,CUST02130,2023-09-27,9,3,2023-09-29,App,Ahmedabad,Delivered,UPI,Late Night 8-11 PM,,0.0,2291.18,2291.18
ORD008222,CUST02130,2023-11-28,11,4,2023-11-29,App,Ahmedabad,Delivered,UPI,Late Night 8-11 PM,,0.0,219.51,219.51
ORD008223,CUST02130,2023-02-03,2,1,,App,Ahmedabad,Cancelled,COD,Afternoon 10-2 PM,,0.0,754.53,0.0
ORD008224,CUST02130,2023-07-04,7,3,2023-07-05,Kiosk,Ahmedabad,Delivered,Credit Card,Afternoon 10-2 PM,,0.0,1655.43,1655.43
ORD008225,CUST02130,2023-10-21,10,4,2023-10-23,Web,Ahmedabad,Delivered,COD,Morning 6-10 AM,,0.0,763.72,763.72
ORD008226,CUST02131,2023-02-06,2,1,2023-02-07,App,Mumbai,Delivered,Debit Card,Evening 4-8 PM,,0.0,4877.96,4877.96
ORD008227,CUST02131,2023-04-12,4,2,2023-04-13,App,Mumbai,Delivered,UPI,Morning 6-10 AM,,0.0,1734.54,1734.54
ORD008228,CUST02131,2023-09-10,9,3,2023-09-11,Web,Mumbai,Delivered,Debit Card,Afternoon 10-2 PM,,0.0,982.25,982.25
ORD008229,CUST02131,2023-12-16,12,4,2023-12-17,Web,Mumbai,Delivered,COD,Afternoon 10-2 PM,,0.0,374.36,374.36
ORD008230,CUST02131,2023-12-20,12,4,2023-12-21,App,Mumbai,Delivered,Credit Card,Evening 4-8 PM,,0.0,1275.89,1275.89
ORD008231,CUST02131,2023-10-13,10,4,2023-10-16,App,Mumbai,Delivered,UPI,Afternoon 10-2 PM,,0.0,1551.31,1551.31
ORD008232,CUST02131,2023-05-27,5,2,2023-05-28,App,Mumbai,Delivered,UPI,Morning 6-10 AM,,0.0,634.06,634.06
ORD008233,CUST02131,2023-11-03,11,4,2023-11-04,App,Mumbai,Delivered,Wallet,Morning 6-10 AM,,0.0,1016.83,1016.83
ORD008234,CUST02131,2023-05-19,5,2,2023-05-20,Web,Mumbai,Delivered,Wallet,Afternoon 10-2 PM,,0.0,3650.12,3650.12
ORD008235,CUST02131,2023-01-29,1,1,2023-02-01,App,Mumbai,Delivered,Debit Card,Morning 6-10 AM,,0.0,875.19,875.19
ORD008236,CUST02131,2023-05-22,5,2,2023-05-23,App,Mumbai,Delivered,Credit Card,Evening 4-8 PM,,0.0,2060.4,2060.4
ORD008237,CUST02133,2023-07-26,7,3,2023-07-27,App,Mumbai,Delivered,COD,Morning 6-10 AM,,0.0,497.3,497.3
ORD008238,CUST02133,2023-09-22,9,3,,App,Mumbai,Cancelled,UPI,Morning 6-10 AM,,0.0,2802.77,0.0
ORD008239,CUST02133,2023-03-25,3,1,2023-03-28,Web,Mumbai,Delivered,UPI,Morning 6-10 AM,,0.0,349.05,349.05
ORD008240,CUST02133,2023-04-17,4,2,2023-04-20,App,Mumbai,Delivered,COD,,,0.0,2436.24,2436.24
ORD008241,CUST02133,2023-11-08,11,4,2023-11-09,App,Mumbai,Delivered,Credit Card,Evening 4-8 PM,,0.0,1801.93,1801.93
ORD008242,CUST02133,2023-05-06,5,2,2023-05-07,Web,Mumbai,Delivered,UPI,Afternoon 10-2 PM,,0.0,1474.3,1474.3
ORD008243,CUST02133,2023-11-14,11,4,2023-11-17,Web,Mumbai,Delivered,Debit Card,Afternoon 10-2 PM,DIWALI23SUPER,117.74,1292.47,1174.73
ORD008244,CUST02133,2023-12-21,12,4,2023-12-22,Web,Mumbai,Delivered,Wallet,Morning 6-10 AM,,0.0,1094.44,1094.44
ORD008245,CUST02133,2023-03-08,3,1,2023-03-09,Kiosk,Mumbai,Delivered,UPI,Morning 6-10 AM,HOLI23,94.23,1768.36,1674.13
ORD008246,CUST02133,2023-11-11,11,4,2023-11-14,App,Mumbai,Delivered,Debit Card,Evening 4-8 PM,,0.0,2140.86,2140.86
ORD008247,CUST02133,2023-08-25,8,3,2023-08-27,App,Mumbai,Delivered,COD,Evening 4-8 PM,,0.0,582.39,582.39
ORD008248,CUST02133,2023-04-13,4,2,2023-04-16,Web,Mumbai,Delivered,UPI,Morning 6-10 AM,,0.0,850.23,850.23
ORD008249,CUST02133,2023-02-17,2,1,2023-02-19,App,Mumbai,Delivered,UPI,Morning 6-10 AM,,0.0,1938.14,1938.14
ORD008250,CUST02133,2023-06-23,6,2,2023-06-24,App,Mumbai,Delivered,Debit Card,Late Night 8-11 PM,,0.0,374.55,374.55
ORD008251,CUST02133,2023-07-28,7,3,2023-07-30,App,Mumbai,Delivered,UPI,Afternoon 10-2 PM,,0.0,2454.22,2454.22
ORD008252,CUST02133,2023-12-14,12,4,2023-12-16,App,Mumbai,Delivered,UPI,Morning 6-10 AM,,0.0,4361.92,4361.92
ORD008253,CUST02133,2023-06-06,6,2,,Kiosk,Mumbai,Cancelled,UPI,Morning 6-10 AM,,0.0,2665.23,0.0
ORD008254,CUST02133,2023-12-15,12,4,2023-12-17,App,Mumbai,Delivered,Credit Card,Late Night 8-11 PM,,0.0,3663.95,3663.95
ORD008255,CUST02134,2023-04-18,4,2,2023-04-21,App,Delhi,Delivered,UPI,Afternoon 10-2 PM,,0.0,2039.61,2039.61
ORD008256,CUST02134,2023-06-07,6,2,2023-06-10,App,Delhi,Delivered,COD,Morning 6-10 AM,,0.0,1065.92,1065.92
ORD008257,CUST02134,2023-09-13,9,3,2023-09-15,App,Delhi,Delivered,Credit Card,Late Night 8-11 PM,,0.0,629.21,629.21
ORD008258,CUST02134,2023-04-09,4,2,2023-04-10,Kiosk,Delhi,Returned,UPI,Afternoon 10-2 PM,,0.0,1469.19,123.71
ORD008259,CUST02134,2023-06-28,6,2,2023-06-30,App,Delhi,Delivered,UPI,Morning 6-10 AM,,0.0,2698.85,2698.85
ORD008260,CUST02134,2023-06-03,6,2,2023-06-04,App,Delhi,Delivered,UPI,Afternoon 10-2 PM,,0.0,2259.9,2259.9
ORD008261,CUST02134,2023-09-22,9,3,2023-09-25,App,Delhi,Delivered,Debit Card,Late Night 8-11 PM,,0.0,346.73,346.73
ORD008262,CUST02134,2023-03-31,3,1,2023-04-03,App,Delhi,Delivered,COD,Afternoon 10-2 PM,,0.0,580.14,580.14
ORD008263,CUST02134,2023-03-25,3,1,2023-03-26,Web,Delhi,Delivered,UPI,Afternoon 10-2 PM,,0.0,2161.16,2161.16
ORD008264,CUST02134,2023-10-15,10,4,2023-10-18,Web,Delhi,Delivered,UPI,Evening 4-8 PM,,0.0,584.28,584.28
ORD008265,CUST02134,2023-05-13,5,2,2023-05-14,Web,Delhi,Returned,Credit Card,Afternoon 10-2 PM,,0.0,5184.32,3751.47
ORD008266,CUST02134,2023-11-30,11,4,2023-12-02,Web,Delhi,Delivered,UPI,Late Night 8-11 PM,,0.0,3203.76,3203.76
ORD008267,CUST02134,2023-01-11,1,1,2023-01-13,App,Delhi,Delivered,Wallet,,,0.0,1032.24,1032.24
ORD008268,CUST02134,2023-06-28,6,2,2023-07-01,App,Delhi,Delivered,UPI,Evening 4-8 PM,,0.0,1370.39,1370.39
ORD008269,CUST02134,2023-05-01,5,2,2023-05-03,App,Delhi,Delivered,Credit Card,Afternoon 10-2 PM,,0.0,901.36,901.36
ORD008270,CUST02134,2023-05-09,5,2,2023-05-10,Web,Delhi,Delivered,Debit Card,Morning 6-10 AM,,0.0,830.46,830.46
ORD008271,CUST02134,2023-08-04,8,3,2023-08-07,App,Delhi,Delivered,Debit Card,Afternoon 10-2 PM,,0.0,1551.75,1551.75
ORD008272,CUST02134,2023-11-25,11,4,2023-11-27,App,Delhi,Delivered,UPI,Afternoon 10-2 PM,,0.0,375.06,375.06
ORD008273,CUST02134,2023-01-27,1,1,2023-01-30,App,Delhi,Delivered,COD,Late Night 8-11 PM,,0.0,1268.83,1268.83
ORD008274,CUST02134,2023-04-16,4,2,2023-04-19,Web,Delhi,Delivered,UPI,Evening 4-8 PM,,0.0,1947.85,1947.85
ORD008275,CUST02134,2023-05-11,5,2,2023-05-14,Web,Delhi,Delivered,Wallet,Evening 4-8 PM,,0.0,2002.92,2002.92
ORD008276,CUST02134,2023-09-15,9,3,2023-09-18,Web,Delhi,Delivered,Credit Card,Late Night 8-11 PM,,0.0,3089.04,3089.04
ORD008277,CUST02134,2023-10-20,10,4,2023-10-22,Web,Delhi,Delivered,UPI,Evening 4-8 PM,,0.0,1294.36,1294.36
ORD008278,CUST02134,2023-06-21,6,2,2023-06-23,App,Delhi,Delivered,Wallet,Afternoon 10-2 PM,,0.0,3102.49,3102.49
ORD008279,CUST02135,2023-12-01,12,4,2023-12-04,App,Hyderabad,Delivered,Credit Card,Morning 6-10 AM,,0.0,842.33,842.33
ORD008280,CUST02135,2023-01-31,1,1,2023-02-01,App,Hyderabad,Delivered,COD,Evening 4-8 PM,,0.0,932.45,932.45
ORD008281,CUST02135,2023-11-17,11,4,2023-11-18,Web,Hyderabad,Delivered,COD,Morning 6-10 AM,,0.0,1016.1,1016.1
ORD008282,CUST02135,2023-04-18,4,2,2023-04-20,App,Hyderabad,Delivered,UPI,Morning 6-10 AM,,0.0,3420.06,3420.06
ORD008283,CUST02135,2023-10-10,10,4,2023-10-11,App,Hyderabad,Delivered,UPI,Afternoon 10-2 PM,,0.0,1277.48,1277.48
ORD008284,CUST02135,2023-06-04,6,2,2023-06-06,Web,Hyderabad,Delivered,Wallet,Afternoon 10-2 PM,,0.0,1934.57,1934.57
ORD008285,CUST02135,2023-07-07,7,3,2023-07-09,Web,Hyderabad,Delivered,COD,Late Night 8-11 PM,,0.0,2312.97,2312.97
ORD008286,CUST02135,2023-12-04,12,4,2023-12-06,App,Hyderabad,Delivered,UPI,Late Night 8-11 PM,,0.0,3755.51,3755.51
ORD008287,CUST02135,2023-01-23,1,1,2023-01-24,App,Hyderabad,Delivered,Credit Card,Morning 6-10 AM,,0.0,1900.86,1900.86
ORD008288,CUST02135,2023-12-21,12,4,2023-12-24,App,Hyderabad,Delivered,UPI,Morning 6-10 AM,,0.0,2862.18,2862.18
ORD008289,CUST02135,2023-08-01,8,3,2023-08-04,App,Hyderabad,Delivered,UPI,Afternoon 10-2 PM,,0.0,177.07,177.07
ORD008290,CUST02135,2023-07-12,7,3,2023-07-14,App,Hyderabad,Delivered,UPI,Evening 4-8 PM,,0.0,390.17,390.17
ORD008291,CUST02135,2023-07-29,7,3,2023-07-31,Web,Hyderabad,Delivered,UPI,Morning 6-10 AM,,0.0,3169.24,3169.24
ORD008292,CUST02135,2023-12-20,12,4,2023-12-23,App,Hyderabad,Delivered,UPI,Morning 6-10 AM,,0.0,2339.93,2339.93
ORD008293,CUST02135,2023-06-06,6,2,2023-06-09,App,Hyderabad,Delivered,Wallet,Afternoon 10-2 PM,,0.0,714.51,714.51
ORD008294,CUST02135,2023-04-27,4,2,2023-04-28,Web,Hyderabad,Delivered,UPI,Evening 4-8 PM,,0.0,571.35,571.35
ORD008295,CUST02135,2023-11-30,11,4,2023-12-02,Web,Hyderabad,Delivered,UPI,Evening 4-8 PM,,0.0,1097.64,1097.64
ORD008296,CUST02135,2023-08-24,8,3,2023-08-26,Web,Hyderabad,Delivered,UPI,Afternoon 10-2 PM,,0.0,2095.37,2095.37
ORD008297,CUST02135,2023-12-25,12,4,2023-12-26,App,Hyderabad,Delivered,Credit Card,Afternoon 10-2 PM,XMAS23,6.86,41.27,34.41
ORD008298,CUST02135,2023-03-02,3,1,2023-03-03,Web,Hyderabad,Delivered,Credit Card,Evening 4-8 PM,,0.0,1872.8,1872.8
ORD008299,CUST02135,2023-01-04,1,1,2023-01-07,App,Hyderabad,Delivered,UPI,Morning 6-10 AM,,0.0,1803.41,1803.41
ORD008300,CUST02135,2023-03-27,3,1,2023-03-29,App,Hyderabad,Returned,COD,Afternoon 10-2 PM,,0.0,530.2,229.16
ORD008301,CUST02135,2023-10-15,10,4,2023-10-16,App,Hyderabad,Delivered,COD,Afternoon 10-2 PM,,0.0,953.52,953.52
ORD008302,CUST02135,2023-12-23,12,4,2023-12-24,App,Hyderabad,Delivered,UPI,Evening 4-8 PM,,0.0,177.8,177.8
ORD008303,CUST02135,2023-11-27,11,4,2023-11-29,Web,Hyderabad,Delivered,UPI,Evening 4-8 PM,,0.0,2510.88,2510.88
ORD008304,CUST02135,2023-09-09,9,3,,App,Hyderabad,Cancelled,UPI,Morning 6-10 AM,,0.0,851.82,0.0
ORD008305,CUST02135,2023-07-16,7,3,2023-07-19,App,Hyderabad,Delivered,Debit Card,Late Night 8-11 PM,,0.0,3043.66,3043.66
ORD008306,CUST02135,2023-12-24,12,4,2023-12-25,Kiosk,Hyderabad,Delivered,UPI,Evening 4-8 PM,,0.0,773.53,773.53
ORD008307,CUST02135,2023-05-30,5,2,2023-06-02,Web,Hyderabad,Delivered,UPI,Afternoon 10-2 PM,,0.0,1214.29,1214.29
ORD008308,CUST02135,2023-08-11,8,3,2023-08-14,App,Hyderabad,Delivered,COD,Morning 6-10 AM,,0.0,2637.73,2637.73
ORD008309,CUST02136,2023-01-27,1,1,2023-01-29,Web,Mumbai,Delivered,UPI,Morning 6-10 AM,,0.0,998.74,998.74
ORD008310,CUST02138,2023-07-21,7,3,2023-07-22,App,Hyderabad,Delivered,UPI,Evening 4-8 PM,,0.0,1325.52,1325.52
ORD008311,CUST02138,2023-10-31,10,4,2023-11-01,App,Hyderabad,Delivered,UPI,Evening 4-8 PM,,0.0,1673.24,1673.24
ORD008312,CUST02138,2023-03-15,3,1,2023-03-16,App,Hyderabad,Delivered,UPI,Afternoon 10-2 PM,,0.0,1280.92,1280.92
ORD008313,CUST02138,2023-11-12,11,4,2023-11-14,App,Hyderabad,Returned,Debit Card,Morning 6-10 AM,DIWALI23SUPER,3.69,21.44,0.0
ORD008314,CUST02138,2023-12-23,12,4,2023-12-24,App,Hyderabad,Delivered,UPI,Afternoon 10-2 PM,,0.0,192.59,192.59
ORD008315,CUST02138,2023-06-08,6,2,2023-06-10,App,Hyderabad,Delivered,COD,Evening 4-8 PM,,0.0,2977.23,2977.23
ORD008316,CUST02138,2023-04-03,4,2,2023-04-06,Kiosk,Hyderabad,Delivered,COD,Evening 4-8 PM,,0.0,1146.89,1146.89
ORD008317,CUST02138,2023-11-16,11,4,2023-11-18,Kiosk,Hyderabad,Delivered,UPI,Late Night 8-11 PM,,0.0,1203.27,1203.27
ORD008318,CUST02138,2023-05-20,5,2,2023-05-21,App,Hyderabad,Delivered,COD,Late Night 8-11 PM,,0.0,2745.72,2745.72
ORD008319,CUST02138,2023-11-16,11,4,2023-11-19,Web,Hyderabad,Delivered,Credit Card,Evening 4-8 PM,,0.0,2287.88,2287.88
ORD008320,CUST02138,2023-07-04,7,3,2023-07-06,Kiosk,Hyderabad,Delivered,UPI,Evening 4-8 PM,,0.0,183.43,183.43
ORD008321,CUST02138,2023-03-29,3,1,2023-03-30,Kiosk,Hyderabad,Delivered,COD,Evening 4-8 PM,,0.0,1321.95,1321.95
ORD008322,CUST02138,2023-06-26,6,2,2023-06-27,Web,Hyderabad,Delivered,COD,Morning 6-10 AM,,0.0,1753.55,1753.55
ORD008323,CUST02138,2023-04-27,4,2,2023-04-29,Kiosk,Hyderabad,Delivered,Debit Card,Late Night 8-11 PM,,0.0,659.43,659.43
ORD008324,CUST02138,2023-01-15,1,1,2023-01-18,Web,Hyderabad,Delivered,Debit Card,Late Night 8-11 PM,,0.0,1687.56,1687.56
ORD008325,CUST02138,2023-01-10,1,1,2023-01-12,App,Hyderabad,Delivered,UPI,Morning 6-10 AM,,0.0,1737.7,1737.7
ORD008326,CUST02138,2023-04-28,4,2,2023-05-01,App,Hyderabad,Delivered,UPI,Evening 4-8 PM,,0.0,450.63,450.63
ORD008327,CUST02138,2023-11-01,11,4,2023-11-02,Kiosk,Hyderabad,Delivered,Debit Card,Morning 6-10 AM,,0.0,1592.83,1592.83
ORD008328,CUST02138,2023-03-17,3,1,2023-03-20,App,Hyderabad,Delivered,Credit Card,Afternoon 10-2 PM,,0.0,1290.87,1290.87
ORD008329,CUST02138,2023-11-18,11,4,2023-11-19,App,Hyderabad,Delivered,COD,Late Night 8-11 PM,,0.0,1000.56,1000.56
ORD008330,CUST02138,2023-03-25,3,1,2023-03-28,Web,Hyderabad,Delivered,UPI,Evening 4-8 PM,,0.0,146.74,146.74
ORD008331,CUST02138,2023-11-29,11,4,2023-12-01,Web,Hyderabad,Delivered,COD,Morning 6-10 AM,,0.0,1475.09,1475.09
ORD008332,CUST02138,2023-11-02,11,4,2023-11-05,App,Hyderabad,Delivered,Debit Card,Morning 6-10 AM,,0.0,1926.62,1926.62
ORD008333,CUST02138,2023-12-12,12,4,2023-12-14,App,Hyderabad,Delivered,UPI,Evening 4-8 PM,,0.0,1526.62,1526.62
ORD008334,CUST02138,2023-11-28,11,4,2023-12-01,Web,Hyderabad,Delivered,UPI,Morning 6-10 AM,,0.0,2142.91,2142.91
ORD008335,CUST02138,2023-11-13,11,4,2023-11-14,App,Hyderabad,Delivered,UPI,Afternoon 10-2 PM,DIWALI23SUPER,124.83,878.47,753.64
ORD008336,CUST02139,2023-05-30,5,2,2023-06-02,Web,Mumbai,Delivered,Wallet,Morning 6-10 AM,,0.0,734.27,734.27
ORD008337,CUST02139,2023-09-16,9,3,2023-09-19,App,Mumbai,Delivered,UPI,Morning 6-10 AM,,0.0,1184.29,1184.29
ORD008338,CUST02139,2023-05-21,5,2,,App,Mumbai,Cancelled,Credit Card,Afternoon 10-2 PM,,0.0,3592.68,0.0
ORD008339,CUST02139,2023-03-05,3,1,2023-03-06,Web,Mumbai,Delivered,UPI,Afternoon 10-2 PM,,0.0,174.18,174.18
ORD008340,CUST02139,2023-11-19,11,4,2023-11-20,App,Mumbai,Delivered,Debit Card,Evening 4-8 PM,,0.0,461.48,461.48
ORD008341,CUST02139,2023-08-13,8,3,2023-08-16,App,Mumbai,Delivered,COD,Morning 6-10 AM,FREEDOM23,357.25,2929.51,2572.26
ORD008342,CUST02139,2023-09-12,9,3,2023-09-15,App,Mumbai,Delivered,UPI,Afternoon 10-2 PM,,0.0,670.55,670.55
ORD008343,CUST02139,2023-02-10,2,1,2023-02-12,Web,Mumbai,Delivered,UPI,Late Night 8-11 PM,LOVEFEB,2.13,28.82,26.69
ORD008344,CUST02140,2023-10-24,10,4,2023-10-27,Web,Delhi,Delivered,Debit Card,Morning 6-10 AM,,0.0,483.75,483.75
ORD008345,CUST02140,2023-04-13,4,2,2023-04-16,App,Delhi,Delivered,Debit Card,Afternoon 10-2 PM,,0.0,1010.23,1010.23
ORD008346,CUST02140,2023-05-05,5,2,2023-05-06,App,Delhi,Delivered,Debit Card,Morning 6-10 AM,,0.0,1346.89,1346.89
ORD008347,CUST02143,2023-12-07,12,4,2023-12-08,App,Hyderabad,Delivered,Credit Card,Evening 4-8 PM,,0.0,1716.1,1716.1
ORD008348,CUST02143,2023-05-19,5,2,2023-05-22,Web,Hyderabad,Delivered,Debit Card,Morning 6-10 AM,,0.0,1803.97,1803.97
ORD008349,CUST02143,2023-08-29,8,3,2023-08-30,App,Hyderabad,Delivered,Credit Card,Morning 6-10 AM,,0.0,1141.5,1141.5
ORD008350,CUST02143,2023-11-16,11,4,2023-11-17,Kiosk,Hyderabad,Delivered,Wallet,Evening 4-8 PM,,0.0,2230.25,2230.25
ORD008351,CUST02143,2023-12-07,12,4,,Kiosk,Hyderabad,Cancelled,UPI,Morning 6-10 AM,,0.0,233.28,0.0
ORD008352,CUST02143,2023-08-22,8,3,2023-08-24,Web,Hyderabad,Delivered,COD,Afternoon 10-2 PM,,0.0,1039.99,1039.99
ORD008353,CUST02143,2023-12-23,12,4,2023-12-25,Web,Hyderabad,Delivered,Credit Card,Morning 6-10 AM,,0.0,584.5,584.5
ORD008354,CUST02143,2023-08-10,8,3,,App,Hyderabad,Cancelled,UPI,,,0.0,278.89,0.0
ORD008355,CUST02143,2023-03-31,3,1,,App,Hyderabad,Cancelled,Debit Card,Evening 4-8 PM,,0.0,2273.73,0.0
ORD008356,CUST02143,2023-08-10,8,3,2023-08-13,App,Hyderabad,Delivered,UPI,Morning 6-10 AM,,0.0,2169.88,2169.88
ORD008357,CUST02143,2023-01-13,1,1,2023-01-14,App,Hyderabad,Delivered,UPI,Afternoon 10-2 PM,,0.0,515.9,515.9
ORD008358,CUST02146,2023-12-12,12,4,2023-12-15,App,Bengaluru,Delivered,Wallet,Evening 4-8 PM,,0.0,2096.3,2096.3
ORD008359,CUST02146,2023-10-28,10,4,2023-10-29,App,Bengaluru,Returned,COD,Afternoon 10-2 PM,,0.0,2718.19,2460.81
ORD008360,CUST02146,2023-06-04,6,2,2023-06-06,App,Bengaluru,Delivered,COD,Late Night 8-11 PM,,0.0,4420.0,4420.0
ORD008361,CUST02146,2023-07-01,7,3,2023-07-02,App,Bengaluru,Delivered,Credit Card,Afternoon 10-2 PM,,0.0,841.88,841.88
ORD008362,CUST02146,2023-09-03,9,3,2023-09-05,App,Bengaluru,Returned,Debit Card,Evening 4-8 PM,,0.0,537.67,266.71
ORD008363,CUST02146,2023-07-03,7,3,2023-07-05,App,Bengaluru,Delivered,UPI,Afternoon 10-2 PM,,0.0,1285.55,1285.55
ORD008364,CUST02146,2023-04-09,4,2,2023-04-12,App,Bengaluru,Delivered,UPI,Morning 6-10 AM,,0.0,613.21,613.21
ORD008365,CUST02146,2023-08-29,8,3,2023-08-31,App,Bengaluru,Delivered,COD,Morning 6-10 AM,,0.0,1944.26,1944.26
ORD008366,CUST02148,2023-01-02,1,1,,Web,Jaipur,Cancelled,COD,Afternoon 10-2 PM,,0.0,430.68,0.0
ORD008367,CUST02149,2023-11-08,11,4,2023-11-11,Web,Delhi,Delivered,UPI,Morning 6-10 AM,,0.0,1219.22,1219.22
ORD008368,CUST02149,2023-04-11,4,2,2023-04-13,Web,Delhi,Delivered,UPI,Morning 6-10 AM,,0.0,200.83,200.83
ORD008369,CUST02149,2023-03-27,3,1,,App,Delhi,Cancelled,Wallet,Late Night 8-11 PM,,0.0,812.98,0.0
ORD008370,CUST02149,2023-11-25,11,4,2023-11-27,App,Delhi,Delivered,Wallet,Evening 4-8 PM,BIGSALE23,5.25,41.28,36.03
ORD008371,CUST02149,2023-05-30,5,2,2023-06-01,App,Delhi,Delivered,Credit Card,Morning 6-10 AM,,0.0,1685.44,1685.44
ORD008372,CUST02150,2023-06-27,6,2,2023-06-28,App,Bengaluru,Delivered,Debit Card,Evening 4-8 PM,,0.0,650.34,650.34
ORD008373,CUST02150,2023-05-24,5,2,,Web,Bengaluru,Cancelled,Credit Card,Late Night 8-11 PM,,0.0,46.78,0.0
ORD008374,CUST02150,2023-12-04,12,4,2023-12-07,App,Bengaluru,Delivered,UPI,Morning 6-10 AM,,0.0,2681.0,2681.0
ORD008375,CUST02150,2023-09-30,9,3,2023-10-01,App,Bengaluru,Delivered,Credit Card,Morning 6-10 AM,,0.0,748.22,748.22
ORD008376,CUST02151,2023-12-10,12,4,2023-12-11,App,Mumbai,Returned,UPI,Evening 4-8 PM,,0.0,610.78,21.15
ORD008377,CUST02151,2023-10-20,10,4,2023-10-21,Kiosk,Mumbai,Delivered,UPI,Evening 4-8 PM,DUSSEHRA23,17.15,222.55,205.4
ORD008378,CUST02152,2023-11-19,11,4,2023-11-21,Web,Jaipur,Delivered,UPI,Morning 6-10 AM,,0.0,543.56,543.56
ORD008379,CUST02152,2023-12-28,12,4,2023-12-29,App,Jaipur,Delivered,Credit Card,Evening 4-8 PM,,0.0,1505.97,1505.97
ORD008380,CUST02152,2023-11-08,11,4,2023-11-10,App,Jaipur,Returned,UPI,Late Night 8-11 PM,,0.0,574.44,288.47
ORD008381,CUST02152,2023-11-26,11,4,2023-11-27,Web,Jaipur,Delivered,UPI,Morning 6-10 AM,,0.0,743.96,743.96
ORD008382,CUST02152,2023-12-24,12,4,2023-12-27,App,Jaipur,Delivered,UPI,Afternoon 10-2 PM,,0.0,2023.55,2023.55
ORD008383,CUST02152,2023-01-17,1,1,2023-01-20,Web,Jaipur,Delivered,Debit Card,Morning 6-10 AM,,0.0,610.14,610.14
ORD008384,CUST02152,2023-03-16,3,1,2023-03-18,App,Jaipur,Delivered,COD,Morning 6-10 AM,,0.0,2108.36,2108.36
ORD008385,CUST02154,2023-12-16,12,4,2023-12-19,Web,Bengaluru,Delivered,Debit Card,Evening 4-8 PM,,0.0,133.59,133.59
ORD008386,CUST02154,2023-08-12,8,3,2023-08-14,Web,Bengaluru,Delivered,COD,Afternoon 10-2 PM,,0.0,416.92,416.92
ORD008387,CUST02154,2023-03-24,3,1,2023-03-25,App,Bengaluru,Delivered,UPI,Morning 6-10 AM,,0.0,562.03,562.03
ORD008388,CUST02154,2023-08-22,8,3,2023-08-24,App,Bengaluru,Delivered,Credit Card,Afternoon 10-2 PM,,0.0,110.5,110.5
ORD008389,CUST02154,2023-06-22,6,2,2023-06-23,App,Bengaluru,Delivered,UPI,Morning 6-10 AM,,0.0,1174.1,1174.1
ORD008390,CUST02154,2023-04-09,4,2,2023-04-12,App,Bengaluru,Delivered,UPI,Morning 6-10 AM,,0.0,693.55,693.55
ORD008391,CUST02154,2023-06-21,6,2,2023-06-24,Kiosk,Bengaluru,Delivered,Credit Card,Afternoon 10-2 PM,,0.0,1080.25,1080.25
ORD008392,CUST02154,2023-02-14,2,1,,Web,Bengaluru,Cancelled,UPI,Morning 6-10 AM,,0.0,155.3,0.0
ORD008393,CUST02155,2023-11-04,11,4,2023-11-05,Web,Hyderabad,Returned,UPI,Late Night 8-11 PM,,0.0,251.55,2.66
ORD008394,CUST02155,2023-04-14,4,2,2023-04-15,App,Hyderabad,Delivered,UPI,Morning 6-10 AM,,0.0,1463.14,1463.14
ORD008395,CUST02156,2023-05-15,5,2,2023-05-18,App,Mumbai,Delivered,UPI,Evening 4-8 PM,,0.0,1182.26,1182.26
ORD008396,CUST02156,2023-08-29,8,3,2023-09-01,Web,Mumbai,Delivered,Debit Card,Late Night 8-11 PM,,0.0,222.68,222.68
ORD008397,CUST02156,2023-02-16,2,1,,App,Mumbai,Cancelled,Debit Card,Afternoon 10-2 PM,,0.0,570.56,0.0
ORD008398,CUST02157,2023-07-04,7,3,2023-07-06,Web,Delhi,Delivered,Credit Card,,,0.0,1288.44,1288.44
ORD008399,CUST02157,2023-02-11,2,1,2023-02-13,App,Delhi,Delivered,UPI,Evening 4-8 PM,,0.0,1439.41,1439.41
ORD008400,CUST02157,2023-08-11,8,3,2023-08-13,Web,Delhi,Delivered,Credit Card,Afternoon 10-2 PM,,0.0,2318.14,2318.14
ORD008401,CUST02157,2023-08-18,8,3,2023-08-21,Web,Delhi,Delivered,UPI,Evening 4-8 PM,,0.0,359.56,359.56
ORD008402,CUST02157,2023-10-24,10,4,2023-10-26,App,Delhi,Delivered,Debit Card,Afternoon 10-2 PM,,0.0,1174.59,1174.59
ORD008403,CUST02157,2023-06-19,6,2,2023-06-20,App,Delhi,Delivered,UPI,Afternoon 10-2 PM,,0.0,2555.55,2555.55
ORD008404,CUST02157,2023-01-29,1,1,2023-02-01,App,Delhi,Delivered,Credit Card,Morning 6-10 AM,,0.0,222.71,222.71
ORD008405,CUST02157,2023-03-19,3,1,2023-03-20,Web,Delhi,Delivered,UPI,Evening 4-8 PM,,0.0,1811.53,1811.53
ORD008406,CUST02157,2023-02-13,2,1,2023-02-16,Kiosk,Delhi,Delivered,COD,Evening 4-8 PM,,0.0,4168.59,4168.59
ORD008407,CUST02157,2023-11-03,11,4,2023-11-06,App,Delhi,Delivered,Debit Card,Late Night 8-11 PM,,0.0,556.28,556.28
ORD008408,CUST02157,2023-06-01,6,2,2023-06-02,Web,Delhi,Delivered,UPI,Morning 6-10 AM,,0.0,604.48,604.48
ORD008409,CUST02157,2023-01-10,1,1,2023-01-13,App,Delhi,Delivered,Credit Card,Morning 6-10 AM,,0.0,473.86,473.86
ORD008410,CUST02157,2023-01-01,1,1,2023-01-02,Web,Delhi,Delivered,Debit Card,Afternoon 10-2 PM,NY2023,150.42,1026.21,875.79
ORD008411,CUST02157,2023-02-28,2,1,2023-03-03,App,Delhi,Delivered,Credit Card,Morning 6-10 AM,,0.0,441.79,441.79
ORD008412,CUST02157,2023-08-31,8,3,,App,Delhi,Cancelled,Credit Card,Morning 6-10 AM,,0.0,636.4,0.0
ORD008413,CUST02157,2023-03-08,3,1,2023-03-10,App,Delhi,Returned,COD,Evening 4-8 PM,,0.0,532.35,130.75
ORD008414,CUST02159,2023-01-19,1,1,2023-01-21,Web,Bengaluru,Delivered,UPI,Morning 6-10 AM,,0.0,1380.03,1380.03
ORD008415,CUST02159,2023-05-20,5,2,,App,Bengaluru,Cancelled,COD,Morning 6-10 AM,,0.0,1088.36,0.0
ORD008416,CUST02159,2023-12-23,12,4,2023-12-24,App,Bengaluru,Delivered,Credit Card,Afternoon 10-2 PM,,0.0,1377.43,1377.43
ORD008417,CUST02159,2023-04-13,4,2,2023-04-15,App,Bengaluru,Delivered,UPI,Evening 4-8 PM,,0.0,2252.19,2252.19
ORD008418,CUST02159,2023-05-19,5,2,2023-05-21,Web,Bengaluru,Delivered,UPI,Morning 6-10 AM,,0.0,102.68,102.68
ORD008419,CUST02159,2023-07-01,7,3,2023-07-04,Web,Bengaluru,Delivered,UPI,Morning 6-10 AM,,0.0,696.95,696.95
ORD008420,CUST02159,2023-04-19,4,2,,Web,Bengaluru,Cancelled,Credit Card,Afternoon 10-2 PM,,0.0,3100.78,0.0
ORD008421,CUST02159,2023-12-04,12,4,2023-12-05,Web,Bengaluru,Delivered,Wallet,Morning 6-10 AM,,0.0,1011.18,1011.18
ORD008422,CUST02159,2023-04-29,4,2,2023-05-01,App,Bengaluru,Delivered,Debit Card,Morning 6-10 AM,,0.0,3315.54,3315.54
ORD008423,CUST02159,2023-10-21,10,4,2023-10-23,App,Bengaluru,Delivered,Credit Card,Morning 6-10 AM,,0.0,2648.96,2648.96
ORD008424,CUST02159,2023-12-30,12,4,,App,Bengaluru,Cancelled,UPI,Morning 6-10 AM,,0.0,1558.21,0.0
ORD008425,CUST02159,2023-10-20,10,4,2023-10-23,App,Bengaluru,Delivered,UPI,Evening 4-8 PM,DUSSEHRA23,142.91,1004.54,861.63
ORD008426,CUST02159,2023-02-02,2,1,2023-02-05,Kiosk,Bengaluru,Delivered,Wallet,Evening 4-8 PM,,0.0,1785.25,1785.25
ORD008427,CUST02159,2023-09-10,9,3,2023-09-11,App,Bengaluru,Delivered,UPI,Evening 4-8 PM,,0.0,2253.1,2253.1
ORD008428,CUST02159,2023-11-20,11,4,2023-11-22,Kiosk,Bengaluru,Delivered,Debit Card,Morning 6-10 AM,,0.0,762.36,762.36
ORD008429,CUST02159,2023-07-28,7,3,2023-07-30,App,Bengaluru,Delivered,UPI,Afternoon 10-2 PM,,0.0,687.66,687.66
ORD008430,CUST02159,2023-12-02,12,4,2023-12-04,App,Bengaluru,Delivered,UPI,Evening 4-8 PM,,0.0,1239.35,1239.35
ORD008431,CUST02159,2023-08-18,8,3,2023-08-21,App,Bengaluru,Delivered,Debit Card,Morning 6-10 AM,,0.0,3681.34,3681.34
ORD008432,CUST02159,2023-10-20,10,4,2023-10-22,Web,Bengaluru,Delivered,COD,Morning 6-10 AM,,0.0,3566.02,3566.02
ORD008433,CUST02159,2023-11-10,11,4,2023-11-13,App,Bengaluru,Delivered,UPI,Morning 6-10 AM,,0.0,687.11,687.11
ORD008434,CUST02159,2023-11-13,11,4,,Web,Bengaluru,Cancelled,UPI,Morning 6-10 AM,,0.0,2164.77,0.0
ORD008435,CUST02159,2023-03-15,3,1,2023-03-16,Kiosk,Bengaluru,Delivered,Wallet,Afternoon 10-2 PM,,0.0,1158.51,1158.51
ORD008436,CUST02159,2023-03-18,3,1,2023-03-19,App,Bengaluru,Delivered,UPI,Morning 6-10 AM,,0.0,2989.03,2989.03
ORD008437,CUST02159,2023-07-06,7,3,2023-07-09,Kiosk,Bengaluru,Delivered,UPI,Morning 6-10 AM,,0.0,3802.24,3802.24
ORD008438,CUST02159,2023-06-27,6,2,2023-06-30,App,Bengaluru,Delivered,UPI,Late Night 8-11 PM,,0.0,2778.86,2778.86
ORD008439,CUST02159,2023-03-19,3,1,2023-03-21,App,Bengaluru,Delivered,UPI,Evening 4-8 PM,,0.0,2147.84,2147.84
ORD008440,CUST02159,2023-02-11,2,1,2023-02-14,App,Bengaluru,Delivered,Credit Card,Evening 4-8 PM,LOVEFEB,98.4,990.48,892.08
ORD008441,CUST02159,2023-03-02,3,1,2023-03-04,App,Bengaluru,Delivered,UPI,Evening 4-8 PM,,0.0,2618.01,2618.01
ORD008442,CUST02159,2023-10-22,10,4,2023-10-24,App,Bengaluru,Delivered,Debit Card,Afternoon 10-2 PM,DUSSEHRA23,95.75,622.99,527.24
ORD008443,CUST02159,2023-02-10,2,1,2023-02-11,Web,Bengaluru,Delivered,Credit Card,Morning 6-10 AM,,0.0,2668.87,2668.87
ORD008444,CUST02159,2023-07-27,7,3,2023-07-28,Web,Bengaluru,Delivered,Credit Card,Morning 6-10 AM,,0.0,1093.98,1093.98
ORD008445,CUST02159,2023-05-03,5,2,2023-05-05,App,Bengaluru,Delivered,Credit Card,Evening 4-8 PM,,0.0,719.19,719.19
ORD008446,CUST02159,2023-10-22,10,4,2023-10-24,App,Bengaluru,Delivered,Debit Card,Evening 4-8 PM,,0.0,2865.16,2865.16
ORD008447,CUST02159,2023-10-27,10,4,2023-10-28,Web,Bengaluru,Delivered,Credit Card,Afternoon 10-2 PM,,0.0,3470.06,3470.06
ORD008448,CUST02159,2023-07-27,7,3,2023-07-28,App,Bengaluru,Delivered,COD,Afternoon 10-2 PM,,0.0,1415.6,1415.6
ORD008449,CUST02160,2023-10-18,10,4,2023-10-21,App,Mumbai,Delivered,UPI,Late Night 8-11 PM,,0.0,182.42,182.42
ORD008450,CUST02160,2023-09-18,9,3,2023-09-19,App,Mumbai,Delivered,UPI,Evening 4-8 PM,,0.0,2185.46,2185.46
ORD008451,CUST02160,2023-07-29,7,3,2023-07-30,App,Mumbai,Delivered,COD,Evening 4-8 PM,,0.0,330.77,330.77
ORD008452,CUST02160,2023-02-28,2,1,2023-03-01,Web,Mumbai,Delivered,Credit Card,Afternoon 10-2 PM,,0.0,1692.8,1692.8
ORD008453,CUST02160,2023-11-25,11,4,2023-11-26,Web,Mumbai,Delivered,COD,Evening 4-8 PM,,0.0,237.02,237.02
ORD008454,CUST02164,2023-09-04,9,3,2023-09-06,App,Jaipur,Delivered,UPI,,,0.0,582.23,582.23
ORD008455,CUST02165,2023-08-27,8,3,2023-08-28,Web,Delhi,Delivered,UPI,Morning 6-10 AM,,0.0,1981.24,1981.24
ORD008456,CUST02165,2023-04-17,4,2,2023-04-18,App,Delhi,Delivered,UPI,Evening 4-8 PM,,0.0,508.25,508.25
ORD008457,CUST02165,2023-10-02,10,4,2023-10-05,Web,Delhi,Delivered,UPI,Morning 6-10 AM,,0.0,4411.62,4411.62
ORD008458,CUST02165,2023-05-22,5,2,2023-05-25,App,Delhi,Delivered,Credit Card,Late Night 8-11 PM,,0.0,673.46,673.46
ORD008459,CUST02165,2023-04-07,4,2,2023-04-08,App,Delhi,Delivered,Credit Card,Morning 6-10 AM,,0.0,121.32,121.32
ORD008460,CUST02165,2023-05-01,5,2,2023-05-02,App,Delhi,Delivered,UPI,Evening 4-8 PM,,0.0,1683.76,1683.76
ORD008461,CUST02165,2023-02-09,2,1,2023-02-12,Web,Delhi,Delivered,UPI,Afternoon 10-2 PM,,0.0,806.21,806.21
ORD008462,CUST02165,2023-05-21,5,2,,Web,Delhi,Cancelled,UPI,Morning 6-10 AM,,0.0,1519.07,0.0
ORD008463,CUST02165,2023-10-15,10,4,2023-10-16,App,Delhi,Delivered,UPI,Afternoon 10-2 PM,,0.0,805.8,805.8
ORD008464,CUST02166,2023-03-24,3,1,,Web,Lucknow,Cancelled,UPI,Afternoon 10-2 PM,,0.0,272.68,0.0
ORD008465,CUST02169,2023-01-18,1,1,2023-01-20,Kiosk,Bengaluru,Delivered,COD,Morning 6-10 AM,,0.0,3317.03,3317.03
ORD008466,CUST02169,2023-07-20,7,3,,App,Bengaluru,Cancelled,UPI,Evening 4-8 PM,,0.0,1524.15,0.0
ORD008467,CUST02169,2023-02-21,2,1,2023-02-22,Web,Bengaluru,Delivered,Debit Card,Morning 6-10 AM,,0.0,896.97,896.97
ORD008468,CUST02169,2023-10-02,10,4,2023-10-04,Kiosk,Bengaluru,Delivered,Debit Card,Morning 6-10 AM,,0.0,855.43,855.43
ORD008469,CUST02169,2023-06-20,6,2,2023-06-22,Web,Bengaluru,Delivered,UPI,Afternoon 10-2 PM,,0.0,1432.67,1432.67
ORD008470,CUST02169,2023-09-04,9,3,2023-09-06,Kiosk,Bengaluru,Delivered,Debit Card,Evening 4-8 PM,,0.0,347.8,347.8
ORD008471,CUST02170,2023-05-10,5,2,2023-05-11,App,Hyderabad,Delivered,Wallet,Morning 6-10 AM,,0.0,5967.95,5967.95
ORD008472,CUST02170,2023-09-03,9,3,2023-09-06,App,Hyderabad,Delivered,UPI,Morning 6-10 AM,,0.0,1996.99,1996.99
ORD008473,CUST02170,2023-03-27,3,1,,App,Hyderabad,Cancelled,Credit Card,Morning 6-10 AM,,0.0,1581.78,0.0
ORD008474,CUST02170,2023-03-12,3,1,2023-03-14,App,Hyderabad,Delivered,Debit Card,Evening 4-8 PM,,0.0,824.29,824.29
ORD008475,CUST02170,2023-08-20,8,3,,App,Hyderabad,Cancelled,UPI,Afternoon 10-2 PM,,0.0,2196.83,0.0
ORD008476,CUST02170,2023-02-18,2,1,2023-02-20,App,Hyderabad,Delivered,UPI,Afternoon 10-2 PM,,0.0,1626.22,1626.22
ORD008477,CUST02170,2023-12-10,12,4,2023-12-12,App,Hyderabad,Delivered,COD,Evening 4-8 PM,,0.0,987.53,987.53
ORD008478,CUST02170,2023-07-08,7,3,2023-07-10,App,Hyderabad,Delivered,Credit Card,Morning 6-10 AM,,0.0,2090.3,2090.3
ORD008479,CUST02170,2023-12-14,12,4,,App,Hyderabad,Cancelled,Credit Card,Evening 4-8 PM,,0.0,3090.35,0.0
ORD008480,CUST02170,2023-04-07,4,2,2023-04-09,Kiosk,Hyderabad,Delivered,UPI,,,0.0,653.15,653.15
ORD008481,CUST02170,2023-12-21,12,4,2023-12-22,App,Hyderabad,Delivered,Credit Card,Late Night 8-11 PM,,0.0,2120.28,2120.28
ORD008482,CUST02170,2023-10-14,10,4,2023-10-17,Web,Hyderabad,Delivered,Debit Card,Afternoon 10-2 PM,,0.0,2695.37,2695.37
ORD008483,CUST02170,2023-02-17,2,1,2023-02-19,Web,Hyderabad,Returned,Credit Card,Afternoon 10-2 PM,,0.0,1719.92,133.28
ORD008484,CUST02170,2023-10-10,10,4,2023-10-11,Web,Hyderabad,Delivered,Debit Card,Late Night 8-11 PM,,0.0,812.8,812.8
ORD008485,CUST02170,2023-10-25,10,4,2023-10-26,Web,Hyderabad,Delivered,Credit Card,Evening 4-8 PM,,0.0,1364.6,1364.6
ORD008486,CUST02170,2023-06-05,6,2,2023-06-08,Web,Hyderabad,Delivered,UPI,Late Night 8-11 PM,,0.0,688.59,688.59
ORD008487,CUST02170,2023-06-18,6,2,2023-06-21,App,Hyderabad,Delivered,UPI,Morning 6-10 AM,,0.0,3520.5,3520.5
ORD008488,CUST02171,2023-10-18,10,4,2023-10-21,App,Delhi,Delivered,UPI,Morning 6-10 AM,,0.0,1104.07,1104.07
ORD008489,CUST02171,2023-08-29,8,3,2023-08-31,Web,Delhi,Delivered,UPI,Morning 6-10 AM,,0.0,460.6,460.6
ORD008490,CUST02173,2023-02-06,2,1,2023-02-09,Web,Mumbai,Delivered,UPI,,,0.0,248.78,248.78
ORD008491,CUST02174,2023-05-09,5,2,2023-05-10,App,Delhi,Delivered,Wallet,Morning 6-10 AM,,0.0,1623.73,1623.73
ORD008492,CUST02174,2023-12-21,12,4,2023-12-22,Kiosk,Delhi,Delivered,UPI,Evening 4-8 PM,,0.0,1222.04,1222.04
ORD008493,CUST02175,2023-09-27,9,3,2023-09-29,Web,Delhi,Delivered,Debit Card,Late Night 8-11 PM,,0.0,216.88,216.88
ORD008494,CUST02177,2023-03-11,3,1,,Web,Bengaluru,Cancelled,COD,Evening 4-8 PM,,0.0,185.99,0.0
ORD008495,CUST02177,2023-10-14,10,4,2023-10-17,Web,Bengaluru,Delivered,UPI,Afternoon 10-2 PM,,0.0,689.45,689.45
ORD008496,CUST02177,2023-10-12,10,4,2023-10-14,Web,Bengaluru,Delivered,Credit Card,Afternoon 10-2 PM,,0.0,598.46,598.46
ORD008497,CUST02177,2023-04-16,4,2,2023-04-17,App,Bengaluru,Delivered,Credit Card,Morning 6-10 AM,,0.0,50.32,50.32
ORD008498,CUST02178,2023-09-16,9,3,2023-09-17,App,Mumbai,Delivered,UPI,Evening 4-8 PM,,0.0,1456.55,1456.55
ORD008499,CUST02178,2023-08-24,8,3,2023-08-25,Kiosk,Mumbai,Delivered,Credit Card,Morning 6-10 AM,,0.0,264.67,264.67
ORD008500,CUST02178,2023-01-17,1,1,2023-01-19,Web,Mumbai,Delivered,Wallet,Morning 6-10 AM,,0.0,1409.3,1409.3
ORD008501,CUST02178,2023-04-23,4,2,2023-04-25,Kiosk,Mumbai,Delivered,UPI,Evening 4-8 PM,,0.0,3455.23,3455.23
ORD008502,CUST02178,2023-08-22,8,3,2023-08-23,Web,Mumbai,Delivered,UPI,Morning 6-10 AM,,0.0,375.18,375.18
ORD008503,CUST02178,2023-05-27,5,2,,App,Mumbai,Cancelled,Credit Card,Morning 6-10 AM,,0.0,793.67,0.0
ORD008504,CUST02178,2023-12-18,12,4,2023-12-19,Web,Mumbai,Delivered,UPI,Morning 6-10 AM,,0.0,899.46,899.46
ORD008505,CUST02178,2023-06-16,6,2,2023-06-19,App,Mumbai,Delivered,UPI,Late Night 8-11 PM,,0.0,745.54,745.54
ORD008506,CUST02180,2023-12-15,12,4,2023-12-17,App,Bengaluru,Delivered,Credit Card,Evening 4-8 PM,,0.0,100.81,100.81
ORD008507,CUST02181,2023-11-23,11,4,2023-11-26,App,Ahmedabad,Delivered,Credit Card,Afternoon 10-2 PM,BIGSALE23,145.48,848.08,702.6
ORD008508,CUST02182,2023-03-27,3,1,2023-03-29,App,Mumbai,Delivered,UPI,Late Night 8-11 PM,,0.0,1487.02,1487.02
ORD008509,CUST02182,2023-08-31,8,3,2023-09-01,App,Mumbai,Delivered,Debit Card,Late Night 8-11 PM,,0.0,451.03,451.03
ORD008510,CUST02182,2023-02-09,2,1,2023-02-12,App,Mumbai,Delivered,COD,Afternoon 10-2 PM,,0.0,729.87,729.87
ORD008511,CUST02182,2023-05-23,5,2,2023-05-25,App,Mumbai,Delivered,Debit Card,Afternoon 10-2 PM,,0.0,334.41,334.41
ORD008512,CUST02184,2023-08-10,8,3,2023-08-13,Kiosk,Mumbai,Delivered,UPI,Morning 6-10 AM,,0.0,182.26,182.26
ORD008513,CUST02185,2023-04-07,4,2,2023-04-09,Web,Mumbai,Delivered,UPI,Evening 4-8 PM,,0.0,1455.15,1455.15
ORD008514,CUST02185,2023-06-22,6,2,2023-06-24,App,Mumbai,Delivered,Credit Card,Evening 4-8 PM,,0.0,643.33,643.33
ORD008515,CUST02185,2023-04-17,4,2,2023-04-20,App,Mumbai,Delivered,UPI,Morning 6-10 AM,,0.0,2225.42,2225.42
ORD008516,CUST02185,2023-10-19,10,4,2023-10-20,App,Mumbai,Delivered,UPI,Morning 6-10 AM,,0.0,1109.12,1109.12
ORD008517,CUST02188,2023-03-12,3,1,2023-03-15,App,Pune,Delivered,UPI,Evening 4-8 PM,,0.0,805.74,805.74
ORD008518,CUST02191,2023-01-15,1,1,2023-01-18,App,Mumbai,Delivered,COD,Morning 6-10 AM,,0.0,267.42,267.42
ORD008519,CUST02196,2023-08-04,8,3,2023-08-07,Web,Hyderabad,Delivered,Credit Card,Morning 6-10 AM,,0.0,706.6,706.6
ORD008520,CUST02196,2023-10-01,10,4,2023-10-02,Web,Hyderabad,Delivered,UPI,Afternoon 10-2 PM,,0.0,1471.76,1471.76
ORD008521,CUST02197,2023-07-09,7,3,2023-07-11,Web,Pune,Returned,UPI,Evening 4-8 PM,,0.0,530.83,5.44
ORD008522,CUST02199,2023-06-17,6,2,2023-06-20,App,Hyderabad,Delivered,Debit Card,Afternoon 10-2 PM,,0.0,2039.49,2039.49
ORD008523,CUST02201,2023-11-08,11,4,2023-11-11,App,Mumbai,Delivered,UPI,Evening 4-8 PM,,0.0,3613.93,3613.93
ORD008524,CUST02201,2023-06-24,6,2,2023-06-27,Kiosk,Mumbai,Delivered,UPI,Evening 4-8 PM,,0.0,155.59,155.59
ORD008525,CUST02201,2023-06-23,6,2,2023-06-25,App,Mumbai,Delivered,UPI,Afternoon 10-2 PM,,0.0,2741.97,2741.97
ORD008526,CUST02201,2023-01-04,1,1,2023-01-05,Kiosk,Mumbai,Delivered,Credit Card,Afternoon 10-2 PM,NY2023,186.56,1057.4,870.84
ORD008527,CUST02201,2023-10-01,10,4,,App,Mumbai,Cancelled,UPI,Afternoon 10-2 PM,,0.0,398.38,0.0
ORD008528,CUST02201,2023-03-20,3,1,2023-03-22,App,Mumbai,Delivered,Credit Card,Afternoon 10-2 PM,,0.0,875.96,875.96
ORD008529,CUST02201,2023-11-20,11,4,2023-11-21,App,Mumbai,Delivered,UPI,Morning 6-10 AM,,0.0,3201.98,3201.98
ORD008530,CUST02201,2023-03-06,3,1,2023-03-07,App,Mumbai,Delivered,COD,Evening 4-8 PM,,0.0,778.05,778.05
ORD008531,CUST02201,2023-01-18,1,1,2023-01-21,App,Mumbai,Delivered,UPI,Morning 6-10 AM,,0.0,1440.2,1440.2
ORD008532,CUST02201,2023-12-29,12,4,2024-01-01,App,Mumbai,Delivered,UPI,Evening 4-8 PM,XMAS23,319.64,1816.69,1497.05
ORD008533,CUST02201,2023-12-12,12,4,2023-12-13,Web,Mumbai,Delivered,Debit Card,Late Night 8-11 PM,,0.0,1784.23,1784.23
ORD008534,CUST02202,2023-07-02,7,3,,App,Ahmedabad,Cancelled,Credit Card,Evening 4-8 PM,,0.0,643.86,0.0
ORD008535,CUST02204,2023-12-24,12,4,2023-12-27,Web,Bengaluru,Delivered,UPI,Morning 6-10 AM,XMAS23,109.28,767.42,658.14
ORD008536,CUST02204,2023-02-10,2,1,2023-02-13,App,Bengaluru,Delivered,UPI,Morning 6-10 AM,,0.0,352.51,352.51
ORD008537,CUST02204,2023-02-11,2,1,2023-02-13,App,Bengaluru,Delivered,UPI,Morning 6-10 AM,,0.0,540.07,540.07
ORD008538,CUST02204,2023-12-14,12,4,2023-12-15,App,Bengaluru,Delivered,UPI,,,0.0,2265.27,2265.27
ORD008539,CUST02204,2023-10-30,10,4,2023-10-31,Web,Bengaluru,Delivered,UPI,Evening 4-8 PM,,0.0,2044.62,2044.62
ORD008540,CUST02204,2023-04-30,4,2,,Kiosk,Bengaluru,Cancelled,Debit Card,Morning 6-10 AM,,0.0,2620.3,0.0
ORD008541,CUST02204,2023-05-16,5,2,2023-05-18,Web,Bengaluru,Delivered,Debit Card,Afternoon 10-2 PM,,0.0,1117.65,1117.65
ORD008542,CUST02204,2023-10-09,10,4,2023-10-12,App,Bengaluru,Delivered,UPI,Morning 6-10 AM,,0.0,292.49,292.49
ORD008543,CUST02204,2023-09-03,9,3,2023-09-06,App,Bengaluru,Delivered,UPI,Morning 6-10 AM,,0.0,2520.73,2520.73
ORD008544,CUST02204,2023-09-24,9,3,,App,Bengaluru,Cancelled,COD,Morning 6-10 AM,,0.0,1271.86,0.0
ORD008545,CUST02207,2023-11-11,11,4,2023-11-14,App,Jaipur,Delivered,UPI,Morning 6-10 AM,,0.0,965.17,965.17
ORD008546,CUST02207,2023-03-24,3,1,,App,Jaipur,Cancelled,Wallet,Afternoon 10-2 PM,,0.0,868.12,0.0
ORD008547,CUST02207,2023-09-04,9,3,2023-09-05,App,Jaipur,Delivered,COD,Morning 6-10 AM,,0.0,368.66,368.66
ORD008548,CUST02207,2023-04-28,4,2,2023-05-01,Web,Jaipur,Delivered,UPI,Late Night 8-11 PM,,0.0,1531.46,1531.46
ORD008549,CUST02207,2023-01-29,1,1,2023-01-30,Web,Jaipur,Returned,UPI,Evening 4-8 PM,,0.0,1411.28,1331.83
ORD008550,CUST02209,2023-05-01,5,2,2023-05-03,App,Delhi,Delivered,UPI,Morning 6-10 AM,,0.0,1371.86,1371.86
ORD008551,CUST02209,2023-03-11,3,1,,App,Delhi,Cancelled,COD,Afternoon 10-2 PM,,0.0,2091.34,0.0
ORD008552,CUST02209,2023-08-06,8,3,2023-08-08,App,Delhi,Delivered,Debit Card,Afternoon 10-2 PM,,0.0,449.09,449.09
ORD008553,CUST02209,2023-03-11,3,1,2023-03-12,App,Delhi,Returned,COD,Evening 4-8 PM,,0.0,960.3,421.53
ORD008554,CUST02209,2023-09-01,9,3,2023-09-04,Web,Delhi,Delivered,UPI,Afternoon 10-2 PM,,0.0,453.89,453.89
ORD008555,CUST02209,2023-09-29,9,3,2023-09-30,App,Delhi,Delivered,Debit Card,Morning 6-10 AM,,0.0,2262.93,2262.93
ORD008556,CUST02209,2023-05-15,5,2,2023-05-16,App,Delhi,Delivered,UPI,Afternoon 10-2 PM,,0.0,4509.06,4509.06
ORD008557,CUST02209,2023-05-18,5,2,2023-05-21,App,Delhi,Delivered,UPI,Morning 6-10 AM,,0.0,2745.17,2745.17
ORD008558,CUST02209,2023-11-22,11,4,2023-11-25,Web,Delhi,Delivered,Debit Card,Afternoon 10-2 PM,BIGSALE23,23.85,254.4,230.55
ORD008559,CUST02209,2023-11-15,11,4,2023-11-17,Kiosk,Delhi,Delivered,UPI,Evening 4-8 PM,,0.0,822.96,822.96
ORD008560,CUST02214,2023-06-21,6,2,2023-06-24,App,Pune,Delivered,Credit Card,Afternoon 10-2 PM,,0.0,806.03,806.03
ORD008561,CUST02214,2023-03-03,3,1,2023-03-04,App,Pune,Delivered,UPI,Afternoon 10-2 PM,,0.0,1780.77,1780.77
ORD008562,CUST02214,2023-01-16,1,1,2023-01-18,App,Pune,Returned,COD,Afternoon 10-2 PM,,0.0,493.93,31.38
ORD008563,CUST02214,2023-09-22,9,3,2023-09-25,App,Pune,Delivered,Wallet,Morning 6-10 AM,,0.0,3843.06,3843.06
ORD008564,CUST02214,2023-11-03,11,4,2023-11-05,App,Pune,Delivered,Credit Card,Evening 4-8 PM,,0.0,768.92,768.92
ORD008565,CUST02214,2023-10-12,10,4,2023-10-14,App,Pune,Delivered,UPI,Afternoon 10-2 PM,,0.0,168.06,168.06
ORD008566,CUST02214,2023-04-12,4,2,2023-04-14,App,Pune,Delivered,Credit Card,Morning 6-10 AM,,0.0,824.13,824.13
ORD008567,CUST02214,2023-09-04,9,3,2023-09-07,App,Pune,Delivered,Wallet,Evening 4-8 PM,,0.0,3988.3,3988.3
ORD008568,CUST02214,2023-12-19,12,4,2023-12-22,App,Pune,Delivered,Credit Card,Evening 4-8 PM,,0.0,572.83,572.83
ORD008569,CUST02214,2023-12-07,12,4,2023-12-09,App,Pune,Delivered,Debit Card,Evening 4-8 PM,,0.0,1601.38,1601.38
ORD008570,CUST02214,2023-04-25,4,2,2023-04-28,App,Pune,Delivered,Credit Card,Afternoon 10-2 PM,,0.0,1746.69,1746.69
ORD008571,CUST02214,2023-01-02,1,1,2023-01-05,Web,Pune,Delivered,UPI,Morning 6-10 AM,NY2023,141.97,1217.41,1075.44
ORD008572,CUST02214,2023-05-02,5,2,2023-05-05,Web,Pune,Delivered,Credit Card,Afternoon 10-2 PM,,0.0,183.18,183.18
ORD008573,CUST02214,2023-08-30,8,3,2023-08-31,App,Pune,Delivered,Debit Card,Morning 6-10 AM,,0.0,878.73,878.73
ORD008574,CUST02214,2023-06-11,6,2,2023-06-14,App,Pune,Delivered,Credit Card,Late Night 8-11 PM,,0.0,726.68,726.68
ORD008575,CUST02214,2023-01-21,1,1,2023-01-23,App,Pune,Delivered,Debit Card,Afternoon 10-2 PM,,0.0,1255.53,1255.53
ORD008576,CUST02214,2023-12-29,12,4,2023-12-30,Kiosk,Pune,Delivered,UPI,Evening 4-8 PM,XMAS23,288.74,2247.53,1958.79
ORD008577,CUST02214,2023-11-04,11,4,2023-11-07,Kiosk,Pune,Delivered,Credit Card,Evening 4-8 PM,,0.0,412.45,412.45
ORD008578,CUST02214,2023-12-20,12,4,2023-12-22,App,Pune,Delivered,UPI,Morning 6-10 AM,,0.0,933.13,933.13
ORD008579,CUST02214,2023-09-10,9,3,2023-09-12,Web,Pune,Delivered,COD,Afternoon 10-2 PM,,0.0,589.24,589.24
ORD008580,CUST02214,2023-10-17,10,4,2023-10-20,App,Pune,Delivered,Credit Card,Afternoon 10-2 PM,,0.0,1074.95,1074.95
ORD008581,CUST02214,2023-04-10,4,2,2023-04-12,App,Pune,Delivered,Credit Card,Evening 4-8 PM,,0.0,773.82,773.82
ORD008582,CUST02217,2023-09-05,9,3,2023-09-07,App,Bengaluru,Delivered,UPI,Late Night 8-11 PM,,0.0,301.08,301.08
ORD008583,CUST02217,2023-10-29,10,4,2023-10-30,Web,Bengaluru,Delivered,UPI,Morning 6-10 AM,,0.0,1256.68,1256.68
ORD008584,CUST02217,2023-11-15,11,4,2023-11-18,App,Bengaluru,Delivered,UPI,Morning 6-10 AM,,0.0,1685.61,1685.61
ORD008585,CUST02217,2023-11-09,11,4,2023-11-12,Web,Bengaluru,Delivered,Debit Card,Evening 4-8 PM,,0.0,366.98,366.98
ORD008586,CUST02217,2023-01-24,1,1,2023-01-27,App,Bengaluru,Delivered,COD,Afternoon 10-2 PM,,0.0,4481.79,4481.79
ORD008587,CUST02217,2023-07-24,7,3,2023-07-25,App,Bengaluru,Delivered,UPI,Afternoon 10-2 PM,,0.0,3141.6,3141.6
ORD008588,CUST02217,2023-05-12,5,2,2023-05-14,Web,Bengaluru,Delivered,COD,Evening 4-8 PM,,0.0,926.13,926.13
ORD008589,CUST02218,2023-02-06,2,1,2023-02-08,App,Lucknow,Returned,Wallet,Morning 6-10 AM,,0.0,751.05,9.48
ORD008590,CUST02219,2023-04-18,4,2,,Web,Ahmedabad,Cancelled,Wallet,Evening 4-8 PM,,0.0,1129.84,0.0
ORD008591,CUST02220,2023-04-26,4,2,2023-04-28,Web,Delhi,Delivered,UPI,Afternoon 10-2 PM,,0.0,496.96,496.96
ORD008592,CUST02220,2023-05-28,5,2,,App,Delhi,Cancelled,UPI,Morning 6-10 AM,,0.0,821.67,0.0
ORD008593,CUST02220,2023-08-18,8,3,2023-08-19,Web,Delhi,Delivered,UPI,Afternoon 10-2 PM,,0.0,112.8,112.8
ORD008594,CUST02220,2023-01-03,1,1,2023-01-05,App,Delhi,Delivered,Debit Card,Late Night 8-11 PM,,0.0,270.61,270.61
ORD008595,CUST02222,2023-03-07,3,1,2023-03-09,App,Mumbai,Returned,UPI,Morning 6-10 AM,,0.0,214.79,3.73
ORD008596,CUST02222,2023-08-30,8,3,2023-09-01,App,Mumbai,Delivered,UPI,Morning 6-10 AM,,0.0,712.6,712.6
ORD008597,CUST02222,2023-08-07,8,3,2023-08-10,App,Mumbai,Delivered,Credit Card,Afternoon 10-2 PM,,0.0,3845.26,3845.26
ORD008598,CUST02228,2023-08-15,8,3,2023-08-17,App,Bengaluru,Delivered,UPI,Morning 6-10 AM,,0.0,331.34,331.34
ORD008599,CUST02230,2023-04-08,4,2,2023-04-11,App,Delhi,Delivered,UPI,Morning 6-10 AM,,0.0,232.86,232.86
ORD008600,CUST02231,2023-03-23,3,1,2023-03-25,Web,Mumbai,Delivered,Credit Card,Afternoon 10-2 PM,,0.0,494.26,494.26
ORD008601,CUST02232,2023-02-26,2,1,2023-02-27,Web,Ahmedabad,Delivered,Credit Card,Afternoon 10-2 PM,,0.0,340.19,340.19
ORD008602,CUST02232,2023-09-16,9,3,2023-09-18,App,Ahmedabad,Delivered,UPI,Evening 4-8 PM,,0.0,2831.27,2831.27
ORD008603,CUST02233,2023-10-25,10,4,2023-10-27,Web,Pune,Delivered,Credit Card,Morning 6-10 AM,,0.0,116.85,116.85
ORD008604,CUST02235,2023-03-03,3,1,2023-03-04,Web,Delhi,Delivered,UPI,,,0.0,1621.21,1621.21
ORD008605,CUST02235,2023-01-10,1,1,2023-01-12,Kiosk,Delhi,Returned,COD,Evening 4-8 PM,,0.0,1204.31,566.07
ORD008606,CUST02235,2023-04-17,4,2,2023-04-19,App,Delhi,Returned,UPI,Evening 4-8 PM,,0.0,618.89,27.91
ORD008607,CUST02235,2023-10-25,10,4,2023-10-28,App,Delhi,Delivered,UPI,Morning 6-10 AM,,0.0,1652.86,1652.86
ORD008608,CUST02235,2023-03-22,3,1,2023-03-23,App,Delhi,Delivered,UPI,Afternoon 10-2 PM,,0.0,1665.75,1665.75
ORD008609,CUST02235,2023-11-10,11,4,2023-11-12,Web,Delhi,Delivered,COD,Morning 6-10 AM,,0.0,1402.93,1402.93
ORD008610,CUST02235,2023-11-16,11,4,2023-11-17,App,Delhi,Delivered,COD,Evening 4-8 PM,,0.0,911.55,911.55
ORD008611,CUST02235,2023-12-21,12,4,2023-12-22,Web,Delhi,Delivered,COD,Morning 6-10 AM,,0.0,5885.55,5885.55
ORD008612,CUST02235,2023-09-23,9,3,,Kiosk,Delhi,Cancelled,Credit Card,Evening 4-8 PM,,0.0,1061.18,0.0
ORD008613,CUST02235,2023-01-19,1,1,2023-01-22,Web,Delhi,Delivered,Debit Card,Morning 6-10 AM,,0.0,1704.53,1704.53
ORD008614,CUST02235,2023-11-12,11,4,2023-11-15,App,Delhi,Delivered,UPI,Morning 6-10 AM,,0.0,997.61,997.61
ORD008615,CUST02235,2023-01-30,1,1,,Web,Delhi,Cancelled,Credit Card,Morning 6-10 AM,,0.0,1408.46,0.0
ORD008616,CUST02235,2023-07-06,7,3,2023-07-07,Web,Delhi,Delivered,COD,Afternoon 10-2 PM,,0.0,1271.13,1271.13
ORD008617,CUST02235,2023-07-26,7,3,2023-07-28,App,Delhi,Delivered,Credit Card,Afternoon 10-2 PM,,0.0,2438.74,2438.74
ORD008618,CUST02235,2023-12-26,12,4,,Kiosk,Delhi,Cancelled,Credit Card,Evening 4-8 PM,,0.0,300.66,0.0
ORD008619,CUST02235,2023-08-31,8,3,2023-09-03,App,Delhi,Delivered,UPI,Late Night 8-11 PM,,0.0,1316.43,1316.43
ORD008620,CUST02236,2023-09-06,9,3,,Kiosk,Bengaluru,Cancelled,UPI,Morning 6-10 AM,,0.0,316.3,0.0
ORD008621,CUST02238,2023-09-03,9,3,2023-09-05,App,Bengaluru,Returned,Credit Card,Afternoon 10-2 PM,,0.0,427.32,5.3
ORD008622,CUST02238,2023-01-03,1,1,2023-01-05,Web,Bengaluru,Delivered,Credit Card,,,0.0,547.13,547.13
ORD008623,CUST02240,2023-07-22,7,3,2023-07-24,App,Delhi,Delivered,UPI,Evening 4-8 PM,,0.0,1092.23,1092.23
ORD008624,CUST02240,2023-05-09,5,2,2023-05-10,App,Delhi,Delivered,Wallet,,,0.0,52.29,52.29
ORD008625,CUST02240,2023-12-21,12,4,2023-12-24,App,Delhi,Delivered,UPI,Morning 6-10 AM,,0.0,1092.95,1092.95
ORD008626,CUST02240,2023-12-18,12,4,2023-12-21,Kiosk,Delhi,Delivered,UPI,Morning 6-10 AM,,0.0,511.34,511.34
ORD008627,CUST02240,2023-04-25,4,2,,Web,Delhi,Cancelled,Wallet,Late Night 8-11 PM,,0.0,1526.28,0.0
ORD008628,CUST02243,2023-05-31,5,2,2023-06-03,Web,Mumbai,Delivered,UPI,Morning 6-10 AM,,0.0,2003.44,2003.44
ORD008629,CUST02243,2023-10-19,10,4,2023-10-21,App,Mumbai,Delivered,UPI,Evening 4-8 PM,,0.0,1266.78,1266.78
ORD008630,CUST02243,2023-09-17,9,3,,App,Mumbai,Cancelled,UPI,Morning 6-10 AM,,0.0,616.63,0.0
ORD008631,CUST02244,2023-03-04,3,1,2023-03-07,Web,Mumbai,Delivered,UPI,Morning 6-10 AM,,0.0,690.16,690.16
ORD008632,CUST02244,2023-05-10,5,2,2023-05-11,App,Mumbai,Delivered,COD,Morning 6-10 AM,,0.0,902.1,902.1
ORD008633,CUST02244,2023-05-27,5,2,,Web,Mumbai,Cancelled,COD,Morning 6-10 AM,,0.0,809.33,0.0
ORD008634,CUST02244,2023-01-22,1,1,2023-01-25,App,Mumbai,Delivered,UPI,Morning 6-10 AM,,0.0,1010.71,1010.71
ORD008635,CUST02244,2023-05-07,5,2,2023-05-09,Kiosk,Mumbai,Delivered,UPI,Evening 4-8 PM,,0.0,425.05,425.05
ORD008636,CUST02244,2023-11-28,11,4,2023-11-29,App,Mumbai,Delivered,UPI,Evening 4-8 PM,,0.0,936.07,936.07
ORD008637,CUST02244,2023-11-02,11,4,2023-11-04,Web,Mumbai,Delivered,UPI,Evening 4-8 PM,,0.0,780.04,780.04
ORD008638,CUST02244,2023-03-31,3,1,2023-04-03,App,Mumbai,Delivered,Debit Card,Evening 4-8 PM,,0.0,933.12,933.12
ORD008639,CUST02244,2023-07-22,7,3,2023-07-24,App,Mumbai,Delivered,Wallet,Evening 4-8 PM,,0.0,1289.65,1289.65
ORD008640,CUST02244,2023-05-20,5,2,,Web,Mumbai,Cancelled,Credit Card,Afternoon 10-2 PM,,0.0,2435.59,0.0
ORD008641,CUST02245,2023-05-23,5,2,2023-05-24,App,Jaipur,Delivered,UPI,Afternoon 10-2 PM,,0.0,1641.78,1641.78
ORD008642,CUST02246,2023-10-10,10,4,2023-10-11,App,Hyderabad,Delivered,Debit Card,Morning 6-10 AM,,0.0,692.08,692.08
ORD008643,CUST02246,2023-01-24,1,1,2023-01-27,Kiosk,Hyderabad,Delivered,Wallet,Afternoon 10-2 PM,,0.0,1610.37,1610.37
ORD008644,CUST02246,2023-02-17,2,1,2023-02-19,Web,Hyderabad,Delivered,Credit Card,Evening 4-8 PM,,0.0,1057.95,1057.95
ORD008645,CUST02246,2023-07-31,7,3,2023-08-03,App,Hyderabad,Delivered,UPI,Morning 6-10 AM,,0.0,538.54,538.54
ORD008646,CUST02246,2023-01-05,1,1,2023-01-07,App,Hyderabad,Delivered,UPI,Morning 6-10 AM,,0.0,1865.88,1865.88
ORD008647,CUST02246,2023-08-03,8,3,2023-08-05,App,Hyderabad,Delivered,Wallet,Evening 4-8 PM,,0.0,310.12,310.12
ORD008648,CUST02246,2023-07-23,7,3,2023-07-26,App,Hyderabad,Delivered,Debit Card,Afternoon 10-2 PM,,0.0,1503.05,1503.05
ORD008649,CUST02246,2023-01-17,1,1,,Kiosk,Hyderabad,Cancelled,UPI,Afternoon 10-2 PM,,0.0,1702.76,0.0
ORD008650,CUST02246,2023-06-28,6,2,2023-07-01,App,Hyderabad,Delivered,UPI,Afternoon 10-2 PM,,0.0,853.54,853.54
ORD008651,CUST02246,2023-11-22,11,4,,App,Hyderabad,Cancelled,Credit Card,Morning 6-10 AM,BIGSALE23,0.0,557.67,0.0
ORD008652,CUST02249,2023-12-30,12,4,2024-01-01,Web,Delhi,Delivered,UPI,Evening 4-8 PM,,0.0,125.84,125.84
ORD008653,CUST02249,2023-11-01,11,4,2023-11-04,App,Delhi,Delivered,Debit Card,Evening 4-8 PM,,0.0,622.85,622.85
ORD008654,CUST02249,2023-07-21,7,3,2023-07-24,Web,Delhi,Delivered,Debit Card,Afternoon 10-2 PM,,0.0,992.1,992.1
ORD008655,CUST02249,2023-09-27,9,3,2023-09-29,App,Delhi,Delivered,Credit Card,Evening 4-8 PM,,0.0,918.78,918.78
ORD008656,CUST02249,2023-03-03,3,1,2023-03-05,App,Delhi,Delivered,UPI,Evening 4-8 PM,,0.0,550.83,550.83
ORD008657,CUST02249,2023-03-30,3,1,2023-04-01,Kiosk,Delhi,Delivered,UPI,Afternoon 10-2 PM,,0.0,145.32,145.32
ORD008658,CUST02249,2023-02-04,2,1,2023-02-05,Kiosk,Delhi,Delivered,Credit Card,Morning 6-10 AM,,0.0,2543.54,2543.54
ORD008659,CUST02249,2023-07-06,7,3,2023-07-07,App,Delhi,Returned,UPI,Afternoon 10-2 PM,,0.0,751.53,439.1
ORD008660,CUST02249,2023-08-09,8,3,,Web,Delhi,Cancelled,UPI,Afternoon 10-2 PM,,0.0,1092.39,0.0
ORD008661,CUST02249,2023-06-12,6,2,2023-06-14,App,Delhi,Delivered,Debit Card,Late Night 8-11 PM,,0.0,1881.48,1881.48
ORD008662,CUST02249,2023-05-01,5,2,2023-05-04,App,Delhi,Delivered,Debit Card,Afternoon 10-2 PM,,0.0,520.33,520.33
ORD008663,CUST02250,2023-03-21,3,1,2023-03-24,Kiosk,Mumbai,Delivered,UPI,Afternoon 10-2 PM,,0.0,249.42,249.42
ORD008664,CUST02250,2023-01-13,1,1,,App,Mumbai,Cancelled,UPI,Morning 6-10 AM,,0.0,220.7,0.0
ORD008665,CUST02250,2023-11-23,11,4,2023-11-24,App,Mumbai,Delivered,UPI,Evening 4-8 PM,BIGSALE23,211.48,1259.88,1048.4
ORD008666,CUST02250,2023-02-08,2,1,2023-02-09,App,Mumbai,Delivered,COD,Evening 4-8 PM,,0.0,860.47,860.47
ORD008667,CUST02250,2023-08-19,8,3,2023-08-21,App,Mumbai,Delivered,Credit Card,Evening 4-8 PM,,0.0,1535.03,1535.03
ORD008668,CUST02250,2023-04-11,4,2,2023-04-12,Kiosk,Mumbai,Delivered,UPI,Late Night 8-11 PM,,0.0,1304.53,1304.53
ORD008669,CUST02257,2023-11-20,11,4,2023-11-21,App,Bengaluru,Delivered,UPI,Afternoon 10-2 PM,,0.0,140.27,140.27
ORD008670,CUST02258,2023-04-18,4,2,2023-04-20,Web,Mumbai,Delivered,UPI,Morning 6-10 AM,,0.0,797.89,797.89
ORD008671,CUST02258,2023-09-12,9,3,2023-09-15,Web,Mumbai,Delivered,Debit Card,Morning 6-10 AM,,0.0,924.15,924.15
ORD008672,CUST02258,2023-08-26,8,3,2023-08-28,App,Mumbai,Delivered,UPI,Evening 4-8 PM,,0.0,587.9,587.9
ORD008673,CUST02265,2023-10-26,10,4,2023-10-28,Web,Delhi,Returned,UPI,Evening 4-8 PM,,0.0,1360.28,15.16
ORD008674,CUST02266,2023-11-14,11,4,2023-11-17,Web,Jaipur,Delivered,Wallet,Evening 4-8 PM,DIWALI23SUPER,38.18,720.82,682.64
ORD008675,CUST02267,2023-10-12,10,4,2023-10-15,Web,Bengaluru,Delivered,Credit Card,Afternoon 10-2 PM,,0.0,1920.81,1920.81
ORD008676,CUST02267,2023-11-02,11,4,2023-11-05,Kiosk,Bengaluru,Delivered,UPI,Afternoon 10-2 PM,,0.0,912.93,912.93
ORD008677,CUST02267,2023-02-19,2,1,2023-02-21,App,Bengaluru,Delivered,UPI,Morning 6-10 AM,,0.0,1139.76,1139.76
ORD008678,CUST02267,2023-12-30,12,4,2024-01-02,App,Bengaluru,Delivered,COD,Late Night 8-11 PM,XMAS23,20.99,197.99,177.0
ORD008679,CUST02267,2023-10-26,10,4,2023-10-27,Web,Bengaluru,Delivered,COD,Evening 4-8 PM,,0.0,145.32,145.32
ORD008680,CUST02267,2023-08-13,8,3,2023-08-14,Web,Bengaluru,Returned,Credit Card,Morning 6-10 AM,,0.0,13.87,0.2
ORD008681,CUST02268,2023-04-01,4,2,2023-04-02,App,Bengaluru,Delivered,UPI,Morning 6-10 AM,,0.0,157.49,157.49
ORD008682,CUST02269,2023-10-22,10,4,2023-10-25,App,Bengaluru,Delivered,Debit Card,Morning 6-10 AM,,0.0,222.1,222.1
ORD008683,CUST02269,2023-10-27,10,4,,Web,Bengaluru,Cancelled,COD,Late Night 8-11 PM,,0.0,510.36,0.0
ORD008684,CUST02269,2023-10-27,10,4,2023-10-29,App,Bengaluru,Delivered,Credit Card,Morning 6-10 AM,,0.0,1168.7,1168.7
ORD008685,CUST02269,2023-06-08,6,2,2023-06-10,Kiosk,Bengaluru,Delivered,Debit Card,Afternoon 10-2 PM,,0.0,764.87,764.87
ORD008686,CUST02269,2023-05-06,5,2,2023-05-07,App,Bengaluru,Delivered,Credit Card,Afternoon 10-2 PM,,0.0,1342.96,1342.96
ORD008687,CUST02269,2023-04-05,4,2,2023-04-08,Web,Bengaluru,Delivered,COD,Evening 4-8 PM,,0.0,425.35,425.35
ORD008688,CUST02270,2023-04-06,4,2,2023-04-08,Kiosk,Bengaluru,Delivered,UPI,Morning 6-10 AM,,0.0,498.97,498.97
ORD008689,CUST02270,2023-03-17,3,1,2023-03-18,App,Bengaluru,Delivered,Credit Card,Morning 6-10 AM,,0.0,1616.37,1616.37
ORD008690,CUST02270,2023-12-12,12,4,2023-12-15,Web,Bengaluru,Delivered,UPI,Evening 4-8 PM,,0.0,1287.02,1287.02
ORD008691,CUST02270,2023-09-12,9,3,,App,Bengaluru,Cancelled,Credit Card,Evening 4-8 PM,,0.0,960.56,0.0
ORD008692,CUST02270,2023-11-08,11,4,2023-11-11,App,Bengaluru,Delivered,UPI,Evening 4-8 PM,,0.0,743.82,743.82
ORD008693,CUST02270,2023-06-23,6,2,,App,Bengaluru,Cancelled,COD,Afternoon 10-2 PM,,0.0,1903.14,0.0
ORD008694,CUST02270,2023-04-20,4,2,2023-04-21,App,Bengaluru,Delivered,UPI,Morning 6-10 AM,,0.0,1007.99,1007.99
ORD008695,CUST02270,2023-09-12,9,3,2023-09-14,Kiosk,Bengaluru,Delivered,Debit Card,Morning 6-10 AM,,0.0,606.66,606.66
ORD008696,CUST02270,2023-06-20,6,2,2023-06-22,App,Bengaluru,Delivered,UPI,Evening 4-8 PM,,0.0,1249.5,1249.5
ORD008697,CUST02270,2023-08-31,8,3,2023-09-02,Web,Bengaluru,Delivered,COD,Morning 6-10 AM,,0.0,950.25,950.25
ORD008698,CUST02270,2023-06-26,6,2,2023-06-27,Web,Bengaluru,Delivered,UPI,Afternoon 10-2 PM,,0.0,270.62,270.62
ORD008699,CUST02274,2023-07-22,7,3,2023-07-25,App,Hyderabad,Delivered,COD,Evening 4-8 PM,,0.0,1168.67,1168.67
ORD008700,CUST02274,2023-12-20,12,4,2023-12-21,App,Hyderabad,Delivered,UPI,Evening 4-8 PM,,0.0,126.28,126.28
ORD008701,CUST02274,2023-02-12,2,1,2023-02-13,Kiosk,Hyderabad,Delivered,UPI,Afternoon 10-2 PM,,0.0,1274.51,1274.51
ORD008702,CUST02274,2023-11-25,11,4,2023-11-27,App,Hyderabad,Delivered,UPI,Morning 6-10 AM,BIGSALE23,24.73,183.78,159.05
ORD008703,CUST02280,2023-01-03,1,1,2023-01-06,App,Bengaluru,Delivered,UPI,Evening 4-8 PM,NY2023,147.26,1083.8,936.54
ORD008704,CUST02280,2023-12-05,12,4,,Web,Bengaluru,Cancelled,Credit Card,Morning 6-10 AM,,0.0,504.78,0.0
ORD008705,CUST02280,2023-06-20,6,2,2023-06-21,App,Bengaluru,Delivered,COD,Afternoon 10-2 PM,,0.0,2850.25,2850.25
ORD008706,CUST02280,2023-10-07,10,4,2023-10-09,App,Bengaluru,Delivered,Credit Card,Evening 4-8 PM,,0.0,1235.26,1235.26
ORD008707,CUST02282,2023-06-19,6,2,2023-06-21,App,Jaipur,Delivered,Debit Card,Evening 4-8 PM,,0.0,3905.97,3905.97
ORD008708,CUST02282,2023-09-25,9,3,2023-09-27,App,Jaipur,Delivered,Debit Card,Evening 4-8 PM,,0.0,620.48,620.48
ORD008709,CUST02282,2023-08-20,8,3,2023-08-23,Web,Jaipur,Delivered,COD,Morning 6-10 AM,,0.0,1263.07,1263.07
ORD008710,CUST02282,2023-01-04,1,1,2023-01-06,Web,Jaipur,Delivered,UPI,Morning 6-10 AM,,0.0,1128.51,1128.51
ORD008711,CUST02282,2023-08-19,8,3,2023-08-21,App,Jaipur,Delivered,UPI,Afternoon 10-2 PM,,0.0,1173.13,1173.13
ORD008712,CUST02282,2023-03-02,3,1,2023-03-03,App,Jaipur,Delivered,Credit Card,Afternoon 10-2 PM,,0.0,603.61,603.61
ORD008713,CUST02282,2023-02-22,2,1,2023-02-25,App,Jaipur,Delivered,Credit Card,Evening 4-8 PM,,0.0,1014.96,1014.96
ORD008714,CUST02282,2023-01-24,1,1,2023-01-26,Web,Jaipur,Delivered,Credit Card,Morning 6-10 AM,,0.0,1154.17,1154.17
ORD008715,CUST02282,2023-03-22,3,1,2023-03-23,App,Jaipur,Delivered,UPI,Evening 4-8 PM,,0.0,461.92,461.92
ORD008716,CUST02282,2023-04-28,4,2,2023-04-30,App,Jaipur,Delivered,UPI,Morning 6-10 AM,,0.0,2320.96,2320.96
ORD008717,CUST02282,2023-04-16,4,2,2023-04-19,App,Jaipur,Delivered,Debit Card,Evening 4-8 PM,,0.0,84.45,84.45
ORD008718,CUST02282,2023-02-21,2,1,2023-02-23,Web,Jaipur,Delivered,Credit Card,Afternoon 10-2 PM,,0.0,493.31,493.31
ORD008719,CUST02282,2023-08-31,8,3,2023-09-02,App,Jaipur,Delivered,UPI,Afternoon 10-2 PM,,0.0,437.16,437.16
ORD008720,CUST02282,2023-02-16,2,1,2023-02-17,Web,Jaipur,Delivered,UPI,Afternoon 10-2 PM,,0.0,363.01,363.01
ORD008721,CUST02282,2023-01-20,1,1,2023-01-22,App,Jaipur,Delivered,UPI,Morning 6-10 AM,,0.0,1227.15,1227.15
ORD008722,CUST02282,2023-05-26,5,2,2023-05-27,App,Jaipur,Returned,UPI,Morning 6-10 AM,,0.0,2093.03,827.08
ORD008723,CUST02282,2023-04-05,4,2,2023-04-07,Web,Jaipur,Delivered,COD,Morning 6-10 AM,,0.0,1991.49,1991.49
ORD008724,CUST02283,2023-12-18,12,4,2023-12-20,App,Mumbai,Delivered,COD,Afternoon 10-2 PM,,0.0,1346.8,1346.8
ORD008725,CUST02283,2023-01-09,1,1,2023-01-10,App,Mumbai,Returned,Credit Card,Afternoon 10-2 PM,,0.0,1741.95,496.83
ORD008726,CUST02283,2023-08-11,8,3,2023-08-14,App,Mumbai,Delivered,UPI,Evening 4-8 PM,,0.0,1332.69,1332.69
ORD008727,CUST02283,2023-03-18,3,1,2023-03-19,Web,Mumbai,Delivered,COD,Late Night 8-11 PM,,0.0,4767.85,4767.85
ORD008728,CUST02283,2023-01-03,1,1,2023-01-04,App,Mumbai,Delivered,UPI,Evening 4-8 PM,,0.0,1362.52,1362.52
ORD008729,CUST02283,2023-04-06,4,2,2023-04-08,Web,Mumbai,Returned,UPI,Late Night 8-11 PM,,0.0,2325.89,1743.53
ORD008730,CUST02283,2023-07-08,7,3,2023-07-10,App,Mumbai,Delivered,UPI,Late Night 8-11 PM,,0.0,918.78,918.78
ORD008731,CUST02283,2023-07-16,7,3,2023-07-18,App,Mumbai,Delivered,UPI,Afternoon 10-2 PM,,0.0,1539.33,1539.33
ORD008732,CUST02283,2023-03-10,3,1,2023-03-13,Web,Mumbai,Delivered,Wallet,Morning 6-10 AM,,0.0,485.41,485.41
ORD008733,CUST02283,2023-03-06,3,1,2023-03-09,App,Mumbai,Delivered,UPI,Morning 6-10 AM,,0.0,814.8,814.8
ORD008734,CUST02283,2023-08-12,8,3,2023-08-15,App,Mumbai,Delivered,UPI,Late Night 8-11 PM,,0.0,34.4,34.4
ORD008735,CUST02283,2023-12-23,12,4,2023-12-24,App,Mumbai,Delivered,Credit Card,Morning 6-10 AM,,0.0,1279.61,1279.61
ORD008736,CUST02284,2023-11-01,11,4,2023-11-02,App,Mumbai,Delivered,COD,Morning 6-10 AM,,0.0,1494.92,1494.92
ORD008737,CUST02289,2023-02-08,2,1,2023-02-09,Web,Mumbai,Delivered,UPI,Afternoon 10-2 PM,,0.0,638.17,638.17
ORD008738,CUST02289,2023-07-02,7,3,2023-07-03,App,Mumbai,Delivered,UPI,Afternoon 10-2 PM,,0.0,568.0,568.0
ORD008739,CUST02289,2023-06-29,6,2,,App,Mumbai,Cancelled,UPI,Morning 6-10 AM,,0.0,872.76,0.0
ORD008740,CUST02289,2023-08-26,8,3,2023-08-29,App,Mumbai,Delivered,UPI,Afternoon 10-2 PM,,0.0,1235.78,1235.78
ORD008741,CUST02290,2023-06-10,6,2,2023-06-11,App,Hyderabad,Delivered,UPI,Afternoon 10-2 PM,,0.0,1900.9,1900.9
ORD008742,CUST02290,2023-11-23,11,4,2023-11-24,Web,Hyderabad,Delivered,UPI,Late Night 8-11 PM,,0.0,563.23,563.23
ORD008743,CUST02290,2023-04-07,4,2,2023-04-08,Web,Hyderabad,Delivered,UPI,Afternoon 10-2 PM,,0.0,1269.7,1269.7
ORD008744,CUST02290,2023-02-08,2,1,2023-02-09,App,Hyderabad,Delivered,UPI,Late Night 8-11 PM,,0.0,1303.78,1303.78
ORD008745,CUST02291,2023-07-05,7,3,2023-07-08,Web,Bengaluru,Delivered,Debit Card,Evening 4-8 PM,,0.0,1877.24,1877.24
ORD008746,CUST02291,2023-02-26,2,1,2023-03-01,Web,Bengaluru,Delivered,UPI,Evening 4-8 PM,,0.0,1082.91,1082.91
ORD008747,CUST02291,2023-06-22,6,2,2023-06-24,Web,Bengaluru,Delivered,UPI,Morning 6-10 AM,,0.0,2894.91,2894.91
ORD008748,CUST02291,2023-12-24,12,4,2023-12-27,App,Bengaluru,Delivered,UPI,Afternoon 10-2 PM,XMAS23,100.24,982.77,882.53
ORD008749,CUST02291,2023-04-19,4,2,2023-04-21,Web,Bengaluru,Delivered,UPI,Afternoon 10-2 PM,,0.0,867.42,867.42
ORD008750,CUST02291,2023-06-24,6,2,2023-06-25,App,Bengaluru,Delivered,COD,Late Night 8-11 PM,,0.0,3123.69,3123.69
ORD008751,CUST02291,2023-06-29,6,2,2023-07-02,App,Bengaluru,Delivered,Wallet,Evening 4-8 PM,,0.0,614.07,614.07
ORD008752,CUST02291,2023-01-14,1,1,2023-01-17,Web,Bengaluru,Delivered,UPI,Late Night 8-11 PM,,0.0,7636.6,7636.6
ORD008753,CUST02291,2023-02-14,2,1,2023-02-16,App,Bengaluru,Delivered,COD,Evening 4-8 PM,,0.0,3951.96,3951.96
ORD008754,CUST02291,2023-05-28,5,2,2023-05-30,Web,Bengaluru,Delivered,Credit Card,Morning 6-10 AM,,0.0,1151.18,1151.18
ORD008755,CUST02291,2023-12-15,12,4,,App,Bengaluru,Cancelled,UPI,Afternoon 10-2 PM,,0.0,914.62,0.0
ORD008756,CUST02291,2023-12-05,12,4,2023-12-07,App,Bengaluru,Returned,Credit Card,,,0.0,752.06,429.37
ORD008757,CUST02291,2023-09-04,9,3,2023-09-06,Web,Bengaluru,Delivered,Debit Card,Late Night 8-11 PM,,0.0,1286.04,1286.04
ORD008758,CUST02291,2023-05-25,5,2,2023-05-27,Web,Bengaluru,Delivered,COD,Morning 6-10 AM,,0.0,544.24,544.24
ORD008759,CUST02291,2023-09-14,9,3,2023-09-17,App,Bengaluru,Delivered,UPI,Morning 6-10 AM,,0.0,1998.38,1998.38
ORD008760,CUST02291,2023-11-05,11,4,2023-11-06,App,Bengaluru,Delivered,UPI,Morning 6-10 AM,,0.0,590.79,590.79
ORD008761,CUST02291,2023-05-07,5,2,2023-05-09,App,Bengaluru,Delivered,Credit Card,Afternoon 10-2 PM,,0.0,2183.53,2183.53
ORD008762,CUST02291,2023-12-13,12,4,2023-12-14,Web,Bengaluru,Delivered,COD,Morning 6-10 AM,,0.0,2070.44,2070.44
ORD008763,CUST02291,2023-05-06,5,2,2023-05-09,App,Bengaluru,Delivered,UPI,Morning 6-10 AM,,0.0,1187.31,1187.31
ORD008764,CUST02291,2023-12-29,12,4,2023-12-30,App,Bengaluru,Delivered,UPI,Afternoon 10-2 PM,,0.0,5099.69,5099.69
ORD008765,CUST02292,2023-10-16,10,4,2023-10-19,App,Delhi,Delivered,UPI,Afternoon 10-2 PM,,0.0,1460.88,1460.88
ORD008766,CUST02292,2023-04-07,4,2,2023-04-10,App,Delhi,Delivered,UPI,Evening 4-8 PM,,0.0,970.1,970.1
ORD008767,CUST02294,2023-05-13,5,2,2023-05-14,Web,Jaipur,Delivered,Credit Card,Afternoon 10-2 PM,,0.0,710.68,710.68
ORD008768,CUST02294,2023-06-30,6,2,2023-07-02,App,Jaipur,Delivered,UPI,Afternoon 10-2 PM,,0.0,54.86,54.86
ORD008769,CUST02294,2023-04-29,4,2,2023-05-01,App,Jaipur,Delivered,Debit Card,Morning 6-10 AM,,0.0,2405.14,2405.14
ORD008770,CUST02294,2023-04-25,4,2,2023-04-27,Web,Jaipur,Returned,UPI,Morning 6-10 AM,,0.0,1459.9,236.62
ORD008771,CUST02295,2023-02-13,2,1,2023-02-15,App,Lucknow,Returned,Credit Card,Evening 4-8 PM,LOVEFEB,11.06,92.2,0.0
ORD008772,CUST02295,2023-01-14,1,1,2023-01-16,App,Lucknow,Delivered,COD,Evening 4-8 PM,,0.0,866.49,866.49
ORD008773,CUST02295,2023-12-20,12,4,2023-12-22,Web,Lucknow,Delivered,UPI,Afternoon 10-2 PM,,0.0,3220.86,3220.86
ORD008774,CUST02295,2023-05-27,5,2,2023-05-28,App,Lucknow,Delivered,Wallet,Morning 6-10 AM,,0.0,357.52,357.52
ORD008775,CUST02295,2023-03-20,3,1,2023-03-22,App,Lucknow,Delivered,Debit Card,Morning 6-10 AM,,0.0,1283.07,1283.07
ORD008776,CUST02295,2023-03-17,3,1,2023-03-20,App,Lucknow,Delivered,Debit Card,Morning 6-10 AM,,0.0,20.42,20.42
ORD008777,CUST02295,2023-12-29,12,4,2024-01-01,App,Lucknow,Delivered,Debit Card,Late Night 8-11 PM,,0.0,250.36,250.36
ORD008778,CUST02295,2023-01-03,1,1,2023-01-04,Web,Lucknow,Delivered,UPI,Evening 4-8 PM,NY2023,246.88,2237.91,1991.03
ORD008779,CUST02295,2023-06-19,6,2,,Web,Lucknow,Cancelled,UPI,Evening 4-8 PM,,0.0,282.06,0.0
ORD008780,CUST02295,2023-07-23,7,3,2023-07-24,App,Lucknow,Returned,UPI,Morning 6-10 AM,,0.0,766.2,29.2
ORD008781,CUST02296,2023-02-18,2,1,2023-02-21,App,Pune,Delivered,UPI,Evening 4-8 PM,,0.0,239.2,239.2
ORD008782,CUST02296,2023-12-20,12,4,2023-12-23,Web,Pune,Delivered,UPI,Evening 4-8 PM,,0.0,1698.62,1698.62
ORD008783,CUST02296,2023-07-14,7,3,2023-07-16,App,Pune,Returned,UPI,Morning 6-10 AM,,0.0,1187.33,212.12
ORD008784,CUST02297,2023-12-25,12,4,2023-12-27,Web,Delhi,Delivered,Credit Card,Afternoon 10-2 PM,,0.0,1651.2,1651.2
ORD008785,CUST02297,2023-02-13,2,1,2023-02-16,Web,Delhi,Delivered,UPI,Afternoon 10-2 PM,,0.0,235.26,235.26
ORD008786,CUST02297,2023-07-01,7,3,2023-07-03,Web,Delhi,Delivered,UPI,Evening 4-8 PM,,0.0,109.79,109.79
ORD008787,CUST02297,2023-08-14,8,3,2023-08-15,App,Delhi,Delivered,Credit Card,Morning 6-10 AM,,0.0,336.51,336.51
ORD008788,CUST02297,2023-05-06,5,2,2023-05-07,Kiosk,Delhi,Delivered,UPI,Afternoon 10-2 PM,,0.0,1921.88,1921.88
ORD008789,CUST02299,2023-11-19,11,4,2023-11-22,Web,Pune,Delivered,Wallet,Afternoon 10-2 PM,,0.0,3546.28,3546.28
ORD008790,CUST02299,2023-11-30,11,4,2023-12-01,App,Pune,Returned,UPI,Evening 4-8 PM,,0.0,749.35,118.1
ORD008791,CUST02299,2023-05-11,5,2,2023-05-14,Web,Pune,Delivered,Credit Card,Afternoon 10-2 PM,,0.0,453.65,453.65
ORD008792,CUST02299,2023-06-10,6,2,2023-06-11,Web,Pune,Returned,Credit Card,Evening 4-8 PM,,0.0,4728.43,1197.81
ORD008793,CUST02299,2023-09-05,9,3,2023-09-08,App,Pune,Delivered,UPI,Afternoon 10-2 PM,,0.0,2087.34,2087.34
ORD008794,CUST02299,2023-05-25,5,2,2023-05-26,Web,Pune,Delivered,Debit Card,Evening 4-8 PM,,0.0,1021.23,1021.23
ORD008795,CUST02299,2023-08-12,8,3,2023-08-13,App,Pune,Delivered,Credit Card,Morning 6-10 AM,FREEDOM23,55.79,999.79,944.0
ORD008796,CUST02299,2023-07-23,7,3,2023-07-25,App,Pune,Delivered,Credit Card,Evening 4-8 PM,,0.0,1107.72,1107.72
ORD008797,CUST02299,2023-05-01,5,2,2023-05-04,App,Pune,Delivered,COD,Afternoon 10-2 PM,,0.0,629.61,629.61
ORD008798,CUST02299,2023-09-06,9,3,2023-09-08,Kiosk,Pune,Delivered,UPI,Morning 6-10 AM,,0.0,886.19,886.19
ORD008799,CUST02299,2023-04-04,4,2,2023-04-05,App,Pune,Delivered,Debit Card,Evening 4-8 PM,,0.0,4103.81,4103.81
ORD008800,CUST02299,2023-07-25,7,3,2023-07-27,App,Pune,Delivered,COD,Morning 6-10 AM,,0.0,1128.13,1128.13
ORD008801,CUST02299,2023-10-24,10,4,2023-10-25,App,Pune,Delivered,Debit Card,Evening 4-8 PM,,0.0,3839.84,3839.84
ORD008802,CUST02299,2023-02-28,2,1,2023-03-02,App,Pune,Delivered,UPI,Morning 6-10 AM,,0.0,251.01,251.01
ORD008803,CUST02301,2023-11-11,11,4,2023-11-14,App,Bengaluru,Delivered,Credit Card,Evening 4-8 PM,,0.0,462.87,462.87
ORD008804,CUST02302,2023-05-30,5,2,2023-05-31,App,Delhi,Delivered,UPI,Morning 6-10 AM,,0.0,1312.15,1312.15
ORD008805,CUST02302,2023-07-01,7,3,2023-07-02,App,Delhi,Delivered,UPI,Morning 6-10 AM,,0.0,131.5,131.5
ORD008806,CUST02302,2023-03-27,3,1,2023-03-28,App,Delhi,Delivered,UPI,Evening 4-8 PM,,0.0,1624.98,1624.98
ORD008807,CUST02303,2023-07-08,7,3,2023-07-10,App,Hyderabad,Delivered,UPI,Evening 4-8 PM,,0.0,197.68,197.68
ORD008808,CUST02305,2023-01-19,1,1,2023-01-21,Web,Delhi,Delivered,Credit Card,Morning 6-10 AM,,0.0,358.9,358.9
ORD008809,CUST02305,2023-06-12,6,2,2023-06-13,Web,Delhi,Delivered,Debit Card,Afternoon 10-2 PM,,0.0,1629.52,1629.52
ORD008810,CUST02305,2023-11-06,11,4,2023-11-08,App,Delhi,Delivered,UPI,Morning 6-10 AM,,0.0,2191.38,2191.38
ORD008811,CUST02305,2023-05-06,5,2,2023-05-09,Web,Delhi,Delivered,UPI,Evening 4-8 PM,,0.0,1328.39,1328.39
ORD008812,CUST02305,2023-07-09,7,3,2023-07-11,App,Delhi,Returned,Credit Card,Morning 6-10 AM,,0.0,1118.24,731.15
ORD008813,CUST02305,2023-01-21,1,1,2023-01-22,App,Delhi,Delivered,UPI,Late Night 8-11 PM,,0.0,498.8,498.8
ORD008814,CUST02305,2023-03-17,3,1,2023-03-20,App,Delhi,Delivered,UPI,Morning 6-10 AM,,0.0,213.71,213.71
ORD008815,CUST02305,2023-04-27,4,2,,App,Delhi,Cancelled,UPI,Morning 6-10 AM,,0.0,411.53,0.0
ORD008816,CUST02305,2023-12-17,12,4,2023-12-18,Web,Delhi,Delivered,UPI,Late Night 8-11 PM,,0.0,1050.46,1050.46
ORD008817,CUST02305,2023-04-26,4,2,2023-04-27,App,Delhi,Returned,Credit Card,Morning 6-10 AM,,0.0,1534.18,875.91
ORD008818,CUST02305,2023-10-18,10,4,2023-10-20,App,Delhi,Delivered,UPI,Morning 6-10 AM,,0.0,439.88,439.88
ORD008819,CUST02305,2023-12-19,12,4,2023-12-22,App,Delhi,Delivered,UPI,Late Night 8-11 PM,,0.0,3428.85,3428.85
ORD008820,CUST02305,2023-02-17,2,1,2023-02-20,Web,Delhi,Delivered,Debit Card,Late Night 8-11 PM,,0.0,1793.17,1793.17
ORD008821,CUST02307,2023-02-27,2,1,2023-03-02,App,Bengaluru,Delivered,UPI,,,0.0,3859.28,3859.28
ORD008822,CUST02307,2023-11-16,11,4,2023-11-17,App,Bengaluru,Delivered,UPI,Morning 6-10 AM,,0.0,746.67,746.67
ORD008823,CUST02307,2023-02-08,2,1,2023-02-09,App,Bengaluru,Delivered,Wallet,Evening 4-8 PM,,0.0,275.42,275.42
ORD008824,CUST02307,2023-09-26,9,3,2023-09-27,App,Bengaluru,Returned,UPI,Morning 6-10 AM,,0.0,1166.78,300.62
ORD008825,CUST02308,2023-03-11,3,1,2023-03-12,Web,Delhi,Delivered,UPI,Morning 6-10 AM,,0.0,642.1,642.1
ORD008826,CUST02308,2023-08-13,8,3,2023-08-14,Web,Delhi,Delivered,UPI,Morning 6-10 AM,FREEDOM23,538.72,3468.76,2930.04
ORD008827,CUST02308,2023-01-25,1,1,2023-01-26,App,Delhi,Returned,Credit Card,Afternoon 10-2 PM,,0.0,1058.63,113.52
ORD008828,CUST02308,2023-12-28,12,4,2023-12-29,App,Delhi,Delivered,Wallet,Evening 4-8 PM,XMAS23,140.28,1408.15,1267.87
ORD008829,CUST02308,2023-10-24,10,4,2023-10-27,App,Delhi,Delivered,UPI,,,0.0,3002.17,3002.17
ORD008830,CUST02308,2023-04-04,4,2,2023-04-07,Web,Delhi,Delivered,UPI,Afternoon 10-2 PM,,0.0,555.39,555.39
ORD008831,CUST02308,2023-10-07,10,4,2023-10-10,App,Delhi,Delivered,UPI,Morning 6-10 AM,,0.0,1634.24,1634.24
ORD008832,CUST02308,2023-08-13,8,3,2023-08-15,App,Delhi,Delivered,Credit Card,Morning 6-10 AM,FREEDOM23,48.79,917.65,868.86
ORD008833,CUST02308,2023-01-13,1,1,2023-01-14,App,Delhi,Delivered,UPI,Morning 6-10 AM,,0.0,681.37,681.37
ORD008834,CUST02308,2023-09-11,9,3,2023-09-12,Web,Delhi,Delivered,UPI,Afternoon 10-2 PM,,0.0,649.97,649.97
ORD008835,CUST02308,2023-11-01,11,4,2023-11-03,Web,Delhi,Delivered,UPI,Morning 6-10 AM,,0.0,812.26,812.26
ORD008836,CUST02308,2023-10-13,10,4,2023-10-16,App,Delhi,Delivered,UPI,Morning 6-10 AM,,0.0,1310.96,1310.96
ORD008837,CUST02308,2023-12-14,12,4,,App,Delhi,Cancelled,UPI,Morning 6-10 AM,,0.0,412.38,0.0
ORD008838,CUST02308,2023-03-03,3,1,,App,Delhi,Cancelled,Debit Card,Morning 6-10 AM,,0.0,1506.14,0.0
ORD008839,CUST02308,2023-10-27,10,4,2023-10-30,Web,Delhi,Delivered,UPI,Afternoon 10-2 PM,,0.0,727.25,727.25
ORD008840,CUST02308,2023-12-21,12,4,,Web,Delhi,Cancelled,UPI,Afternoon 10-2 PM,,0.0,3107.88,0.0
ORD008841,CUST02308,2023-12-22,12,4,2023-12-23,App,Delhi,Delivered,Credit Card,Late Night 8-11 PM,,0.0,5011.47,5011.47
ORD008842,CUST02308,2023-05-24,5,2,2023-05-25,App,Delhi,Delivered,UPI,Evening 4-8 PM,,0.0,2253.99,2253.99
ORD008843,CUST02308,2023-11-05,11,4,2023-11-08,App,Delhi,Delivered,Debit Card,Morning 6-10 AM,,0.0,1362.11,1362.11
ORD008844,CUST02308,2023-12-14,12,4,2023-12-17,App,Delhi,Delivered,COD,Morning 6-10 AM,,0.0,1574.39,1574.39
ORD008845,CUST02308,2023-12-24,12,4,2023-12-26,App,Delhi,Delivered,Debit Card,Morning 6-10 AM,,0.0,2872.06,2872.06
ORD008846,CUST02308,2023-07-17,7,3,2023-07-18,App,Delhi,Delivered,Debit Card,Afternoon 10-2 PM,,0.0,40.21,40.21
ORD008847,CUST02308,2023-01-31,1,1,,Web,Delhi,Cancelled,UPI,Afternoon 10-2 PM,,0.0,3070.96,0.0
ORD008848,CUST02308,2023-09-13,9,3,2023-09-15,Kiosk,Delhi,Delivered,UPI,Morning 6-10 AM,,0.0,866.26,866.26
ORD008849,CUST02310,2023-01-20,1,1,2023-01-22,App,Bengaluru,Delivered,UPI,Late Night 8-11 PM,,0.0,1524.02,1524.02
ORD008850,CUST02310,2023-05-25,5,2,,Kiosk,Bengaluru,Cancelled,Debit Card,Afternoon 10-2 PM,,0.0,194.16,0.0
ORD008851,CUST02310,2023-07-20,7,3,2023-07-23,App,Bengaluru,Delivered,UPI,Morning 6-10 AM,,0.0,393.5,393.5
ORD008852,CUST02310,2023-02-15,2,1,2023-02-17,App,Bengaluru,Delivered,Wallet,Morning 6-10 AM,,0.0,2259.85,2259.85
ORD008853,CUST02311,2023-07-05,7,3,,App,Delhi,Cancelled,UPI,Afternoon 10-2 PM,,0.0,460.16,0.0
ORD008854,CUST02311,2023-07-11,7,3,2023-07-13,Web,Delhi,Delivered,UPI,Afternoon 10-2 PM,,0.0,315.09,315.09
ORD008855,CUST02311,2023-03-20,3,1,2023-03-21,App,Delhi,Delivered,UPI,Afternoon 10-2 PM,,0.0,3745.09,3745.09
ORD008856,CUST02311,2023-12-11,12,4,2023-12-14,App,Delhi,Delivered,UPI,Morning 6-10 AM,,0.0,111.76,111.76
ORD008857,CUST02311,2023-07-19,7,3,,App,Delhi,Cancelled,Debit Card,Morning 6-10 AM,,0.0,309.08,0.0
ORD008858,CUST02311,2023-11-14,11,4,2023-11-17,Web,Delhi,Delivered,Wallet,Evening 4-8 PM,,0.0,843.23,843.23
ORD008859,CUST02311,2023-10-28,10,4,2023-10-29,Web,Delhi,Delivered,Credit Card,Afternoon 10-2 PM,,0.0,1377.01,1377.01
ORD008860,CUST02315,2023-08-29,8,3,2023-09-01,Web,Lucknow,Delivered,COD,Evening 4-8 PM,,0.0,440.98,440.98
ORD008861,CUST02315,2023-01-03,1,1,2023-01-05,Web,Lucknow,Delivered,Debit Card,Evening 4-8 PM,,0.0,1720.37,1720.37
ORD008862,CUST02315,2023-05-23,5,2,2023-05-24,App,Lucknow,Delivered,UPI,Afternoon 10-2 PM,,0.0,905.92,905.92
ORD008863,CUST02315,2023-05-15,5,2,2023-05-17,App,Lucknow,Delivered,Credit Card,Afternoon 10-2 PM,,0.0,3902.72,3902.72
ORD008864,CUST02315,2023-09-17,9,3,2023-09-20,Kiosk,Lucknow,Delivered,COD,Morning 6-10 AM,,0.0,59.86,59.86
ORD008865,CUST02315,2023-07-01,7,3,2023-07-03,App,Lucknow,Delivered,COD,Evening 4-8 PM,,0.0,609.21,609.21
ORD008866,CUST02315,2023-08-17,8,3,2023-08-20,Web,Lucknow,Delivered,UPI,Afternoon 10-2 PM,,0.0,547.27,547.27
ORD008867,CUST02315,2023-03-16,3,1,2023-03-17,App,Lucknow,Delivered,UPI,Morning 6-10 AM,,0.0,1061.17,1061.17
ORD008868,CUST02315,2023-09-27,9,3,,App,Lucknow,Cancelled,UPI,Evening 4-8 PM,,0.0,2720.92,0.0
ORD008869,CUST02315,2023-02-14,2,1,2023-02-15,App,Lucknow,Delivered,Debit Card,Morning 6-10 AM,LOVEFEB,118.0,668.4,550.4
ORD008870,CUST02315,2023-01-11,1,1,2023-01-13,Kiosk,Lucknow,Delivered,Debit Card,Afternoon 10-2 PM,,0.0,636.46,636.46
ORD008871,CUST02315,2023-11-22,11,4,2023-11-24,App,Lucknow,Delivered,Debit Card,Late Night 8-11 PM,,0.0,2029.58,2029.58
ORD008872,CUST02315,2023-12-14,12,4,2023-12-16,App,Lucknow,Delivered,UPI,Afternoon 10-2 PM,,0.0,3066.22,3066.22
ORD008873,CUST02315,2023-12-22,12,4,2023-12-24,App,Lucknow,Returned,UPI,Afternoon 10-2 PM,,0.0,992.86,373.83
ORD008874,CUST02315,2023-05-21,5,2,2023-05-23,App,Lucknow,Delivered,UPI,Afternoon 10-2 PM,,0.0,3390.52,3390.52
ORD008875,CUST02315,2023-09-25,9,3,2023-09-27,Web,Lucknow,Delivered,UPI,Evening 4-8 PM,,0.0,1690.67,1690.67
ORD008876,CUST02315,2023-10-12,10,4,2023-10-13,App,Lucknow,Delivered,COD,Late Night 8-11 PM,,0.0,3658.04,3658.04
ORD008877,CUST02315,2023-03-16,3,1,2023-03-17,App,Lucknow,Delivered,UPI,Morning 6-10 AM,,0.0,983.63,983.63
ORD008878,CUST02315,2023-07-10,7,3,2023-07-12,Web,Lucknow,Returned,COD,Afternoon 10-2 PM,,0.0,2485.53,154.23
ORD008879,CUST02315,2023-08-07,8,3,2023-08-08,Web,Lucknow,Delivered,Credit Card,Late Night 8-11 PM,,0.0,116.61,116.61
ORD008880,CUST02315,2023-08-24,8,3,,App,Lucknow,Cancelled,Wallet,Evening 4-8 PM,,0.0,2894.94,0.0
ORD008881,CUST02315,2023-10-26,10,4,2023-10-28,Web,Lucknow,Delivered,Credit Card,Afternoon 10-2 PM,,0.0,3977.03,3977.03
ORD008882,CUST02315,2023-06-22,6,2,2023-06-25,App,Lucknow,Delivered,Credit Card,Evening 4-8 PM,,0.0,1703.6,1703.6
ORD008883,CUST02315,2023-04-12,4,2,2023-04-13,App,Lucknow,Delivered,Wallet,Morning 6-10 AM,,0.0,742.74,742.74
ORD008884,CUST02315,2023-06-11,6,2,2023-06-12,App,Lucknow,Delivered,UPI,Evening 4-8 PM,,0.0,2267.76,2267.76
ORD008885,CUST02315,2023-05-14,5,2,2023-05-17,App,Lucknow,Delivered,UPI,Morning 6-10 AM,,0.0,2790.76,2790.76
ORD008886,CUST02315,2023-04-21,4,2,2023-04-22,App,Lucknow,Delivered,Credit Card,Morning 6-10 AM,,0.0,2175.46,2175.46
ORD008887,CUST02315,2023-07-27,7,3,2023-07-28,Kiosk,Lucknow,Returned,UPI,Afternoon 10-2 PM,,0.0,1660.69,900.12
ORD008888,CUST02321,2023-06-23,6,2,2023-06-25,App,Bengaluru,Delivered,Credit Card,Afternoon 10-2 PM,,0.0,618.56,618.56
ORD008889,CUST02325,2023-11-05,11,4,2023-11-06,Kiosk,Lucknow,Delivered,Credit Card,Evening 4-8 PM,,0.0,1026.99,1026.99
ORD008890,CUST02325,2023-04-14,4,2,2023-04-17,App,Lucknow,Delivered,Credit Card,Afternoon 10-2 PM,,0.0,677.43,677.43
ORD008891,CUST02325,2023-10-27,10,4,2023-10-29,App,Lucknow,Delivered,UPI,Evening 4-8 PM,,0.0,436.54,436.54
ORD008892,CUST02327,2023-08-30,8,3,2023-09-01,App,Mumbai,Delivered,UPI,Afternoon 10-2 PM,,0.0,667.11,667.11
ORD008893,CUST02327,2023-05-19,5,2,2023-05-22,App,Mumbai,Delivered,UPI,Morning 6-10 AM,,0.0,1053.95,1053.95
ORD008894,CUST02328,2023-09-01,9,3,2023-09-03,App,Pune,Delivered,Credit Card,Late Night 8-11 PM,,0.0,350.2,350.2
ORD008895,CUST02329,2023-10-14,10,4,2023-10-16,App,Hyderabad,Delivered,Credit Card,Afternoon 10-2 PM,,0.0,721.66,721.66
ORD008896,CUST02329,2023-02-13,2,1,2023-02-14,App,Hyderabad,Delivered,UPI,Afternoon 10-2 PM,LOVEFEB,45.72,365.07,319.35
ORD008897,CUST02329,2023-07-11,7,3,2023-07-14,Web,Hyderabad,Delivered,Credit Card,Morning 6-10 AM,,0.0,492.37,492.37
ORD008898,CUST02329,2023-02-03,2,1,2023-02-05,App,Hyderabad,Returned,Credit Card,Afternoon 10-2 PM,,0.0,1111.45,581.57
ORD008899,CUST02330,2023-09-06,9,3,2023-09-09,App,Ahmedabad,Delivered,Credit Card,Evening 4-8 PM,,0.0,864.68,864.68
ORD008900,CUST02331,2023-05-12,5,2,,Web,Bengaluru,Cancelled,Wallet,Afternoon 10-2 PM,,0.0,1653.22,0.0
ORD008901,CUST02331,2023-03-22,3,1,2023-03-25,App,Bengaluru,Delivered,COD,Evening 4-8 PM,,0.0,773.99,773.99
ORD008902,CUST02331,2023-01-17,1,1,2023-01-18,App,Bengaluru,Delivered,Wallet,Morning 6-10 AM,,0.0,336.3,336.3
ORD008903,CUST02331,2023-03-14,3,1,2023-03-15,App,Bengaluru,Delivered,UPI,Afternoon 10-2 PM,,0.0,772.42,772.42
ORD008904,CUST02331,2023-04-18,4,2,2023-04-20,App,Bengaluru,Delivered,UPI,Afternoon 10-2 PM,,0.0,578.13,578.13
ORD008905,CUST02331,2023-08-21,8,3,2023-08-24,App,Bengaluru,Delivered,Credit Card,Evening 4-8 PM,,0.0,233.6,233.6
ORD008906,CUST02333,2023-12-27,12,4,,App,Ahmedabad,Cancelled,Credit Card,Late Night 8-11 PM,,0.0,265.47,0.0
ORD008907,CUST02333,2023-04-09,4,2,2023-04-12,App,Ahmedabad,Delivered,UPI,Evening 4-8 PM,,0.0,276.47,276.47
ORD008908,CUST02333,2023-07-30,7,3,2023-08-01,App,Ahmedabad,Delivered,Wallet,Morning 6-10 AM,,0.0,659.2,659.2
ORD008909,CUST02335,2023-03-17,3,1,2023-03-18,App,Mumbai,Delivered,UPI,Afternoon 10-2 PM,,0.0,1870.53,1870.53
ORD008910,CUST02335,2023-08-25,8,3,2023-08-26,Web,Mumbai,Delivered,Credit Card,Afternoon 10-2 PM,,0.0,1044.27,1044.27
ORD008911,CUST02335,2023-10-19,10,4,2023-10-22,Web,Mumbai,Delivered,UPI,Evening 4-8 PM,,0.0,1541.32,1541.32
ORD008912,CUST02335,2023-11-06,11,4,2023-11-07,Web,Mumbai,Delivered,UPI,Afternoon 10-2 PM,,0.0,1978.17,1978.17
ORD008913,CUST02335,2023-01-13,1,1,2023-01-14,App,Mumbai,Delivered,Debit Card,Late Night 8-11 PM,,0.0,2987.18,2987.18
ORD008914,CUST02335,2023-05-29,5,2,2023-05-31,App,Mumbai,Delivered,Wallet,Morning 6-10 AM,,0.0,567.61,567.61
ORD008915,CUST02335,2023-11-26,11,4,2023-11-27,App,Mumbai,Delivered,UPI,Evening 4-8 PM,,0.0,606.09,606.09
ORD008916,CUST02335,2023-03-25,3,1,2023-03-27,Web,Mumbai,Delivered,UPI,Evening 4-8 PM,,0.0,1845.37,1845.37
ORD008917,CUST02335,2023-08-12,8,3,2023-08-15,App,Mumbai,Delivered,UPI,Morning 6-10 AM,FREEDOM23,485.86,2798.76,2312.9
ORD008918,CUST02335,2023-05-13,5,2,2023-05-15,App,Mumbai,Delivered,UPI,Afternoon 10-2 PM,,0.0,1600.81,1600.81
ORD008919,CUST02335,2023-08-12,8,3,2023-08-15,App,Mumbai,Delivered,COD,Evening 4-8 PM,,0.0,3243.05,3243.05
ORD008920,CUST02335,2023-04-27,4,2,2023-04-29,App,Mumbai,Delivered,COD,Late Night 8-11 PM,,0.0,1870.15,1870.15
ORD008921,CUST02335,2023-07-11,7,3,2023-07-12,App,Mumbai,Delivered,Wallet,Afternoon 10-2 PM,,0.0,804.67,804.67
ORD008922,CUST02335,2023-06-29,6,2,2023-06-30,App,Mumbai,Delivered,UPI,Late Night 8-11 PM,,0.0,1151.76,1151.76
ORD008923,CUST02338,2023-06-08,6,2,2023-06-11,App,Ahmedabad,Delivered,Debit Card,Morning 6-10 AM,,0.0,542.52,542.52
ORD008924,CUST02339,2023-01-12,1,1,,Web,Bengaluru,Cancelled,Credit Card,Morning 6-10 AM,,0.0,635.35,0.0
ORD008925,CUST02339,2023-05-18,5,2,2023-05-20,App,Bengaluru,Delivered,COD,Morning 6-10 AM,,0.0,1109.5,1109.5
ORD008926,CUST02339,2023-10-16,10,4,2023-10-17,App,Bengaluru,Delivered,Debit Card,Evening 4-8 PM,,0.0,1092.94,1092.94
ORD008927,CUST02339,2023-01-25,1,1,2023-01-28,App,Bengaluru,Delivered,UPI,Afternoon 10-2 PM,,0.0,1370.87,1370.87
ORD008928,CUST02341,2023-04-03,4,2,2023-04-05,Web,Hyderabad,Delivered,COD,Evening 4-8 PM,,0.0,251.94,251.94
ORD008929,CUST02341,2023-11-05,11,4,2023-11-07,App,Hyderabad,Delivered,Credit Card,Afternoon 10-2 PM,,0.0,4298.26,4298.26
ORD008930,CUST02341,2023-11-16,11,4,2023-11-19,App,Hyderabad,Delivered,UPI,Morning 6-10 AM,,0.0,884.55,884.55
ORD008931,CUST02341,2023-11-24,11,4,2023-11-26,Web,Hyderabad,Delivered,COD,Morning 6-10 AM,,0.0,1216.63,1216.63
ORD008932,CUST02341,2023-04-29,4,2,2023-05-02,App,Hyderabad,Delivered,Debit Card,Morning 6-10 AM,,0.0,2005.89,2005.89
ORD008933,CUST02341,2023-09-16,9,3,2023-09-18,App,Hyderabad,Delivered,UPI,Afternoon 10-2 PM,,0.0,1276.31,1276.31
ORD008934,CUST02341,2023-11-17,11,4,2023-11-19,App,Hyderabad,Delivered,COD,Late Night 8-11 PM,,0.0,1516.5,1516.5
ORD008935,CUST02341,2023-10-20,10,4,2023-10-22,Web,Hyderabad,Delivered,UPI,Late Night 8-11 PM,DUSSEHRA23,52.17,291.5,239.33
ORD008936,CUST02341,2023-06-26,6,2,2023-06-28,App,Hyderabad,Delivered,Debit Card,Evening 4-8 PM,,0.0,1048.6,1048.6
ORD008937,CUST02341,2023-12-12,12,4,2023-12-14,Web,Hyderabad,Delivered,Credit Card,Afternoon 10-2 PM,,0.0,874.25,874.25
ORD008938,CUST02341,2023-07-11,7,3,2023-07-14,App,Hyderabad,Delivered,Credit Card,Morning 6-10 AM,,0.0,3680.61,3680.61
ORD008939,CUST02341,2023-06-25,6,2,2023-06-28,App,Hyderabad,Delivered,UPI,Morning 6-10 AM,,0.0,2306.7,2306.7
ORD008940,CUST02341,2023-11-21,11,4,2023-11-24,Web,Hyderabad,Delivered,UPI,Evening 4-8 PM,,0.0,796.15,796.15
ORD008941,CUST02341,2023-07-02,7,3,2023-07-04,App,Hyderabad,Delivered,UPI,Morning 6-10 AM,,0.0,1198.74,1198.74
ORD008942,CUST02343,2023-05-29,5,2,2023-06-01,App,Mumbai,Delivered,UPI,Afternoon 10-2 PM,,0.0,1207.06,1207.06
ORD008943,CUST02343,2023-10-25,10,4,2023-10-28,App,Mumbai,Delivered,Credit Card,Evening 4-8 PM,,0.0,1054.67,1054.67
ORD008944,CUST02343,2023-05-26,5,2,2023-05-27,Web,Mumbai,Returned,UPI,Afternoon 10-2 PM,,0.0,651.94,62.94
ORD008945,CUST02343,2023-04-01,4,2,2023-04-04,Web,Mumbai,Delivered,UPI,Morning 6-10 AM,,0.0,809.21,809.21
ORD008946,CUST02343,2023-05-08,5,2,2023-05-10,App,Mumbai,Delivered,UPI,Afternoon 10-2 PM,,0.0,1411.54,1411.54
ORD008947,CUST02343,2023-12-24,12,4,2023-12-25,Web,Mumbai,Delivered,Debit Card,Evening 4-8 PM,,0.0,2665.26,2665.26
ORD008948,CUST02343,2023-02-04,2,1,2023-02-07,Web,Mumbai,Delivered,COD,Afternoon 10-2 PM,,0.0,1061.46,1061.46
ORD008949,CUST02343,2023-04-11,4,2,2023-04-13,Web,Mumbai,Delivered,Wallet,Afternoon 10-2 PM,,0.0,1088.25,1088.25
ORD008950,CUST02344,2023-07-19,7,3,2023-07-20,App,Delhi,Delivered,Debit Card,Evening 4-8 PM,,0.0,1092.08,1092.08
ORD008951,CUST02344,2023-11-30,11,4,2023-12-03,App,Delhi,Delivered,COD,Evening 4-8 PM,,0.0,1585.71,1585.71
ORD008952,CUST02344,2023-08-21,8,3,2023-08-22,App,Delhi,Delivered,COD,Afternoon 10-2 PM,,0.0,358.6,358.6
ORD008953,CUST02344,2023-02-10,2,1,2023-02-11,App,Delhi,Delivered,UPI,Morning 6-10 AM,LOVEFEB,129.44,799.77,670.33
ORD008954,CUST02344,2023-11-08,11,4,2023-11-11,Web,Delhi,Delivered,UPI,Morning 6-10 AM,,0.0,812.77,812.77
ORD008955,CUST02344,2023-09-22,9,3,2023-09-23,App,Delhi,Delivered,COD,Evening 4-8 PM,,0.0,1714.68,1714.68
ORD008956,CUST02344,2023-11-20,11,4,2023-11-23,App,Delhi,Delivered,UPI,Late Night 8-11 PM,,0.0,223.87,223.87
ORD008957,CUST02344,2023-04-18,4,2,2023-04-21,Web,Delhi,Delivered,UPI,Evening 4-8 PM,,0.0,1685.46,1685.46
ORD008958,CUST02344,2023-06-07,6,2,2023-06-10,Web,Delhi,Delivered,UPI,Morning 6-10 AM,,0.0,455.81,455.81
ORD008959,CUST02344,2023-07-03,7,3,2023-07-05,App,Delhi,Delivered,Debit Card,Evening 4-8 PM,,0.0,711.51,711.51
ORD008960,CUST02344,2023-04-25,4,2,2023-04-27,App,Delhi,Delivered,COD,Afternoon 10-2 PM,,0.0,215.6,215.6
ORD008961,CUST02344,2023-06-06,6,2,2023-06-08,Kiosk,Delhi,Delivered,Credit Card,Late Night 8-11 PM,,0.0,2846.36,2846.36
ORD008962,CUST02344,2023-03-28,3,1,2023-03-29,Kiosk,Delhi,Delivered,UPI,Afternoon 10-2 PM,,0.0,1069.2,1069.2
ORD008963,CUST02344,2023-01-24,1,1,2023-01-26,App,Delhi,Delivered,Credit Card,Late Night 8-11 PM,,0.0,1634.18,1634.18
ORD008964,CUST02350,2023-08-19,8,3,2023-08-20,Web,Mumbai,Delivered,Credit Card,Afternoon 10-2 PM,,0.0,2185.82,2185.82
ORD008965,CUST02350,2023-02-13,2,1,2023-02-16,Web,Mumbai,Delivered,Credit Card,Evening 4-8 PM,LOVEFEB,295.45,2093.1,1797.65
ORD008966,CUST02350,2023-01-29,1,1,2023-01-31,App,Mumbai,Delivered,UPI,Morning 6-10 AM,,0.0,1943.29,1943.29
ORD008967,CUST02350,2023-06-20,6,2,2023-06-22,Web,Mumbai,Delivered,UPI,Afternoon 10-2 PM,,0.0,211.67,211.67
ORD008968,CUST02350,2023-03-13,3,1,,Web,Mumbai,Cancelled,UPI,Morning 6-10 AM,,0.0,1802.71,0.0
ORD008969,CUST02350,2023-04-24,4,2,2023-04-25,App,Mumbai,Delivered,UPI,Afternoon 10-2 PM,,0.0,1491.64,1491.64
ORD008970,CUST02350,2023-07-18,7,3,2023-07-19,App,Mumbai,Delivered,UPI,Evening 4-8 PM,,0.0,854.2,854.2
ORD008971,CUST02350,2023-11-18,11,4,2023-11-19,App,Mumbai,Delivered,UPI,Evening 4-8 PM,,0.0,1416.54,1416.54
ORD008972,CUST02350,2023-10-09,10,4,2023-10-11,Web,Mumbai,Delivered,UPI,Morning 6-10 AM,,0.0,2357.82,2357.82
ORD008973,CUST02350,2023-05-31,5,2,2023-06-02,Web,Mumbai,Delivered,Credit Card,Afternoon 10-2 PM,,0.0,1521.15,1521.15
ORD008974,CUST02350,2023-02-09,2,1,2023-02-11,App,Mumbai,Delivered,Debit Card,Afternoon 10-2 PM,,0.0,922.46,922.46
ORD008975,CUST02350,2023-11-04,11,4,,Kiosk,Mumbai,Cancelled,UPI,Morning 6-10 AM,,0.0,1508.93,0.0
ORD008976,CUST02350,2023-05-09,5,2,2023-05-12,App,Mumbai,Delivered,COD,Morning 6-10 AM,,0.0,1295.53,1295.53
ORD008977,CUST02353,2023-08-02,8,3,2023-08-03,Kiosk,Pune,Delivered,UPI,Afternoon 10-2 PM,,0.0,446.59,446.59
ORD008978,CUST02354,2023-05-16,5,2,2023-05-19,Web,Pune,Delivered,COD,Afternoon 10-2 PM,,0.0,749.21,749.21
ORD008979,CUST02354,2023-04-28,4,2,2023-05-01,Web,Pune,Delivered,COD,Morning 6-10 AM,,0.0,454.1,454.1
ORD008980,CUST02354,2023-12-14,12,4,2023-12-17,App,Pune,Delivered,Debit Card,Morning 6-10 AM,,0.0,112.98,112.98
ORD008981,CUST02354,2023-11-07,11,4,2023-11-09,App,Pune,Delivered,UPI,Afternoon 10-2 PM,,0.0,111.75,111.75
ORD008982,CUST02354,2023-10-15,10,4,2023-10-17,App,Pune,Delivered,Debit Card,Evening 4-8 PM,,0.0,74.26,74.26
ORD008983,CUST02354,2023-09-23,9,3,2023-09-26,App,Pune,Delivered,Debit Card,Afternoon 10-2 PM,,0.0,606.25,606.25
ORD008984,CUST02355,2023-01-11,1,1,2023-01-13,Web,Delhi,Delivered,Credit Card,Evening 4-8 PM,,0.0,470.36,470.36
ORD008985,CUST02355,2023-06-21,6,2,2023-06-24,App,Delhi,Delivered,Credit Card,Morning 6-10 AM,,0.0,728.15,728.15
ORD008986,CUST02355,2023-08-29,8,3,2023-08-31,Web,Delhi,Delivered,Debit Card,Morning 6-10 AM,,0.0,1141.26,1141.26
ORD008987,CUST02355,2023-04-08,4,2,2023-04-10,Kiosk,Delhi,Delivered,UPI,Late Night 8-11 PM,,0.0,450.66,450.66
ORD008988,CUST02355,2023-01-26,1,1,2023-01-29,App,Delhi,Delivered,Credit Card,Evening 4-8 PM,,0.0,1281.35,1281.35
ORD008989,CUST02355,2023-05-11,5,2,2023-05-13,Web,Delhi,Delivered,COD,Morning 6-10 AM,,0.0,616.08,616.08
ORD008990,CUST02355,2023-09-23,9,3,2023-09-25,Web,Delhi,Delivered,UPI,Morning 6-10 AM,,0.0,1568.71,1568.71
ORD008991,CUST02355,2023-11-19,11,4,2023-11-20,Web,Delhi,Returned,COD,Afternoon 10-2 PM,,0.0,1313.63,967.45
ORD008992,CUST02361,2023-10-10,10,4,2023-10-12,Web,Bengaluru,Returned,UPI,Evening 4-8 PM,,0.0,192.94,2.66
ORD008993,CUST02361,2023-01-23,1,1,2023-01-26,Web,Bengaluru,Delivered,UPI,Evening 4-8 PM,,0.0,457.59,457.59
ORD008994,CUST02361,2023-10-29,10,4,2023-10-30,App,Bengaluru,Delivered,UPI,Afternoon 10-2 PM,,0.0,3533.51,3533.51
ORD008995,CUST02362,2023-04-03,4,2,2023-04-06,App,Delhi,Delivered,COD,Late Night 8-11 PM,,0.0,1631.25,1631.25
ORD008996,CUST02362,2023-05-09,5,2,2023-05-12,App,Delhi,Delivered,UPI,Afternoon 10-2 PM,,0.0,2384.77,2384.77
ORD008997,CUST02362,2023-01-03,1,1,2023-01-06,App,Delhi,Delivered,Credit Card,Afternoon 10-2 PM,NY2023,27.38,469.6,442.22
ORD008998,CUST02362,2023-07-28,7,3,2023-07-29,Web,Delhi,Delivered,Credit Card,Evening 4-8 PM,,0.0,655.05,655.05
ORD008999,CUST02362,2023-12-25,12,4,2023-12-27,Web,Delhi,Delivered,Debit Card,Morning 6-10 AM,XMAS23,245.49,2913.87,2668.38
ORD009000,CUST02362,2023-12-04,12,4,2023-12-06,App,Delhi,Delivered,UPI,Evening 4-8 PM,,0.0,1633.41,1633.41
